#
# A fatal error has been detected by the Java Runtime Environment:
#
#  SIGSEGV (0xb) at pc=0x00007f5f91eadc8c, pid=1062318, tid=1062351
#
# JRE version: OpenJDK Runtime Environment Microsoft-11369942 (21.0.7+6) (build 21.0.7+6-LTS)
# Java VM: OpenJDK 64-Bit Server VM Microsoft-11369942 (21.0.7+6-LTS, mixed mode, tiered, compressed oops, compressed class ptrs, g1 gc, linux-amd64)
# Problematic frame:
# V  [libjvm.so+0x82ec8c]  G1RegionMarkStatsCache::add_live_words(oopDesc*)+0x14c
#
# Core dump will be written. Default location: Core dumps may be processed with "/usr/lib/systemd/systemd-coredump %P %u %g %s %t %c %h %d %F %I" (or dumping to /run/media/ashy/Shared/.minecraftx/instances/Gearfall Dev/core.1062318)
#
# If you would like to submit a bug report, please visit:
#   https://aka.ms/minecraftjavacrashes
#

---------------  S U M M A R Y ------------

Command Line: -Xms256M -Xmx8192M -javaagent:/run/media/ashy/Shared/.minecraftx/libraries/org/to2mbn/authlibinjector/1.2.8/authlibinjector-1.2.8.jar=http://localhost:25555/yggdrasil -Dauthlibinjector.side=client -Djava.library.path=/run/media/ashy/Shared/.minecraftx/versions/neoforge-21.1.248/neoforge-21.1.248-natives -Djna.tmpdir=/run/media/ashy/Shared/.minecraftx/versions/neoforge-21.1.248/neoforge-21.1.248-natives -Dorg.lwjgl.system.SharedLibraryExtractPath=/run/media/ashy/Shared/.minecraftx/versions/neoforge-21.1.248/neoforge-21.1.248-natives -Dio.netty.native.workdir=/run/media/ashy/Shared/.minecraftx/versions/neoforge-21.1.248/neoforge-21.1.248-natives -Dminecraft.launcher.brand=X Minecraft Launcher (0.65.1) -Dminecraft.launcher.version=X Minecraft Launcher (0.65.1) -Djava.net.preferIPv6Addresses=system -DignoreList=client-extra,1.21.1.jar -DlibraryDirectory=/run/media/ashy/Shared/.minecraftx/libraries --module-path=/run/media/ashy/Shared/.minecraftx/libraries/cpw/mods/bootstraplauncher/2.0.2/bootstraplauncher-2.0.2.jar:/run/media/ashy/Shared/.minecraftx/libraries/cpw/mods/securejarhandler/3.0.8/securejarhandler-3.0.8.jar:/run/media/ashy/Shared/.minecraftx/libraries/org/ow2/asm/asm-commons/9.10.1/asm-commons-9.10.1.jar:/run/media/ashy/Shared/.minecraftx/libraries/org/ow2/asm/asm-util/9.10.1/asm-util-9.10.1.jar:/run/media/ashy/Shared/.minecraftx/libraries/org/ow2/asm/asm-analysis/9.10.1/asm-analysis-9.10.1.jar:/run/media/ashy/Shared/.minecraftx/libraries/org/ow2/asm/asm-tree/9.10.1/asm-tree-9.10.1.jar:/run/media/ashy/Shared/.minecraftx/libraries/org/ow2/asm/asm/9.10.1/asm-9.10.1.jar:/run/media/ashy/Shared/.minecraftx/libraries/net/neoforged/JarJarFileSystems/0.4.1/JarJarFileSystems-0.4.1.jar --add-modules=ALL-MODULE-PATH --add-opens=java.base/java.util.jar=cpw.mods.securejarhandler --add-opens=java.base/java.lang.invoke=cpw.mods.securejarhandler --add-exports=java.base/sun.security.util=cpw.mods.securejarhandler --add-exports=jdk.naming.dns/com.sun.jndi.dns=java.naming -Dauthlibinjector.debug cpw.mods.bootstraplauncher.BootstrapLauncher --username Ashy --version neoforge-21.1.248 --gameDir /run/media/ashy/Shared/.minecraftx/instances/Gearfall Dev --assetsDir /run/media/ashy/Shared/.minecraftx/assets --assetIndex 818f68d092986c6933366762f435889884c36a52 --uuid 68af5072-46a5-387f-ac5e-a6b3c47d6c3f --accessToken c0939bb518b44cbdb08e2f5781ec42ae --clientId ${clientid} --xuid ${auth_xuid} --userType msa --versionType release --fml.neoForgeVersion 21.1.248 --fml.fmlVersion 4.0.43 --fml.mcVersion 1.21.1 --fml.neoFormVersion 20240808.144430 --launchTarget forgeclient --fullscreen

Host: Intel(R) Core(TM) i5-1035G1 CPU @ 1.00GHz, 8 cores, 11G, CachyOS
Time: Thu Aug 27 22:19:39 2026 +0530 elapsed time: 3190.305152 seconds (0d 0h 53m 10s)

---------------  T H R E A D  ---------------

Current thread (0x000055e1f8494cb0):  WorkerThread "GC Thread#2"    [id=1062351, stack(0x00007f5f57bfd000,0x00007f5f57cfd000) (1024K)]

Stack: [0x00007f5f57bfd000,0x00007f5f57cfd000],  sp=0x00007f5f57cfbb10,  free space=1018k
Native frames: (J=compiled Java code, j=interpreted, Vv=VM code, C=native code)
V  [libjvm.so+0x82ec8c]  G1RegionMarkStatsCache::add_live_words(oopDesc*)+0x14c
V  [libjvm.so+0x800884]  void G1FullGCMarker::mark_and_push<narrowOop>(narrowOop*) [clone .constprop.0]+0x184
V  [libjvm.so+0x802590]  void objArrayOopDesc::oop_iterate_range<G1MarkAndPushClosure>(G1MarkAndPushClosure*, int, int)+0x80
V  [libjvm.so+0x8018f0]  G1FullGCMarker::complete_marking(GenericTaskQueueSet<OverflowTaskQueue<oopDesc*, (MEMFLAGS)5, 131072u>, (MEMFLAGS)5>*, GenericTaskQueueSet<OverflowTaskQueue<ObjArrayTask, (MEMFLAGS)5, 131072u>, (MEMFLAGS)5>*, TaskTerminator*)+0x250
V  [libjvm.so+0x7ffb50]  G1FullGCMarkTask::work(unsigned int)+0xe0
V  [libjvm.so+0x103bce0]  WorkerThread::run()+0x80
V  [libjvm.so+0xf7f788]  Thread::call_run()+0xa8
V  [libjvm.so+0xd0aaea]  thread_native_entry(Thread*)+0xda

siginfo: si_signo: 11 (SIGSEGV), si_code: 1 (SEGV_MAPERR), si_addr: 0x0000000000000100

Registers:
RAX=0x0000000000000000, RBX=0x000055e1f8cff920, RCX=0x00007f5f919663e0, RDX=0x0000000000000000
RSP=0x00007f5f57cfbb10, RBP=0x00007f5f57cfbb20, RSI=0x000000068a650410, RDI=0x0000000800000000
R8 =0x00007f5f8f6f9b20, R9 =0x00007f5f8f6f9b48, R10=0x0000000000000004, R11=0x00007f5f68000030
R12=0x0000000000000229, R13=0x00007f5f92b706e8, R14=0x0000000000000000, R15=0x0000000000000000
RIP=0x00007f5f91eadc8c, EFLAGS=0x0000000000010246, CSGSFS=0x002b000000000033, ERR=0x0000000000000004
  TRAPNO=0x000000000000000e

XMM[0]=0x0000000000000000 0x0001498100000000
XMM[1]=0x0000000000000000 0x0000000000014981
XMM[2]=0x0000000000000000 0x0000000000000000
XMM[3]=0x0000000000000000 0x00007f5f8093f180
XMM[4]=0x0000000000000000 0x00007f5f80937cc6
XMM[5]=0x00007f5f431779d8 0x00007f5f43177a40
XMM[6]=0x00007f5f80937cc6 0x00007f5f431779c8
XMM[7]=0x0000000000000000 0x0000000000000006
XMM[8]=0x3132333435363738 0x393a3b3c3d3e3f40
XMM[9]=0x0000000000000000 0x0000000000000000
XMM[10]=0x0000000600000004 0x0000000200000000
XMM[11]=0x0000000000000143 0x000000000000e5a4
XMM[12]=0x0102030405060708 0x090a0b0c0d0e0f10
XMM[13]=0x0000000000000000 0x0000000000000000
XMM[14]=0x0000000000000000 0x0000000000000000
XMM[15]=0x0000000000000000 0x0000000000000000
  MXCSR=0x00001fa2


Register to memory mapping:

RAX=0x0 is null
RBX=0x000055e1f8cff920 points into unknown readable memory: 0x000055e1f962d2e0 | e0 d2 62 f9 e1 55 00 00
RCX=0x00007f5f919663e0: <offset 0x00000000002e73e0> in /run/media/ashy/Shared/.minecraftx/jre/java-runtime-delta/lib/server/libjvm.so at 0x00007f5f9167f000
RDX=0x0 is null
RSP=0x00007f5f57cfbb10 points into unknown readable memory: 0x000000068a650410 | 10 04 65 8a 06 00 00 00
RBP=0x00007f5f57cfbb20 points into unknown readable memory: 0x00007f5f57cfbb50 | 50 bb cf 57 5f 7f 00 00
RSI=
[error occurred during error reporting (printing register info), id 0xb, SIGSEGV (0xb) at pc=0x00007f5f91e4f153]
RDI=0x0000000800000000 is pointing into metadata
R8 =0x00007f5f8f6f9b20 points into unknown readable memory: 0x00007f5f8d9972d8 | d8 72 99 8d 5f 7f 00 00
R9 =0x00007f5f8f6f9b48 points into unknown readable memory: 0x491e000100000004 | 04 00 00 00 01 00 1e 49
R10=0x0000000000000004 is an unknown value
R11=0x00007f5f68000030 points into unknown readable memory: 0x0000000200000000 | 00 00 00 00 02 00 00 00
R12=0x0000000000000229 is an unknown value
R13=0x00007f5f92b706e8: <offset 0x00000000014f16e8> in /run/media/ashy/Shared/.minecraftx/jre/java-runtime-delta/lib/server/libjvm.so at 0x00007f5f9167f000
R14=0x0 is null
R15=0x0 is null

Top of Stack: (sp=0x00007f5f57cfbb10)
0x00007f5f57cfbb10:   000000068a650410 000055e1f8cff300
0x00007f5f57cfbb20:   00007f5f57cfbb50 00007f5f91e7f884
0x00007f5f57cfbb30:   000000068a6501d4 000000068a6501f4
0x00007f5f57cfbb40:   000055e1f8cff8b0 000055e1f8cff300
0x00007f5f57cfbb50:   00007f5f57cfbba0 00007f5f91e81590
0x00007f5f57cfbb60:   0000000800b77090 0000000800b77090
0x00007f5f57cfbb70:   0000000000000196 00007f5f92baef80
0x00007f5f57cfbb80:   000000068a6501c0 00007f5f92b706e8
0x00007f5f57cfbb90:   000055e1f8cff300 0000000000000000
0x00007f5f57cfbba0:   00007f5f57cfbcd0 00007f5f91e808f0
0x00007f5f57cfbbb0:   00007f5f57cfbc70 000055e1f8cff8b0
0x00007f5f57cfbbc0:   00007f5f6cffa1e0 00007f5f57cfbc20
0x00007f5f57cfbbd0:   00007f5f6cffa700 00007f5f6cffa718
0x00007f5f57cfbbe0:   00007f5f57cfbcd0 00007f5f91ec09e0
0x00007f5f57cfbbf0:   00007f5f6cffa0a0 00007f5f57cfbc40
0x00007f5f57cfbc00:   0000000000000005 00007f5f57cfbcf0
0x00007f5f57cfbc10:   000055e1f84768b0 0000000000000018
0x00007f5f57cfbc20:   00000006868661d0 0000000000000800
0x00007f5f57cfbc30:   0000000000000000 00007f5f92d0214d
0x00007f5f57cfbc40:   00000006850e14f0 0000000000000000
0x00007f5f57cfbc50:   0000000000000000 00007f5f0000000b
0x00007f5f57cfbc60:   0000000000000000 000055e100000000
0x00007f5f57cfbc70:   0000000000000000 0000000000000000
0x00007f5f57cfbc80:   00007f5f57000000 00007f5f92d0214d
0x00007f5f57cfbc90:   00007f5f57cfbcc0 00007f5f92394e00
0x00007f5f57cfbca0:   000000000000a55b 000055e1f8495050
0x00007f5f57cfbcb0:   0000000000000002 00007f5f50002200
0x00007f5f57cfbcc0:   00007f5f6cffa080 000055e1f8cff300
0x00007f5f57cfbcd0:   00007f5f57cfbd80 00007f5f91e7eb50
0x00007f5f57cfbce0:   00007f5f57cfbd80 00000000000003d8
0x00007f5f57cfbcf0:   00007f5f50002200 00007f5f50002210
0x00007f5f57cfbd00:   00007f5f500025e8 00007f5f50002210 

Instructions: (pc=0x00007f5f91eadc8c)
0x00007f5f91eadb8c:   12 cc 00 8b 7e 08 8b 4a 08 48 d3 e7 48 03 3a 8b
0x00007f5f91eadb9c:   4f 08 85 c9 7e 7e f6 c1 01 75 59 c1 f9 03 48 63
0x00007f5f91eadbac:   d1 44 89 e0 23 43 28 48 c1 e0 04 48 03 43 08 8b
0x00007f5f91eadbbc:   08 41 39 cc 0f 84 9a 00 00 00 48 8b 70 08 48 85
0x00007f5f91eadbcc:   f6 75 21 48 c7 40 08 00 00 00 00 44 89 20 48 83
0x00007f5f91eadbdc:   43 20 01 48 01 50 08 5b 41 5c 5d c3 0f 1f 84 00
0x00007f5f91eadbec:   00 00 00 00 48 8b 3b 48 8d 0c cf f0 48 0f c1 31
0x00007f5f91eadbfc:   eb d1 66 90 48 8b 07 48 8d 15 d6 87 ab ff 48 8b
0x00007f5f91eadc0c:   80 00 01 00 00 48 39 d0 74 91 ff d0 48 89 c2 eb
0x00007f5f91eadc1c:   90 0f 1f 00 74 5e 3c 01 48 8d 05 61 1d cc 00 48
0x00007f5f91eadc2c:   19 d2 83 e2 04 8b 00 48 63 54 16 0c 8d 70 ff f7
0x00007f5f91eadc3c:   d8 48 d3 e2 c1 f9 10 48 63 f6 48 98 0f b6 c9 48
0x00007f5f91eadc4c:   01 f1 48 01 ca 48 21 c2 48 c1 ea 03 e9 50 ff ff
0x00007f5f91eadc5c:   ff 0f 1f 00 48 83 43 18 01 48 01 50 08 5b 41 5c
0x00007f5f91eadc6c:   5d c3 66 90 48 8b 7e 08 e9 22 ff ff ff 0f 1f 80
0x00007f5f91eadc7c:   00 00 00 00 48 8b 07 48 8d 0d 56 87 ab ff 31 d2
0x00007f5f91eadc8c:   48 8b 80 00 01 00 00 48 39 c8 0f 84 11 ff ff ff
0x00007f5f91eadc9c:   e9 75 ff ff ff 90 66 66 2e 0f 1f 84 00 00 00 00
0x00007f5f91eadcac:   00 0f 1f 00 8b 47 10 85 c0 74 41 31 d2 0f 1f 80
0x00007f5f91eadcbc:   00 00 00 00 89 d0 48 c1 e0 04 48 03 47 08 48 8b
0x00007f5f91eadccc:   48 08 48 85 c9 74 35 44 8b 00 48 8b 37 4a 8d 34
0x00007f5f91eadcdc:   c6 f0 48 0f c1 0e c7 00 00 00 00 00 83 c2 01 48
0x00007f5f91eadcec:   c7 40 08 00 00 00 00 39 57 10 77 c8 48 8b 57 20
0x00007f5f91eadcfc:   48 8b 47 18 c3 0f 1f 80 00 00 00 00 c7 00 00 00
0x00007f5f91eadd0c:   00 00 83 c2 01 39 57 10 77 aa 48 8b 57 20 48 8b
0x00007f5f91eadd1c:   47 18 c3 90 8b 47 10 66 0f ef c0 0f 11 47 18 85
0x00007f5f91eadd2c:   c0 74 25 31 d2 0f 1f 80 00 00 00 00 89 d0 48 c1
0x00007f5f91eadd3c:   e0 04 48 03 47 08 89 10 83 c2 01 48 c7 40 08 00
0x00007f5f91eadd4c:   00 00 00 39 57 10 77 e4 c3 66 66 2e 0f 1f 84 00
0x00007f5f91eadd5c:   00 00 00 00 0f 1f 40 00 00 00 00 00 00 00 00 00
0x00007f5f91eadd6c:   00 00 00 00 55 48 8d 05 a0 f9 ca 00 48 89 e5 41
0x00007f5f91eadd7c:   57 49 89 d7 41 56 49 89 fe 48 83 c7 10 41 55 45 


Stack slot to memory mapping:

stack at sp + 0 slots: 
[error occurred during error reporting (inspecting top of stack), id 0xb, SIGSEGV (0xb) at pc=0x00007f5f91e4f153]
stack at sp + 1 slots: 0x000055e1f8cff300 points into unknown readable memory: 0x00007f5f6cffa510 | 10 a5 ff 6c 5f 7f 00 00
stack at sp + 2 slots: 0x00007f5f57cfbb50 points into unknown readable memory: 0x00007f5f57cfbba0 | a0 bb cf 57 5f 7f 00 00
stack at sp + 3 slots: 0x00007f5f91e7f884: <offset 0x0000000000800884> in /run/media/ashy/Shared/.minecraftx/jre/java-runtime-delta/lib/server/libjvm.so at 0x00007f5f9167f000
stack at sp + 4 slots: 0x000000068a6501d4 is pointing into object: [Ljava.lang.Object; 
{0x000000068a6501c0} - klass: 'java/lang/Object'[]
 - length: 9
stack at sp + 5 slots: 0x000000068a6501f4 is pointing into object: [Ljava.lang.Object; 
{0x000000068a6501c0} - klass: 'java/lang/Object'[]
 - length: 9
stack at sp + 6 slots: 0x000055e1f8cff8b0 points into unknown readable memory: 0x00007f5f92aa1b20 | 20 1b aa 92 5f 7f 00 00
stack at sp + 7 slots: 0x000055e1f8cff300 points into unknown readable memory: 0x00007f5f6cffa510 | 10 a5 ff 6c 5f 7f 00 00


---------------  P R O C E S S  ---------------

Threads class SMR info:
_java_thread_list=0x00007f5f68214c90, length=96, elements={
0x00007f5f8c031480, 0x00007f5f8c19ffd0, 0x00007f5f8c1b1140, 0x00007f5f8c1b2a20,
0x00007f5f8c1b3f80, 0x00007f5f8c1b5510, 0x00007f5f8c1b6cf0, 0x00007f5f8c1b8390,
0x00007f5f8c2a83b0, 0x00007f5f8c9aa8a0, 0x00007f5f8e3800d0, 0x00007f5f8e5270d0,
0x00007f5f8ff985c0, 0x00007f5f8d593ac0, 0x00007f5f8ffe1e70, 0x00007f5f8d21f2a0,
0x00007f5f8fe22270, 0x00007f5f8fe2d360, 0x00007f5f3c746f30, 0x00007f5f5d173960,
0x00007f5f5d174560, 0x00007f5f8d5de0c0, 0x00007f5f59e7ef00, 0x00007f5f581c9140,
0x00007f5f69a2d580, 0x000055e1f8f74d10, 0x00007f5f68ecd2b0, 0x00007f5f680feb70,
0x00007f5f64d83200, 0x00007f5f3d72caa0, 0x00007f5f3faa7d70, 0x00007f5f3fd0fd10,
0x00007f5f3fd150f0, 0x00007f5f3fef8680, 0x00007f5f3ff0a5e0, 0x00007f5f202835d0,
0x00007f5f2236b640, 0x00007f5f221a9770, 0x00007f5f3f69bf90, 0x00007f5f8d977720,
0x00007f5f203db910, 0x00007f5f5050ced0, 0x00007f5ed58cf540, 0x00007f5f50b4b600,
0x00007f5f50d5ddb0, 0x00007f5f5a71b180, 0x00007f5f5866e290, 0x00007f5f64c73800,
0x00007f5f20dd68f0, 0x00007f5f20dd9ad0, 0x00007f5f20dddb80, 0x00007f5f64891110,
0x00007f5f20de0a00, 0x00007f5f643ddd10, 0x00007f5f2127c360, 0x00007f5f21d9cf20,
0x00007f5f21d9e820, 0x00007f5f2030e3d0, 0x00007f5f8cd0fc10, 0x00007f5ec97591e0,
0x00007f5f20e35a10, 0x000055e1f86e57a0, 0x00007f5f3cc53950, 0x000055e1f8990f30,
0x00007f5f21da4120, 0x00007f5f5a508a40, 0x00007f5f58a9e6d0, 0x00007f5f5a0ff6b0,
0x00007f5f3d614800, 0x00007f5ec94b3760, 0x00007f5ec9ada120, 0x000055e1f963d580,
0x00007f5f20262d50, 0x000055e1f96383a0, 0x00007f5f21369880, 0x00007f5f21393cc0,
0x00007f5f68796280, 0x00007f5f8d87d4e0, 0x00007f5f6a0c6cb0, 0x00007f5f8c4ed010,
0x00007f5f5fa410e0, 0x00007f5ec824e520, 0x00007f5ec8057560, 0x00007f5f6bd6b890,
0x00007f5f3c5e6c00, 0x00007f5f50fd1040, 0x00007f5f5cbc2cb0, 0x00007f5f21273740,
0x00007f5f3cd39410, 0x00007f5f2119ae30, 0x00007f5f6b52eb00, 0x00007f5ec819e1c0,
0x00007f5ec8edf520, 0x00007f5f8ff88c90, 0x00007f5f50973270, 0x00007f5f5a170a60
}

Java Threads: ( => current thread )
  0x00007f5f8c031480 JavaThread "Ixeris Event Polling Thread"        [_thread_blocked, id=1062319, stack(0x00007f5f9157f000,0x00007f5f9167f000) (1024K)]
  0x00007f5f8c19ffd0 JavaThread "Reference Handler"          daemon [_thread_blocked, id=1062327, stack(0x00007f5f6cb00000,0x00007f5f6cc00000) (1024K)]
  0x00007f5f8c1b1140 JavaThread "Finalizer"                  daemon [_thread_blocked, id=1062328, stack(0x00007f5f6c9ff000,0x00007f5f6caff000) (1024K)]
  0x00007f5f8c1b2a20 JavaThread "Signal Dispatcher"          daemon [_thread_blocked, id=1062329, stack(0x00007f5f6c8fe000,0x00007f5f6c9fe000) (1024K)]
  0x00007f5f8c1b3f80 JavaThread "Service Thread"             daemon [_thread_blocked, id=1062330, stack(0x00007f5f6c7fd000,0x00007f5f6c8fd000) (1024K)]
  0x00007f5f8c1b5510 JavaThread "Monitor Deflation Thread"   daemon [_thread_blocked, id=1062331, stack(0x00007f5f6c6fc000,0x00007f5f6c7fc000) (1024K)]
  0x00007f5f8c1b6cf0 JavaThread "C2 CompilerThread0"         daemon [_thread_blocked, id=1062332, stack(0x00007f5f6c5fb000,0x00007f5f6c6fb000) (1024K)]
  0x00007f5f8c1b8390 JavaThread "C1 CompilerThread0"         daemon [_thread_blocked, id=1062333, stack(0x00007f5f6c4fa000,0x00007f5f6c5fa000) (1024K)]
  0x00007f5f8c2a83b0 JavaThread "Common-Cleaner"             daemon [_thread_blocked, id=1062334, stack(0x00007f5f6c329000,0x00007f5f6c429000) (1024K)]
  0x00007f5f8c9aa8a0 JavaThread "Notification Thread"        daemon [_thread_blocked, id=1062349, stack(0x00007f5f57dff000,0x00007f5f57eff000) (1024K)]
  0x00007f5f8e3800d0 JavaThread "LauncherLogger-Worker"      daemon [_thread_blocked, id=1062405, stack(0x00007f5f540db000,0x00007f5f541db000) (1024K)]
  0x00007f5f8e5270d0 JavaThread "JNA Cleaner"                daemon [_thread_blocked, id=1062411, stack(0x00007f5f43e9b000,0x00007f5f43f9b000) (1024K)]
  0x00007f5f8ff985c0 JavaThread "Timer hack thread"          daemon [_thread_blocked, id=1062576, stack(0x00007f5f57f00000,0x00007f5f58000000) (1024K)]
  0x00007f5f8d593ac0 JavaThread "Render thread"                     [_thread_blocked, id=1062577, stack(0x00007f5f43079000,0x00007f5f43179000) (1024K)]
  0x00007f5f8ffe1e70 JavaThread "WaterConfig-Worker"         daemon [_thread_blocked, id=1062581, stack(0x00007f5f42b00000,0x00007f5f42c00000) (1024K)]
  0x00007f5f8d21f2a0 JavaThread "WaterConfig-IO"             daemon [_thread_blocked, id=1062583, stack(0x00007f5f429ff000,0x00007f5f42aff000) (1024K)]
  0x00007f5f8fe22270 JavaThread "NanoHttpd Main Listener"    daemon [_thread_in_native, id=1062584, stack(0x00007f5f428fe000,0x00007f5f429fe000) (1024K)]
  0x00007f5f8fe2d360 JavaThread "Yggdrasil Key Fetcher"      daemon [_thread_blocked, id=1062585, stack(0x00007f5f427fd000,0x00007f5f428fd000) (1024K)]
  0x00007f5f3c746f30 JavaThread "Cleaner-0"                  daemon [_thread_blocked, id=1062593, stack(0x00007f5f420f6000,0x00007f5f421f6000) (1024K)]
  0x00007f5f5d173960 JavaThread "FileSystemWatchService"     daemon [_thread_in_native, id=1062634, stack(0x00007f5f5455e000,0x00007f5f5465e000) (1024K)]
  0x00007f5f5d174560 JavaThread "config-file-watcher-0-0"    daemon [_thread_blocked, id=1062635, stack(0x00007f5f5445d000,0x00007f5f5455d000) (1024K)]
  0x00007f5f8d5de0c0 JavaThread "FileWatcher-1-thread-1"     daemon [_thread_blocked, id=1062636, stack(0x00007f5f5435c000,0x00007f5f5445c000) (1024K)]
  0x00007f5f59e7ef00 JavaThread "FileSystemWatchService"     daemon [_thread_in_native, id=1062646, stack(0x00007f5f5425b000,0x00007f5f5435b000) (1024K)]
  0x00007f5f581c9140 JavaThread "JEI Config File Watcher"    daemon [_thread_blocked, id=1062647, stack(0x00007f5f445ff000,0x00007f5f446ff000) (1024K)]
  0x00007f5f69a2d580 JavaThread "FileSystemWatchService"     daemon [_thread_in_native, id=1062656, stack(0x00007f5f424fa000,0x00007f5f425fa000) (1024K)]
  0x000055e1f8f74d10 JavaThread "kubejs-background-thread"   daemon [_thread_blocked, id=1062667, stack(0x00007f5f422f8000,0x00007f5f423f8000) (1024K)]
  0x00007f5f68ecd2b0 JavaThread "FileSystemWatchService"     daemon [_thread_in_native, id=1062672, stack(0x00007f5f4431e000,0x00007f5f4441e000) (1024K)]
  0x00007f5f680feb70 JavaThread "config-file-watcher-1-0"    daemon [_thread_blocked, id=1062673, stack(0x00007f5f4421d000,0x00007f5f4431d000) (1024K)]
  0x00007f5f64d83200 JavaThread "Tween thread"               daemon [_thread_blocked, id=1062678, stack(0x00007f5f41cf5000,0x00007f5f41df5000) (1024K)]
  0x00007f5f3d72caa0 JavaThread "modloading-sync-worker"     daemon [_thread_blocked, id=1062683, stack(0x00007f5f41500000,0x00007f5f41600000) (1024K)]
  0x00007f5f3faa7d70 JavaThread "FancyMenu-JsonPlaceholder-Cleanup" daemon [_thread_blocked, id=1062779, stack(0x00007f5f25628000,0x00007f5f25728000) (1024K)]
  0x00007f5f3fd0fd10 JavaThread "pool-17-thread-1"                  [_thread_blocked, id=1062783, stack(0x00007f5f56c8c000,0x00007f5f56d8c000) (1024K)]
  0x00007f5f3fd150f0 JavaThread "pool-18-thread-1"                  [_thread_blocked, id=1062784, stack(0x00007f5f6c228000,0x00007f5f6c328000) (1024K)]
  0x00007f5f3fef8680 JavaThread "Thread-13"                         [_thread_blocked, id=1062787, stack(0x00007f5f24efe000,0x00007f5f24ffe000) (1024K)]
  0x00007f5f3ff0a5e0 JavaThread "Thread-14"                         [_thread_blocked, id=1062788, stack(0x00007f5f24dfd000,0x00007f5f24efd000) (1024K)]
  0x00007f5f202835d0 JavaThread "CullThread"                 daemon [_thread_blocked, id=1063567, stack(0x00007f5f173ff000,0x00007f5f174ff000) (1024K)]
  0x00007f5f2236b640 JavaThread "Thread-16"                  daemon [_thread_blocked, id=1063568, stack(0x00007f5f57595000,0x00007f5f57695000) (1024K)]
  0x00007f5f221a9770 JavaThread "KubeJS 2101.7.2-build.374"  daemon [_thread_blocked, id=1063585, stack(0x00007f5f444fe000,0x00007f5f445fe000) (1024K)]
  0x00007f5f3f69bf90 JavaThread "WSKeepAliveThread-/api/updates" daemon [_thread_blocked, id=1063586, stack(0x00007f5f2582a000,0x00007f5f2592a000) (1024K)]
  0x00007f5f8d977720 JavaThread "Cleaner-1"                  daemon [_thread_blocked, id=1063724, stack(0x00007f5f411fd000,0x00007f5f412fd000) (1024K)]
  0x00007f5f203db910 JavaThread "ForkJoinPool-5-worker-5"    daemon [_thread_blocked, id=1063725, stack(0x00007f5f24fff000,0x00007f5f250ff000) (1024K)]
  0x00007f5f5050ced0 JavaThread "VirtualThread-unparker"     daemon [_thread_blocked, id=1063726, stack(0x00007f5f425fb000,0x00007f5f426fb000) (1024K)]
  0x00007f5ed58cf540 JavaThread "pool-21-thread-1"                  [_thread_blocked, id=1063738, stack(0x00007f5f14cff000,0x00007f5f14dff000) (1024K)]
  0x00007f5f50b4b600 JavaThread "ForkJoinPool-5-worker-6"    daemon [_thread_blocked, id=1064882, stack(0x00007f5f57292000,0x00007f5f57392000) (1024K)]
  0x00007f5f50d5ddb0 JavaThread "ComputerCraft-Network-0"    daemon [_thread_blocked, id=1064920, stack(0x00007f5f248f8000,0x00007f5f249f8000) (1024K)]
  0x00007f5f5a71b180 JavaThread "ComputerCraft-Network-1"    daemon [_thread_blocked, id=1064921, stack(0x00007f5f5465f000,0x00007f5f5475f000) (1024K)]
  0x00007f5f5866e290 JavaThread "ComputerCraft-Network-2"    daemon [_thread_blocked, id=1064928, stack(0x00007f5f57191000,0x00007f5f57291000) (1024K)]
  0x00007f5f64c73800 JavaThread "ComputerCraft-Network-3"    daemon [_thread_blocked, id=1064933, stack(0x00007f5f172fe000,0x00007f5f173fe000) (1024K)]
  0x00007f5f20dd68f0 JavaThread "Netty Server IO #0"         daemon [_thread_in_native, id=1064955, stack(0x00007f5f24cfc000,0x00007f5f24dfc000) (1024K)]
  0x00007f5f20dd9ad0 JavaThread "Netty Server IO #1"         daemon [_thread_in_native, id=1064956, stack(0x00007f5f57696000,0x00007f5f57796000) (1024K)]
  0x00007f5f20dddb80 JavaThread "Netty Local Client IO #0"   daemon [_thread_blocked, id=1064957, stack(0x00007f5f159fd000,0x00007f5f15afd000) (1024K)]
  0x00007f5f64891110 JavaThread "Netty Server IO #2"         daemon [_thread_in_native, id=1064958, stack(0x00007f5f04af9000,0x00007f5f04bf9000) (1024K)]
  0x00007f5f20de0a00 JavaThread "Netty Local Client IO #1"   daemon [_thread_blocked, id=1064959, stack(0x00007f5f158fc000,0x00007f5f159fc000) (1024K)]
  0x00007f5f643ddd10 JavaThread "Netty Server IO #3"         daemon [_thread_in_native, id=1064960, stack(0x00007f5f157fb000,0x00007f5f158fb000) (1024K)]
  0x00007f5f2127c360 JavaThread "HttpClient-3-SelectorManager" daemon [_thread_in_native, id=1064970, stack(0x00007f5f15d00000,0x00007f5f15e00000) (1024K)]
  0x00007f5f21d9cf20 JavaThread "Flywheel Task Executor #0"         [_thread_blocked, id=1064972, stack(0x00007f5f1227f000,0x00007f5f1237f000) (1024K)]
  0x00007f5f21d9e820 JavaThread "Flywheel Task Executor #1"         [_thread_blocked, id=1064973, stack(0x00007f5f0dd7d000,0x00007f5f0de7d000) (1024K)]
  0x00007f5f2030e3d0 JavaThread "JEI Delayed Executor 0"            [_thread_blocked, id=1064997, stack(0x00007f5f0d37b000,0x00007f5f0d47b000) (1024K)]
  0x00007f5f8cd0fc10 JavaThread "Netty Server IO #4"         daemon [_thread_in_native, id=1066476, stack(0x00007f5f6c127000,0x00007f5f6c227000) (1024K)]
  0x00007f5ec97591e0 JavaThread "Netty Server IO #5"         daemon [_thread_in_native, id=1066477, stack(0x00007f5f57393000,0x00007f5f57493000) (1024K)]
  0x00007f5f20e35a10 JavaThread "Netty Local Client IO #2"   daemon [_thread_blocked, id=1066478, stack(0x00007f5f25100000,0x00007f5f25200000) (1024K)]
  0x000055e1f86e57a0 JavaThread "Netty Server IO #6"         daemon [_thread_in_native, id=1066479, stack(0x00007f5f15afe000,0x00007f5f15bfe000) (1024K)]
  0x00007f5f3cc53950 JavaThread "Netty Local Client IO #3"   daemon [_thread_blocked, id=1066480, stack(0x00007f5f4347d000,0x00007f5f4357d000) (1024K)]
  0x000055e1f8990f30 JavaThread "Netty Server IO #7"         daemon [_thread_in_native, id=1066481, stack(0x00007f5f0b8fe000,0x00007f5f0b9fe000) (1024K)]
  0x00007f5f21da4120 JavaThread "Server thread"                     [_thread_blocked, id=1070124, stack(0x00007f5f18c80000,0x00007f5f18d80000) (1024K)]
  0x00007f5f5a508a40 JavaThread "Train Worker"                      [_thread_blocked, id=1070125, stack(0x00007f5f0b6fc000,0x00007f5f0b7fc000) (1024K)]
  0x00007f5f58a9e6d0 JavaThread "Thread-74"                         [_thread_blocked, id=1070139, stack(0x00007f5f0d27a000,0x00007f5f0d37a000) (1024K)]
  0x00007f5f5a0ff6b0 JavaThread "ModernFix integrated server watchdog" daemon [_thread_blocked, id=1070285, stack(0x00007f5f0db7b000,0x00007f5f0dc7b000) (1024K)]
  0x00007f5f3d614800 JavaThread "Netty Server IO #8"         daemon [_thread_in_native, id=1070500, stack(0x00007f5f413ff000,0x00007f5f414ff000) (1024K)]
  0x00007f5ec94b3760 JavaThread "Netty Server IO #9"         daemon [_thread_in_native, id=1070501, stack(0x00007f5f0dc7c000,0x00007f5f0dd7c000) (1024K)]
  0x00007f5ec9ada120 JavaThread "Netty Local Client IO #4"   daemon [_thread_blocked, id=1070502, stack(0x00007f5f4337c000,0x00007f5f4347c000) (1024K)]
  0x000055e1f963d580 JavaThread "Netty Server IO #10"        daemon [_thread_in_native, id=1070503, stack(0x00007f5f577f9000,0x00007f5f578f9000) (1024K)]
  0x00007f5f20262d50 JavaThread "Netty Local Client IO #5"   daemon [_thread_blocked, id=1070504, stack(0x00007f5f13378000,0x00007f5f13478000) (1024K)]
  0x000055e1f96383a0 JavaThread "Netty Server IO #11"        daemon [_thread_in_native, id=1070505, stack(0x00007f5f57090000,0x00007f5f57190000) (1024K)]
  0x00007f5f21369880 JavaThread "Chunk Render Task Executor #0"        [_thread_blocked, id=1070636, stack(0x00007f5f0d078000,0x00007f5f0d178000) (1024K)]
  0x00007f5f21393cc0 JavaThread "Chunk Render Task Executor #1"        [_thread_blocked, id=1070637, stack(0x00007f5f4401b000,0x00007f5f4411b000) (1024K)]
  0x00007f5f68796280 JavaThread "Worker-Main-14"             daemon [_thread_blocked, id=1176403, stack(0x00007f5f2592b000,0x00007f5f25a2b000) (1024K)]
  0x00007f5f8d87d4e0 JavaThread "Worker-Main-16"             daemon [_thread_blocked, id=1176405, stack(0x00007f5f24bfb000,0x00007f5f24cfb000) (1024K)]
  0x00007f5f6a0c6cb0 JavaThread "Worker-Main-17"             daemon [_thread_blocked, id=1176406, stack(0x00007f5f4411c000,0x00007f5f4421c000) (1024K)]
  0x00007f5f8c4ed010 JavaThread "Worker-Main-18"             daemon [_thread_blocked, id=1224024, stack(0x00007f5f17500000,0x00007f5f17600000) (1024K)]
  0x00007f5f5fa410e0 JavaThread "Worker-Main-19"             daemon [_thread_blocked, id=1248470, stack(0x00007f5f421f7000,0x00007f5f422f7000) (1024K)]
  0x00007f5ec824e520 JavaThread "IO-Worker-57"                      [_thread_blocked, id=1259840, stack(0x00007f5f0d779000,0x00007f5f0d879000) (1024K)]
  0x00007f5ec8057560 JavaThread "IO-Worker-58"                      [_thread_blocked, id=1273249, stack(0x00007f5f0d179000,0x00007f5f0d279000) (1024K)]
  0x00007f5f6bd6b890 JavaThread "IO-Worker-59"                      [_thread_blocked, id=1277211, stack(0x00007f5f0cf77000,0x00007f5f0d077000) (1024K)]
  0x00007f5f3c5e6c00 JavaThread "IO-Worker-64"                      [_thread_blocked, id=1299633, stack(0x00007f5f4357e000,0x00007f5f4367e000) (1024K)]
  0x00007f5f50fd1040 JavaThread "IO-Worker-65"                      [_thread_blocked, id=1307677, stack(0x00007f5f13479000,0x00007f5f13579000) (1024K)]
  0x00007f5f5cbc2cb0 JavaThread "IO-Worker-67"                      [_thread_blocked, id=1321158, stack(0x00007f5f4317a000,0x00007f5f4327a000) (1024K)]
  0x00007f5f21273740 JavaThread "Download-28"                daemon [_thread_blocked, id=1326549, stack(0x00007f5f25729000,0x00007f5f25829000) (1024K)]
  0x00007f5f3cd39410 JavaThread "Download-29"                daemon [_thread_blocked, id=1326618, stack(0x00007f5f156fa000,0x00007f5f157fa000) (1024K)]
  0x00007f5f2119ae30 JavaThread "IO-Worker-68"                      [_thread_blocked, id=1330302, stack(0x00007f5f412fe000,0x00007f5f413fe000) (1024K)]
  0x00007f5f6b52eb00 JavaThread "C2 CompilerThread1"         daemon [_thread_blocked, id=1333250, stack(0x00007f5f426fc000,0x00007f5f427fc000) (1024K)]
  0x00007f5ec819e1c0 JavaThread "C2 CompilerThread2"         daemon [_thread_blocked, id=1333263, stack(0x00007f5f19a80000,0x00007f5f19b80000) (1024K)]
  0x00007f5ec8edf520 JavaThread "Thread-157"                        [_thread_blocked, id=1333276, stack(0x00007f5f0d57d000,0x00007f5f0d67d000) (1024K)]
  0x00007f5f8ff88c90 JavaThread "Sound engine"               daemon [_thread_blocked, id=1333277, stack(0x00007f5f1b88a000,0x00007f5f1b98a000) (1024K)]
  0x00007f5f50973270 JavaThread "ForkJoinPool.commonPool-worker-18" daemon [_thread_blocked, id=1333285, stack(0x00007f5f57494000,0x00007f5f57594000) (1024K)]
  0x00007f5f5a170a60 JavaThread "ForkJoinPool.commonPool-worker-19" daemon [_thread_blocked, id=1333286, stack(0x00007f5f4327b000,0x00007f5f4337b000) (1024K)]
Total: 96

Other Threads:
  0x00007f5f8c1275d0 VMThread "VM Thread"                           [id=1062326, stack(0x00007f5f6cefc000,0x00007f5f6cffc000) (1024K)]
  0x00007f5f8c0dc5d0 WatcherThread "VM Periodic Task Thread"        [id=1062325, stack(0x00007f5f6cffd000,0x00007f5f6d0fd000) (1024K)]
  0x00007f5f8c05bba0 WorkerThread "GC Thread#0"                     [id=1062320, stack(0x00007f5f909db000,0x00007f5f90adb000) (1024K)]
  0x000055e1f84941e0 WorkerThread "GC Thread#1"                     [id=1062350, stack(0x00007f5f57cfe000,0x00007f5f57dfe000) (1024K)]
=>0x000055e1f8494cb0 WorkerThread "GC Thread#2"                     [id=1062351, stack(0x00007f5f57bfd000,0x00007f5f57cfd000) (1024K)]
  0x000055e1f84957c0 WorkerThread "GC Thread#3"                     [id=1062352, stack(0x00007f5f57afc000,0x00007f5f57bfc000) (1024K)]
  0x000055e1f84962d0 WorkerThread "GC Thread#4"                     [id=1062353, stack(0x00007f5f579fb000,0x00007f5f57afb000) (1024K)]
  0x000055e1f8497260 WorkerThread "GC Thread#5"                     [id=1062354, stack(0x00007f5f578fa000,0x00007f5f579fa000) (1024K)]
  0x000055e1f84a7850 WorkerThread "GC Thread#6"                     [id=1062367, stack(0x00007f5f56f8f000,0x00007f5f5708f000) (1024K)]
  0x000055e1f84a8b70 WorkerThread "GC Thread#7"                     [id=1062368, stack(0x00007f5f56e8e000,0x00007f5f56f8e000) (1024K)]
  0x00007f5f8c06d1b0 ConcurrentGCThread "G1 Main Marker"            [id=1062321, stack(0x00007f5f908da000,0x00007f5f909da000) (1024K)]
  0x00007f5f8c06e150 WorkerThread "G1 Conc#0"                       [id=1062322, stack(0x00007f5f907d9000,0x00007f5f908d9000) (1024K)]
  0x00007f5f60006fe0 WorkerThread "G1 Conc#1"                       [id=1062369, stack(0x00007f5f56d8d000,0x00007f5f56e8d000) (1024K)]
  0x00007f5f8c0cb250 ConcurrentGCThread "G1 Refine#0"               [id=1062323, stack(0x00007f5f6d1ff000,0x00007f5f6d2ff000) (1024K)]
  0x00007f5f8c0cc200 ConcurrentGCThread "G1 Service"                [id=1062324, stack(0x00007f5f6d0fe000,0x00007f5f6d1fe000) (1024K)]
Total: 15

Threads with active compile tasks:
C2 CompilerThread0  3190351 164854 % !   4       dev.emi.emi.registry.EmiStackList::reload @ 52 (808 bytes)
C2 CompilerThread1  3190351 164936       4       java.util.concurrent.ConcurrentHashMap::removeValueIf (93 bytes)
C2 CompilerThread2  3190351 164938       4       net.minecraft.world.level.chunk.storage.IOWorker$$Lambda/0x0000000805a7d9c8::<init> (15 bytes)
Total: 3

VM state: at safepoint (normal execution)

VM Mutex/Monitor currently owned by a thread:  ([mutex/lock_event])
[0x00007f5f92bcbd70] Threads_lock - owner thread: 0x00007f5f8c1275d0
[0x00007f5f92bcbc70] Heap_lock - owner thread: 0x00007f5f21da4120

Heap address: 0x0000000600000000, size: 8192 MB, Compressed Oops mode: Zero based, Oop shift amount: 3

CDS archive(s) not mapped
Compressed class space mapped at: 0x0000000800000000-0x0000000840000000, reserved size: 1073741824
Narrow klass base: 0x0000000800000000, Narrow klass shift: 0, Narrow klass range: 0x40000000

GC Precious Log:
 CardTable entry size: 512
 Card Set container configuration: InlinePtr #cards 4 size 8 Array Of Cards #cards 32 size 80 Howl #buckets 8 coarsen threshold 7372 Howl Bitmap #cards 1024 size 144 coarsen threshold 921 Card regions per heap region 1 cards per card region 8192
 CPUs: 8 total, 8 available
 Memory: 11759M
 Large Page Support: Disabled
 NUMA Support: Disabled
 Compressed Oops: Enabled (Zero based)
 Heap Region Size: 4M
 Heap Min Capacity: 256M
 Heap Initial Capacity: 256M
 Heap Max Capacity: 8G
 Pre-touch: Disabled
 Parallel Workers: 8
 Concurrent Workers: 2
 Concurrent Refinement Workers: 8
 Periodic GC: Disabled

Heap:
 garbage-first heap   total 4296704K, used 2983654K [0x0000000600000000, 0x0000000800000000)
  region size 4096K, 143 young (585728K), 7 survivors (28672K)
 Metaspace       used 558960K, committed 565248K, reserved 1572864K
  class space    used 99090K, committed 101952K, reserved 1048576K

Heap Regions: E=young(eden), S=young(survivor), O=old, HS=humongous(starts), HC=humongous(continues), CS=collection set, F=free, TAMS=top-at-mark-start, PB=parsable bottom
|   0|0x0000000600000000, 0x00000006003ffff0, 0x0000000600400000| 99%| O|  |TAMS 0x0000000600000000| PB 0x00000006003ffff0| Untracked 
|   1|0x0000000600400000, 0x00000006007ffff0, 0x0000000600800000| 99%| O|  |TAMS 0x0000000600400000| PB 0x00000006007ffff0| Untracked 
|   2|0x0000000600800000, 0x0000000600bfffe8, 0x0000000600c00000| 99%| O|  |TAMS 0x0000000600800000| PB 0x0000000600bfffe8| Untracked 
|   3|0x0000000600c00000, 0x0000000601000000, 0x0000000601000000|100%| O|  |TAMS 0x0000000600c00000| PB 0x0000000601000000| Untracked 
|   4|0x0000000601000000, 0x00000006013fffd8, 0x0000000601400000| 99%| O|  |TAMS 0x0000000601000000| PB 0x00000006013fffd8| Untracked 
|   5|0x0000000601400000, 0x00000006017ffff0, 0x0000000601800000| 99%| O|  |TAMS 0x0000000601400000| PB 0x00000006017ffff0| Untracked 
|   6|0x0000000601800000, 0x0000000601bffff0, 0x0000000601c00000| 99%| O|  |TAMS 0x0000000601800000| PB 0x0000000601bffff0| Untracked 
|   7|0x0000000601c00000, 0x0000000602000000, 0x0000000602000000|100%| O|  |TAMS 0x0000000601c00000| PB 0x0000000602000000| Untracked 
|   8|0x0000000602000000, 0x0000000602400000, 0x0000000602400000|100%| O|  |TAMS 0x0000000602000000| PB 0x0000000602400000| Untracked 
|   9|0x0000000602400000, 0x0000000602800000, 0x0000000602800000|100%| O|  |TAMS 0x0000000602400000| PB 0x0000000602800000| Untracked 
|  10|0x0000000602800000, 0x0000000602bffff8, 0x0000000602c00000| 99%| O|  |TAMS 0x0000000602800000| PB 0x0000000602bffff8| Untracked 
|  11|0x0000000602c00000, 0x0000000603000000, 0x0000000603000000|100%| O|  |TAMS 0x0000000602c00000| PB 0x0000000603000000| Untracked 
|  12|0x0000000603000000, 0x00000006033fffb0, 0x0000000603400000| 99%| O|  |TAMS 0x0000000603000000| PB 0x00000006033fffb0| Untracked 
|  13|0x0000000603400000, 0x0000000603800000, 0x0000000603800000|100%| O|  |TAMS 0x0000000603400000| PB 0x0000000603800000| Untracked 
|  14|0x0000000603800000, 0x0000000603c00000, 0x0000000603c00000|100%| O|  |TAMS 0x0000000603800000| PB 0x0000000603c00000| Untracked 
|  15|0x0000000603c00000, 0x0000000604000000, 0x0000000604000000|100%|HS|  |TAMS 0x0000000603c00000| PB 0x0000000604000000| Complete 
|  16|0x0000000604000000, 0x0000000604400000, 0x0000000604400000|100%|HC|  |TAMS 0x0000000604000000| PB 0x0000000604400000| Complete 
|  17|0x0000000604400000, 0x0000000604800000, 0x0000000604800000|100%| O|  |TAMS 0x0000000604400000| PB 0x0000000604800000| Untracked 
|  18|0x0000000604800000, 0x0000000604c00000, 0x0000000604c00000|100%| O|  |TAMS 0x0000000604800000| PB 0x0000000604c00000| Untracked 
|  19|0x0000000604c00000, 0x0000000605000000, 0x0000000605000000|100%| O|  |TAMS 0x0000000604c00000| PB 0x0000000605000000| Untracked 
|  20|0x0000000605000000, 0x0000000605400000, 0x0000000605400000|100%| O|  |TAMS 0x0000000605000000| PB 0x0000000605400000| Untracked 
|  21|0x0000000605400000, 0x00000006057fffd8, 0x0000000605800000| 99%| O|  |TAMS 0x0000000605400000| PB 0x00000006057fffd8| Untracked 
|  22|0x0000000605800000, 0x0000000605c00000, 0x0000000605c00000|100%| O|  |TAMS 0x0000000605800000| PB 0x0000000605c00000| Untracked 
|  23|0x0000000605c00000, 0x0000000605ffffd8, 0x0000000606000000| 99%| O|  |TAMS 0x0000000605c00000| PB 0x0000000605ffffd8| Untracked 
|  24|0x0000000606000000, 0x00000006063fffb8, 0x0000000606400000| 99%| O|  |TAMS 0x0000000606000000| PB 0x00000006063fffb8| Untracked 
|  25|0x0000000606400000, 0x0000000606800000, 0x0000000606800000|100%| O|  |TAMS 0x0000000606400000| PB 0x0000000606800000| Untracked 
|  26|0x0000000606800000, 0x0000000606c00000, 0x0000000606c00000|100%| O|  |TAMS 0x0000000606800000| PB 0x0000000606c00000| Untracked 
|  27|0x0000000606c00000, 0x0000000607000000, 0x0000000607000000|100%| O|  |TAMS 0x0000000606c00000| PB 0x0000000607000000| Untracked 
|  28|0x0000000607000000, 0x00000006073ffff0, 0x0000000607400000| 99%| O|  |TAMS 0x0000000607000000| PB 0x00000006073ffff0| Untracked 
|  29|0x0000000607400000, 0x0000000607800000, 0x0000000607800000|100%| O|  |TAMS 0x0000000607400000| PB 0x0000000607800000| Untracked 
|  30|0x0000000607800000, 0x0000000607c00000, 0x0000000607c00000|100%| O|  |TAMS 0x0000000607800000| PB 0x0000000607c00000| Untracked 
|  31|0x0000000607c00000, 0x0000000608000000, 0x0000000608000000|100%| O|  |TAMS 0x0000000607c00000| PB 0x0000000608000000| Untracked 
|  32|0x0000000608000000, 0x0000000608400000, 0x0000000608400000|100%| O|  |TAMS 0x0000000608000000| PB 0x0000000608400000| Untracked 
|  33|0x0000000608400000, 0x0000000608800000, 0x0000000608800000|100%| O|  |TAMS 0x0000000608400000| PB 0x0000000608800000| Untracked 
|  34|0x0000000608800000, 0x0000000608c00000, 0x0000000608c00000|100%| O|  |TAMS 0x0000000608800000| PB 0x0000000608c00000| Untracked 
|  35|0x0000000608c00000, 0x0000000608ffffd0, 0x0000000609000000| 99%| O|  |TAMS 0x0000000608c00000| PB 0x0000000608ffffd0| Untracked 
|  36|0x0000000609000000, 0x00000006093ffea8, 0x0000000609400000| 99%| O|  |TAMS 0x0000000609000000| PB 0x00000006093ffea8| Untracked 
|  37|0x0000000609400000, 0x00000006097ffff8, 0x0000000609800000| 99%| O|  |TAMS 0x0000000609400000| PB 0x00000006097ffff8| Untracked 
|  38|0x0000000609800000, 0x0000000609c00000, 0x0000000609c00000|100%| O|  |TAMS 0x0000000609800000| PB 0x0000000609c00000| Untracked 
|  39|0x0000000609c00000, 0x000000060a000000, 0x000000060a000000|100%| O|  |TAMS 0x0000000609c00000| PB 0x000000060a000000| Untracked 
|  40|0x000000060a000000, 0x000000060a400000, 0x000000060a400000|100%| O|  |TAMS 0x000000060a000000| PB 0x000000060a400000| Untracked 
|  41|0x000000060a400000, 0x000000060a800000, 0x000000060a800000|100%| O|  |TAMS 0x000000060a400000| PB 0x000000060a800000| Untracked 
|  42|0x000000060a800000, 0x000000060abe33a8, 0x000000060ac00000| 97%| O|  |TAMS 0x000000060a800000| PB 0x000000060abe33a8| Untracked 
|  43|0x000000060ac00000, 0x000000060b000000, 0x000000060b000000|100%| O|  |TAMS 0x000000060ac00000| PB 0x000000060b000000| Untracked 
|  44|0x000000060b000000, 0x000000060b400000, 0x000000060b400000|100%| O|  |TAMS 0x000000060b000000| PB 0x000000060b400000| Untracked 
|  45|0x000000060b400000, 0x000000060b800000, 0x000000060b800000|100%| O|  |TAMS 0x000000060b400000| PB 0x000000060b800000| Untracked 
|  46|0x000000060b800000, 0x000000060bc00000, 0x000000060bc00000|100%| O|  |TAMS 0x000000060b800000| PB 0x000000060bc00000| Untracked 
|  47|0x000000060bc00000, 0x000000060c000000, 0x000000060c000000|100%| O|  |TAMS 0x000000060bc00000| PB 0x000000060c000000| Untracked 
|  48|0x000000060c000000, 0x000000060c400000, 0x000000060c400000|100%| O|  |TAMS 0x000000060c000000| PB 0x000000060c400000| Untracked 
|  49|0x000000060c400000, 0x000000060c7fffe8, 0x000000060c800000| 99%| O|  |TAMS 0x000000060c400000| PB 0x000000060c7fffe8| Untracked 
|  50|0x000000060c800000, 0x000000060cc00000, 0x000000060cc00000|100%| O|  |TAMS 0x000000060c800000| PB 0x000000060cc00000| Untracked 
|  51|0x000000060cc00000, 0x000000060cfffff8, 0x000000060d000000| 99%| O|  |TAMS 0x000000060cc00000| PB 0x000000060cfffff8| Untracked 
|  52|0x000000060d000000, 0x000000060d400000, 0x000000060d400000|100%| O|  |TAMS 0x000000060d000000| PB 0x000000060d400000| Untracked 
|  53|0x000000060d400000, 0x000000060d800000, 0x000000060d800000|100%| O|  |TAMS 0x000000060d400000| PB 0x000000060d800000| Untracked 
|  54|0x000000060d800000, 0x000000060dc00000, 0x000000060dc00000|100%| O|  |TAMS 0x000000060d800000| PB 0x000000060dc00000| Untracked 
|  55|0x000000060dc00000, 0x000000060e000000, 0x000000060e000000|100%| O|  |TAMS 0x000000060dc00000| PB 0x000000060e000000| Untracked 
|  56|0x000000060e000000, 0x000000060e400000, 0x000000060e400000|100%| O|  |TAMS 0x000000060e000000| PB 0x000000060e400000| Untracked 
|  57|0x000000060e400000, 0x000000060e800000, 0x000000060e800000|100%| O|  |TAMS 0x000000060e400000| PB 0x000000060e800000| Untracked 
|  58|0x000000060e800000, 0x000000060ebfffe8, 0x000000060ec00000| 99%| O|  |TAMS 0x000000060e800000| PB 0x000000060ebfffe8| Untracked 
|  59|0x000000060ec00000, 0x000000060f000000, 0x000000060f000000|100%| O|  |TAMS 0x000000060ec00000| PB 0x000000060f000000| Untracked 
|  60|0x000000060f000000, 0x000000060f400000, 0x000000060f400000|100%| O|  |TAMS 0x000000060f000000| PB 0x000000060f400000| Untracked 
|  61|0x000000060f400000, 0x000000060f7fffc0, 0x000000060f800000| 99%| O|  |TAMS 0x000000060f400000| PB 0x000000060f7fffc0| Untracked 
|  62|0x000000060f800000, 0x000000060fbffff8, 0x000000060fc00000| 99%| O|  |TAMS 0x000000060f800000| PB 0x000000060fbffff8| Untracked 
|  63|0x000000060fc00000, 0x0000000610000000, 0x0000000610000000|100%| O|  |TAMS 0x000000060fc00000| PB 0x0000000610000000| Untracked 
|  64|0x0000000610000000, 0x00000006103ffc18, 0x0000000610400000| 99%| O|  |TAMS 0x0000000610000000| PB 0x00000006103ffc18| Untracked 
|  65|0x0000000610400000, 0x00000006107fffe0, 0x0000000610800000| 99%| O|  |TAMS 0x0000000610400000| PB 0x00000006107fffe0| Untracked 
|  66|0x0000000610800000, 0x0000000610bffff8, 0x0000000610c00000| 99%| O|  |TAMS 0x0000000610800000| PB 0x0000000610bffff8| Untracked 
|  67|0x0000000610c00000, 0x0000000611000000, 0x0000000611000000|100%| O|  |TAMS 0x0000000610c00000| PB 0x0000000611000000| Untracked 
|  68|0x0000000611000000, 0x0000000611400000, 0x0000000611400000|100%| O|  |TAMS 0x0000000611000000| PB 0x0000000611400000| Untracked 
|  69|0x0000000611400000, 0x00000006117ffff0, 0x0000000611800000| 99%| O|  |TAMS 0x0000000611400000| PB 0x00000006117ffff0| Untracked 
|  70|0x0000000611800000, 0x0000000611c00000, 0x0000000611c00000|100%| O|  |TAMS 0x0000000611800000| PB 0x0000000611c00000| Untracked 
|  71|0x0000000611c00000, 0x0000000612000000, 0x0000000612000000|100%| O|  |TAMS 0x0000000611c00000| PB 0x0000000612000000| Untracked 
|  72|0x0000000612000000, 0x00000006123ffff8, 0x0000000612400000| 99%| O|  |TAMS 0x0000000612000000| PB 0x00000006123ffff8| Untracked 
|  73|0x0000000612400000, 0x0000000612800000, 0x0000000612800000|100%| O|  |TAMS 0x0000000612400000| PB 0x0000000612800000| Untracked 
|  74|0x0000000612800000, 0x0000000612bffff8, 0x0000000612c00000| 99%| O|  |TAMS 0x0000000612800000| PB 0x0000000612bffff8| Untracked 
|  75|0x0000000612c00000, 0x0000000613000000, 0x0000000613000000|100%| O|  |TAMS 0x0000000612c00000| PB 0x0000000613000000| Untracked 
|  76|0x0000000613000000, 0x0000000613400000, 0x0000000613400000|100%| O|  |TAMS 0x0000000613000000| PB 0x0000000613400000| Untracked 
|  77|0x0000000613400000, 0x0000000613800000, 0x0000000613800000|100%| O|  |TAMS 0x0000000613400000| PB 0x0000000613800000| Untracked 
|  78|0x0000000613800000, 0x0000000613c00000, 0x0000000613c00000|100%| O|  |TAMS 0x0000000613800000| PB 0x0000000613c00000| Untracked 
|  79|0x0000000613c00000, 0x0000000613fffff0, 0x0000000614000000| 99%| O|  |TAMS 0x0000000613c00000| PB 0x0000000613fffff0| Untracked 
|  80|0x0000000614000000, 0x0000000614400000, 0x0000000614400000|100%| O|  |TAMS 0x0000000614000000| PB 0x0000000614400000| Untracked 
|  81|0x0000000614400000, 0x0000000614800000, 0x0000000614800000|100%| O|  |TAMS 0x0000000614400000| PB 0x0000000614800000| Untracked 
|  82|0x0000000614800000, 0x0000000614c00000, 0x0000000614c00000|100%| O|  |TAMS 0x0000000614800000| PB 0x0000000614c00000| Untracked 
|  83|0x0000000614c00000, 0x0000000614ffffe8, 0x0000000615000000| 99%| O|  |TAMS 0x0000000614c00000| PB 0x0000000614ffffe8| Untracked 
|  84|0x0000000615000000, 0x0000000615400000, 0x0000000615400000|100%| O|  |TAMS 0x0000000615000000| PB 0x0000000615400000| Untracked 
|  85|0x0000000615400000, 0x0000000615800000, 0x0000000615800000|100%| O|  |TAMS 0x0000000615400000| PB 0x0000000615800000| Untracked 
|  86|0x0000000615800000, 0x0000000615c00000, 0x0000000615c00000|100%| O|  |TAMS 0x0000000615800000| PB 0x0000000615c00000| Untracked 
|  87|0x0000000615c00000, 0x0000000616000000, 0x0000000616000000|100%| O|  |TAMS 0x0000000615c00000| PB 0x0000000616000000| Untracked 
|  88|0x0000000616000000, 0x0000000616400000, 0x0000000616400000|100%| O|  |TAMS 0x0000000616000000| PB 0x0000000616400000| Untracked 
|  89|0x0000000616400000, 0x0000000616800000, 0x0000000616800000|100%| O|  |TAMS 0x0000000616400000| PB 0x0000000616800000| Untracked 
|  90|0x0000000616800000, 0x0000000616c00000, 0x0000000616c00000|100%| O|  |TAMS 0x0000000616800000| PB 0x0000000616c00000| Untracked 
|  91|0x0000000616c00000, 0x0000000616ffffd8, 0x0000000617000000| 99%| O|  |TAMS 0x0000000616c00000| PB 0x0000000616ffffd8| Untracked 
|  92|0x0000000617000000, 0x0000000617400000, 0x0000000617400000|100%| O|  |TAMS 0x0000000617000000| PB 0x0000000617400000| Untracked 
|  93|0x0000000617400000, 0x00000006177ffff8, 0x0000000617800000| 99%| O|  |TAMS 0x0000000617400000| PB 0x00000006177ffff8| Untracked 
|  94|0x0000000617800000, 0x0000000617c00000, 0x0000000617c00000|100%| O|  |TAMS 0x0000000617800000| PB 0x0000000617c00000| Untracked 
|  95|0x0000000617c00000, 0x0000000618000000, 0x0000000618000000|100%| O|  |TAMS 0x0000000617c00000| PB 0x0000000618000000| Untracked 
|  96|0x0000000618000000, 0x0000000618400000, 0x0000000618400000|100%|HS|  |TAMS 0x0000000618000000| PB 0x0000000618400000| Untracked 
|  97|0x0000000618400000, 0x0000000618800000, 0x0000000618800000|100%| O|  |TAMS 0x0000000618400000| PB 0x0000000618800000| Untracked 
|  98|0x0000000618800000, 0x0000000618bffff8, 0x0000000618c00000| 99%| O|  |TAMS 0x0000000618800000| PB 0x0000000618bffff8| Untracked 
|  99|0x0000000618c00000, 0x0000000618fffff0, 0x0000000619000000| 99%| O|  |TAMS 0x0000000618c00000| PB 0x0000000618fffff0| Untracked 
| 100|0x0000000619000000, 0x00000006193ffff8, 0x0000000619400000| 99%| O|  |TAMS 0x0000000619000000| PB 0x00000006193ffff8| Untracked 
| 101|0x0000000619400000, 0x0000000619800000, 0x0000000619800000|100%| O|  |TAMS 0x0000000619400000| PB 0x0000000619800000| Untracked 
| 102|0x0000000619800000, 0x0000000619c00000, 0x0000000619c00000|100%| O|  |TAMS 0x0000000619800000| PB 0x0000000619c00000| Untracked 
| 103|0x0000000619c00000, 0x000000061a000000, 0x000000061a000000|100%|HS|  |TAMS 0x0000000619c00000| PB 0x000000061a000000| Untracked 
| 104|0x000000061a000000, 0x000000061a400000, 0x000000061a400000|100%|HC|  |TAMS 0x000000061a000000| PB 0x000000061a400000| Untracked 
| 105|0x000000061a400000, 0x000000061a800000, 0x000000061a800000|100%| O|  |TAMS 0x000000061a400000| PB 0x000000061a800000| Untracked 
| 106|0x000000061a800000, 0x000000061abeb130, 0x000000061ac00000| 97%| O|  |TAMS 0x000000061a800000| PB 0x000000061abeb130| Untracked 
| 107|0x000000061ac00000, 0x000000061b000000, 0x000000061b000000|100%| O|  |TAMS 0x000000061ac00000| PB 0x000000061b000000| Untracked 
| 108|0x000000061b000000, 0x000000061b400000, 0x000000061b400000|100%| O|  |TAMS 0x000000061b000000| PB 0x000000061b400000| Untracked 
| 109|0x000000061b400000, 0x000000061b800000, 0x000000061b800000|100%| O|  |TAMS 0x000000061b400000| PB 0x000000061b800000| Untracked 
| 110|0x000000061b800000, 0x000000061bbffff0, 0x000000061bc00000| 99%| O|  |TAMS 0x000000061b800000| PB 0x000000061bbffff0| Untracked 
| 111|0x000000061bc00000, 0x000000061c000000, 0x000000061c000000|100%| O|  |TAMS 0x000000061bc00000| PB 0x000000061c000000| Untracked 
| 112|0x000000061c000000, 0x000000061c400000, 0x000000061c400000|100%| O|  |TAMS 0x000000061c000000| PB 0x000000061c400000| Untracked 
| 113|0x000000061c400000, 0x000000061c800000, 0x000000061c800000|100%| O|  |TAMS 0x000000061c400000| PB 0x000000061c800000| Untracked 
| 114|0x000000061c800000, 0x000000061cc00000, 0x000000061cc00000|100%| O|  |TAMS 0x000000061c800000| PB 0x000000061cc00000| Untracked 
| 115|0x000000061cc00000, 0x000000061d000000, 0x000000061d000000|100%| O|  |TAMS 0x000000061cc00000| PB 0x000000061d000000| Untracked 
| 116|0x000000061d000000, 0x000000061d400000, 0x000000061d400000|100%| O|  |TAMS 0x000000061d000000| PB 0x000000061d400000| Untracked 
| 117|0x000000061d400000, 0x000000061d800000, 0x000000061d800000|100%| O|  |TAMS 0x000000061d400000| PB 0x000000061d800000| Untracked 
| 118|0x000000061d800000, 0x000000061dc00000, 0x000000061dc00000|100%| O|  |TAMS 0x000000061d800000| PB 0x000000061dc00000| Untracked 
| 119|0x000000061dc00000, 0x000000061e000000, 0x000000061e000000|100%| O|  |TAMS 0x000000061dc00000| PB 0x000000061e000000| Untracked 
| 120|0x000000061e000000, 0x000000061e3fffe0, 0x000000061e400000| 99%| O|  |TAMS 0x000000061e000000| PB 0x000000061e3fffe0| Untracked 
| 121|0x000000061e400000, 0x000000061e7ffff8, 0x000000061e800000| 99%| O|  |TAMS 0x000000061e400000| PB 0x000000061e7ffff8| Untracked 
| 122|0x000000061e800000, 0x000000061ec00000, 0x000000061ec00000|100%| O|  |TAMS 0x000000061e800000| PB 0x000000061ec00000| Untracked 
| 123|0x000000061ec00000, 0x000000061effffc8, 0x000000061f000000| 99%| O|  |TAMS 0x000000061ec00000| PB 0x000000061effffc8| Untracked 
| 124|0x000000061f000000, 0x000000061f3fffd8, 0x000000061f400000| 99%| O|  |TAMS 0x000000061f000000| PB 0x000000061f3fffd8| Untracked 
| 125|0x000000061f400000, 0x000000061f7fffe8, 0x000000061f800000| 99%| O|  |TAMS 0x000000061f400000| PB 0x000000061f7fffe8| Untracked 
| 126|0x000000061f800000, 0x000000061fbfffe8, 0x000000061fc00000| 99%| O|  |TAMS 0x000000061f800000| PB 0x000000061fbfffe8| Untracked 
| 127|0x000000061fc00000, 0x000000061fffffd8, 0x0000000620000000| 99%| O|  |TAMS 0x000000061fc00000| PB 0x000000061fffffd8| Untracked 
| 128|0x0000000620000000, 0x0000000620400000, 0x0000000620400000|100%| O|  |TAMS 0x0000000620000000| PB 0x0000000620400000| Untracked 
| 129|0x0000000620400000, 0x0000000620800000, 0x0000000620800000|100%| O|  |TAMS 0x0000000620400000| PB 0x0000000620800000| Untracked 
| 130|0x0000000620800000, 0x0000000620bffff8, 0x0000000620c00000| 99%| O|  |TAMS 0x0000000620800000| PB 0x0000000620bffff8| Untracked 
| 131|0x0000000620c00000, 0x0000000621000000, 0x0000000621000000|100%| O|  |TAMS 0x0000000620c00000| PB 0x0000000621000000| Untracked 
| 132|0x0000000621000000, 0x00000006213fffe0, 0x0000000621400000| 99%| O|  |TAMS 0x0000000621000000| PB 0x00000006213fffe0| Untracked 
| 133|0x0000000621400000, 0x0000000621800000, 0x0000000621800000|100%| O|  |TAMS 0x0000000621400000| PB 0x0000000621800000| Untracked 
| 134|0x0000000621800000, 0x0000000621bffff8, 0x0000000621c00000| 99%| O|  |TAMS 0x0000000621800000| PB 0x0000000621bffff8| Untracked 
| 135|0x0000000621c00000, 0x0000000622000000, 0x0000000622000000|100%| O|  |TAMS 0x0000000621c00000| PB 0x0000000622000000| Untracked 
| 136|0x0000000622000000, 0x0000000622400000, 0x0000000622400000|100%| O|  |TAMS 0x0000000622000000| PB 0x0000000622400000| Untracked 
| 137|0x0000000622400000, 0x00000006227fa2f8, 0x0000000622800000| 99%| O|  |TAMS 0x0000000622400000| PB 0x00000006227fa2f8| Untracked 
| 138|0x0000000622800000, 0x0000000622c00000, 0x0000000622c00000|100%| O|  |TAMS 0x0000000622800000| PB 0x0000000622c00000| Untracked 
| 139|0x0000000622c00000, 0x0000000623000000, 0x0000000623000000|100%| O|  |TAMS 0x0000000622c00000| PB 0x0000000623000000| Untracked 
| 140|0x0000000623000000, 0x00000006233fffd8, 0x0000000623400000| 99%| O|  |TAMS 0x0000000623000000| PB 0x00000006233fffd8| Untracked 
| 141|0x0000000623400000, 0x00000006237ffff0, 0x0000000623800000| 99%| O|  |TAMS 0x0000000623400000| PB 0x00000006237ffff0| Untracked 
| 142|0x0000000623800000, 0x0000000623bffff8, 0x0000000623c00000| 99%| O|  |TAMS 0x0000000623800000| PB 0x0000000623bffff8| Untracked 
| 143|0x0000000623c00000, 0x0000000623fffff0, 0x0000000624000000| 99%| O|  |TAMS 0x0000000623c00000| PB 0x0000000623fffff0| Untracked 
| 144|0x0000000624000000, 0x0000000624400000, 0x0000000624400000|100%| O|  |TAMS 0x0000000624000000| PB 0x0000000624400000| Untracked 
| 145|0x0000000624400000, 0x00000006247ffff0, 0x0000000624800000| 99%| O|  |TAMS 0x0000000624400000| PB 0x00000006247ffff0| Untracked 
| 146|0x0000000624800000, 0x0000000624bfffe8, 0x0000000624c00000| 99%| O|  |TAMS 0x0000000624800000| PB 0x0000000624bfffe8| Untracked 
| 147|0x0000000624c00000, 0x0000000624fffff0, 0x0000000625000000| 99%| O|  |TAMS 0x0000000624c00000| PB 0x0000000624fffff0| Untracked 
| 148|0x0000000625000000, 0x00000006253f4018, 0x0000000625400000| 98%| O|  |TAMS 0x0000000625000000| PB 0x00000006253f4018| Untracked 
| 149|0x0000000625400000, 0x00000006257fffd8, 0x0000000625800000| 99%| O|  |TAMS 0x0000000625400000| PB 0x00000006257fffd8| Untracked 
| 150|0x0000000625800000, 0x0000000625bffff0, 0x0000000625c00000| 99%| O|  |TAMS 0x0000000625800000| PB 0x0000000625bffff0| Untracked 
| 151|0x0000000625c00000, 0x0000000625ffffd0, 0x0000000626000000| 99%| O|  |TAMS 0x0000000625c00000| PB 0x0000000625ffffd0| Untracked 
| 152|0x0000000626000000, 0x0000000626400000, 0x0000000626400000|100%| O|  |TAMS 0x0000000626000000| PB 0x0000000626400000| Untracked 
| 153|0x0000000626400000, 0x00000006267ffff0, 0x0000000626800000| 99%| O|  |TAMS 0x0000000626400000| PB 0x00000006267ffff0| Untracked 
| 154|0x0000000626800000, 0x0000000626beb518, 0x0000000626c00000| 97%| O|  |TAMS 0x0000000626800000| PB 0x0000000626beb518| Untracked 
| 155|0x0000000626c00000, 0x0000000626fffff8, 0x0000000627000000| 99%| O|  |TAMS 0x0000000626c00000| PB 0x0000000626fffff8| Untracked 
| 156|0x0000000627000000, 0x0000000627400000, 0x0000000627400000|100%| O|  |TAMS 0x0000000627000000| PB 0x0000000627400000| Untracked 
| 157|0x0000000627400000, 0x0000000627800000, 0x0000000627800000|100%| O|  |TAMS 0x0000000627400000| PB 0x0000000627800000| Untracked 
| 158|0x0000000627800000, 0x0000000627c00000, 0x0000000627c00000|100%| O|  |TAMS 0x0000000627800000| PB 0x0000000627c00000| Untracked 
| 159|0x0000000627c00000, 0x0000000628000000, 0x0000000628000000|100%| O|  |TAMS 0x0000000627c00000| PB 0x0000000628000000| Untracked 
| 160|0x0000000628000000, 0x0000000628400000, 0x0000000628400000|100%| O|  |TAMS 0x0000000628000000| PB 0x0000000628400000| Untracked 
| 161|0x0000000628400000, 0x00000006287fffe8, 0x0000000628800000| 99%| O|  |TAMS 0x0000000628400000| PB 0x00000006287fffe8| Untracked 
| 162|0x0000000628800000, 0x0000000628c00000, 0x0000000628c00000|100%| O|  |TAMS 0x0000000628800000| PB 0x0000000628c00000| Untracked 
| 163|0x0000000628c00000, 0x0000000629000000, 0x0000000629000000|100%| O|  |TAMS 0x0000000628c00000| PB 0x0000000629000000| Untracked 
| 164|0x0000000629000000, 0x0000000629400000, 0x0000000629400000|100%| O|  |TAMS 0x0000000629000000| PB 0x0000000629400000| Untracked 
| 165|0x0000000629400000, 0x00000006297ffff8, 0x0000000629800000| 99%| O|  |TAMS 0x0000000629400000| PB 0x00000006297ffff8| Untracked 
| 166|0x0000000629800000, 0x0000000629bfffd0, 0x0000000629c00000| 99%| O|  |TAMS 0x0000000629800000| PB 0x0000000629bfffd0| Untracked 
| 167|0x0000000629c00000, 0x000000062a000000, 0x000000062a000000|100%|HS|  |TAMS 0x0000000629c00000| PB 0x000000062a000000| Untracked 
| 168|0x000000062a000000, 0x000000062a400000, 0x000000062a400000|100%|HC|  |TAMS 0x000000062a000000| PB 0x000000062a400000| Untracked 
| 169|0x000000062a400000, 0x000000062a800000, 0x000000062a800000|100%|HS|  |TAMS 0x000000062a400000| PB 0x000000062a800000| Complete 
| 170|0x000000062a800000, 0x000000062ac00000, 0x000000062ac00000|100%|HC|  |TAMS 0x000000062a800000| PB 0x000000062ac00000| Complete 
| 171|0x000000062ac00000, 0x000000062b000000, 0x000000062b000000|100%| O|  |TAMS 0x000000062ac00000| PB 0x000000062b000000| Untracked 
| 172|0x000000062b000000, 0x000000062b400000, 0x000000062b400000|100%| O|  |TAMS 0x000000062b000000| PB 0x000000062b400000| Untracked 
| 173|0x000000062b400000, 0x000000062b800000, 0x000000062b800000|100%| O|  |TAMS 0x000000062b400000| PB 0x000000062b800000| Untracked 
| 174|0x000000062b800000, 0x000000062bc00000, 0x000000062bc00000|100%| O|  |TAMS 0x000000062b800000| PB 0x000000062bc00000| Untracked 
| 175|0x000000062bc00000, 0x000000062c000000, 0x000000062c000000|100%| O|  |TAMS 0x000000062bc00000| PB 0x000000062c000000| Untracked 
| 176|0x000000062c000000, 0x000000062c400000, 0x000000062c400000|100%| O|  |TAMS 0x000000062c000000| PB 0x000000062c400000| Untracked 
| 177|0x000000062c400000, 0x000000062c800000, 0x000000062c800000|100%| O|  |TAMS 0x000000062c400000| PB 0x000000062c800000| Untracked 
| 178|0x000000062c800000, 0x000000062cc00000, 0x000000062cc00000|100%| O|  |TAMS 0x000000062c800000| PB 0x000000062cc00000| Untracked 
| 179|0x000000062cc00000, 0x000000062d000000, 0x000000062d000000|100%| O|  |TAMS 0x000000062cc00000| PB 0x000000062d000000| Untracked 
| 180|0x000000062d000000, 0x000000062d400000, 0x000000062d400000|100%| O|  |TAMS 0x000000062d000000| PB 0x000000062d400000| Untracked 
| 181|0x000000062d400000, 0x000000062d800000, 0x000000062d800000|100%| O|  |TAMS 0x000000062d400000| PB 0x000000062d800000| Untracked 
| 182|0x000000062d800000, 0x000000062dc00000, 0x000000062dc00000|100%| O|  |TAMS 0x000000062d800000| PB 0x000000062dc00000| Untracked 
| 183|0x000000062dc00000, 0x000000062dffffe0, 0x000000062e000000| 99%| O|  |TAMS 0x000000062dc00000| PB 0x000000062dffffe0| Untracked 
| 184|0x000000062e000000, 0x000000062e400000, 0x000000062e400000|100%| O|  |TAMS 0x000000062e000000| PB 0x000000062e400000| Untracked 
| 185|0x000000062e400000, 0x000000062e800000, 0x000000062e800000|100%| O|  |TAMS 0x000000062e400000| PB 0x000000062e800000| Untracked 
| 186|0x000000062e800000, 0x000000062ec00000, 0x000000062ec00000|100%| O|  |TAMS 0x000000062e800000| PB 0x000000062ec00000| Untracked 
| 187|0x000000062ec00000, 0x000000062f000000, 0x000000062f000000|100%| O|  |TAMS 0x000000062ec00000| PB 0x000000062f000000| Untracked 
| 188|0x000000062f000000, 0x000000062f400000, 0x000000062f400000|100%| O|  |TAMS 0x000000062f000000| PB 0x000000062f400000| Untracked 
| 189|0x000000062f400000, 0x000000062f800000, 0x000000062f800000|100%|HS|  |TAMS 0x000000062f400000| PB 0x000000062f800000| Untracked 
| 190|0x000000062f800000, 0x000000062fc00000, 0x000000062fc00000|100%|HC|  |TAMS 0x000000062f800000| PB 0x000000062fc00000| Untracked 
| 191|0x000000062fc00000, 0x0000000630000000, 0x0000000630000000|100%| O|  |TAMS 0x000000062fc00000| PB 0x0000000630000000| Untracked 
| 192|0x0000000630000000, 0x0000000630400000, 0x0000000630400000|100%| O|  |TAMS 0x0000000630000000| PB 0x0000000630400000| Untracked 
| 193|0x0000000630400000, 0x0000000630800000, 0x0000000630800000|100%| O|  |TAMS 0x0000000630400000| PB 0x0000000630800000| Untracked 
| 194|0x0000000630800000, 0x0000000630c00000, 0x0000000630c00000|100%| O|  |TAMS 0x0000000630800000| PB 0x0000000630c00000| Untracked 
| 195|0x0000000630c00000, 0x0000000631000000, 0x0000000631000000|100%| O|  |TAMS 0x0000000630c00000| PB 0x0000000631000000| Untracked 
| 196|0x0000000631000000, 0x0000000631400000, 0x0000000631400000|100%| O|  |TAMS 0x0000000631000000| PB 0x0000000631400000| Untracked 
| 197|0x0000000631400000, 0x00000006317fff98, 0x0000000631800000| 99%| O|  |TAMS 0x0000000631400000| PB 0x00000006317fff98| Untracked 
| 198|0x0000000631800000, 0x0000000631bffff8, 0x0000000631c00000| 99%| O|  |TAMS 0x0000000631800000| PB 0x0000000631bffff8| Untracked 
| 199|0x0000000631c00000, 0x0000000631ffff90, 0x0000000632000000| 99%| O|  |TAMS 0x0000000631c00000| PB 0x0000000631ffff90| Untracked 
| 200|0x0000000632000000, 0x0000000632400000, 0x0000000632400000|100%| O|  |TAMS 0x0000000632000000| PB 0x0000000632400000| Untracked 
| 201|0x0000000632400000, 0x0000000632800000, 0x0000000632800000|100%| O|  |TAMS 0x0000000632400000| PB 0x0000000632800000| Untracked 
| 202|0x0000000632800000, 0x0000000632bfffe0, 0x0000000632c00000| 99%| O|  |TAMS 0x0000000632800000| PB 0x0000000632bfffe0| Untracked 
| 203|0x0000000632c00000, 0x0000000633000000, 0x0000000633000000|100%| O|  |TAMS 0x0000000632c00000| PB 0x0000000633000000| Untracked 
| 204|0x0000000633000000, 0x0000000633400000, 0x0000000633400000|100%| O|  |TAMS 0x0000000633000000| PB 0x0000000633400000| Untracked 
| 205|0x0000000633400000, 0x0000000633800000, 0x0000000633800000|100%| O|  |TAMS 0x0000000633400000| PB 0x0000000633800000| Untracked 
| 206|0x0000000633800000, 0x0000000633c00000, 0x0000000633c00000|100%| O|  |TAMS 0x0000000633800000| PB 0x0000000633c00000| Untracked 
| 207|0x0000000633c00000, 0x0000000634000000, 0x0000000634000000|100%| O|  |TAMS 0x0000000633c00000| PB 0x0000000634000000| Untracked 
| 208|0x0000000634000000, 0x00000006343ffff0, 0x0000000634400000| 99%| O|  |TAMS 0x0000000634000000| PB 0x00000006343ffff0| Untracked 
| 209|0x0000000634400000, 0x0000000634800000, 0x0000000634800000|100%| O|  |TAMS 0x0000000634400000| PB 0x0000000634800000| Untracked 
| 210|0x0000000634800000, 0x0000000634c00000, 0x0000000634c00000|100%| O|  |TAMS 0x0000000634800000| PB 0x0000000634c00000| Untracked 
| 211|0x0000000634c00000, 0x0000000635000000, 0x0000000635000000|100%| O|  |TAMS 0x0000000634c00000| PB 0x0000000635000000| Untracked 
| 212|0x0000000635000000, 0x0000000635400000, 0x0000000635400000|100%| O|  |TAMS 0x0000000635000000| PB 0x0000000635400000| Untracked 
| 213|0x0000000635400000, 0x0000000635800000, 0x0000000635800000|100%| O|  |TAMS 0x0000000635400000| PB 0x0000000635800000| Untracked 
| 214|0x0000000635800000, 0x0000000635c00000, 0x0000000635c00000|100%| O|  |TAMS 0x0000000635800000| PB 0x0000000635c00000| Untracked 
| 215|0x0000000635c00000, 0x0000000636000000, 0x0000000636000000|100%| O|  |TAMS 0x0000000635c00000| PB 0x0000000636000000| Untracked 
| 216|0x0000000636000000, 0x00000006363ffff0, 0x0000000636400000| 99%| O|  |TAMS 0x0000000636000000| PB 0x00000006363ffff0| Untracked 
| 217|0x0000000636400000, 0x0000000636800000, 0x0000000636800000|100%| O|  |TAMS 0x0000000636400000| PB 0x0000000636800000| Untracked 
| 218|0x0000000636800000, 0x0000000636c00000, 0x0000000636c00000|100%| O|  |TAMS 0x0000000636800000| PB 0x0000000636c00000| Untracked 
| 219|0x0000000636c00000, 0x0000000637000000, 0x0000000637000000|100%| O|  |TAMS 0x0000000636c00000| PB 0x0000000637000000| Untracked 
| 220|0x0000000637000000, 0x00000006373ffff8, 0x0000000637400000| 99%| O|  |TAMS 0x0000000637000000| PB 0x00000006373ffff8| Untracked 
| 221|0x0000000637400000, 0x00000006377fffe0, 0x0000000637800000| 99%| O|  |TAMS 0x0000000637400000| PB 0x00000006377fffe0| Untracked 
| 222|0x0000000637800000, 0x0000000637be15b8, 0x0000000637c00000| 97%| O|  |TAMS 0x0000000637800000| PB 0x0000000637be15b8| Untracked 
| 223|0x0000000637c00000, 0x0000000638000000, 0x0000000638000000|100%| O|  |TAMS 0x0000000637c00000| PB 0x0000000638000000| Untracked 
| 224|0x0000000638000000, 0x0000000638400000, 0x0000000638400000|100%| O|  |TAMS 0x0000000638000000| PB 0x0000000638400000| Untracked 
| 225|0x0000000638400000, 0x0000000638800000, 0x0000000638800000|100%| O|  |TAMS 0x0000000638400000| PB 0x0000000638800000| Untracked 
| 226|0x0000000638800000, 0x0000000638c00000, 0x0000000638c00000|100%| O|  |TAMS 0x0000000638800000| PB 0x0000000638c00000| Untracked 
| 227|0x0000000638c00000, 0x0000000638ffffe0, 0x0000000639000000| 99%| O|  |TAMS 0x0000000638c00000| PB 0x0000000638ffffe0| Untracked 
| 228|0x0000000639000000, 0x0000000639400000, 0x0000000639400000|100%| O|  |TAMS 0x0000000639000000| PB 0x0000000639400000| Untracked 
| 229|0x0000000639400000, 0x0000000639800000, 0x0000000639800000|100%| O|  |TAMS 0x0000000639400000| PB 0x0000000639800000| Untracked 
| 230|0x0000000639800000, 0x0000000639c00000, 0x0000000639c00000|100%| O|  |TAMS 0x0000000639800000| PB 0x0000000639c00000| Untracked 
| 231|0x0000000639c00000, 0x000000063a000000, 0x000000063a000000|100%| O|  |TAMS 0x0000000639c00000| PB 0x000000063a000000| Untracked 
| 232|0x000000063a000000, 0x000000063a400000, 0x000000063a400000|100%| O|  |TAMS 0x000000063a000000| PB 0x000000063a400000| Untracked 
| 233|0x000000063a400000, 0x000000063a800000, 0x000000063a800000|100%| O|  |TAMS 0x000000063a400000| PB 0x000000063a800000| Untracked 
| 234|0x000000063a800000, 0x000000063abffff8, 0x000000063ac00000| 99%| O|  |TAMS 0x000000063a800000| PB 0x000000063abffff8| Untracked 
| 235|0x000000063ac00000, 0x000000063affffe8, 0x000000063b000000| 99%| O|  |TAMS 0x000000063ac00000| PB 0x000000063affffe8| Untracked 
| 236|0x000000063b000000, 0x000000063b400000, 0x000000063b400000|100%| O|  |TAMS 0x000000063b000000| PB 0x000000063b400000| Untracked 
| 237|0x000000063b400000, 0x000000063b800000, 0x000000063b800000|100%| O|  |TAMS 0x000000063b400000| PB 0x000000063b800000| Untracked 
| 238|0x000000063b800000, 0x000000063bc00000, 0x000000063bc00000|100%| O|  |TAMS 0x000000063b800000| PB 0x000000063bc00000| Untracked 
| 239|0x000000063bc00000, 0x000000063c000000, 0x000000063c000000|100%| O|  |TAMS 0x000000063bc00000| PB 0x000000063c000000| Untracked 
| 240|0x000000063c000000, 0x000000063c400000, 0x000000063c400000|100%| O|  |TAMS 0x000000063c000000| PB 0x000000063c400000| Untracked 
| 241|0x000000063c400000, 0x000000063c800000, 0x000000063c800000|100%| O|  |TAMS 0x000000063c400000| PB 0x000000063c800000| Untracked 
| 242|0x000000063c800000, 0x000000063cbffff8, 0x000000063cc00000| 99%| O|  |TAMS 0x000000063c800000| PB 0x000000063cbffff8| Untracked 
| 243|0x000000063cc00000, 0x000000063d000000, 0x000000063d000000|100%| O|  |TAMS 0x000000063cc00000| PB 0x000000063d000000| Untracked 
| 244|0x000000063d000000, 0x000000063d400000, 0x000000063d400000|100%|HS|  |TAMS 0x000000063d000000| PB 0x000000063d400000| Complete 
| 245|0x000000063d400000, 0x000000063d800000, 0x000000063d800000|100%|HC|  |TAMS 0x000000063d400000| PB 0x000000063d800000| Complete 
| 246|0x000000063d800000, 0x000000063dc00000, 0x000000063dc00000|100%| O|  |TAMS 0x000000063d800000| PB 0x000000063dc00000| Untracked 
| 247|0x000000063dc00000, 0x000000063e000000, 0x000000063e000000|100%| O|  |TAMS 0x000000063dc00000| PB 0x000000063e000000| Untracked 
| 248|0x000000063e000000, 0x000000063e400000, 0x000000063e400000|100%| O|  |TAMS 0x000000063e000000| PB 0x000000063e400000| Untracked 
| 249|0x000000063e400000, 0x000000063e800000, 0x000000063e800000|100%| O|  |TAMS 0x000000063e400000| PB 0x000000063e800000| Untracked 
| 250|0x000000063e800000, 0x000000063e800000, 0x000000063ec00000|  0%| F|  |TAMS 0x000000063e800000| PB 0x000000063e800000| Untracked 
| 251|0x000000063ec00000, 0x000000063f000000, 0x000000063f000000|100%| O|  |TAMS 0x000000063ec00000| PB 0x000000063f000000| Untracked 
| 252|0x000000063f000000, 0x000000063f3fff98, 0x000000063f400000| 99%| O|  |TAMS 0x000000063f000000| PB 0x000000063f3fff98| Untracked 
| 253|0x000000063f400000, 0x000000063f800000, 0x000000063f800000|100%| O|  |TAMS 0x000000063f400000| PB 0x000000063f800000| Untracked 
| 254|0x000000063f800000, 0x000000063fc00000, 0x000000063fc00000|100%| O|  |TAMS 0x000000063f800000| PB 0x000000063fc00000| Untracked 
| 255|0x000000063fc00000, 0x0000000640000000, 0x0000000640000000|100%| O|  |TAMS 0x000000063fc00000| PB 0x0000000640000000| Untracked 
| 256|0x0000000640000000, 0x0000000640400000, 0x0000000640400000|100%|HS|  |TAMS 0x0000000640000000| PB 0x0000000640400000| Untracked 
| 257|0x0000000640400000, 0x0000000640800000, 0x0000000640800000|100%|HC|  |TAMS 0x0000000640400000| PB 0x0000000640800000| Untracked 
| 258|0x0000000640800000, 0x0000000640bffff8, 0x0000000640c00000| 99%| O|  |TAMS 0x0000000640800000| PB 0x0000000640bffff8| Untracked 
| 259|0x0000000640c00000, 0x0000000641000000, 0x0000000641000000|100%| O|  |TAMS 0x0000000640c00000| PB 0x0000000641000000| Untracked 
| 260|0x0000000641000000, 0x0000000641400000, 0x0000000641400000|100%| O|  |TAMS 0x0000000641000000| PB 0x0000000641400000| Untracked 
| 261|0x0000000641400000, 0x0000000641800000, 0x0000000641800000|100%| O|  |TAMS 0x0000000641400000| PB 0x0000000641800000| Untracked 
| 262|0x0000000641800000, 0x0000000641c00000, 0x0000000641c00000|100%| O|  |TAMS 0x0000000641800000| PB 0x0000000641c00000| Untracked 
| 263|0x0000000641c00000, 0x0000000642000000, 0x0000000642000000|100%| O|  |TAMS 0x0000000641c00000| PB 0x0000000642000000| Untracked 
| 264|0x0000000642000000, 0x0000000642400000, 0x0000000642400000|100%| O|  |TAMS 0x0000000642000000| PB 0x0000000642400000| Untracked 
| 265|0x0000000642400000, 0x0000000642800000, 0x0000000642800000|100%| O|  |TAMS 0x0000000642400000| PB 0x0000000642800000| Untracked 
| 266|0x0000000642800000, 0x0000000642c00000, 0x0000000642c00000|100%| O|  |TAMS 0x0000000642800000| PB 0x0000000642c00000| Untracked 
| 267|0x0000000642c00000, 0x0000000643000000, 0x0000000643000000|100%| O|  |TAMS 0x0000000642c00000| PB 0x0000000643000000| Untracked 
| 268|0x0000000643000000, 0x0000000643400000, 0x0000000643400000|100%| O|  |TAMS 0x0000000643000000| PB 0x0000000643400000| Untracked 
| 269|0x0000000643400000, 0x0000000643800000, 0x0000000643800000|100%| O|  |TAMS 0x0000000643400000| PB 0x0000000643800000| Untracked 
| 270|0x0000000643800000, 0x0000000643c00000, 0x0000000643c00000|100%| O|  |TAMS 0x0000000643800000| PB 0x0000000643c00000| Untracked 
| 271|0x0000000643c00000, 0x0000000644000000, 0x0000000644000000|100%| O|  |TAMS 0x0000000643c00000| PB 0x0000000644000000| Untracked 
| 272|0x0000000644000000, 0x0000000644400000, 0x0000000644400000|100%| O|  |TAMS 0x0000000644000000| PB 0x0000000644400000| Untracked 
| 273|0x0000000644400000, 0x0000000644800000, 0x0000000644800000|100%| O|  |TAMS 0x0000000644400000| PB 0x0000000644800000| Untracked 
| 274|0x0000000644800000, 0x0000000644c00000, 0x0000000644c00000|100%| O|  |TAMS 0x0000000644800000| PB 0x0000000644c00000| Untracked 
| 275|0x0000000644c00000, 0x0000000645000000, 0x0000000645000000|100%| O|  |TAMS 0x0000000644c00000| PB 0x0000000645000000| Untracked 
| 276|0x0000000645000000, 0x0000000645400000, 0x0000000645400000|100%| O|  |TAMS 0x0000000645000000| PB 0x0000000645400000| Untracked 
| 277|0x0000000645400000, 0x00000006457ffff0, 0x0000000645800000| 99%| O|  |TAMS 0x0000000645400000| PB 0x00000006457ffff0| Untracked 
| 278|0x0000000645800000, 0x0000000645c00000, 0x0000000645c00000|100%| O|  |TAMS 0x0000000645800000| PB 0x0000000645c00000| Untracked 
| 279|0x0000000645c00000, 0x0000000646000000, 0x0000000646000000|100%| O|  |TAMS 0x0000000645c00000| PB 0x0000000646000000| Untracked 
| 280|0x0000000646000000, 0x0000000646400000, 0x0000000646400000|100%| O|  |TAMS 0x0000000646000000| PB 0x0000000646400000| Untracked 
| 281|0x0000000646400000, 0x0000000646800000, 0x0000000646800000|100%| O|  |TAMS 0x0000000646400000| PB 0x0000000646800000| Untracked 
| 282|0x0000000646800000, 0x0000000646c00000, 0x0000000646c00000|100%| O|  |TAMS 0x0000000646800000| PB 0x0000000646c00000| Untracked 
| 283|0x0000000646c00000, 0x0000000647000000, 0x0000000647000000|100%|HS|  |TAMS 0x0000000646c00000| PB 0x0000000647000000| Untracked 
| 284|0x0000000647000000, 0x0000000647400000, 0x0000000647400000|100%|HC|  |TAMS 0x0000000647000000| PB 0x0000000647400000| Untracked 
| 285|0x0000000647400000, 0x0000000647800000, 0x0000000647800000|100%|HC|  |TAMS 0x0000000647400000| PB 0x0000000647800000| Untracked 
| 286|0x0000000647800000, 0x0000000647c00000, 0x0000000647c00000|100%|HS|  |TAMS 0x0000000647800000| PB 0x0000000647c00000| Complete 
| 287|0x0000000647c00000, 0x0000000648000000, 0x0000000648000000|100%|HC|  |TAMS 0x0000000647c00000| PB 0x0000000648000000| Complete 
| 288|0x0000000648000000, 0x0000000648400000, 0x0000000648400000|100%| O|  |TAMS 0x0000000648000000| PB 0x0000000648400000| Untracked 
| 289|0x0000000648400000, 0x00000006487fff90, 0x0000000648800000| 99%| O|  |TAMS 0x0000000648400000| PB 0x00000006487fff90| Untracked 
| 290|0x0000000648800000, 0x0000000648bffff8, 0x0000000648c00000| 99%| O|  |TAMS 0x0000000648800000| PB 0x0000000648bffff8| Untracked 
| 291|0x0000000648c00000, 0x0000000649000000, 0x0000000649000000|100%| O|  |TAMS 0x0000000648c00000| PB 0x0000000649000000| Untracked 
| 292|0x0000000649000000, 0x00000006493df740, 0x0000000649400000| 96%| O|  |TAMS 0x0000000649000000| PB 0x00000006493df740| Untracked 
| 293|0x0000000649400000, 0x00000006497fffd0, 0x0000000649800000| 99%| O|  |TAMS 0x0000000649400000| PB 0x00000006497fffd0| Untracked 
| 294|0x0000000649800000, 0x0000000649bfffe0, 0x0000000649c00000| 99%| O|  |TAMS 0x0000000649800000| PB 0x0000000649bfffe0| Untracked 
| 295|0x0000000649c00000, 0x000000064a000000, 0x000000064a000000|100%| O|  |TAMS 0x0000000649c00000| PB 0x000000064a000000| Untracked 
| 296|0x000000064a000000, 0x000000064a3fffe0, 0x000000064a400000| 99%| O|  |TAMS 0x000000064a000000| PB 0x000000064a3fffe0| Untracked 
| 297|0x000000064a400000, 0x000000064a800000, 0x000000064a800000|100%| O|  |TAMS 0x000000064a400000| PB 0x000000064a800000| Untracked 
| 298|0x000000064a800000, 0x000000064ac00000, 0x000000064ac00000|100%| O|  |TAMS 0x000000064a800000| PB 0x000000064ac00000| Untracked 
| 299|0x000000064ac00000, 0x000000064b000000, 0x000000064b000000|100%| O|  |TAMS 0x000000064ac00000| PB 0x000000064b000000| Untracked 
| 300|0x000000064b000000, 0x000000064b400000, 0x000000064b400000|100%| O|  |TAMS 0x000000064b000000| PB 0x000000064b400000| Untracked 
| 301|0x000000064b400000, 0x000000064b800000, 0x000000064b800000|100%| O|  |TAMS 0x000000064b400000| PB 0x000000064b800000| Untracked 
| 302|0x000000064b800000, 0x000000064bc00000, 0x000000064bc00000|100%| O|  |TAMS 0x000000064b800000| PB 0x000000064bc00000| Untracked 
| 303|0x000000064bc00000, 0x000000064c000000, 0x000000064c000000|100%| O|  |TAMS 0x000000064bc00000| PB 0x000000064c000000| Untracked 
| 304|0x000000064c000000, 0x000000064c400000, 0x000000064c400000|100%| O|  |TAMS 0x000000064c000000| PB 0x000000064c400000| Untracked 
| 305|0x000000064c400000, 0x000000064c7fffd8, 0x000000064c800000| 99%| O|  |TAMS 0x000000064c400000| PB 0x000000064c7fffd8| Untracked 
| 306|0x000000064c800000, 0x000000064cc00000, 0x000000064cc00000|100%| O|  |TAMS 0x000000064c800000| PB 0x000000064cc00000| Untracked 
| 307|0x000000064cc00000, 0x000000064d000000, 0x000000064d000000|100%| O|  |TAMS 0x000000064cc00000| PB 0x000000064d000000| Untracked 
| 308|0x000000064d000000, 0x000000064d400000, 0x000000064d400000|100%| O|  |TAMS 0x000000064d000000| PB 0x000000064d400000| Untracked 
| 309|0x000000064d400000, 0x000000064d800000, 0x000000064d800000|100%| O|  |TAMS 0x000000064d400000| PB 0x000000064d800000| Untracked 
| 310|0x000000064d800000, 0x000000064dc00000, 0x000000064dc00000|100%| O|  |TAMS 0x000000064d800000| PB 0x000000064dc00000| Untracked 
| 311|0x000000064dc00000, 0x000000064e000000, 0x000000064e000000|100%| O|  |TAMS 0x000000064dc00000| PB 0x000000064e000000| Untracked 
| 312|0x000000064e000000, 0x000000064e400000, 0x000000064e400000|100%| O|  |TAMS 0x000000064e000000| PB 0x000000064e400000| Untracked 
| 313|0x000000064e400000, 0x000000064e800000, 0x000000064e800000|100%| O|  |TAMS 0x000000064e400000| PB 0x000000064e800000| Untracked 
| 314|0x000000064e800000, 0x000000064ec00000, 0x000000064ec00000|100%| O|  |TAMS 0x000000064e800000| PB 0x000000064ec00000| Untracked 
| 315|0x000000064ec00000, 0x000000064f000000, 0x000000064f000000|100%| O|  |TAMS 0x000000064ec00000| PB 0x000000064f000000| Untracked 
| 316|0x000000064f000000, 0x000000064f400000, 0x000000064f400000|100%| O|  |TAMS 0x000000064f000000| PB 0x000000064f400000| Untracked 
| 317|0x000000064f400000, 0x000000064f800000, 0x000000064f800000|100%| O|  |TAMS 0x000000064f400000| PB 0x000000064f800000| Untracked 
| 318|0x000000064f800000, 0x000000064fc00000, 0x000000064fc00000|100%| O|  |TAMS 0x000000064f800000| PB 0x000000064fc00000| Untracked 
| 319|0x000000064fc00000, 0x0000000650000000, 0x0000000650000000|100%| O|  |TAMS 0x000000064fc00000| PB 0x0000000650000000| Untracked 
| 320|0x0000000650000000, 0x0000000650400000, 0x0000000650400000|100%| O|  |TAMS 0x0000000650000000| PB 0x0000000650400000| Untracked 
| 321|0x0000000650400000, 0x0000000650800000, 0x0000000650800000|100%| O|  |TAMS 0x0000000650400000| PB 0x0000000650800000| Untracked 
| 322|0x0000000650800000, 0x0000000650c00000, 0x0000000650c00000|100%| O|  |TAMS 0x0000000650800000| PB 0x0000000650c00000| Untracked 
| 323|0x0000000650c00000, 0x0000000651000000, 0x0000000651000000|100%| O|  |TAMS 0x0000000650c00000| PB 0x0000000651000000| Untracked 
| 324|0x0000000651000000, 0x0000000651400000, 0x0000000651400000|100%| O|  |TAMS 0x0000000651000000| PB 0x0000000651400000| Untracked 
| 325|0x0000000651400000, 0x00000006517ffff8, 0x0000000651800000| 99%| O|  |TAMS 0x0000000651400000| PB 0x00000006517ffff8| Untracked 
| 326|0x0000000651800000, 0x0000000651bfffe0, 0x0000000651c00000| 99%| O|  |TAMS 0x0000000651800000| PB 0x0000000651bfffe0| Untracked 
| 327|0x0000000651c00000, 0x0000000652000000, 0x0000000652000000|100%| O|  |TAMS 0x0000000651c00000| PB 0x0000000652000000| Untracked 
| 328|0x0000000652000000, 0x00000006523fffe0, 0x0000000652400000| 99%| O|  |TAMS 0x0000000652000000| PB 0x00000006523fffe0| Untracked 
| 329|0x0000000652400000, 0x0000000652800000, 0x0000000652800000|100%| O|  |TAMS 0x0000000652400000| PB 0x0000000652800000| Untracked 
| 330|0x0000000652800000, 0x0000000652bfffe0, 0x0000000652c00000| 99%| O|  |TAMS 0x0000000652800000| PB 0x0000000652bfffe0| Untracked 
| 331|0x0000000652c00000, 0x0000000653000000, 0x0000000653000000|100%| O|  |TAMS 0x0000000652c00000| PB 0x0000000653000000| Untracked 
| 332|0x0000000653000000, 0x0000000653400000, 0x0000000653400000|100%| O|  |TAMS 0x0000000653000000| PB 0x0000000653400000| Untracked 
| 333|0x0000000653400000, 0x0000000653800000, 0x0000000653800000|100%| O|  |TAMS 0x0000000653400000| PB 0x0000000653800000| Untracked 
| 334|0x0000000653800000, 0x0000000653c00000, 0x0000000653c00000|100%| O|  |TAMS 0x0000000653800000| PB 0x0000000653c00000| Untracked 
| 335|0x0000000653c00000, 0x0000000654000000, 0x0000000654000000|100%| O|  |TAMS 0x0000000653c00000| PB 0x0000000654000000| Untracked 
| 336|0x0000000654000000, 0x0000000654400000, 0x0000000654400000|100%| O|  |TAMS 0x0000000654000000| PB 0x0000000654400000| Untracked 
| 337|0x0000000654400000, 0x0000000654800000, 0x0000000654800000|100%| O|  |TAMS 0x0000000654400000| PB 0x0000000654800000| Untracked 
| 338|0x0000000654800000, 0x0000000654c00000, 0x0000000654c00000|100%| O|  |TAMS 0x0000000654800000| PB 0x0000000654c00000| Untracked 
| 339|0x0000000654c00000, 0x0000000655000000, 0x0000000655000000|100%| O|  |TAMS 0x0000000654c00000| PB 0x0000000655000000| Untracked 
| 340|0x0000000655000000, 0x0000000655400000, 0x0000000655400000|100%| O|  |TAMS 0x0000000655000000| PB 0x0000000655400000| Untracked 
| 341|0x0000000655400000, 0x00000006557ffff0, 0x0000000655800000| 99%| O|  |TAMS 0x0000000655400000| PB 0x00000006557ffff0| Untracked 
| 342|0x0000000655800000, 0x0000000655bffff8, 0x0000000655c00000| 99%| O|  |TAMS 0x0000000655800000| PB 0x0000000655bffff8| Untracked 
| 343|0x0000000655c00000, 0x0000000655fffff0, 0x0000000656000000| 99%| O|  |TAMS 0x0000000655c00000| PB 0x0000000655fffff0| Untracked 
| 344|0x0000000656000000, 0x0000000656400000, 0x0000000656400000|100%| O|  |TAMS 0x0000000656000000| PB 0x0000000656400000| Untracked 
| 345|0x0000000656400000, 0x0000000656800000, 0x0000000656800000|100%| O|  |TAMS 0x0000000656400000| PB 0x0000000656800000| Untracked 
| 346|0x0000000656800000, 0x0000000656c00000, 0x0000000656c00000|100%| O|  |TAMS 0x0000000656800000| PB 0x0000000656c00000| Untracked 
| 347|0x0000000656c00000, 0x0000000657000000, 0x0000000657000000|100%| O|  |TAMS 0x0000000656c00000| PB 0x0000000657000000| Untracked 
| 348|0x0000000657000000, 0x00000006573ffff8, 0x0000000657400000| 99%| O|  |TAMS 0x0000000657000000| PB 0x00000006573ffff8| Untracked 
| 349|0x0000000657400000, 0x00000006577ffff0, 0x0000000657800000| 99%| O|  |TAMS 0x0000000657400000| PB 0x00000006577ffff0| Untracked 
| 350|0x0000000657800000, 0x0000000657c00000, 0x0000000657c00000|100%| O|  |TAMS 0x0000000657800000| PB 0x0000000657c00000| Untracked 
| 351|0x0000000657c00000, 0x0000000658000000, 0x0000000658000000|100%| O|  |TAMS 0x0000000657c00000| PB 0x0000000658000000| Untracked 
| 352|0x0000000658000000, 0x0000000658400000, 0x0000000658400000|100%| O|  |TAMS 0x0000000658000000| PB 0x0000000658400000| Untracked 
| 353|0x0000000658400000, 0x0000000658800000, 0x0000000658800000|100%| O|  |TAMS 0x0000000658400000| PB 0x0000000658800000| Untracked 
| 354|0x0000000658800000, 0x0000000658c00000, 0x0000000658c00000|100%| O|  |TAMS 0x0000000658800000| PB 0x0000000658c00000| Untracked 
| 355|0x0000000658c00000, 0x0000000659000000, 0x0000000659000000|100%|HS|  |TAMS 0x0000000658c00000| PB 0x0000000659000000| Complete 
| 356|0x0000000659000000, 0x0000000659400000, 0x0000000659400000|100%|HC|  |TAMS 0x0000000659000000| PB 0x0000000659400000| Complete 
| 357|0x0000000659400000, 0x00000006597fffe8, 0x0000000659800000| 99%| O|  |TAMS 0x0000000659400000| PB 0x00000006597fffe8| Untracked 
| 358|0x0000000659800000, 0x0000000659c00000, 0x0000000659c00000|100%|HS|  |TAMS 0x0000000659800000| PB 0x0000000659c00000| Complete 
| 359|0x0000000659c00000, 0x000000065a000000, 0x000000065a000000|100%|HC|  |TAMS 0x0000000659c00000| PB 0x000000065a000000| Complete 
| 360|0x000000065a000000, 0x000000065a400000, 0x000000065a400000|100%|HS|  |TAMS 0x000000065a000000| PB 0x000000065a400000| Complete 
| 361|0x000000065a400000, 0x000000065a800000, 0x000000065a800000|100%|HC|  |TAMS 0x000000065a400000| PB 0x000000065a800000| Complete 
| 362|0x000000065a800000, 0x000000065ac00000, 0x000000065ac00000|100%| O|  |TAMS 0x000000065a800000| PB 0x000000065ac00000| Untracked 
| 363|0x000000065ac00000, 0x000000065b000000, 0x000000065b000000|100%| O|  |TAMS 0x000000065ac00000| PB 0x000000065b000000| Untracked 
| 364|0x000000065b000000, 0x000000065b3ffff0, 0x000000065b400000| 99%| O|  |TAMS 0x000000065b000000| PB 0x000000065b3ffff0| Untracked 
| 365|0x000000065b400000, 0x000000065b7ff878, 0x000000065b800000| 99%| O|  |TAMS 0x000000065b400000| PB 0x000000065b7ff878| Untracked 
| 366|0x000000065b800000, 0x000000065bc00000, 0x000000065bc00000|100%| O|  |TAMS 0x000000065b800000| PB 0x000000065bc00000| Untracked 
| 367|0x000000065bc00000, 0x000000065c000000, 0x000000065c000000|100%| O|  |TAMS 0x000000065bc00000| PB 0x000000065c000000| Untracked 
| 368|0x000000065c000000, 0x000000065c400000, 0x000000065c400000|100%| O|  |TAMS 0x000000065c000000| PB 0x000000065c400000| Untracked 
| 369|0x000000065c400000, 0x000000065c7ffff8, 0x000000065c800000| 99%| O|  |TAMS 0x000000065c400000| PB 0x000000065c7ffff8| Untracked 
| 370|0x000000065c800000, 0x000000065cc00000, 0x000000065cc00000|100%| O|  |TAMS 0x000000065c800000| PB 0x000000065cc00000| Untracked 
| 371|0x000000065cc00000, 0x000000065d000000, 0x000000065d000000|100%| O|  |TAMS 0x000000065cc00000| PB 0x000000065d000000| Untracked 
| 372|0x000000065d000000, 0x000000065d400000, 0x000000065d400000|100%| O|  |TAMS 0x000000065d000000| PB 0x000000065d400000| Untracked 
| 373|0x000000065d400000, 0x000000065d800000, 0x000000065d800000|100%| O|  |TAMS 0x000000065d400000| PB 0x000000065d800000| Untracked 
| 374|0x000000065d800000, 0x000000065dc00000, 0x000000065dc00000|100%| O|  |TAMS 0x000000065d800000| PB 0x000000065dc00000| Untracked 
| 375|0x000000065dc00000, 0x000000065e000000, 0x000000065e000000|100%| O|  |TAMS 0x000000065dc00000| PB 0x000000065e000000| Untracked 
| 376|0x000000065e000000, 0x000000065e400000, 0x000000065e400000|100%| O|  |TAMS 0x000000065e000000| PB 0x000000065e400000| Untracked 
| 377|0x000000065e400000, 0x000000065e800000, 0x000000065e800000|100%| O|  |TAMS 0x000000065e400000| PB 0x000000065e800000| Untracked 
| 378|0x000000065e800000, 0x000000065ec00000, 0x000000065ec00000|100%| O|  |TAMS 0x000000065e800000| PB 0x000000065ec00000| Untracked 
| 379|0x000000065ec00000, 0x000000065f000000, 0x000000065f000000|100%| O|  |TAMS 0x000000065ec00000| PB 0x000000065f000000| Untracked 
| 380|0x000000065f000000, 0x000000065f400000, 0x000000065f400000|100%| O|  |TAMS 0x000000065f000000| PB 0x000000065f400000| Untracked 
| 381|0x000000065f400000, 0x000000065f800000, 0x000000065f800000|100%| O|  |TAMS 0x000000065f400000| PB 0x000000065f800000| Untracked 
| 382|0x000000065f800000, 0x000000065fc00000, 0x000000065fc00000|100%| O|  |TAMS 0x000000065f800000| PB 0x000000065fc00000| Untracked 
| 383|0x000000065fc00000, 0x0000000660000000, 0x0000000660000000|100%| O|  |TAMS 0x000000065fc00000| PB 0x0000000660000000| Untracked 
| 384|0x0000000660000000, 0x0000000660400000, 0x0000000660400000|100%| O|  |TAMS 0x0000000660000000| PB 0x0000000660400000| Untracked 
| 385|0x0000000660400000, 0x0000000660800000, 0x0000000660800000|100%| O|  |TAMS 0x0000000660400000| PB 0x0000000660800000| Untracked 
| 386|0x0000000660800000, 0x0000000660c00000, 0x0000000660c00000|100%| O|  |TAMS 0x0000000660800000| PB 0x0000000660c00000| Untracked 
| 387|0x0000000660c00000, 0x0000000661000000, 0x0000000661000000|100%| O|  |TAMS 0x0000000660c00000| PB 0x0000000661000000| Untracked 
| 388|0x0000000661000000, 0x0000000661400000, 0x0000000661400000|100%| O|  |TAMS 0x0000000661000000| PB 0x0000000661400000| Untracked 
| 389|0x0000000661400000, 0x0000000661800000, 0x0000000661800000|100%| O|  |TAMS 0x0000000661400000| PB 0x0000000661800000| Untracked 
| 390|0x0000000661800000, 0x0000000661c00000, 0x0000000661c00000|100%| O|  |TAMS 0x0000000661800000| PB 0x0000000661c00000| Untracked 
| 391|0x0000000661c00000, 0x0000000662000000, 0x0000000662000000|100%| O|  |TAMS 0x0000000661c00000| PB 0x0000000662000000| Untracked 
| 392|0x0000000662000000, 0x0000000662400000, 0x0000000662400000|100%| O|  |TAMS 0x0000000662000000| PB 0x0000000662400000| Untracked 
| 393|0x0000000662400000, 0x0000000662800000, 0x0000000662800000|100%| O|  |TAMS 0x0000000662400000| PB 0x0000000662800000| Untracked 
| 394|0x0000000662800000, 0x0000000662c00000, 0x0000000662c00000|100%| O|  |TAMS 0x0000000662800000| PB 0x0000000662c00000| Untracked 
| 395|0x0000000662c00000, 0x0000000663000000, 0x0000000663000000|100%| O|  |TAMS 0x0000000662c00000| PB 0x0000000663000000| Untracked 
| 396|0x0000000663000000, 0x0000000663400000, 0x0000000663400000|100%| O|  |TAMS 0x0000000663000000| PB 0x0000000663400000| Untracked 
| 397|0x0000000663400000, 0x0000000663800000, 0x0000000663800000|100%| O|  |TAMS 0x0000000663400000| PB 0x0000000663800000| Untracked 
| 398|0x0000000663800000, 0x0000000663c00000, 0x0000000663c00000|100%| O|  |TAMS 0x0000000663800000| PB 0x0000000663c00000| Untracked 
| 399|0x0000000663c00000, 0x0000000664000000, 0x0000000664000000|100%| O|  |TAMS 0x0000000663c00000| PB 0x0000000664000000| Untracked 
| 400|0x0000000664000000, 0x0000000664400000, 0x0000000664400000|100%| O|  |TAMS 0x0000000664000000| PB 0x0000000664400000| Untracked 
| 401|0x0000000664400000, 0x0000000664800000, 0x0000000664800000|100%| O|  |TAMS 0x0000000664400000| PB 0x0000000664800000| Untracked 
| 402|0x0000000664800000, 0x0000000664c00000, 0x0000000664c00000|100%| O|  |TAMS 0x0000000664800000| PB 0x0000000664c00000| Untracked 
| 403|0x0000000664c00000, 0x0000000665000000, 0x0000000665000000|100%| O|  |TAMS 0x0000000664c00000| PB 0x0000000665000000| Untracked 
| 404|0x0000000665000000, 0x0000000665400000, 0x0000000665400000|100%| O|  |TAMS 0x0000000665000000| PB 0x0000000665400000| Untracked 
| 405|0x0000000665400000, 0x0000000665800000, 0x0000000665800000|100%| O|  |TAMS 0x0000000665400000| PB 0x0000000665800000| Untracked 
| 406|0x0000000665800000, 0x0000000665c00000, 0x0000000665c00000|100%| O|  |TAMS 0x0000000665800000| PB 0x0000000665c00000| Untracked 
| 407|0x0000000665c00000, 0x0000000666000000, 0x0000000666000000|100%| O|  |TAMS 0x0000000665c00000| PB 0x0000000666000000| Untracked 
| 408|0x0000000666000000, 0x0000000666400000, 0x0000000666400000|100%| O|  |TAMS 0x0000000666000000| PB 0x0000000666400000| Untracked 
| 409|0x0000000666400000, 0x0000000666800000, 0x0000000666800000|100%| O|  |TAMS 0x0000000666400000| PB 0x0000000666800000| Untracked 
| 410|0x0000000666800000, 0x0000000666c00000, 0x0000000666c00000|100%| O|  |TAMS 0x0000000666800000| PB 0x0000000666c00000| Untracked 
| 411|0x0000000666c00000, 0x0000000667000000, 0x0000000667000000|100%| O|  |TAMS 0x0000000666c00000| PB 0x0000000667000000| Untracked 
| 412|0x0000000667000000, 0x0000000667400000, 0x0000000667400000|100%| O|  |TAMS 0x0000000667000000| PB 0x0000000667400000| Untracked 
| 413|0x0000000667400000, 0x0000000667800000, 0x0000000667800000|100%| O|  |TAMS 0x0000000667400000| PB 0x0000000667800000| Untracked 
| 414|0x0000000667800000, 0x0000000667c00000, 0x0000000667c00000|100%| O|  |TAMS 0x0000000667800000| PB 0x0000000667c00000| Untracked 
| 415|0x0000000667c00000, 0x0000000668000000, 0x0000000668000000|100%| O|  |TAMS 0x0000000667c00000| PB 0x0000000668000000| Untracked 
| 416|0x0000000668000000, 0x0000000668400000, 0x0000000668400000|100%| O|  |TAMS 0x0000000668000000| PB 0x0000000668400000| Untracked 
| 417|0x0000000668400000, 0x00000006687fff80, 0x0000000668800000| 99%| O|  |TAMS 0x0000000668400000| PB 0x00000006687fff80| Untracked 
| 418|0x0000000668800000, 0x0000000668c00000, 0x0000000668c00000|100%| O|  |TAMS 0x0000000668800000| PB 0x0000000668c00000| Untracked 
| 419|0x0000000668c00000, 0x0000000669000000, 0x0000000669000000|100%| O|  |TAMS 0x0000000668c00000| PB 0x0000000669000000| Untracked 
| 420|0x0000000669000000, 0x0000000669400000, 0x0000000669400000|100%| O|  |TAMS 0x0000000669000000| PB 0x0000000669400000| Untracked 
| 421|0x0000000669400000, 0x0000000669800000, 0x0000000669800000|100%| O|  |TAMS 0x0000000669400000| PB 0x0000000669800000| Untracked 
| 422|0x0000000669800000, 0x0000000669c00000, 0x0000000669c00000|100%| O|  |TAMS 0x0000000669800000| PB 0x0000000669c00000| Untracked 
| 423|0x0000000669c00000, 0x000000066a000000, 0x000000066a000000|100%| O|  |TAMS 0x0000000669c00000| PB 0x000000066a000000| Untracked 
| 424|0x000000066a000000, 0x000000066a400000, 0x000000066a400000|100%| O|  |TAMS 0x000000066a000000| PB 0x000000066a400000| Untracked 
| 425|0x000000066a400000, 0x000000066a800000, 0x000000066a800000|100%| O|  |TAMS 0x000000066a400000| PB 0x000000066a800000| Untracked 
| 426|0x000000066a800000, 0x000000066ac00000, 0x000000066ac00000|100%| O|  |TAMS 0x000000066a800000| PB 0x000000066ac00000| Untracked 
| 427|0x000000066ac00000, 0x000000066b000000, 0x000000066b000000|100%| O|  |TAMS 0x000000066ac00000| PB 0x000000066b000000| Untracked 
| 428|0x000000066b000000, 0x000000066b400000, 0x000000066b400000|100%| O|  |TAMS 0x000000066b000000| PB 0x000000066b400000| Untracked 
| 429|0x000000066b400000, 0x000000066b7fffe0, 0x000000066b800000| 99%| O|  |TAMS 0x000000066b400000| PB 0x000000066b7fffe0| Untracked 
| 430|0x000000066b800000, 0x000000066bc00000, 0x000000066bc00000|100%| O|  |TAMS 0x000000066b800000| PB 0x000000066bc00000| Untracked 
| 431|0x000000066bc00000, 0x000000066c000000, 0x000000066c000000|100%| O|  |TAMS 0x000000066bc00000| PB 0x000000066c000000| Untracked 
| 432|0x000000066c000000, 0x000000066c400000, 0x000000066c400000|100%| O|  |TAMS 0x000000066c000000| PB 0x000000066c400000| Untracked 
| 433|0x000000066c400000, 0x000000066c800000, 0x000000066c800000|100%| O|  |TAMS 0x000000066c400000| PB 0x000000066c800000| Untracked 
| 434|0x000000066c800000, 0x000000066cc00000, 0x000000066cc00000|100%| O|  |TAMS 0x000000066c800000| PB 0x000000066cc00000| Untracked 
| 435|0x000000066cc00000, 0x000000066d000000, 0x000000066d000000|100%| O|  |TAMS 0x000000066cc00000| PB 0x000000066d000000| Untracked 
| 436|0x000000066d000000, 0x000000066d400000, 0x000000066d400000|100%|HS|  |TAMS 0x000000066d000000| PB 0x000000066d400000| Complete 
| 437|0x000000066d400000, 0x000000066d800000, 0x000000066d800000|100%|HC|  |TAMS 0x000000066d400000| PB 0x000000066d800000| Complete 
| 438|0x000000066d800000, 0x000000066dc00000, 0x000000066dc00000|100%|HS|  |TAMS 0x000000066d800000| PB 0x000000066dc00000| Complete 
| 439|0x000000066dc00000, 0x000000066e000000, 0x000000066e000000|100%|HC|  |TAMS 0x000000066dc00000| PB 0x000000066e000000| Complete 
| 440|0x000000066e000000, 0x000000066e400000, 0x000000066e400000|100%|HS|  |TAMS 0x000000066e000000| PB 0x000000066e400000| Complete 
| 441|0x000000066e400000, 0x000000066e800000, 0x000000066e800000|100%|HC|  |TAMS 0x000000066e400000| PB 0x000000066e800000| Complete 
| 442|0x000000066e800000, 0x000000066ec00000, 0x000000066ec00000|100%| O|  |TAMS 0x000000066e800000| PB 0x000000066ec00000| Untracked 
| 443|0x000000066ec00000, 0x000000066f000000, 0x000000066f000000|100%| O|  |TAMS 0x000000066ec00000| PB 0x000000066f000000| Untracked 
| 444|0x000000066f000000, 0x000000066f400000, 0x000000066f400000|100%| O|  |TAMS 0x000000066f000000| PB 0x000000066f400000| Untracked 
| 445|0x000000066f400000, 0x000000066f800000, 0x000000066f800000|100%| O|  |TAMS 0x000000066f400000| PB 0x000000066f800000| Untracked 
| 446|0x000000066f800000, 0x000000066fc00000, 0x000000066fc00000|100%| O|  |TAMS 0x000000066f800000| PB 0x000000066fc00000| Untracked 
| 447|0x000000066fc00000, 0x0000000670000000, 0x0000000670000000|100%| O|  |TAMS 0x000000066fc00000| PB 0x0000000670000000| Untracked 
| 448|0x0000000670000000, 0x0000000670400000, 0x0000000670400000|100%| O|  |TAMS 0x0000000670000000| PB 0x0000000670400000| Untracked 
| 449|0x0000000670400000, 0x00000006707ffff0, 0x0000000670800000| 99%| O|  |TAMS 0x0000000670400000| PB 0x00000006707ffff0| Untracked 
| 450|0x0000000670800000, 0x0000000670c00000, 0x0000000670c00000|100%| O|  |TAMS 0x0000000670800000| PB 0x0000000670c00000| Untracked 
| 451|0x0000000670c00000, 0x0000000671000000, 0x0000000671000000|100%| O|  |TAMS 0x0000000670c00000| PB 0x0000000671000000| Untracked 
| 452|0x0000000671000000, 0x0000000671400000, 0x0000000671400000|100%| O|  |TAMS 0x0000000671000000| PB 0x0000000671400000| Untracked 
| 453|0x0000000671400000, 0x0000000671800000, 0x0000000671800000|100%| O|  |TAMS 0x0000000671400000| PB 0x0000000671800000| Untracked 
| 454|0x0000000671800000, 0x0000000671c00000, 0x0000000671c00000|100%| O|  |TAMS 0x0000000671800000| PB 0x0000000671c00000| Untracked 
| 455|0x0000000671c00000, 0x0000000672000000, 0x0000000672000000|100%| O|  |TAMS 0x0000000671c00000| PB 0x0000000672000000| Untracked 
| 456|0x0000000672000000, 0x0000000672400000, 0x0000000672400000|100%| O|  |TAMS 0x0000000672000000| PB 0x0000000672400000| Untracked 
| 457|0x0000000672400000, 0x0000000672800000, 0x0000000672800000|100%| O|  |TAMS 0x0000000672400000| PB 0x0000000672800000| Untracked 
| 458|0x0000000672800000, 0x0000000672c00000, 0x0000000672c00000|100%| O|  |TAMS 0x0000000672800000| PB 0x0000000672c00000| Untracked 
| 459|0x0000000672c00000, 0x0000000673000000, 0x0000000673000000|100%| O|  |TAMS 0x0000000672c00000| PB 0x0000000673000000| Untracked 
| 460|0x0000000673000000, 0x0000000673400000, 0x0000000673400000|100%| O|  |TAMS 0x0000000673000000| PB 0x0000000673400000| Untracked 
| 461|0x0000000673400000, 0x0000000673800000, 0x0000000673800000|100%| O|  |TAMS 0x0000000673400000| PB 0x0000000673800000| Untracked 
| 462|0x0000000673800000, 0x0000000673bffff8, 0x0000000673c00000| 99%| O|  |TAMS 0x0000000673800000| PB 0x0000000673bffff8| Untracked 
| 463|0x0000000673c00000, 0x0000000674000000, 0x0000000674000000|100%| O|  |TAMS 0x0000000673c00000| PB 0x0000000674000000| Untracked 
| 464|0x0000000674000000, 0x0000000674400000, 0x0000000674400000|100%| O|  |TAMS 0x0000000674000000| PB 0x0000000674400000| Untracked 
| 465|0x0000000674400000, 0x0000000674800000, 0x0000000674800000|100%| O|  |TAMS 0x0000000674400000| PB 0x0000000674800000| Untracked 
| 466|0x0000000674800000, 0x0000000674c00000, 0x0000000674c00000|100%| O|  |TAMS 0x0000000674800000| PB 0x0000000674c00000| Untracked 
| 467|0x0000000674c00000, 0x0000000675000000, 0x0000000675000000|100%| O|  |TAMS 0x0000000674c00000| PB 0x0000000675000000| Untracked 
| 468|0x0000000675000000, 0x0000000675400000, 0x0000000675400000|100%| O|  |TAMS 0x0000000675000000| PB 0x0000000675400000| Untracked 
| 469|0x0000000675400000, 0x0000000675800000, 0x0000000675800000|100%| O|  |TAMS 0x0000000675400000| PB 0x0000000675800000| Untracked 
| 470|0x0000000675800000, 0x0000000675c00000, 0x0000000675c00000|100%| O|  |TAMS 0x0000000675800000| PB 0x0000000675c00000| Untracked 
| 471|0x0000000675c00000, 0x0000000676000000, 0x0000000676000000|100%| O|  |TAMS 0x0000000675c00000| PB 0x0000000676000000| Untracked 
| 472|0x0000000676000000, 0x0000000676400000, 0x0000000676400000|100%| O|  |TAMS 0x0000000676000000| PB 0x0000000676400000| Untracked 
| 473|0x0000000676400000, 0x0000000676800000, 0x0000000676800000|100%| O|  |TAMS 0x0000000676400000| PB 0x0000000676800000| Untracked 
| 474|0x0000000676800000, 0x0000000676c00000, 0x0000000676c00000|100%| O|  |TAMS 0x0000000676800000| PB 0x0000000676c00000| Untracked 
| 475|0x0000000676c00000, 0x0000000677000000, 0x0000000677000000|100%| O|  |TAMS 0x0000000676c00000| PB 0x0000000677000000| Untracked 
| 476|0x0000000677000000, 0x0000000677400000, 0x0000000677400000|100%| O|  |TAMS 0x0000000677000000| PB 0x0000000677400000| Untracked 
| 477|0x0000000677400000, 0x0000000677800000, 0x0000000677800000|100%| O|  |TAMS 0x0000000677400000| PB 0x0000000677800000| Untracked 
| 478|0x0000000677800000, 0x0000000677c00000, 0x0000000677c00000|100%|HS|  |TAMS 0x0000000677800000| PB 0x0000000677c00000| Complete 
| 479|0x0000000677c00000, 0x0000000678000000, 0x0000000678000000|100%| O|  |TAMS 0x0000000677c00000| PB 0x0000000678000000| Untracked 
| 480|0x0000000678000000, 0x0000000678400000, 0x0000000678400000|100%| O|  |TAMS 0x0000000678000000| PB 0x0000000678400000| Untracked 
| 481|0x0000000678400000, 0x0000000678800000, 0x0000000678800000|100%| O|  |TAMS 0x0000000678400000| PB 0x0000000678800000| Untracked 
| 482|0x0000000678800000, 0x0000000678c00000, 0x0000000678c00000|100%| O|  |TAMS 0x0000000678800000| PB 0x0000000678c00000| Untracked 
| 483|0x0000000678c00000, 0x0000000679000000, 0x0000000679000000|100%| O|  |TAMS 0x0000000678c00000| PB 0x0000000679000000| Untracked 
| 484|0x0000000679000000, 0x0000000679400000, 0x0000000679400000|100%| O|  |TAMS 0x0000000679000000| PB 0x0000000679400000| Untracked 
| 485|0x0000000679400000, 0x0000000679800000, 0x0000000679800000|100%| O|  |TAMS 0x0000000679400000| PB 0x0000000679800000| Untracked 
| 486|0x0000000679800000, 0x0000000679c00000, 0x0000000679c00000|100%|HS|  |TAMS 0x0000000679800000| PB 0x0000000679c00000| Complete 
| 487|0x0000000679c00000, 0x000000067a000000, 0x000000067a000000|100%| O|  |TAMS 0x0000000679c00000| PB 0x000000067a000000| Untracked 
| 488|0x000000067a000000, 0x000000067a400000, 0x000000067a400000|100%| O|  |TAMS 0x000000067a000000| PB 0x000000067a400000| Untracked 
| 489|0x000000067a400000, 0x000000067a800000, 0x000000067a800000|100%| O|  |TAMS 0x000000067a400000| PB 0x000000067a800000| Untracked 
| 490|0x000000067a800000, 0x000000067ac00000, 0x000000067ac00000|100%|HS|  |TAMS 0x000000067a800000| PB 0x000000067ac00000| Complete 
| 491|0x000000067ac00000, 0x000000067b000000, 0x000000067b000000|100%|HC|  |TAMS 0x000000067ac00000| PB 0x000000067b000000| Complete 
| 492|0x000000067b000000, 0x000000067b400000, 0x000000067b400000|100%| O|  |TAMS 0x000000067b000000| PB 0x000000067b400000| Untracked 
| 493|0x000000067b400000, 0x000000067b800000, 0x000000067b800000|100%| O|  |TAMS 0x000000067b400000| PB 0x000000067b800000| Untracked 
| 494|0x000000067b800000, 0x000000067bc00000, 0x000000067bc00000|100%| O|  |TAMS 0x000000067b800000| PB 0x000000067bc00000| Untracked 
| 495|0x000000067bc00000, 0x000000067c000000, 0x000000067c000000|100%| O|  |TAMS 0x000000067bc00000| PB 0x000000067c000000| Untracked 
| 496|0x000000067c000000, 0x000000067c400000, 0x000000067c400000|100%|HS|  |TAMS 0x000000067c000000| PB 0x000000067c400000| Complete 
| 497|0x000000067c400000, 0x000000067c800000, 0x000000067c800000|100%|HC|  |TAMS 0x000000067c400000| PB 0x000000067c800000| Complete 
| 498|0x000000067c800000, 0x000000067cc00000, 0x000000067cc00000|100%| O|  |TAMS 0x000000067c800000| PB 0x000000067cc00000| Untracked 
| 499|0x000000067cc00000, 0x000000067d000000, 0x000000067d000000|100%| O|  |TAMS 0x000000067cc00000| PB 0x000000067d000000| Untracked 
| 500|0x000000067d000000, 0x000000067d400000, 0x000000067d400000|100%| O|  |TAMS 0x000000067d000000| PB 0x000000067d400000| Untracked 
| 501|0x000000067d400000, 0x000000067d800000, 0x000000067d800000|100%| O|  |TAMS 0x000000067d400000| PB 0x000000067d800000| Untracked 
| 502|0x000000067d800000, 0x000000067dc00000, 0x000000067dc00000|100%| O|  |TAMS 0x000000067d800000| PB 0x000000067dc00000| Untracked 
| 503|0x000000067dc00000, 0x000000067e000000, 0x000000067e000000|100%| O|  |TAMS 0x000000067dc00000| PB 0x000000067e000000| Untracked 
| 504|0x000000067e000000, 0x000000067e400000, 0x000000067e400000|100%| O|  |TAMS 0x000000067e000000| PB 0x000000067e400000| Untracked 
| 505|0x000000067e400000, 0x000000067e800000, 0x000000067e800000|100%| O|  |TAMS 0x000000067e400000| PB 0x000000067e800000| Untracked 
| 506|0x000000067e800000, 0x000000067ec00000, 0x000000067ec00000|100%| O|  |TAMS 0x000000067e800000| PB 0x000000067ec00000| Untracked 
| 507|0x000000067ec00000, 0x000000067f000000, 0x000000067f000000|100%|HS|  |TAMS 0x000000067ec00000| PB 0x000000067f000000| Complete 
| 508|0x000000067f000000, 0x000000067f400000, 0x000000067f400000|100%|HC|  |TAMS 0x000000067f000000| PB 0x000000067f400000| Complete 
| 509|0x000000067f400000, 0x000000067f800000, 0x000000067f800000|100%| O|  |TAMS 0x000000067f400000| PB 0x000000067f800000| Untracked 
| 510|0x000000067f800000, 0x000000067fc00000, 0x000000067fc00000|100%| O|  |TAMS 0x000000067f800000| PB 0x000000067fc00000| Untracked 
| 511|0x000000067fc00000, 0x0000000680000000, 0x0000000680000000|100%| O|  |TAMS 0x000000067fc00000| PB 0x0000000680000000| Untracked 
| 512|0x0000000680000000, 0x0000000680400000, 0x0000000680400000|100%| O|  |TAMS 0x0000000680000000| PB 0x0000000680400000| Untracked 
| 513|0x0000000680400000, 0x0000000680800000, 0x0000000680800000|100%| O|  |TAMS 0x0000000680400000| PB 0x0000000680800000| Untracked 
| 514|0x0000000680800000, 0x0000000680c00000, 0x0000000680c00000|100%| O|  |TAMS 0x0000000680800000| PB 0x0000000680c00000| Untracked 
| 515|0x0000000680c00000, 0x0000000681000000, 0x0000000681000000|100%| O|  |TAMS 0x0000000680c00000| PB 0x0000000681000000| Untracked 
| 516|0x0000000681000000, 0x0000000681400000, 0x0000000681400000|100%| O|  |TAMS 0x0000000681000000| PB 0x0000000681400000| Untracked 
| 517|0x0000000681400000, 0x0000000681800000, 0x0000000681800000|100%| O|  |TAMS 0x0000000681400000| PB 0x0000000681800000| Untracked 
| 518|0x0000000681800000, 0x0000000681c00000, 0x0000000681c00000|100%| O|  |TAMS 0x0000000681800000| PB 0x0000000681c00000| Untracked 
| 519|0x0000000681c00000, 0x0000000682000000, 0x0000000682000000|100%| O|  |TAMS 0x0000000681c00000| PB 0x0000000682000000| Untracked 
| 520|0x0000000682000000, 0x0000000682400000, 0x0000000682400000|100%| O|  |TAMS 0x0000000682000000| PB 0x0000000682400000| Untracked 
| 521|0x0000000682400000, 0x0000000682800000, 0x0000000682800000|100%| O|  |TAMS 0x0000000682400000| PB 0x0000000682800000| Untracked 
| 522|0x0000000682800000, 0x0000000682c00000, 0x0000000682c00000|100%| O|  |TAMS 0x0000000682800000| PB 0x0000000682c00000| Untracked 
| 523|0x0000000682c00000, 0x0000000683000000, 0x0000000683000000|100%| O|  |TAMS 0x0000000682c00000| PB 0x0000000683000000| Untracked 
| 524|0x0000000683000000, 0x0000000683400000, 0x0000000683400000|100%| O|  |TAMS 0x0000000683000000| PB 0x0000000683400000| Untracked 
| 525|0x0000000683400000, 0x0000000683800000, 0x0000000683800000|100%| O|  |TAMS 0x0000000683400000| PB 0x0000000683800000| Untracked 
| 526|0x0000000683800000, 0x0000000683c00000, 0x0000000683c00000|100%| O|  |TAMS 0x0000000683800000| PB 0x0000000683c00000| Untracked 
| 527|0x0000000683c00000, 0x0000000684000000, 0x0000000684000000|100%| O|  |TAMS 0x0000000683c00000| PB 0x0000000684000000| Untracked 
| 528|0x0000000684000000, 0x0000000684400000, 0x0000000684400000|100%| O|  |TAMS 0x0000000684000000| PB 0x0000000684400000| Untracked 
| 529|0x0000000684400000, 0x0000000684800000, 0x0000000684800000|100%| O|  |TAMS 0x0000000684400000| PB 0x0000000684800000| Untracked 
| 530|0x0000000684800000, 0x0000000684c00000, 0x0000000684c00000|100%| O|  |TAMS 0x0000000684800000| PB 0x0000000684c00000| Untracked 
| 531|0x0000000684c00000, 0x0000000685000000, 0x0000000685000000|100%| O|  |TAMS 0x0000000684c00000| PB 0x0000000685000000| Untracked 
| 532|0x0000000685000000, 0x0000000685400000, 0x0000000685400000|100%| O|  |TAMS 0x0000000685000000| PB 0x0000000685400000| Untracked 
| 533|0x0000000685400000, 0x0000000685800000, 0x0000000685800000|100%| O|  |TAMS 0x0000000685400000| PB 0x0000000685800000| Untracked 
| 534|0x0000000685800000, 0x0000000685c00000, 0x0000000685c00000|100%| O|  |TAMS 0x0000000685800000| PB 0x0000000685c00000| Untracked 
| 535|0x0000000685c00000, 0x0000000686000000, 0x0000000686000000|100%| O|  |TAMS 0x0000000685c00000| PB 0x0000000686000000| Untracked 
| 536|0x0000000686000000, 0x0000000686400000, 0x0000000686400000|100%| O|  |TAMS 0x0000000686000000| PB 0x0000000686400000| Untracked 
| 537|0x0000000686400000, 0x0000000686800000, 0x0000000686800000|100%| O|  |TAMS 0x0000000686400000| PB 0x0000000686800000| Untracked 
| 538|0x0000000686800000, 0x0000000686c00000, 0x0000000686c00000|100%| O|  |TAMS 0x0000000686800000| PB 0x0000000686c00000| Untracked 
| 539|0x0000000686c00000, 0x0000000687000000, 0x0000000687000000|100%| O|  |TAMS 0x0000000686c00000| PB 0x0000000687000000| Untracked 
| 540|0x0000000687000000, 0x0000000687400000, 0x0000000687400000|100%| O|  |TAMS 0x0000000687000000| PB 0x0000000687400000| Untracked 
| 541|0x0000000687400000, 0x0000000687800000, 0x0000000687800000|100%| O|  |TAMS 0x0000000687400000| PB 0x0000000687800000| Untracked 
| 542|0x0000000687800000, 0x0000000687c00000, 0x0000000687c00000|100%| O|  |TAMS 0x0000000687800000| PB 0x0000000687c00000| Untracked 
| 543|0x0000000687c00000, 0x0000000688000000, 0x0000000688000000|100%| O|  |TAMS 0x0000000687c00000| PB 0x0000000688000000| Untracked 
| 544|0x0000000688000000, 0x0000000688400000, 0x0000000688400000|100%| O|  |TAMS 0x0000000688000000| PB 0x0000000688400000| Untracked 
| 545|0x0000000688400000, 0x0000000688800000, 0x0000000688800000|100%| O|  |TAMS 0x0000000688400000| PB 0x0000000688800000| Untracked 
| 546|0x0000000688800000, 0x0000000688c00000, 0x0000000688c00000|100%| O|  |TAMS 0x0000000688800000| PB 0x0000000688c00000| Untracked 
| 547|0x0000000688c00000, 0x0000000689000000, 0x0000000689000000|100%| O|  |TAMS 0x0000000688c00000| PB 0x0000000689000000| Untracked 
| 548|0x0000000689000000, 0x0000000689400000, 0x0000000689400000|100%| O|  |TAMS 0x0000000689000000| PB 0x0000000689400000| Untracked 
| 549|0x0000000689400000, 0x0000000689800000, 0x0000000689800000|100%| O|  |TAMS 0x0000000689400000| PB 0x0000000689800000| Untracked 
| 550|0x0000000689800000, 0x0000000689c00000, 0x0000000689c00000|100%| O|  |TAMS 0x0000000689800000| PB 0x0000000689c00000| Untracked 
| 551|0x0000000689c00000, 0x000000068a000000, 0x000000068a000000|100%| O|  |TAMS 0x0000000689c00000| PB 0x000000068a000000| Untracked 
| 552|0x000000068a000000, 0x000000068a400000, 0x000000068a400000|100%| O|  |TAMS 0x000000068a000000| PB 0x000000068a400000| Untracked 
| 553|0x000000068a400000, 0x000000068a800000, 0x000000068a800000|100%| O|  |TAMS 0x000000068a400000| PB 0x000000068a800000| Untracked 
| 554|0x000000068a800000, 0x000000068ac00000, 0x000000068ac00000|100%| O|  |TAMS 0x000000068a800000| PB 0x000000068ac00000| Untracked 
| 555|0x000000068ac00000, 0x000000068b000000, 0x000000068b000000|100%| O|  |TAMS 0x000000068ac00000| PB 0x000000068b000000| Untracked 
| 556|0x000000068b000000, 0x000000068b000000, 0x000000068b400000|  0%| F|  |TAMS 0x000000068b000000| PB 0x000000068b000000| Untracked 
| 557|0x000000068b400000, 0x000000068b800000, 0x000000068b800000|100%| O|  |TAMS 0x000000068b400000| PB 0x000000068b800000| Untracked 
| 558|0x000000068b800000, 0x000000068bc00000, 0x000000068bc00000|100%| O|  |TAMS 0x000000068b800000| PB 0x000000068bc00000| Untracked 
| 559|0x000000068bc00000, 0x000000068bc527d0, 0x000000068c000000|  8%| O|  |TAMS 0x000000068bc00000| PB 0x000000068bc527d0| Untracked 
| 560|0x000000068c000000, 0x000000068c000000, 0x000000068c400000|  0%| F|  |TAMS 0x000000068c000000| PB 0x000000068c000000| Untracked 
| 561|0x000000068c400000, 0x000000068c400000, 0x000000068c800000|  0%| F|  |TAMS 0x000000068c400000| PB 0x000000068c400000| Untracked 
| 562|0x000000068c800000, 0x000000068c800000, 0x000000068cc00000|  0%| F|  |TAMS 0x000000068c800000| PB 0x000000068c800000| Untracked 
| 563|0x000000068cc00000, 0x000000068d000000, 0x000000068d000000|100%| O|  |TAMS 0x000000068cc00000| PB 0x000000068d000000| Untracked 
| 564|0x000000068d000000, 0x000000068d000000, 0x000000068d400000|  0%| F|  |TAMS 0x000000068d000000| PB 0x000000068d000000| Untracked 
| 565|0x000000068d400000, 0x000000068d800000, 0x000000068d800000|100%| O|  |TAMS 0x000000068d400000| PB 0x000000068d800000| Untracked 
| 566|0x000000068d800000, 0x000000068dc00000, 0x000000068dc00000|100%| O|  |TAMS 0x000000068d800000| PB 0x000000068dc00000| Untracked 
| 567|0x000000068dc00000, 0x000000068e000000, 0x000000068e000000|100%| O|  |TAMS 0x000000068dc00000| PB 0x000000068e000000| Untracked 
| 568|0x000000068e000000, 0x000000068e400000, 0x000000068e400000|100%| O|  |TAMS 0x000000068e000000| PB 0x000000068e400000| Untracked 
| 569|0x000000068e400000, 0x000000068e800000, 0x000000068e800000|100%| O|  |TAMS 0x000000068e400000| PB 0x000000068e800000| Untracked 
| 570|0x000000068e800000, 0x000000068ec00000, 0x000000068ec00000|100%| O|  |TAMS 0x000000068e800000| PB 0x000000068ec00000| Untracked 
| 571|0x000000068ec00000, 0x000000068f000000, 0x000000068f000000|100%| O|  |TAMS 0x000000068ec00000| PB 0x000000068f000000| Untracked 
| 572|0x000000068f000000, 0x000000068f400000, 0x000000068f400000|100%| O|  |TAMS 0x000000068f000000| PB 0x000000068f400000| Untracked 
| 573|0x000000068f400000, 0x000000068f400000, 0x000000068f800000|  0%| F|  |TAMS 0x000000068f400000| PB 0x000000068f400000| Untracked 
| 574|0x000000068f800000, 0x000000068f800000, 0x000000068fc00000|  0%| F|  |TAMS 0x000000068f800000| PB 0x000000068f800000| Untracked 
| 575|0x000000068fc00000, 0x000000068fc00000, 0x0000000690000000|  0%| F|  |TAMS 0x000000068fc00000| PB 0x000000068fc00000| Untracked 
| 576|0x0000000690000000, 0x0000000690000000, 0x0000000690400000|  0%| F|  |TAMS 0x0000000690000000| PB 0x0000000690000000| Untracked 
| 577|0x0000000690400000, 0x0000000690800000, 0x0000000690800000|100%| O|  |TAMS 0x0000000690400000| PB 0x0000000690800000| Untracked 
| 578|0x0000000690800000, 0x0000000690c00000, 0x0000000690c00000|100%| O|  |TAMS 0x0000000690800000| PB 0x0000000690c00000| Untracked 
| 579|0x0000000690c00000, 0x0000000691000000, 0x0000000691000000|100%| O|  |TAMS 0x0000000690c00000| PB 0x0000000691000000| Untracked 
| 580|0x0000000691000000, 0x0000000691400000, 0x0000000691400000|100%| O|  |TAMS 0x0000000691000000| PB 0x0000000691400000| Untracked 
| 581|0x0000000691400000, 0x0000000691800000, 0x0000000691800000|100%| O|  |TAMS 0x0000000691400000| PB 0x0000000691800000| Untracked 
| 582|0x0000000691800000, 0x0000000691800000, 0x0000000691c00000|  0%| F|  |TAMS 0x0000000691800000| PB 0x0000000691800000| Untracked 
| 583|0x0000000691c00000, 0x0000000692000000, 0x0000000692000000|100%| O|  |TAMS 0x0000000691c00000| PB 0x0000000692000000| Untracked 
| 584|0x0000000692000000, 0x0000000692000000, 0x0000000692400000|  0%| F|  |TAMS 0x0000000692000000| PB 0x0000000692000000| Untracked 
| 585|0x0000000692400000, 0x0000000692400000, 0x0000000692800000|  0%| F|  |TAMS 0x0000000692400000| PB 0x0000000692400000| Untracked 
| 586|0x0000000692800000, 0x0000000692800000, 0x0000000692c00000|  0%| F|  |TAMS 0x0000000692800000| PB 0x0000000692800000| Untracked 
| 587|0x0000000692c00000, 0x0000000692c00000, 0x0000000693000000|  0%| F|  |TAMS 0x0000000692c00000| PB 0x0000000692c00000| Untracked 
| 588|0x0000000693000000, 0x0000000693000000, 0x0000000693400000|  0%| F|  |TAMS 0x0000000693000000| PB 0x0000000693000000| Untracked 
| 589|0x0000000693400000, 0x0000000693400000, 0x0000000693800000|  0%| F|  |TAMS 0x0000000693400000| PB 0x0000000693400000| Untracked 
| 590|0x0000000693800000, 0x0000000693800000, 0x0000000693c00000|  0%| F|  |TAMS 0x0000000693800000| PB 0x0000000693800000| Untracked 
| 591|0x0000000693c00000, 0x0000000693c00000, 0x0000000694000000|  0%| F|  |TAMS 0x0000000693c00000| PB 0x0000000693c00000| Untracked 
| 592|0x0000000694000000, 0x0000000694400000, 0x0000000694400000|100%|HS|  |TAMS 0x0000000694000000| PB 0x0000000694400000| Complete 
| 593|0x0000000694400000, 0x0000000694800000, 0x0000000694800000|100%| O|  |TAMS 0x0000000694400000| PB 0x0000000694800000| Untracked 
| 594|0x0000000694800000, 0x0000000694800000, 0x0000000694c00000|  0%| F|  |TAMS 0x0000000694800000| PB 0x0000000694800000| Untracked 
| 595|0x0000000694c00000, 0x0000000695000000, 0x0000000695000000|100%|HS|  |TAMS 0x0000000694c00000| PB 0x0000000695000000| Complete 
| 596|0x0000000695000000, 0x0000000695000000, 0x0000000695400000|  0%| F|  |TAMS 0x0000000695000000| PB 0x0000000695000000| Untracked 
| 597|0x0000000695400000, 0x0000000695400000, 0x0000000695800000|  0%| F|  |TAMS 0x0000000695400000| PB 0x0000000695400000| Untracked 
| 598|0x0000000695800000, 0x0000000695800000, 0x0000000695c00000|  0%| F|  |TAMS 0x0000000695800000| PB 0x0000000695800000| Untracked 
| 599|0x0000000695c00000, 0x0000000695c00000, 0x0000000696000000|  0%| F|  |TAMS 0x0000000695c00000| PB 0x0000000695c00000| Untracked 
| 600|0x0000000696000000, 0x0000000696400000, 0x0000000696400000|100%|HS|  |TAMS 0x0000000696000000| PB 0x0000000696400000| Complete 
| 601|0x0000000696400000, 0x0000000696800000, 0x0000000696800000|100%|HS|  |TAMS 0x0000000696400000| PB 0x0000000696800000| Complete 
| 602|0x0000000696800000, 0x0000000696800000, 0x0000000696c00000|  0%| F|  |TAMS 0x0000000696800000| PB 0x0000000696800000| Untracked 
| 603|0x0000000696c00000, 0x0000000696c00000, 0x0000000697000000|  0%| F|  |TAMS 0x0000000696c00000| PB 0x0000000696c00000| Untracked 
| 604|0x0000000697000000, 0x0000000697000000, 0x0000000697400000|  0%| F|  |TAMS 0x0000000697000000| PB 0x0000000697000000| Untracked 
| 605|0x0000000697400000, 0x0000000697400000, 0x0000000697800000|  0%| F|  |TAMS 0x0000000697400000| PB 0x0000000697400000| Untracked 
| 606|0x0000000697800000, 0x0000000697800000, 0x0000000697c00000|  0%| F|  |TAMS 0x0000000697800000| PB 0x0000000697800000| Untracked 
| 607|0x0000000697c00000, 0x0000000697c00000, 0x0000000698000000|  0%| F|  |TAMS 0x0000000697c00000| PB 0x0000000697c00000| Untracked 
| 608|0x0000000698000000, 0x0000000698400000, 0x0000000698400000|100%|HS|  |TAMS 0x0000000698000000| PB 0x0000000698400000| Complete 
| 609|0x0000000698400000, 0x0000000698800000, 0x0000000698800000|100%|HC|  |TAMS 0x0000000698400000| PB 0x0000000698800000| Complete 
| 610|0x0000000698800000, 0x0000000698800000, 0x0000000698c00000|  0%| F|  |TAMS 0x0000000698800000| PB 0x0000000698800000| Untracked 
| 611|0x0000000698c00000, 0x0000000698c00000, 0x0000000699000000|  0%| F|  |TAMS 0x0000000698c00000| PB 0x0000000698c00000| Untracked 
| 612|0x0000000699000000, 0x0000000699000000, 0x0000000699400000|  0%| F|  |TAMS 0x0000000699000000| PB 0x0000000699000000| Untracked 
| 613|0x0000000699400000, 0x0000000699400000, 0x0000000699800000|  0%| F|  |TAMS 0x0000000699400000| PB 0x0000000699400000| Untracked 
| 614|0x0000000699800000, 0x0000000699800000, 0x0000000699c00000|  0%| F|  |TAMS 0x0000000699800000| PB 0x0000000699800000| Untracked 
| 615|0x0000000699c00000, 0x0000000699c00000, 0x000000069a000000|  0%| F|  |TAMS 0x0000000699c00000| PB 0x0000000699c00000| Untracked 
| 616|0x000000069a000000, 0x000000069a000000, 0x000000069a400000|  0%| F|  |TAMS 0x000000069a000000| PB 0x000000069a000000| Untracked 
| 617|0x000000069a400000, 0x000000069a400000, 0x000000069a800000|  0%| F|  |TAMS 0x000000069a400000| PB 0x000000069a400000| Untracked 
| 618|0x000000069a800000, 0x000000069ac00000, 0x000000069ac00000|100%|HS|  |TAMS 0x000000069a800000| PB 0x000000069ac00000| Complete 
| 619|0x000000069ac00000, 0x000000069b000000, 0x000000069b000000|100%|HC|  |TAMS 0x000000069ac00000| PB 0x000000069b000000| Complete 
| 620|0x000000069b000000, 0x000000069b400000, 0x000000069b400000|100%|HS|  |TAMS 0x000000069b000000| PB 0x000000069b400000| Complete 
| 621|0x000000069b400000, 0x000000069b800000, 0x000000069b800000|100%|HC|  |TAMS 0x000000069b400000| PB 0x000000069b800000| Complete 
| 622|0x000000069b800000, 0x000000069b800000, 0x000000069bc00000|  0%| F|  |TAMS 0x000000069b800000| PB 0x000000069b800000| Untracked 
| 623|0x000000069bc00000, 0x000000069bc00000, 0x000000069c000000|  0%| F|  |TAMS 0x000000069bc00000| PB 0x000000069bc00000| Untracked 
| 624|0x000000069c000000, 0x000000069c000000, 0x000000069c400000|  0%| F|  |TAMS 0x000000069c000000| PB 0x000000069c000000| Untracked 
| 625|0x000000069c400000, 0x000000069c400000, 0x000000069c800000|  0%| F|  |TAMS 0x000000069c400000| PB 0x000000069c400000| Untracked 
| 626|0x000000069c800000, 0x000000069c800000, 0x000000069cc00000|  0%| F|  |TAMS 0x000000069c800000| PB 0x000000069c800000| Untracked 
| 627|0x000000069cc00000, 0x000000069cc00000, 0x000000069d000000|  0%| F|  |TAMS 0x000000069cc00000| PB 0x000000069cc00000| Untracked 
| 628|0x000000069d000000, 0x000000069d000000, 0x000000069d400000|  0%| F|  |TAMS 0x000000069d000000| PB 0x000000069d000000| Untracked 
| 629|0x000000069d400000, 0x000000069d400000, 0x000000069d800000|  0%| F|  |TAMS 0x000000069d400000| PB 0x000000069d400000| Untracked 
| 630|0x000000069d800000, 0x000000069d800000, 0x000000069dc00000|  0%| F|  |TAMS 0x000000069d800000| PB 0x000000069d800000| Untracked 
| 631|0x000000069dc00000, 0x000000069dc00000, 0x000000069e000000|  0%| F|  |TAMS 0x000000069dc00000| PB 0x000000069dc00000| Untracked 
| 632|0x000000069e000000, 0x000000069e000000, 0x000000069e400000|  0%| F|  |TAMS 0x000000069e000000| PB 0x000000069e000000| Untracked 
| 633|0x000000069e400000, 0x000000069e400000, 0x000000069e800000|  0%| F|  |TAMS 0x000000069e400000| PB 0x000000069e400000| Untracked 
| 634|0x000000069e800000, 0x000000069e800000, 0x000000069ec00000|  0%| F|  |TAMS 0x000000069e800000| PB 0x000000069e800000| Untracked 
| 635|0x000000069ec00000, 0x000000069ec00000, 0x000000069f000000|  0%| F|  |TAMS 0x000000069ec00000| PB 0x000000069ec00000| Untracked 
| 636|0x000000069f000000, 0x000000069f000000, 0x000000069f400000|  0%| F|  |TAMS 0x000000069f000000| PB 0x000000069f000000| Untracked 
| 637|0x000000069f400000, 0x000000069f400000, 0x000000069f800000|  0%| F|  |TAMS 0x000000069f400000| PB 0x000000069f400000| Untracked 
| 638|0x000000069f800000, 0x000000069fc00000, 0x000000069fc00000|100%| S|  |TAMS 0x000000069f800000| PB 0x000000069fc00000| Complete 
| 639|0x000000069fc00000, 0x00000006a0000000, 0x00000006a0000000|100%| S|  |TAMS 0x000000069fc00000| PB 0x00000006a0000000| Complete 
| 640|0x00000006a0000000, 0x00000006a0400000, 0x00000006a0400000|100%| S|  |TAMS 0x00000006a0000000| PB 0x00000006a0400000| Complete 
| 641|0x00000006a0400000, 0x00000006a0400000, 0x00000006a0800000|  0%| F|  |TAMS 0x00000006a0400000| PB 0x00000006a0400000| Untracked 
| 642|0x00000006a0800000, 0x00000006a0c00000, 0x00000006a0c00000|100%| S|  |TAMS 0x00000006a0800000| PB 0x00000006a0c00000| Complete 
| 643|0x00000006a0c00000, 0x00000006a1000000, 0x00000006a1000000|100%| S|  |TAMS 0x00000006a0c00000| PB 0x00000006a1000000| Complete 
| 644|0x00000006a1000000, 0x00000006a1400000, 0x00000006a1400000|100%| S|  |TAMS 0x00000006a1000000| PB 0x00000006a1400000| Complete 
| 645|0x00000006a1400000, 0x00000006a1400000, 0x00000006a1800000|  0%| F|  |TAMS 0x00000006a1400000| PB 0x00000006a1400000| Untracked 
| 646|0x00000006a1800000, 0x00000006a1800000, 0x00000006a1c00000|  0%| F|  |TAMS 0x00000006a1800000| PB 0x00000006a1800000| Untracked 
| 647|0x00000006a1c00000, 0x00000006a1c00000, 0x00000006a2000000|  0%| F|  |TAMS 0x00000006a1c00000| PB 0x00000006a1c00000| Untracked 
| 648|0x00000006a2000000, 0x00000006a2400000, 0x00000006a2400000|100%| S|  |TAMS 0x00000006a2000000| PB 0x00000006a2400000| Complete 
| 649|0x00000006a2400000, 0x00000006a2400000, 0x00000006a2800000|  0%| F|  |TAMS 0x00000006a2400000| PB 0x00000006a2400000| Untracked 
| 650|0x00000006a2800000, 0x00000006a2800000, 0x00000006a2c00000|  0%| F|  |TAMS 0x00000006a2800000| PB 0x00000006a2800000| Untracked 
| 651|0x00000006a2c00000, 0x00000006a2c00000, 0x00000006a3000000|  0%| F|  |TAMS 0x00000006a2c00000| PB 0x00000006a2c00000| Untracked 
| 652|0x00000006a3000000, 0x00000006a3000000, 0x00000006a3400000|  0%| F|  |TAMS 0x00000006a3000000| PB 0x00000006a3000000| Untracked 
| 653|0x00000006a3400000, 0x00000006a3400000, 0x00000006a3800000|  0%| F|  |TAMS 0x00000006a3400000| PB 0x00000006a3400000| Untracked 
| 654|0x00000006a3800000, 0x00000006a3800000, 0x00000006a3c00000|  0%| F|  |TAMS 0x00000006a3800000| PB 0x00000006a3800000| Untracked 
| 655|0x00000006a3c00000, 0x00000006a3c00000, 0x00000006a4000000|  0%| F|  |TAMS 0x00000006a3c00000| PB 0x00000006a3c00000| Untracked 
| 656|0x00000006a4000000, 0x00000006a4000000, 0x00000006a4400000|  0%| F|  |TAMS 0x00000006a4000000| PB 0x00000006a4000000| Untracked 
| 657|0x00000006a4400000, 0x00000006a4400000, 0x00000006a4800000|  0%| F|  |TAMS 0x00000006a4400000| PB 0x00000006a4400000| Untracked 
| 658|0x00000006a4800000, 0x00000006a4800000, 0x00000006a4c00000|  0%| F|  |TAMS 0x00000006a4800000| PB 0x00000006a4800000| Untracked 
| 659|0x00000006a4c00000, 0x00000006a4c00000, 0x00000006a5000000|  0%| F|  |TAMS 0x00000006a4c00000| PB 0x00000006a4c00000| Untracked 
| 660|0x00000006a5000000, 0x00000006a5000000, 0x00000006a5400000|  0%| F|  |TAMS 0x00000006a5000000| PB 0x00000006a5000000| Untracked 
| 661|0x00000006a5400000, 0x00000006a5400000, 0x00000006a5800000|  0%| F|  |TAMS 0x00000006a5400000| PB 0x00000006a5400000| Untracked 
| 662|0x00000006a5800000, 0x00000006a5800000, 0x00000006a5c00000|  0%| F|  |TAMS 0x00000006a5800000| PB 0x00000006a5800000| Untracked 
| 663|0x00000006a5c00000, 0x00000006a5c00000, 0x00000006a6000000|  0%| F|  |TAMS 0x00000006a5c00000| PB 0x00000006a5c00000| Untracked 
| 664|0x00000006a6000000, 0x00000006a6000000, 0x00000006a6400000|  0%| F|  |TAMS 0x00000006a6000000| PB 0x00000006a6000000| Untracked 
| 665|0x00000006a6400000, 0x00000006a6400000, 0x00000006a6800000|  0%| F|  |TAMS 0x00000006a6400000| PB 0x00000006a6400000| Untracked 
| 666|0x00000006a6800000, 0x00000006a6800000, 0x00000006a6c00000|  0%| F|  |TAMS 0x00000006a6800000| PB 0x00000006a6800000| Untracked 
| 667|0x00000006a6c00000, 0x00000006a6c00000, 0x00000006a7000000|  0%| F|  |TAMS 0x00000006a6c00000| PB 0x00000006a6c00000| Untracked 
| 668|0x00000006a7000000, 0x00000006a7000000, 0x00000006a7400000|  0%| F|  |TAMS 0x00000006a7000000| PB 0x00000006a7000000| Untracked 
| 669|0x00000006a7400000, 0x00000006a7400000, 0x00000006a7800000|  0%| F|  |TAMS 0x00000006a7400000| PB 0x00000006a7400000| Untracked 
| 670|0x00000006a7800000, 0x00000006a7800000, 0x00000006a7c00000|  0%| F|  |TAMS 0x00000006a7800000| PB 0x00000006a7800000| Untracked 
| 671|0x00000006a7c00000, 0x00000006a7c00000, 0x00000006a8000000|  0%| F|  |TAMS 0x00000006a7c00000| PB 0x00000006a7c00000| Untracked 
| 672|0x00000006a8000000, 0x00000006a8000000, 0x00000006a8400000|  0%| F|  |TAMS 0x00000006a8000000| PB 0x00000006a8000000| Untracked 
| 673|0x00000006a8400000, 0x00000006a8400000, 0x00000006a8800000|  0%| F|  |TAMS 0x00000006a8400000| PB 0x00000006a8400000| Untracked 
| 674|0x00000006a8800000, 0x00000006a8800000, 0x00000006a8c00000|  0%| F|  |TAMS 0x00000006a8800000| PB 0x00000006a8800000| Untracked 
| 675|0x00000006a8c00000, 0x00000006a8c00000, 0x00000006a9000000|  0%| F|  |TAMS 0x00000006a8c00000| PB 0x00000006a8c00000| Untracked 
| 676|0x00000006a9000000, 0x00000006a9000000, 0x00000006a9400000|  0%| F|  |TAMS 0x00000006a9000000| PB 0x00000006a9000000| Untracked 
| 677|0x00000006a9400000, 0x00000006a9400000, 0x00000006a9800000|  0%| F|  |TAMS 0x00000006a9400000| PB 0x00000006a9400000| Untracked 
| 678|0x00000006a9800000, 0x00000006a9800000, 0x00000006a9c00000|  0%| F|  |TAMS 0x00000006a9800000| PB 0x00000006a9800000| Untracked 
| 679|0x00000006a9c00000, 0x00000006a9c00000, 0x00000006aa000000|  0%| F|  |TAMS 0x00000006a9c00000| PB 0x00000006a9c00000| Untracked 
| 680|0x00000006aa000000, 0x00000006aa000000, 0x00000006aa400000|  0%| F|  |TAMS 0x00000006aa000000| PB 0x00000006aa000000| Untracked 
| 681|0x00000006aa400000, 0x00000006aa400000, 0x00000006aa800000|  0%| F|  |TAMS 0x00000006aa400000| PB 0x00000006aa400000| Untracked 
| 682|0x00000006aa800000, 0x00000006aa800000, 0x00000006aac00000|  0%| F|  |TAMS 0x00000006aa800000| PB 0x00000006aa800000| Untracked 
| 683|0x00000006aac00000, 0x00000006aac00000, 0x00000006ab000000|  0%| F|  |TAMS 0x00000006aac00000| PB 0x00000006aac00000| Untracked 
| 684|0x00000006ab000000, 0x00000006ab000000, 0x00000006ab400000|  0%| F|  |TAMS 0x00000006ab000000| PB 0x00000006ab000000| Untracked 
| 685|0x00000006ab400000, 0x00000006ab400000, 0x00000006ab800000|  0%| F|  |TAMS 0x00000006ab400000| PB 0x00000006ab400000| Untracked 
| 686|0x00000006ab800000, 0x00000006ab800000, 0x00000006abc00000|  0%| F|  |TAMS 0x00000006ab800000| PB 0x00000006ab800000| Untracked 
| 687|0x00000006abc00000, 0x00000006abc00000, 0x00000006ac000000|  0%| F|  |TAMS 0x00000006abc00000| PB 0x00000006abc00000| Untracked 
| 688|0x00000006ac000000, 0x00000006ac000000, 0x00000006ac400000|  0%| F|  |TAMS 0x00000006ac000000| PB 0x00000006ac000000| Untracked 
| 689|0x00000006ac400000, 0x00000006ac400000, 0x00000006ac800000|  0%| F|  |TAMS 0x00000006ac400000| PB 0x00000006ac400000| Untracked 
| 690|0x00000006ac800000, 0x00000006ac800000, 0x00000006acc00000|  0%| F|  |TAMS 0x00000006ac800000| PB 0x00000006ac800000| Untracked 
| 691|0x00000006acc00000, 0x00000006acc00000, 0x00000006ad000000|  0%| F|  |TAMS 0x00000006acc00000| PB 0x00000006acc00000| Untracked 
| 692|0x00000006ad000000, 0x00000006ad000000, 0x00000006ad400000|  0%| F|  |TAMS 0x00000006ad000000| PB 0x00000006ad000000| Untracked 
| 693|0x00000006ad400000, 0x00000006ad400000, 0x00000006ad800000|  0%| F|  |TAMS 0x00000006ad400000| PB 0x00000006ad400000| Untracked 
| 694|0x00000006ad800000, 0x00000006ad800000, 0x00000006adc00000|  0%| F|  |TAMS 0x00000006ad800000| PB 0x00000006ad800000| Untracked 
| 695|0x00000006adc00000, 0x00000006adc00000, 0x00000006ae000000|  0%| F|  |TAMS 0x00000006adc00000| PB 0x00000006adc00000| Untracked 
| 696|0x00000006ae000000, 0x00000006ae000000, 0x00000006ae400000|  0%| F|  |TAMS 0x00000006ae000000| PB 0x00000006ae000000| Untracked 
| 697|0x00000006ae400000, 0x00000006ae400000, 0x00000006ae800000|  0%| F|  |TAMS 0x00000006ae400000| PB 0x00000006ae400000| Untracked 
| 698|0x00000006ae800000, 0x00000006ae800000, 0x00000006aec00000|  0%| F|  |TAMS 0x00000006ae800000| PB 0x00000006ae800000| Untracked 
| 699|0x00000006aec00000, 0x00000006aec00000, 0x00000006af000000|  0%| F|  |TAMS 0x00000006aec00000| PB 0x00000006aec00000| Untracked 
| 700|0x00000006af000000, 0x00000006af000000, 0x00000006af400000|  0%| F|  |TAMS 0x00000006af000000| PB 0x00000006af000000| Untracked 
| 701|0x00000006af400000, 0x00000006af400000, 0x00000006af800000|  0%| F|  |TAMS 0x00000006af400000| PB 0x00000006af400000| Untracked 
| 702|0x00000006af800000, 0x00000006af800000, 0x00000006afc00000|  0%| F|  |TAMS 0x00000006af800000| PB 0x00000006af800000| Untracked 
| 703|0x00000006afc00000, 0x00000006afc00000, 0x00000006b0000000|  0%| F|  |TAMS 0x00000006afc00000| PB 0x00000006afc00000| Untracked 
| 704|0x00000006b0000000, 0x00000006b0000000, 0x00000006b0400000|  0%| F|  |TAMS 0x00000006b0000000| PB 0x00000006b0000000| Untracked 
| 705|0x00000006b0400000, 0x00000006b0400000, 0x00000006b0800000|  0%| F|  |TAMS 0x00000006b0400000| PB 0x00000006b0400000| Untracked 
| 706|0x00000006b0800000, 0x00000006b0800000, 0x00000006b0c00000|  0%| F|  |TAMS 0x00000006b0800000| PB 0x00000006b0800000| Untracked 
| 707|0x00000006b0c00000, 0x00000006b0c00000, 0x00000006b1000000|  0%| F|  |TAMS 0x00000006b0c00000| PB 0x00000006b0c00000| Untracked 
| 708|0x00000006b1000000, 0x00000006b1000000, 0x00000006b1400000|  0%| F|  |TAMS 0x00000006b1000000| PB 0x00000006b1000000| Untracked 
| 709|0x00000006b1400000, 0x00000006b1400000, 0x00000006b1800000|  0%| F|  |TAMS 0x00000006b1400000| PB 0x00000006b1400000| Untracked 
| 710|0x00000006b1800000, 0x00000006b1800000, 0x00000006b1c00000|  0%| F|  |TAMS 0x00000006b1800000| PB 0x00000006b1800000| Untracked 
| 711|0x00000006b1c00000, 0x00000006b1c00000, 0x00000006b2000000|  0%| F|  |TAMS 0x00000006b1c00000| PB 0x00000006b1c00000| Untracked 
| 712|0x00000006b2000000, 0x00000006b2000000, 0x00000006b2400000|  0%| F|  |TAMS 0x00000006b2000000| PB 0x00000006b2000000| Untracked 
| 713|0x00000006b2400000, 0x00000006b2400000, 0x00000006b2800000|  0%| F|  |TAMS 0x00000006b2400000| PB 0x00000006b2400000| Untracked 
| 714|0x00000006b2800000, 0x00000006b2800000, 0x00000006b2c00000|  0%| F|  |TAMS 0x00000006b2800000| PB 0x00000006b2800000| Untracked 
| 715|0x00000006b2c00000, 0x00000006b2c00000, 0x00000006b3000000|  0%| F|  |TAMS 0x00000006b2c00000| PB 0x00000006b2c00000| Untracked 
| 716|0x00000006b3000000, 0x00000006b3000000, 0x00000006b3400000|  0%| F|  |TAMS 0x00000006b3000000| PB 0x00000006b3000000| Untracked 
| 717|0x00000006b3400000, 0x00000006b3400000, 0x00000006b3800000|  0%| F|  |TAMS 0x00000006b3400000| PB 0x00000006b3400000| Untracked 
| 718|0x00000006b3800000, 0x00000006b3800000, 0x00000006b3c00000|  0%| F|  |TAMS 0x00000006b3800000| PB 0x00000006b3800000| Untracked 
| 719|0x00000006b3c00000, 0x00000006b3c00000, 0x00000006b4000000|  0%| F|  |TAMS 0x00000006b3c00000| PB 0x00000006b3c00000| Untracked 
| 720|0x00000006b4000000, 0x00000006b4000000, 0x00000006b4400000|  0%| F|  |TAMS 0x00000006b4000000| PB 0x00000006b4000000| Untracked 
| 721|0x00000006b4400000, 0x00000006b4400000, 0x00000006b4800000|  0%| F|  |TAMS 0x00000006b4400000| PB 0x00000006b4400000| Untracked 
| 722|0x00000006b4800000, 0x00000006b4800000, 0x00000006b4c00000|  0%| F|  |TAMS 0x00000006b4800000| PB 0x00000006b4800000| Untracked 
| 723|0x00000006b4c00000, 0x00000006b4c00000, 0x00000006b5000000|  0%| F|  |TAMS 0x00000006b4c00000| PB 0x00000006b4c00000| Untracked 
| 724|0x00000006b5000000, 0x00000006b5000000, 0x00000006b5400000|  0%| F|  |TAMS 0x00000006b5000000| PB 0x00000006b5000000| Untracked 
| 725|0x00000006b5400000, 0x00000006b5400000, 0x00000006b5800000|  0%| F|  |TAMS 0x00000006b5400000| PB 0x00000006b5400000| Untracked 
| 726|0x00000006b5800000, 0x00000006b5800000, 0x00000006b5c00000|  0%| F|  |TAMS 0x00000006b5800000| PB 0x00000006b5800000| Untracked 
| 727|0x00000006b5c00000, 0x00000006b5c00000, 0x00000006b6000000|  0%| F|  |TAMS 0x00000006b5c00000| PB 0x00000006b5c00000| Untracked 
| 728|0x00000006b6000000, 0x00000006b6000000, 0x00000006b6400000|  0%| F|  |TAMS 0x00000006b6000000| PB 0x00000006b6000000| Untracked 
| 729|0x00000006b6400000, 0x00000006b6400000, 0x00000006b6800000|  0%| F|  |TAMS 0x00000006b6400000| PB 0x00000006b6400000| Untracked 
| 730|0x00000006b6800000, 0x00000006b6800000, 0x00000006b6c00000|  0%| F|  |TAMS 0x00000006b6800000| PB 0x00000006b6800000| Untracked 
| 731|0x00000006b6c00000, 0x00000006b6c00000, 0x00000006b7000000|  0%| F|  |TAMS 0x00000006b6c00000| PB 0x00000006b6c00000| Untracked 
| 732|0x00000006b7000000, 0x00000006b7000000, 0x00000006b7400000|  0%| F|  |TAMS 0x00000006b7000000| PB 0x00000006b7000000| Untracked 
| 733|0x00000006b7400000, 0x00000006b7400000, 0x00000006b7800000|  0%| F|  |TAMS 0x00000006b7400000| PB 0x00000006b7400000| Untracked 
| 734|0x00000006b7800000, 0x00000006b7800000, 0x00000006b7c00000|  0%| F|  |TAMS 0x00000006b7800000| PB 0x00000006b7800000| Untracked 
| 735|0x00000006b7c00000, 0x00000006b7c00000, 0x00000006b8000000|  0%| F|  |TAMS 0x00000006b7c00000| PB 0x00000006b7c00000| Untracked 
| 736|0x00000006b8000000, 0x00000006b8000000, 0x00000006b8400000|  0%| F|  |TAMS 0x00000006b8000000| PB 0x00000006b8000000| Untracked 
| 737|0x00000006b8400000, 0x00000006b8400000, 0x00000006b8800000|  0%| F|  |TAMS 0x00000006b8400000| PB 0x00000006b8400000| Untracked 
| 738|0x00000006b8800000, 0x00000006b8800000, 0x00000006b8c00000|  0%| F|  |TAMS 0x00000006b8800000| PB 0x00000006b8800000| Untracked 
| 739|0x00000006b8c00000, 0x00000006b8c00000, 0x00000006b9000000|  0%| F|  |TAMS 0x00000006b8c00000| PB 0x00000006b8c00000| Untracked 
| 740|0x00000006b9000000, 0x00000006b9000000, 0x00000006b9400000|  0%| F|  |TAMS 0x00000006b9000000| PB 0x00000006b9000000| Untracked 
| 741|0x00000006b9400000, 0x00000006b9400000, 0x00000006b9800000|  0%| F|  |TAMS 0x00000006b9400000| PB 0x00000006b9400000| Untracked 
| 742|0x00000006b9800000, 0x00000006b9800000, 0x00000006b9c00000|  0%| F|  |TAMS 0x00000006b9800000| PB 0x00000006b9800000| Untracked 
| 743|0x00000006b9c00000, 0x00000006b9c00000, 0x00000006ba000000|  0%| F|  |TAMS 0x00000006b9c00000| PB 0x00000006b9c00000| Untracked 
| 744|0x00000006ba000000, 0x00000006ba000000, 0x00000006ba400000|  0%| F|  |TAMS 0x00000006ba000000| PB 0x00000006ba000000| Untracked 
| 745|0x00000006ba400000, 0x00000006ba400000, 0x00000006ba800000|  0%| F|  |TAMS 0x00000006ba400000| PB 0x00000006ba400000| Untracked 
| 746|0x00000006ba800000, 0x00000006ba800000, 0x00000006bac00000|  0%| F|  |TAMS 0x00000006ba800000| PB 0x00000006ba800000| Untracked 
| 747|0x00000006bac00000, 0x00000006bac00000, 0x00000006bb000000|  0%| F|  |TAMS 0x00000006bac00000| PB 0x00000006bac00000| Untracked 
| 748|0x00000006bb000000, 0x00000006bb000000, 0x00000006bb400000|  0%| F|  |TAMS 0x00000006bb000000| PB 0x00000006bb000000| Untracked 
| 749|0x00000006bb400000, 0x00000006bb400000, 0x00000006bb800000|  0%| F|  |TAMS 0x00000006bb400000| PB 0x00000006bb400000| Untracked 
| 750|0x00000006bb800000, 0x00000006bb800000, 0x00000006bbc00000|  0%| F|  |TAMS 0x00000006bb800000| PB 0x00000006bb800000| Untracked 
| 751|0x00000006bbc00000, 0x00000006bbc00000, 0x00000006bc000000|  0%| F|  |TAMS 0x00000006bbc00000| PB 0x00000006bbc00000| Untracked 
| 752|0x00000006bc000000, 0x00000006bc000000, 0x00000006bc400000|  0%| F|  |TAMS 0x00000006bc000000| PB 0x00000006bc000000| Untracked 
| 753|0x00000006bc400000, 0x00000006bc400000, 0x00000006bc800000|  0%| F|  |TAMS 0x00000006bc400000| PB 0x00000006bc400000| Untracked 
| 754|0x00000006bc800000, 0x00000006bc800000, 0x00000006bcc00000|  0%| F|  |TAMS 0x00000006bc800000| PB 0x00000006bc800000| Untracked 
| 755|0x00000006bcc00000, 0x00000006bcc00000, 0x00000006bd000000|  0%| F|  |TAMS 0x00000006bcc00000| PB 0x00000006bcc00000| Untracked 
| 756|0x00000006bd000000, 0x00000006bd000000, 0x00000006bd400000|  0%| F|  |TAMS 0x00000006bd000000| PB 0x00000006bd000000| Untracked 
| 757|0x00000006bd400000, 0x00000006bd400000, 0x00000006bd800000|  0%| F|  |TAMS 0x00000006bd400000| PB 0x00000006bd400000| Untracked 
| 758|0x00000006bd800000, 0x00000006bd800000, 0x00000006bdc00000|  0%| F|  |TAMS 0x00000006bd800000| PB 0x00000006bd800000| Untracked 
| 759|0x00000006bdc00000, 0x00000006bdc00000, 0x00000006be000000|  0%| F|  |TAMS 0x00000006bdc00000| PB 0x00000006bdc00000| Untracked 
| 760|0x00000006be000000, 0x00000006be000000, 0x00000006be400000|  0%| F|  |TAMS 0x00000006be000000| PB 0x00000006be000000| Untracked 
| 761|0x00000006be400000, 0x00000006be400000, 0x00000006be800000|  0%| F|  |TAMS 0x00000006be400000| PB 0x00000006be400000| Untracked 
| 762|0x00000006be800000, 0x00000006be800000, 0x00000006bec00000|  0%| F|  |TAMS 0x00000006be800000| PB 0x00000006be800000| Untracked 
| 763|0x00000006bec00000, 0x00000006bec00000, 0x00000006bf000000|  0%| F|  |TAMS 0x00000006bec00000| PB 0x00000006bec00000| Untracked 
| 764|0x00000006bf000000, 0x00000006bf000000, 0x00000006bf400000|  0%| F|  |TAMS 0x00000006bf000000| PB 0x00000006bf000000| Untracked 
| 765|0x00000006bf400000, 0x00000006bf400000, 0x00000006bf800000|  0%| F|  |TAMS 0x00000006bf400000| PB 0x00000006bf400000| Untracked 
| 766|0x00000006bf800000, 0x00000006bf800000, 0x00000006bfc00000|  0%| F|  |TAMS 0x00000006bf800000| PB 0x00000006bf800000| Untracked 
| 767|0x00000006bfc00000, 0x00000006bfc00000, 0x00000006c0000000|  0%| F|  |TAMS 0x00000006bfc00000| PB 0x00000006bfc00000| Untracked 
| 768|0x00000006c0000000, 0x00000006c0000000, 0x00000006c0400000|  0%| F|  |TAMS 0x00000006c0000000| PB 0x00000006c0000000| Untracked 
| 769|0x00000006c0400000, 0x00000006c0400000, 0x00000006c0800000|  0%| F|  |TAMS 0x00000006c0400000| PB 0x00000006c0400000| Untracked 
| 770|0x00000006c0800000, 0x00000006c0800000, 0x00000006c0c00000|  0%| F|  |TAMS 0x00000006c0800000| PB 0x00000006c0800000| Untracked 
| 771|0x00000006c0c00000, 0x00000006c0c00000, 0x00000006c1000000|  0%| F|  |TAMS 0x00000006c0c00000| PB 0x00000006c0c00000| Untracked 
| 772|0x00000006c1000000, 0x00000006c1000000, 0x00000006c1400000|  0%| F|  |TAMS 0x00000006c1000000| PB 0x00000006c1000000| Untracked 
| 773|0x00000006c1400000, 0x00000006c1400000, 0x00000006c1800000|  0%| F|  |TAMS 0x00000006c1400000| PB 0x00000006c1400000| Untracked 
| 774|0x00000006c1800000, 0x00000006c1800000, 0x00000006c1c00000|  0%| F|  |TAMS 0x00000006c1800000| PB 0x00000006c1800000| Untracked 
| 775|0x00000006c1c00000, 0x00000006c1c00000, 0x00000006c2000000|  0%| F|  |TAMS 0x00000006c1c00000| PB 0x00000006c1c00000| Untracked 
| 776|0x00000006c2000000, 0x00000006c2000000, 0x00000006c2400000|  0%| F|  |TAMS 0x00000006c2000000| PB 0x00000006c2000000| Untracked 
| 777|0x00000006c2400000, 0x00000006c2400000, 0x00000006c2800000|  0%| F|  |TAMS 0x00000006c2400000| PB 0x00000006c2400000| Untracked 
| 778|0x00000006c2800000, 0x00000006c2800000, 0x00000006c2c00000|  0%| F|  |TAMS 0x00000006c2800000| PB 0x00000006c2800000| Untracked 
| 779|0x00000006c2c00000, 0x00000006c2c00000, 0x00000006c3000000|  0%| F|  |TAMS 0x00000006c2c00000| PB 0x00000006c2c00000| Untracked 
| 780|0x00000006c3000000, 0x00000006c3000000, 0x00000006c3400000|  0%| F|  |TAMS 0x00000006c3000000| PB 0x00000006c3000000| Untracked 
| 781|0x00000006c3400000, 0x00000006c3400000, 0x00000006c3800000|  0%| F|  |TAMS 0x00000006c3400000| PB 0x00000006c3400000| Untracked 
| 782|0x00000006c3800000, 0x00000006c3800000, 0x00000006c3c00000|  0%| F|  |TAMS 0x00000006c3800000| PB 0x00000006c3800000| Untracked 
| 783|0x00000006c3c00000, 0x00000006c3c00000, 0x00000006c4000000|  0%| F|  |TAMS 0x00000006c3c00000| PB 0x00000006c3c00000| Untracked 
| 784|0x00000006c4000000, 0x00000006c4000000, 0x00000006c4400000|  0%| F|  |TAMS 0x00000006c4000000| PB 0x00000006c4000000| Untracked 
| 785|0x00000006c4400000, 0x00000006c4400000, 0x00000006c4800000|  0%| F|  |TAMS 0x00000006c4400000| PB 0x00000006c4400000| Untracked 
| 786|0x00000006c4800000, 0x00000006c4800000, 0x00000006c4c00000|  0%| F|  |TAMS 0x00000006c4800000| PB 0x00000006c4800000| Untracked 
| 787|0x00000006c4c00000, 0x00000006c4c00000, 0x00000006c5000000|  0%| F|  |TAMS 0x00000006c4c00000| PB 0x00000006c4c00000| Untracked 
| 788|0x00000006c5000000, 0x00000006c5000000, 0x00000006c5400000|  0%| F|  |TAMS 0x00000006c5000000| PB 0x00000006c5000000| Untracked 
| 789|0x00000006c5400000, 0x00000006c5400000, 0x00000006c5800000|  0%| F|  |TAMS 0x00000006c5400000| PB 0x00000006c5400000| Untracked 
| 790|0x00000006c5800000, 0x00000006c5800000, 0x00000006c5c00000|  0%| F|  |TAMS 0x00000006c5800000| PB 0x00000006c5800000| Untracked 
| 791|0x00000006c5c00000, 0x00000006c5c00000, 0x00000006c6000000|  0%| F|  |TAMS 0x00000006c5c00000| PB 0x00000006c5c00000| Untracked 
| 792|0x00000006c6000000, 0x00000006c6000000, 0x00000006c6400000|  0%| F|  |TAMS 0x00000006c6000000| PB 0x00000006c6000000| Untracked 
| 793|0x00000006c6400000, 0x00000006c6400000, 0x00000006c6800000|  0%| F|  |TAMS 0x00000006c6400000| PB 0x00000006c6400000| Untracked 
| 794|0x00000006c6800000, 0x00000006c6800000, 0x00000006c6c00000|  0%| F|  |TAMS 0x00000006c6800000| PB 0x00000006c6800000| Untracked 
| 795|0x00000006c6c00000, 0x00000006c6c00000, 0x00000006c7000000|  0%| F|  |TAMS 0x00000006c6c00000| PB 0x00000006c6c00000| Untracked 
| 796|0x00000006c7000000, 0x00000006c7000000, 0x00000006c7400000|  0%| F|  |TAMS 0x00000006c7000000| PB 0x00000006c7000000| Untracked 
| 797|0x00000006c7400000, 0x00000006c7400000, 0x00000006c7800000|  0%| F|  |TAMS 0x00000006c7400000| PB 0x00000006c7400000| Untracked 
| 798|0x00000006c7800000, 0x00000006c7800000, 0x00000006c7c00000|  0%| F|  |TAMS 0x00000006c7800000| PB 0x00000006c7800000| Untracked 
| 799|0x00000006c7c00000, 0x00000006c7c00000, 0x00000006c8000000|  0%| F|  |TAMS 0x00000006c7c00000| PB 0x00000006c7c00000| Untracked 
| 800|0x00000006c8000000, 0x00000006c8000000, 0x00000006c8400000|  0%| F|  |TAMS 0x00000006c8000000| PB 0x00000006c8000000| Untracked 
| 801|0x00000006c8400000, 0x00000006c8400000, 0x00000006c8800000|  0%| F|  |TAMS 0x00000006c8400000| PB 0x00000006c8400000| Untracked 
| 802|0x00000006c8800000, 0x00000006c8800000, 0x00000006c8c00000|  0%| F|  |TAMS 0x00000006c8800000| PB 0x00000006c8800000| Untracked 
| 803|0x00000006c8c00000, 0x00000006c8c00000, 0x00000006c9000000|  0%| F|  |TAMS 0x00000006c8c00000| PB 0x00000006c8c00000| Untracked 
| 804|0x00000006c9000000, 0x00000006c9000000, 0x00000006c9400000|  0%| F|  |TAMS 0x00000006c9000000| PB 0x00000006c9000000| Untracked 
| 805|0x00000006c9400000, 0x00000006c9400000, 0x00000006c9800000|  0%| F|  |TAMS 0x00000006c9400000| PB 0x00000006c9400000| Untracked 
| 806|0x00000006c9800000, 0x00000006c9800000, 0x00000006c9c00000|  0%| F|  |TAMS 0x00000006c9800000| PB 0x00000006c9800000| Untracked 
| 807|0x00000006c9c00000, 0x00000006c9c00000, 0x00000006ca000000|  0%| F|  |TAMS 0x00000006c9c00000| PB 0x00000006c9c00000| Untracked 
| 808|0x00000006ca000000, 0x00000006ca000000, 0x00000006ca400000|  0%| F|  |TAMS 0x00000006ca000000| PB 0x00000006ca000000| Untracked 
| 809|0x00000006ca400000, 0x00000006ca400000, 0x00000006ca800000|  0%| F|  |TAMS 0x00000006ca400000| PB 0x00000006ca400000| Untracked 
| 810|0x00000006ca800000, 0x00000006ca800000, 0x00000006cac00000|  0%| F|  |TAMS 0x00000006ca800000| PB 0x00000006ca800000| Untracked 
| 811|0x00000006cac00000, 0x00000006cac00000, 0x00000006cb000000|  0%| F|  |TAMS 0x00000006cac00000| PB 0x00000006cac00000| Untracked 
| 812|0x00000006cb000000, 0x00000006cb000000, 0x00000006cb400000|  0%| F|  |TAMS 0x00000006cb000000| PB 0x00000006cb000000| Untracked 
| 813|0x00000006cb400000, 0x00000006cb400000, 0x00000006cb800000|  0%| F|  |TAMS 0x00000006cb400000| PB 0x00000006cb400000| Untracked 
| 814|0x00000006cb800000, 0x00000006cb800000, 0x00000006cbc00000|  0%| F|  |TAMS 0x00000006cb800000| PB 0x00000006cb800000| Untracked 
| 815|0x00000006cbc00000, 0x00000006cbc00000, 0x00000006cc000000|  0%| F|  |TAMS 0x00000006cbc00000| PB 0x00000006cbc00000| Untracked 
| 816|0x00000006cc000000, 0x00000006cc000000, 0x00000006cc400000|  0%| F|  |TAMS 0x00000006cc000000| PB 0x00000006cc000000| Untracked 
| 817|0x00000006cc400000, 0x00000006cc400000, 0x00000006cc800000|  0%| F|  |TAMS 0x00000006cc400000| PB 0x00000006cc400000| Untracked 
| 818|0x00000006cc800000, 0x00000006cc800000, 0x00000006ccc00000|  0%| F|  |TAMS 0x00000006cc800000| PB 0x00000006cc800000| Untracked 
| 819|0x00000006ccc00000, 0x00000006ccc00000, 0x00000006cd000000|  0%| F|  |TAMS 0x00000006ccc00000| PB 0x00000006ccc00000| Untracked 
| 820|0x00000006cd000000, 0x00000006cd000000, 0x00000006cd400000|  0%| F|  |TAMS 0x00000006cd000000| PB 0x00000006cd000000| Untracked 
| 821|0x00000006cd400000, 0x00000006cd400000, 0x00000006cd800000|  0%| F|  |TAMS 0x00000006cd400000| PB 0x00000006cd400000| Untracked 
| 822|0x00000006cd800000, 0x00000006cd800000, 0x00000006cdc00000|  0%| F|  |TAMS 0x00000006cd800000| PB 0x00000006cd800000| Untracked 
| 823|0x00000006cdc00000, 0x00000006cdc00000, 0x00000006ce000000|  0%| F|  |TAMS 0x00000006cdc00000| PB 0x00000006cdc00000| Untracked 
| 824|0x00000006ce000000, 0x00000006ce000000, 0x00000006ce400000|  0%| F|  |TAMS 0x00000006ce000000| PB 0x00000006ce000000| Untracked 
| 825|0x00000006ce400000, 0x00000006ce400000, 0x00000006ce800000|  0%| F|  |TAMS 0x00000006ce400000| PB 0x00000006ce400000| Untracked 
| 826|0x00000006ce800000, 0x00000006ce800000, 0x00000006cec00000|  0%| F|  |TAMS 0x00000006ce800000| PB 0x00000006ce800000| Untracked 
| 827|0x00000006cec00000, 0x00000006cec00000, 0x00000006cf000000|  0%| F|  |TAMS 0x00000006cec00000| PB 0x00000006cec00000| Untracked 
| 828|0x00000006cf000000, 0x00000006cf000000, 0x00000006cf400000|  0%| F|  |TAMS 0x00000006cf000000| PB 0x00000006cf000000| Untracked 
| 829|0x00000006cf400000, 0x00000006cf400000, 0x00000006cf800000|  0%| F|  |TAMS 0x00000006cf400000| PB 0x00000006cf400000| Untracked 
| 830|0x00000006cf800000, 0x00000006cf800000, 0x00000006cfc00000|  0%| F|  |TAMS 0x00000006cf800000| PB 0x00000006cf800000| Untracked 
| 831|0x00000006cfc00000, 0x00000006cfc00000, 0x00000006d0000000|  0%| F|  |TAMS 0x00000006cfc00000| PB 0x00000006cfc00000| Untracked 
| 832|0x00000006d0000000, 0x00000006d0000000, 0x00000006d0400000|  0%| F|  |TAMS 0x00000006d0000000| PB 0x00000006d0000000| Untracked 
| 833|0x00000006d0400000, 0x00000006d0400000, 0x00000006d0800000|  0%| F|  |TAMS 0x00000006d0400000| PB 0x00000006d0400000| Untracked 
| 834|0x00000006d0800000, 0x00000006d0800000, 0x00000006d0c00000|  0%| F|  |TAMS 0x00000006d0800000| PB 0x00000006d0800000| Untracked 
| 835|0x00000006d0c00000, 0x00000006d0c00000, 0x00000006d1000000|  0%| F|  |TAMS 0x00000006d0c00000| PB 0x00000006d0c00000| Untracked 
| 836|0x00000006d1000000, 0x00000006d1000000, 0x00000006d1400000|  0%| F|  |TAMS 0x00000006d1000000| PB 0x00000006d1000000| Untracked 
| 837|0x00000006d1400000, 0x00000006d1400000, 0x00000006d1800000|  0%| F|  |TAMS 0x00000006d1400000| PB 0x00000006d1400000| Untracked 
| 838|0x00000006d1800000, 0x00000006d1800000, 0x00000006d1c00000|  0%| F|  |TAMS 0x00000006d1800000| PB 0x00000006d1800000| Untracked 
| 839|0x00000006d1c00000, 0x00000006d1c00000, 0x00000006d2000000|  0%| F|  |TAMS 0x00000006d1c00000| PB 0x00000006d1c00000| Untracked 
| 840|0x00000006d2000000, 0x00000006d2000000, 0x00000006d2400000|  0%| F|  |TAMS 0x00000006d2000000| PB 0x00000006d2000000| Untracked 
| 841|0x00000006d2400000, 0x00000006d2400000, 0x00000006d2800000|  0%| F|  |TAMS 0x00000006d2400000| PB 0x00000006d2400000| Untracked 
| 842|0x00000006d2800000, 0x00000006d2800000, 0x00000006d2c00000|  0%| F|  |TAMS 0x00000006d2800000| PB 0x00000006d2800000| Untracked 
| 843|0x00000006d2c00000, 0x00000006d2c00000, 0x00000006d3000000|  0%| F|  |TAMS 0x00000006d2c00000| PB 0x00000006d2c00000| Untracked 
| 844|0x00000006d3000000, 0x00000006d3000000, 0x00000006d3400000|  0%| F|  |TAMS 0x00000006d3000000| PB 0x00000006d3000000| Untracked 
| 845|0x00000006d3400000, 0x00000006d3400000, 0x00000006d3800000|  0%| F|  |TAMS 0x00000006d3400000| PB 0x00000006d3400000| Untracked 
| 846|0x00000006d3800000, 0x00000006d3800000, 0x00000006d3c00000|  0%| F|  |TAMS 0x00000006d3800000| PB 0x00000006d3800000| Untracked 
| 847|0x00000006d3c00000, 0x00000006d3c00000, 0x00000006d4000000|  0%| F|  |TAMS 0x00000006d3c00000| PB 0x00000006d3c00000| Untracked 
| 848|0x00000006d4000000, 0x00000006d4000000, 0x00000006d4400000|  0%| F|  |TAMS 0x00000006d4000000| PB 0x00000006d4000000| Untracked 
| 849|0x00000006d4400000, 0x00000006d4400000, 0x00000006d4800000|  0%| F|  |TAMS 0x00000006d4400000| PB 0x00000006d4400000| Untracked 
| 850|0x00000006d4800000, 0x00000006d4800000, 0x00000006d4c00000|  0%| F|  |TAMS 0x00000006d4800000| PB 0x00000006d4800000| Untracked 
| 851|0x00000006d4c00000, 0x00000006d4c00000, 0x00000006d5000000|  0%| F|  |TAMS 0x00000006d4c00000| PB 0x00000006d4c00000| Untracked 
| 852|0x00000006d5000000, 0x00000006d5000000, 0x00000006d5400000|  0%| F|  |TAMS 0x00000006d5000000| PB 0x00000006d5000000| Untracked 
| 853|0x00000006d5400000, 0x00000006d5400000, 0x00000006d5800000|  0%| F|  |TAMS 0x00000006d5400000| PB 0x00000006d5400000| Untracked 
| 854|0x00000006d5800000, 0x00000006d5800000, 0x00000006d5c00000|  0%| F|  |TAMS 0x00000006d5800000| PB 0x00000006d5800000| Untracked 
| 855|0x00000006d5c00000, 0x00000006d5c00000, 0x00000006d6000000|  0%| F|  |TAMS 0x00000006d5c00000| PB 0x00000006d5c00000| Untracked 
| 856|0x00000006d6000000, 0x00000006d6000000, 0x00000006d6400000|  0%| F|  |TAMS 0x00000006d6000000| PB 0x00000006d6000000| Untracked 
| 857|0x00000006d6400000, 0x00000006d6400000, 0x00000006d6800000|  0%| F|  |TAMS 0x00000006d6400000| PB 0x00000006d6400000| Untracked 
| 858|0x00000006d6800000, 0x00000006d6800000, 0x00000006d6c00000|  0%| F|  |TAMS 0x00000006d6800000| PB 0x00000006d6800000| Untracked 
| 859|0x00000006d6c00000, 0x00000006d6c00000, 0x00000006d7000000|  0%| F|  |TAMS 0x00000006d6c00000| PB 0x00000006d6c00000| Untracked 
| 860|0x00000006d7000000, 0x00000006d7000000, 0x00000006d7400000|  0%| F|  |TAMS 0x00000006d7000000| PB 0x00000006d7000000| Untracked 
| 861|0x00000006d7400000, 0x00000006d7400000, 0x00000006d7800000|  0%| F|  |TAMS 0x00000006d7400000| PB 0x00000006d7400000| Untracked 
| 862|0x00000006d7800000, 0x00000006d7800000, 0x00000006d7c00000|  0%| F|  |TAMS 0x00000006d7800000| PB 0x00000006d7800000| Untracked 
| 863|0x00000006d7c00000, 0x00000006d7c00000, 0x00000006d8000000|  0%| F|  |TAMS 0x00000006d7c00000| PB 0x00000006d7c00000| Untracked 
| 864|0x00000006d8000000, 0x00000006d8000000, 0x00000006d8400000|  0%| F|  |TAMS 0x00000006d8000000| PB 0x00000006d8000000| Untracked 
| 865|0x00000006d8400000, 0x00000006d8400000, 0x00000006d8800000|  0%| F|  |TAMS 0x00000006d8400000| PB 0x00000006d8400000| Untracked 
| 866|0x00000006d8800000, 0x00000006d8800000, 0x00000006d8c00000|  0%| F|  |TAMS 0x00000006d8800000| PB 0x00000006d8800000| Untracked 
| 867|0x00000006d8c00000, 0x00000006d8c00000, 0x00000006d9000000|  0%| F|  |TAMS 0x00000006d8c00000| PB 0x00000006d8c00000| Untracked 
| 868|0x00000006d9000000, 0x00000006d9000000, 0x00000006d9400000|  0%| F|  |TAMS 0x00000006d9000000| PB 0x00000006d9000000| Untracked 
| 869|0x00000006d9400000, 0x00000006d9400000, 0x00000006d9800000|  0%| F|  |TAMS 0x00000006d9400000| PB 0x00000006d9400000| Untracked 
| 870|0x00000006d9800000, 0x00000006d9800000, 0x00000006d9c00000|  0%| F|  |TAMS 0x00000006d9800000| PB 0x00000006d9800000| Untracked 
| 871|0x00000006d9c00000, 0x00000006d9c00000, 0x00000006da000000|  0%| F|  |TAMS 0x00000006d9c00000| PB 0x00000006d9c00000| Untracked 
| 872|0x00000006da000000, 0x00000006da000000, 0x00000006da400000|  0%| F|  |TAMS 0x00000006da000000| PB 0x00000006da000000| Untracked 
| 873|0x00000006da400000, 0x00000006da400000, 0x00000006da800000|  0%| F|  |TAMS 0x00000006da400000| PB 0x00000006da400000| Untracked 
| 874|0x00000006da800000, 0x00000006da800000, 0x00000006dac00000|  0%| F|  |TAMS 0x00000006da800000| PB 0x00000006da800000| Untracked 
| 875|0x00000006dac00000, 0x00000006dac00000, 0x00000006db000000|  0%| F|  |TAMS 0x00000006dac00000| PB 0x00000006dac00000| Untracked 
| 876|0x00000006db000000, 0x00000006db000000, 0x00000006db400000|  0%| F|  |TAMS 0x00000006db000000| PB 0x00000006db000000| Untracked 
| 877|0x00000006db400000, 0x00000006db400000, 0x00000006db800000|  0%| F|  |TAMS 0x00000006db400000| PB 0x00000006db400000| Untracked 
| 878|0x00000006db800000, 0x00000006db800000, 0x00000006dbc00000|  0%| F|  |TAMS 0x00000006db800000| PB 0x00000006db800000| Untracked 
| 879|0x00000006dbc00000, 0x00000006dbc00000, 0x00000006dc000000|  0%| F|  |TAMS 0x00000006dbc00000| PB 0x00000006dbc00000| Untracked 
| 880|0x00000006dc000000, 0x00000006dc000000, 0x00000006dc400000|  0%| F|  |TAMS 0x00000006dc000000| PB 0x00000006dc000000| Untracked 
| 881|0x00000006dc400000, 0x00000006dc400000, 0x00000006dc800000|  0%| F|  |TAMS 0x00000006dc400000| PB 0x00000006dc400000| Untracked 
| 882|0x00000006dc800000, 0x00000006dc800000, 0x00000006dcc00000|  0%| F|  |TAMS 0x00000006dc800000| PB 0x00000006dc800000| Untracked 
| 883|0x00000006dcc00000, 0x00000006dcc00000, 0x00000006dd000000|  0%| F|  |TAMS 0x00000006dcc00000| PB 0x00000006dcc00000| Untracked 
| 884|0x00000006dd000000, 0x00000006dd000000, 0x00000006dd400000|  0%| F|  |TAMS 0x00000006dd000000| PB 0x00000006dd000000| Untracked 
| 885|0x00000006dd400000, 0x00000006dd400000, 0x00000006dd800000|  0%| F|  |TAMS 0x00000006dd400000| PB 0x00000006dd400000| Untracked 
| 886|0x00000006dd800000, 0x00000006dd800000, 0x00000006ddc00000|  0%| F|  |TAMS 0x00000006dd800000| PB 0x00000006dd800000| Untracked 
| 887|0x00000006ddc00000, 0x00000006ddc00000, 0x00000006de000000|  0%| F|  |TAMS 0x00000006ddc00000| PB 0x00000006ddc00000| Untracked 
| 888|0x00000006de000000, 0x00000006de000000, 0x00000006de400000|  0%| F|  |TAMS 0x00000006de000000| PB 0x00000006de000000| Untracked 
| 889|0x00000006de400000, 0x00000006de400000, 0x00000006de800000|  0%| F|  |TAMS 0x00000006de400000| PB 0x00000006de400000| Untracked 
| 890|0x00000006de800000, 0x00000006de800000, 0x00000006dec00000|  0%| F|  |TAMS 0x00000006de800000| PB 0x00000006de800000| Untracked 
| 891|0x00000006dec00000, 0x00000006dec00000, 0x00000006df000000|  0%| F|  |TAMS 0x00000006dec00000| PB 0x00000006dec00000| Untracked 
| 892|0x00000006df000000, 0x00000006df000000, 0x00000006df400000|  0%| F|  |TAMS 0x00000006df000000| PB 0x00000006df000000| Untracked 
| 893|0x00000006df400000, 0x00000006df400000, 0x00000006df800000|  0%| F|  |TAMS 0x00000006df400000| PB 0x00000006df400000| Untracked 
| 894|0x00000006df800000, 0x00000006df800000, 0x00000006dfc00000|  0%| F|  |TAMS 0x00000006df800000| PB 0x00000006df800000| Untracked 
| 895|0x00000006dfc00000, 0x00000006dfc00000, 0x00000006e0000000|  0%| F|  |TAMS 0x00000006dfc00000| PB 0x00000006dfc00000| Untracked 
| 896|0x00000006e0000000, 0x00000006e0000000, 0x00000006e0400000|  0%| F|  |TAMS 0x00000006e0000000| PB 0x00000006e0000000| Untracked 
| 897|0x00000006e0400000, 0x00000006e0400000, 0x00000006e0800000|  0%| F|  |TAMS 0x00000006e0400000| PB 0x00000006e0400000| Untracked 
| 898|0x00000006e0800000, 0x00000006e0800000, 0x00000006e0c00000|  0%| F|  |TAMS 0x00000006e0800000| PB 0x00000006e0800000| Untracked 
| 899|0x00000006e0c00000, 0x00000006e0c00000, 0x00000006e1000000|  0%| F|  |TAMS 0x00000006e0c00000| PB 0x00000006e0c00000| Untracked 
| 900|0x00000006e1000000, 0x00000006e1000000, 0x00000006e1400000|  0%| F|  |TAMS 0x00000006e1000000| PB 0x00000006e1000000| Untracked 
| 901|0x00000006e1400000, 0x00000006e1400000, 0x00000006e1800000|  0%| F|  |TAMS 0x00000006e1400000| PB 0x00000006e1400000| Untracked 
| 902|0x00000006e1800000, 0x00000006e1800000, 0x00000006e1c00000|  0%| F|  |TAMS 0x00000006e1800000| PB 0x00000006e1800000| Untracked 
| 903|0x00000006e1c00000, 0x00000006e1c00000, 0x00000006e2000000|  0%| F|  |TAMS 0x00000006e1c00000| PB 0x00000006e1c00000| Untracked 
| 904|0x00000006e2000000, 0x00000006e2000000, 0x00000006e2400000|  0%| F|  |TAMS 0x00000006e2000000| PB 0x00000006e2000000| Untracked 
| 905|0x00000006e2400000, 0x00000006e2400000, 0x00000006e2800000|  0%| F|  |TAMS 0x00000006e2400000| PB 0x00000006e2400000| Untracked 
| 906|0x00000006e2800000, 0x00000006e2800000, 0x00000006e2c00000|  0%| F|  |TAMS 0x00000006e2800000| PB 0x00000006e2800000| Untracked 
| 907|0x00000006e2c00000, 0x00000006e2c00000, 0x00000006e3000000|  0%| F|  |TAMS 0x00000006e2c00000| PB 0x00000006e2c00000| Untracked 
| 908|0x00000006e3000000, 0x00000006e3000000, 0x00000006e3400000|  0%| F|  |TAMS 0x00000006e3000000| PB 0x00000006e3000000| Untracked 
| 909|0x00000006e3400000, 0x00000006e3400000, 0x00000006e3800000|  0%| F|  |TAMS 0x00000006e3400000| PB 0x00000006e3400000| Untracked 
| 910|0x00000006e3800000, 0x00000006e3a00000, 0x00000006e3c00000| 50%| E|  |TAMS 0x00000006e3800000| PB 0x00000006e3a00000| Complete 
| 911|0x00000006e3c00000, 0x00000006e4000000, 0x00000006e4000000|100%| E|  |TAMS 0x00000006e3c00000| PB 0x00000006e4000000| Complete 
| 912|0x00000006e4000000, 0x00000006e4400000, 0x00000006e4400000|100%| E|  |TAMS 0x00000006e4000000| PB 0x00000006e4400000| Complete 
| 913|0x00000006e4400000, 0x00000006e4800000, 0x00000006e4800000|100%| E|  |TAMS 0x00000006e4400000| PB 0x00000006e4800000| Complete 
| 914|0x00000006e4800000, 0x00000006e4c00000, 0x00000006e4c00000|100%| E|  |TAMS 0x00000006e4800000| PB 0x00000006e4c00000| Complete 
| 915|0x00000006e4c00000, 0x00000006e5000000, 0x00000006e5000000|100%| E|  |TAMS 0x00000006e4c00000| PB 0x00000006e5000000| Complete 
| 916|0x00000006e5000000, 0x00000006e5400000, 0x00000006e5400000|100%| E|  |TAMS 0x00000006e5000000| PB 0x00000006e5400000| Complete 
| 917|0x00000006e5400000, 0x00000006e5800000, 0x00000006e5800000|100%| E|  |TAMS 0x00000006e5400000| PB 0x00000006e5800000| Complete 
| 918|0x00000006e5800000, 0x00000006e5c00000, 0x00000006e5c00000|100%| E|  |TAMS 0x00000006e5800000| PB 0x00000006e5c00000| Complete 
| 919|0x00000006e5c00000, 0x00000006e6000000, 0x00000006e6000000|100%| E|  |TAMS 0x00000006e5c00000| PB 0x00000006e6000000| Complete 
| 920|0x00000006e6000000, 0x00000006e6400000, 0x00000006e6400000|100%| E|  |TAMS 0x00000006e6000000| PB 0x00000006e6400000| Complete 
| 921|0x00000006e6400000, 0x00000006e6800000, 0x00000006e6800000|100%| E|  |TAMS 0x00000006e6400000| PB 0x00000006e6800000| Complete 
| 922|0x00000006e6800000, 0x00000006e6c00000, 0x00000006e6c00000|100%| E|  |TAMS 0x00000006e6800000| PB 0x00000006e6c00000| Complete 
| 923|0x00000006e6c00000, 0x00000006e7000000, 0x00000006e7000000|100%| E|  |TAMS 0x00000006e6c00000| PB 0x00000006e7000000| Complete 
| 924|0x00000006e7000000, 0x00000006e7400000, 0x00000006e7400000|100%| E|  |TAMS 0x00000006e7000000| PB 0x00000006e7400000| Complete 
| 925|0x00000006e7400000, 0x00000006e7800000, 0x00000006e7800000|100%| E|  |TAMS 0x00000006e7400000| PB 0x00000006e7800000| Complete 
| 926|0x00000006e7800000, 0x00000006e7c00000, 0x00000006e7c00000|100%| E|  |TAMS 0x00000006e7800000| PB 0x00000006e7c00000| Complete 
| 927|0x00000006e7c00000, 0x00000006e8000000, 0x00000006e8000000|100%| E|  |TAMS 0x00000006e7c00000| PB 0x00000006e8000000| Complete 
| 928|0x00000006e8000000, 0x00000006e8400000, 0x00000006e8400000|100%| E|  |TAMS 0x00000006e8000000| PB 0x00000006e8400000| Complete 
| 929|0x00000006e8400000, 0x00000006e8800000, 0x00000006e8800000|100%| E|  |TAMS 0x00000006e8400000| PB 0x00000006e8800000| Complete 
| 930|0x00000006e8800000, 0x00000006e8c00000, 0x00000006e8c00000|100%| E|  |TAMS 0x00000006e8800000| PB 0x00000006e8c00000| Complete 
| 931|0x00000006e8c00000, 0x00000006e9000000, 0x00000006e9000000|100%| E|  |TAMS 0x00000006e8c00000| PB 0x00000006e9000000| Complete 
| 932|0x00000006e9000000, 0x00000006e9400000, 0x00000006e9400000|100%| E|  |TAMS 0x00000006e9000000| PB 0x00000006e9400000| Complete 
| 933|0x00000006e9400000, 0x00000006e9800000, 0x00000006e9800000|100%| E|  |TAMS 0x00000006e9400000| PB 0x00000006e9800000| Complete 
| 934|0x00000006e9800000, 0x00000006e9c00000, 0x00000006e9c00000|100%| E|  |TAMS 0x00000006e9800000| PB 0x00000006e9c00000| Complete 
| 935|0x00000006e9c00000, 0x00000006ea000000, 0x00000006ea000000|100%| E|  |TAMS 0x00000006e9c00000| PB 0x00000006ea000000| Complete 
| 936|0x00000006ea000000, 0x00000006ea400000, 0x00000006ea400000|100%| E|  |TAMS 0x00000006ea000000| PB 0x00000006ea400000| Complete 
| 937|0x00000006ea400000, 0x00000006ea800000, 0x00000006ea800000|100%| E|  |TAMS 0x00000006ea400000| PB 0x00000006ea800000| Complete 
| 938|0x00000006ea800000, 0x00000006eac00000, 0x00000006eac00000|100%| E|  |TAMS 0x00000006ea800000| PB 0x00000006eac00000| Complete 
| 939|0x00000006eac00000, 0x00000006eb000000, 0x00000006eb000000|100%| E|  |TAMS 0x00000006eac00000| PB 0x00000006eb000000| Complete 
| 940|0x00000006eb000000, 0x00000006eb400000, 0x00000006eb400000|100%| E|  |TAMS 0x00000006eb000000| PB 0x00000006eb400000| Complete 
| 941|0x00000006eb400000, 0x00000006eb800000, 0x00000006eb800000|100%| E|  |TAMS 0x00000006eb400000| PB 0x00000006eb800000| Complete 
| 942|0x00000006eb800000, 0x00000006ebc00000, 0x00000006ebc00000|100%| E|  |TAMS 0x00000006eb800000| PB 0x00000006ebc00000| Complete 
| 943|0x00000006ebc00000, 0x00000006ec000000, 0x00000006ec000000|100%| E|  |TAMS 0x00000006ebc00000| PB 0x00000006ec000000| Complete 
| 944|0x00000006ec000000, 0x00000006ec400000, 0x00000006ec400000|100%| E|  |TAMS 0x00000006ec000000| PB 0x00000006ec400000| Complete 
| 945|0x00000006ec400000, 0x00000006ec800000, 0x00000006ec800000|100%| E|  |TAMS 0x00000006ec400000| PB 0x00000006ec800000| Complete 
| 946|0x00000006ec800000, 0x00000006ecc00000, 0x00000006ecc00000|100%| E|  |TAMS 0x00000006ec800000| PB 0x00000006ecc00000| Complete 
| 947|0x00000006ecc00000, 0x00000006ed000000, 0x00000006ed000000|100%| E|  |TAMS 0x00000006ecc00000| PB 0x00000006ed000000| Complete 
| 948|0x00000006ed000000, 0x00000006ed400000, 0x00000006ed400000|100%| E|  |TAMS 0x00000006ed000000| PB 0x00000006ed400000| Complete 
| 949|0x00000006ed400000, 0x00000006ed800000, 0x00000006ed800000|100%| E|  |TAMS 0x00000006ed400000| PB 0x00000006ed800000| Complete 
| 950|0x00000006ed800000, 0x00000006edc00000, 0x00000006edc00000|100%| E|  |TAMS 0x00000006ed800000| PB 0x00000006edc00000| Complete 
| 951|0x00000006edc00000, 0x00000006ee000000, 0x00000006ee000000|100%| E|  |TAMS 0x00000006edc00000| PB 0x00000006ee000000| Complete 
| 952|0x00000006ee000000, 0x00000006ee400000, 0x00000006ee400000|100%| E|  |TAMS 0x00000006ee000000| PB 0x00000006ee400000| Complete 
| 953|0x00000006ee400000, 0x00000006ee800000, 0x00000006ee800000|100%| E|  |TAMS 0x00000006ee400000| PB 0x00000006ee800000| Complete 
| 954|0x00000006ee800000, 0x00000006eec00000, 0x00000006eec00000|100%| E|  |TAMS 0x00000006ee800000| PB 0x00000006eec00000| Complete 
| 955|0x00000006eec00000, 0x00000006ef000000, 0x00000006ef000000|100%| E|  |TAMS 0x00000006eec00000| PB 0x00000006ef000000| Complete 
| 956|0x00000006ef000000, 0x00000006ef400000, 0x00000006ef400000|100%| E|  |TAMS 0x00000006ef000000| PB 0x00000006ef400000| Complete 
| 957|0x00000006ef400000, 0x00000006ef800000, 0x00000006ef800000|100%| E|  |TAMS 0x00000006ef400000| PB 0x00000006ef800000| Complete 
| 958|0x00000006ef800000, 0x00000006efc00000, 0x00000006efc00000|100%| E|  |TAMS 0x00000006ef800000| PB 0x00000006efc00000| Complete 
| 959|0x00000006efc00000, 0x00000006f0000000, 0x00000006f0000000|100%| E|  |TAMS 0x00000006efc00000| PB 0x00000006f0000000| Complete 
| 960|0x00000006f0000000, 0x00000006f0400000, 0x00000006f0400000|100%| E|  |TAMS 0x00000006f0000000| PB 0x00000006f0400000| Complete 
| 961|0x00000006f0400000, 0x00000006f0800000, 0x00000006f0800000|100%| E|  |TAMS 0x00000006f0400000| PB 0x00000006f0800000| Complete 
| 962|0x00000006f0800000, 0x00000006f0c00000, 0x00000006f0c00000|100%| E|  |TAMS 0x00000006f0800000| PB 0x00000006f0c00000| Complete 
| 963|0x00000006f0c00000, 0x00000006f1000000, 0x00000006f1000000|100%| E|  |TAMS 0x00000006f0c00000| PB 0x00000006f1000000| Complete 
| 964|0x00000006f1000000, 0x00000006f1400000, 0x00000006f1400000|100%| E|  |TAMS 0x00000006f1000000| PB 0x00000006f1400000| Complete 
| 965|0x00000006f1400000, 0x00000006f1800000, 0x00000006f1800000|100%| E|  |TAMS 0x00000006f1400000| PB 0x00000006f1800000| Complete 
| 966|0x00000006f1800000, 0x00000006f1c00000, 0x00000006f1c00000|100%| E|  |TAMS 0x00000006f1800000| PB 0x00000006f1c00000| Complete 
| 967|0x00000006f1c00000, 0x00000006f2000000, 0x00000006f2000000|100%| E|  |TAMS 0x00000006f1c00000| PB 0x00000006f2000000| Complete 
| 968|0x00000006f2000000, 0x00000006f2400000, 0x00000006f2400000|100%| E|  |TAMS 0x00000006f2000000| PB 0x00000006f2400000| Complete 
| 969|0x00000006f2400000, 0x00000006f2800000, 0x00000006f2800000|100%| E|  |TAMS 0x00000006f2400000| PB 0x00000006f2800000| Complete 
| 970|0x00000006f2800000, 0x00000006f2c00000, 0x00000006f2c00000|100%| E|  |TAMS 0x00000006f2800000| PB 0x00000006f2c00000| Complete 
| 971|0x00000006f2c00000, 0x00000006f3000000, 0x00000006f3000000|100%| E|  |TAMS 0x00000006f2c00000| PB 0x00000006f3000000| Complete 
| 972|0x00000006f3000000, 0x00000006f3400000, 0x00000006f3400000|100%| E|  |TAMS 0x00000006f3000000| PB 0x00000006f3400000| Complete 
| 973|0x00000006f3400000, 0x00000006f3800000, 0x00000006f3800000|100%| E|  |TAMS 0x00000006f3400000| PB 0x00000006f3800000| Complete 
| 974|0x00000006f3800000, 0x00000006f3c00000, 0x00000006f3c00000|100%| E|  |TAMS 0x00000006f3800000| PB 0x00000006f3c00000| Complete 
| 975|0x00000006f3c00000, 0x00000006f4000000, 0x00000006f4000000|100%| E|  |TAMS 0x00000006f3c00000| PB 0x00000006f4000000| Complete 
| 976|0x00000006f4000000, 0x00000006f4400000, 0x00000006f4400000|100%| E|  |TAMS 0x00000006f4000000| PB 0x00000006f4400000| Complete 
| 977|0x00000006f4400000, 0x00000006f4800000, 0x00000006f4800000|100%| E|  |TAMS 0x00000006f4400000| PB 0x00000006f4800000| Complete 
| 978|0x00000006f4800000, 0x00000006f4c00000, 0x00000006f4c00000|100%| E|  |TAMS 0x00000006f4800000| PB 0x00000006f4c00000| Complete 
| 979|0x00000006f4c00000, 0x00000006f5000000, 0x00000006f5000000|100%| E|  |TAMS 0x00000006f4c00000| PB 0x00000006f5000000| Complete 
| 980|0x00000006f5000000, 0x00000006f5400000, 0x00000006f5400000|100%| E|  |TAMS 0x00000006f5000000| PB 0x00000006f5400000| Complete 
| 981|0x00000006f5400000, 0x00000006f5800000, 0x00000006f5800000|100%| E|  |TAMS 0x00000006f5400000| PB 0x00000006f5800000| Complete 
| 982|0x00000006f5800000, 0x00000006f5c00000, 0x00000006f5c00000|100%| E|  |TAMS 0x00000006f5800000| PB 0x00000006f5c00000| Complete 
| 983|0x00000006f5c00000, 0x00000006f6000000, 0x00000006f6000000|100%| E|  |TAMS 0x00000006f5c00000| PB 0x00000006f6000000| Complete 
| 984|0x00000006f6000000, 0x00000006f6400000, 0x00000006f6400000|100%| E|  |TAMS 0x00000006f6000000| PB 0x00000006f6400000| Complete 
| 985|0x00000006f6400000, 0x00000006f6800000, 0x00000006f6800000|100%| E|  |TAMS 0x00000006f6400000| PB 0x00000006f6800000| Complete 
| 986|0x00000006f6800000, 0x00000006f6c00000, 0x00000006f6c00000|100%| E|  |TAMS 0x00000006f6800000| PB 0x00000006f6c00000| Complete 
| 987|0x00000006f6c00000, 0x00000006f7000000, 0x00000006f7000000|100%| E|  |TAMS 0x00000006f6c00000| PB 0x00000006f7000000| Complete 
| 988|0x00000006f7000000, 0x00000006f7400000, 0x00000006f7400000|100%| E|  |TAMS 0x00000006f7000000| PB 0x00000006f7400000| Complete 
| 989|0x00000006f7400000, 0x00000006f7800000, 0x00000006f7800000|100%| E|  |TAMS 0x00000006f7400000| PB 0x00000006f7800000| Complete 
| 990|0x00000006f7800000, 0x00000006f7c00000, 0x00000006f7c00000|100%| E|  |TAMS 0x00000006f7800000| PB 0x00000006f7c00000| Complete 
| 991|0x00000006f7c00000, 0x00000006f8000000, 0x00000006f8000000|100%| E|  |TAMS 0x00000006f7c00000| PB 0x00000006f8000000| Complete 
| 992|0x00000006f8000000, 0x00000006f8400000, 0x00000006f8400000|100%| E|  |TAMS 0x00000006f8000000| PB 0x00000006f8400000| Complete 
| 993|0x00000006f8400000, 0x00000006f8800000, 0x00000006f8800000|100%| E|  |TAMS 0x00000006f8400000| PB 0x00000006f8800000| Complete 
| 994|0x00000006f8800000, 0x00000006f8c00000, 0x00000006f8c00000|100%| E|  |TAMS 0x00000006f8800000| PB 0x00000006f8c00000| Complete 
| 995|0x00000006f8c00000, 0x00000006f9000000, 0x00000006f9000000|100%| E|  |TAMS 0x00000006f8c00000| PB 0x00000006f9000000| Complete 
| 996|0x00000006f9000000, 0x00000006f9400000, 0x00000006f9400000|100%| E|  |TAMS 0x00000006f9000000| PB 0x00000006f9400000| Complete 
| 997|0x00000006f9400000, 0x00000006f9800000, 0x00000006f9800000|100%| E|  |TAMS 0x00000006f9400000| PB 0x00000006f9800000| Complete 
| 998|0x00000006f9800000, 0x00000006f9c00000, 0x00000006f9c00000|100%| E|  |TAMS 0x00000006f9800000| PB 0x00000006f9c00000| Complete 
| 999|0x00000006f9c00000, 0x00000006fa000000, 0x00000006fa000000|100%| E|  |TAMS 0x00000006f9c00000| PB 0x00000006fa000000| Complete 
|1000|0x00000006fa000000, 0x00000006fa400000, 0x00000006fa400000|100%| E|  |TAMS 0x00000006fa000000| PB 0x00000006fa400000| Complete 
|1001|0x00000006fa400000, 0x00000006fa800000, 0x00000006fa800000|100%| E|  |TAMS 0x00000006fa400000| PB 0x00000006fa800000| Complete 
|1002|0x00000006fa800000, 0x00000006fac00000, 0x00000006fac00000|100%| E|  |TAMS 0x00000006fa800000| PB 0x00000006fac00000| Complete 
|1003|0x00000006fac00000, 0x00000006fb000000, 0x00000006fb000000|100%| E|  |TAMS 0x00000006fac00000| PB 0x00000006fb000000| Complete 
|1004|0x00000006fb000000, 0x00000006fb400000, 0x00000006fb400000|100%| E|  |TAMS 0x00000006fb000000| PB 0x00000006fb400000| Complete 
|1005|0x00000006fb400000, 0x00000006fb800000, 0x00000006fb800000|100%| E|  |TAMS 0x00000006fb400000| PB 0x00000006fb800000| Complete 
|1006|0x00000006fb800000, 0x00000006fbc00000, 0x00000006fbc00000|100%| E|  |TAMS 0x00000006fb800000| PB 0x00000006fbc00000| Complete 
|1007|0x00000006fbc00000, 0x00000006fc000000, 0x00000006fc000000|100%| E|  |TAMS 0x00000006fbc00000| PB 0x00000006fc000000| Complete 
|1008|0x00000006fc000000, 0x00000006fc400000, 0x00000006fc400000|100%| E|  |TAMS 0x00000006fc000000| PB 0x00000006fc400000| Complete 
|1009|0x00000006fc400000, 0x00000006fc800000, 0x00000006fc800000|100%| E|  |TAMS 0x00000006fc400000| PB 0x00000006fc800000| Complete 
|1010|0x00000006fc800000, 0x00000006fcc00000, 0x00000006fcc00000|100%| E|  |TAMS 0x00000006fc800000| PB 0x00000006fcc00000| Complete 
|1011|0x00000006fcc00000, 0x00000006fd000000, 0x00000006fd000000|100%| E|  |TAMS 0x00000006fcc00000| PB 0x00000006fd000000| Complete 
|1012|0x00000006fd000000, 0x00000006fd400000, 0x00000006fd400000|100%| E|  |TAMS 0x00000006fd000000| PB 0x00000006fd400000| Complete 
|1013|0x00000006fd400000, 0x00000006fd800000, 0x00000006fd800000|100%| E|  |TAMS 0x00000006fd400000| PB 0x00000006fd800000| Complete 
|1014|0x00000006fd800000, 0x00000006fdc00000, 0x00000006fdc00000|100%| E|  |TAMS 0x00000006fd800000| PB 0x00000006fdc00000| Complete 
|1015|0x00000006fdc00000, 0x00000006fe000000, 0x00000006fe000000|100%| E|  |TAMS 0x00000006fdc00000| PB 0x00000006fe000000| Complete 
|1016|0x00000006fe000000, 0x00000006fe400000, 0x00000006fe400000|100%| E|  |TAMS 0x00000006fe000000| PB 0x00000006fe400000| Complete 
|1017|0x00000006fe400000, 0x00000006fe800000, 0x00000006fe800000|100%| E|  |TAMS 0x00000006fe400000| PB 0x00000006fe800000| Complete 
|1018|0x00000006fe800000, 0x00000006fec00000, 0x00000006fec00000|100%| E|  |TAMS 0x00000006fe800000| PB 0x00000006fec00000| Complete 
|1019|0x00000006fec00000, 0x00000006ff000000, 0x00000006ff000000|100%| E|  |TAMS 0x00000006fec00000| PB 0x00000006ff000000| Complete 
|1020|0x00000006ff000000, 0x00000006ff400000, 0x00000006ff400000|100%| E|  |TAMS 0x00000006ff000000| PB 0x00000006ff400000| Complete 
|1021|0x00000006ff400000, 0x00000006ff800000, 0x00000006ff800000|100%| E|  |TAMS 0x00000006ff400000| PB 0x00000006ff800000| Complete 
|1022|0x00000006ff800000, 0x00000006ffc00000, 0x00000006ffc00000|100%| E|  |TAMS 0x00000006ff800000| PB 0x00000006ffc00000| Complete 
|1023|0x00000006ffc00000, 0x0000000700000000, 0x0000000700000000|100%| E|  |TAMS 0x00000006ffc00000| PB 0x0000000700000000| Complete 
|1024|0x0000000700000000, 0x0000000700400000, 0x0000000700400000|100%| E|  |TAMS 0x0000000700000000| PB 0x0000000700400000| Complete 
|1025|0x0000000700400000, 0x0000000700800000, 0x0000000700800000|100%| E|  |TAMS 0x0000000700400000| PB 0x0000000700800000| Complete 
|1026|0x0000000700800000, 0x0000000700c00000, 0x0000000700c00000|100%| E|  |TAMS 0x0000000700800000| PB 0x0000000700c00000| Complete 
|1027|0x0000000700c00000, 0x0000000701000000, 0x0000000701000000|100%| E|  |TAMS 0x0000000700c00000| PB 0x0000000701000000| Complete 
|1028|0x0000000701000000, 0x0000000701400000, 0x0000000701400000|100%| E|  |TAMS 0x0000000701000000| PB 0x0000000701400000| Complete 
|1029|0x0000000701400000, 0x0000000701800000, 0x0000000701800000|100%| E|  |TAMS 0x0000000701400000| PB 0x0000000701800000| Complete 
|1030|0x0000000701800000, 0x0000000701c00000, 0x0000000701c00000|100%| E|  |TAMS 0x0000000701800000| PB 0x0000000701c00000| Complete 
|1031|0x0000000701c00000, 0x0000000702000000, 0x0000000702000000|100%| E|  |TAMS 0x0000000701c00000| PB 0x0000000702000000| Complete 
|1032|0x0000000702000000, 0x0000000702400000, 0x0000000702400000|100%| E|  |TAMS 0x0000000702000000| PB 0x0000000702400000| Complete 
|1033|0x0000000702400000, 0x0000000702800000, 0x0000000702800000|100%| E|  |TAMS 0x0000000702400000| PB 0x0000000702800000| Complete 
|1034|0x0000000702800000, 0x0000000702c00000, 0x0000000702c00000|100%| E|  |TAMS 0x0000000702800000| PB 0x0000000702c00000| Complete 
|1035|0x0000000702c00000, 0x0000000703000000, 0x0000000703000000|100%| E|  |TAMS 0x0000000702c00000| PB 0x0000000703000000| Complete 
|1036|0x0000000703000000, 0x0000000703400000, 0x0000000703400000|100%| E|  |TAMS 0x0000000703000000| PB 0x0000000703400000| Complete 
|1037|0x0000000703400000, 0x0000000703800000, 0x0000000703800000|100%| E|  |TAMS 0x0000000703400000| PB 0x0000000703800000| Complete 
|2037|0x00000007fd400000, 0x00000007fd800000, 0x00000007fd800000|100%| E|  |TAMS 0x00000007fd400000| PB 0x00000007fd800000| Complete 
|2038|0x00000007fd800000, 0x00000007fdc00000, 0x00000007fdc00000|100%| E|  |TAMS 0x00000007fd800000| PB 0x00000007fdc00000| Complete 
|2039|0x00000007fdc00000, 0x00000007fe000000, 0x00000007fe000000|100%| E|  |TAMS 0x00000007fdc00000| PB 0x00000007fe000000| Complete 
|2040|0x00000007fe000000, 0x00000007fe400000, 0x00000007fe400000|100%| E|  |TAMS 0x00000007fe000000| PB 0x00000007fe400000| Complete 
|2041|0x00000007fe400000, 0x00000007fe800000, 0x00000007fe800000|100%| E|  |TAMS 0x00000007fe400000| PB 0x00000007fe800000| Complete 
|2042|0x00000007fe800000, 0x00000007fec00000, 0x00000007fec00000|100%| E|  |TAMS 0x00000007fe800000| PB 0x00000007fec00000| Complete 
|2043|0x00000007fec00000, 0x00000007ff000000, 0x00000007ff000000|100%| O|  |TAMS 0x00000007fec00000| PB 0x00000007ff000000| Untracked 
|2044|0x00000007ff000000, 0x00000007ff400000, 0x00000007ff400000|100%| E|  |TAMS 0x00000007ff000000| PB 0x00000007ff400000| Complete 
|2045|0x00000007ff400000, 0x00000007ff800000, 0x00000007ff800000|100%| O|  |TAMS 0x00000007ff400000| PB 0x00000007ff800000| Untracked 
|2046|0x00000007ff800000, 0x00000007ffc00000, 0x00000007ffc00000|100%| O|  |TAMS 0x00000007ff800000| PB 0x00000007ffc00000| Untracked 
|2047|0x00000007ffc00000, 0x0000000800000000, 0x0000000800000000|100%| E|  |TAMS 0x00000007ffc00000| PB 0x0000000800000000| Complete 

Card table byte_map: [0x00007f5f77400000,0x00007f5f78400000] _byte_map_base: 0x00007f5f74400000

Marking Bits: (CMBitMap*) 0x00007f5f8c05c6c0
 Bits: [0x00007f5f6f400000, 0x00007f5f77400000)

Polling page: 0x00007f5f92f10000

Metaspace:

Usage:
  Non-class:    449.09 MB used.
      Class:     96.77 MB used.
       Both:    545.86 MB used.

Virtual space:
  Non-class space:      512.00 MB reserved,     452.44 MB ( 88%) committed,  8 nodes.
      Class space:        1.00 GB reserved,      99.56 MB ( 10%) committed,  1 nodes.
             Both:        1.50 GB reserved,     552.00 MB ( 36%) committed. 

Chunk freelists:
   Non-Class:  11.39 MB
       Class:  12.47 MB
        Both:  23.85 MB

MaxMetaspaceSize: unlimited
CompressedClassSpaceSize: 1.00 GB
Initial GC threshold: 21.00 MB
Current GC threshold: 920.00 MB
CDS: off
 - commit_granule_bytes: 65536.
 - commit_granule_words: 8192.
 - virtual_space_node_default_size: 8388608.
 - enlarge_chunks_in_place: 1.
 - use_allocation_guard: 0.


Internal statistics:

num_allocs_failed_limit: 364.
num_arena_births: 12688.
num_arena_deaths: 1752.
num_vsnodes_births: 9.
num_vsnodes_deaths: 0.
num_space_committed: 8873.
num_space_uncommitted: 28.
num_chunks_returned_to_freelist: 3370.
num_chunks_taken_from_freelist: 43013.
num_chunk_merges: 1645.
num_chunk_splits: 26277.
num_chunks_enlarged: 16134.
num_inconsistent_stats: 0.

CodeHeap 'non-profiled nmethods': size=120028Kb used=51218Kb max_used=61356Kb free=68810Kb
 bounds [0x00007f5f80ec9000, 0x00007f5f84ad9000, 0x00007f5f88400000]
CodeHeap 'profiled nmethods': size=120028Kb used=22118Kb max_used=77023Kb free=97909Kb
 bounds [0x00007f5f79400000, 0x00007f5f7e080000, 0x00007f5f80937000]
CodeHeap 'non-nmethods': size=5704Kb used=5632Kb max_used=5632Kb free=71Kb
 bounds [0x00007f5f80937000, 0x00007f5f80ec9000, 0x00007f5f80ec9000]
 total_blobs=24876 nmethods=20718 adapters=4056
 compilation: enabled
              stopped_count=0, restarted_count=0
 full_count=0

Compilation events (20 events):
Event: 3189.709 Thread 0x00007f5f8c1b8390 164930       3       net.minecraft.world.level.chunk.storage.RegionFile::padToFullSector (50 bytes)
Event: 3189.710 Thread 0x00007f5f8c1b8390 nmethod 164930 0x00007f5f79ab0390 code [0x00007f5f79ab05a0, 0x00007f5f79ab0bb0]
Event: 3189.733 Thread 0x00007f5f8c1b8390 164931       3       java.util.concurrent.ConcurrentHashMap$EntrySetView::spliterator (53 bytes)
Event: 3189.734 Thread 0x00007f5f8c1b8390 nmethod 164931 0x00007f5f7adc3490 code [0x00007f5f7adc3660, 0x00007f5f7adc3930]
Event: 3189.734 Thread 0x00007f5f8c1b8390 164932       3       java.util.concurrent.ConcurrentHashMap$EntrySpliterator::<init> (22 bytes)
Event: 3189.736 Thread 0x00007f5f8c1b8390 nmethod 164932 0x00007f5f7b23d790 code [0x00007f5f7b23d940, 0x00007f5f7b23daf0]
Event: 3189.740 Thread 0x00007f5ec819e1c0 164933 %     4       com.mojang.blaze3d.systems.RenderSystem::ixeris$busyWait @ 0 (22 bytes)
Event: 3189.742 Thread 0x00007f5ec819e1c0 nmethod 164933% 0x00007f5f81e5e410 code [0x00007f5f81e5e5c0, 0x00007f5f81e5e6d0]
Event: 3189.742 Thread 0x00007f5ec819e1c0 164934       4       com.mojang.blaze3d.systems.RenderSystem::ixeris$busyWait (22 bytes)
Event: 3189.743 Thread 0x00007f5ec819e1c0 nmethod 164934 0x00007f5f81e91290 code [0x00007f5f81e91440, 0x00007f5f81e91518]
Event: 3189.766 Thread 0x00007f5f8c1b8390 164935       1       java.nio.Buffer::capacity (5 bytes)
Event: 3189.766 Thread 0x00007f5f8c1b8390 nmethod 164935 0x00007f5f81c36d10 code [0x00007f5f81c36ea0, 0x00007f5f81c36f60]
Event: 3189.862 Thread 0x00007f5f6b52eb00 164936       4       java.util.concurrent.ConcurrentHashMap::removeValueIf (93 bytes)
Event: 3189.862 Thread 0x00007f5ec819e1c0 164937       4       net.minecraft.world.level.chunk.storage.IOWorker::submitTask (15 bytes)
Event: 3189.894 Thread 0x00007f5ec819e1c0 nmethod 164937 0x00007f5f8210e390 code [0x00007f5f8210e560, 0x00007f5f8210e968]
Event: 3189.894 Thread 0x00007f5ec819e1c0 164941       4       java.util.concurrent.locks.LockSupport::parkNanos (31 bytes)
Event: 3189.905 Thread 0x00007f5ec819e1c0 nmethod 164941 0x00007f5f81e95290 code [0x00007f5f81e95420, 0x00007f5f81e95538]
Event: 3189.905 Thread 0x00007f5ec819e1c0 164938       4       net.minecraft.world.level.chunk.storage.IOWorker$$Lambda/0x0000000805a7d9c8::<init> (15 bytes)
Event: 3189.907 Thread 0x00007f5f8c1b8390 164943       3       net.minecraft.server.packs.resources.MultiPackResourceManager$$Lambda/0x000000080497bab8::accept (10 bytes)
Event: 3189.907 Thread 0x00007f5f8c1b8390 nmethod 164943 0x00007f5f7b16fc90 code [0x00007f5f7b16fe40, 0x00007f5f7b170118]

GC Heap History (20 events):
Event: 3137.352 GC heap after
{Heap after GC invocations=390 (full 2):
 garbage-first heap   total 4296704K, used 2446982K [0x0000000600000000, 0x0000000800000000)
  region size 4096K, 16 young (65536K), 16 survivors (65536K)
 Metaspace       used 558842K, committed 565120K, reserved 1572864K
  class space    used 99073K, committed 101888K, reserved 1048576K
}
Event: 3141.185 GC heap before
{Heap before GC invocations=390 (full 2):
 garbage-first heap   total 4296704K, used 4007558K [0x0000000600000000, 0x0000000800000000)
  region size 4096K, 398 young (1630208K), 16 survivors (65536K)
 Metaspace       used 558842K, committed 565120K, reserved 1572864K
  class space    used 99073K, committed 101888K, reserved 1048576K
}
Event: 3141.205 GC heap after
{Heap after GC invocations=391 (full 2):
 garbage-first heap   total 4296704K, used 2448878K [0x0000000600000000, 0x0000000800000000)
  region size 4096K, 16 young (65536K), 16 survivors (65536K)
 Metaspace       used 558842K, committed 565120K, reserved 1572864K
  class space    used 99073K, committed 101888K, reserved 1048576K
}
Event: 3144.093 GC heap before
{Heap before GC invocations=392 (full 2):
 garbage-first heap   total 4296704K, used 4009454K [0x0000000600000000, 0x0000000800000000)
  region size 4096K, 397 young (1626112K), 16 survivors (65536K)
 Metaspace       used 558842K, committed 565120K, reserved 1572864K
  class space    used 99073K, committed 101888K, reserved 1048576K
}
Event: 3144.113 GC heap after
{Heap after GC invocations=393 (full 2):
 garbage-first heap   total 4296704K, used 2455118K [0x0000000600000000, 0x0000000800000000)
  region size 4096K, 17 young (69632K), 17 survivors (69632K)
 Metaspace       used 558842K, committed 565120K, reserved 1572864K
  class space    used 99073K, committed 101888K, reserved 1048576K
}
Event: 3147.259 GC heap before
{Heap before GC invocations=393 (full 2):
 garbage-first heap   total 4296704K, used 4003406K [0x0000000600000000, 0x0000000800000000)
  region size 4096K, 395 young (1617920K), 17 survivors (69632K)
 Metaspace       used 558845K, committed 565120K, reserved 1572864K
  class space    used 99073K, committed 101888K, reserved 1048576K
}
Event: 3147.298 GC heap after
{Heap after GC invocations=394 (full 2):
 garbage-first heap   total 4296704K, used 2450411K [0x0000000600000000, 0x0000000800000000)
  region size 4096K, 15 young (61440K), 15 survivors (61440K)
 Metaspace       used 558845K, committed 565120K, reserved 1572864K
  class space    used 99073K, committed 101888K, reserved 1048576K
}
Event: 3151.392 GC heap before
{Heap before GC invocations=394 (full 2):
 garbage-first heap   total 4296704K, used 4015083K [0x0000000600000000, 0x0000000800000000)
  region size 4096K, 397 young (1626112K), 15 survivors (61440K)
 Metaspace       used 558847K, committed 565120K, reserved 1572864K
  class space    used 99073K, committed 101888K, reserved 1048576K
}
Event: 3151.410 GC heap after
{Heap after GC invocations=395 (full 2):
 garbage-first heap   total 4296704K, used 2439711K [0x0000000600000000, 0x0000000800000000)
  region size 4096K, 12 young (49152K), 12 survivors (49152K)
 Metaspace       used 558847K, committed 565120K, reserved 1572864K
  class space    used 99073K, committed 101888K, reserved 1048576K
}
Event: 3157.100 GC heap before
{Heap before GC invocations=396 (full 2):
 garbage-first heap   total 4296704K, used 4020767K [0x0000000600000000, 0x0000000800000000)
  region size 4096K, 399 young (1634304K), 12 survivors (49152K)
 Metaspace       used 558857K, committed 565120K, reserved 1572864K
  class space    used 99073K, committed 101888K, reserved 1048576K
}
Event: 3157.120 GC heap after
{Heap after GC invocations=397 (full 2):
 garbage-first heap   total 4296704K, used 2435098K [0x0000000600000000, 0x0000000800000000)
  region size 4096K, 10 young (40960K), 10 survivors (40960K)
 Metaspace       used 558857K, committed 565120K, reserved 1572864K
  class space    used 99073K, committed 101888K, reserved 1048576K
}
Event: 3162.882 GC heap before
{Heap before GC invocations=397 (full 2):
 garbage-first heap   total 4296704K, used 4032538K [0x0000000600000000, 0x0000000800000000)
  region size 4096K, 401 young (1642496K), 10 survivors (40960K)
 Metaspace       used 558857K, committed 565120K, reserved 1572864K
  class space    used 99073K, committed 101888K, reserved 1048576K
}
Event: 3162.916 GC heap after
{Heap after GC invocations=398 (full 2):
 garbage-first heap   total 4296704K, used 2432859K [0x0000000600000000, 0x0000000800000000)
  region size 4096K, 10 young (40960K), 10 survivors (40960K)
 Metaspace       used 558857K, committed 565120K, reserved 1572864K
  class space    used 99073K, committed 101888K, reserved 1048576K
}
Event: 3168.559 GC heap before
{Heap before GC invocations=398 (full 2):
 garbage-first heap   total 4296704K, used 4030299K [0x0000000600000000, 0x0000000800000000)
  region size 4096K, 401 young (1642496K), 10 survivors (40960K)
 Metaspace       used 558859K, committed 565120K, reserved 1572864K
  class space    used 99073K, committed 101888K, reserved 1048576K
}
Event: 3168.580 GC heap after
{Heap after GC invocations=399 (full 2):
 garbage-first heap   total 4296704K, used 2444361K [0x0000000600000000, 0x0000000800000000)
  region size 4096K, 12 young (49152K), 12 survivors (49152K)
 Metaspace       used 558859K, committed 565120K, reserved 1572864K
  class space    used 99073K, committed 101888K, reserved 1048576K
}
Event: 3177.003 GC heap before
{Heap before GC invocations=400 (full 2):
 garbage-first heap   total 4296704K, used 4029513K [0x0000000600000000, 0x0000000800000000)
  region size 4096K, 399 young (1634304K), 12 survivors (49152K)
 Metaspace       used 558897K, committed 565248K, reserved 1572864K
  class space    used 99082K, committed 101952K, reserved 1048576K
}
Event: 3177.020 GC heap after
{Heap after GC invocations=401 (full 2):
 garbage-first heap   total 4296704K, used 2432374K [0x0000000600000000, 0x0000000800000000)
  region size 4096K, 8 young (32768K), 8 survivors (32768K)
 Metaspace       used 558897K, committed 565248K, reserved 1572864K
  class space    used 99082K, committed 101952K, reserved 1048576K
}
Event: 3185.513 GC heap before
{Heap before GC invocations=401 (full 2):
 garbage-first heap   total 4296704K, used 4042102K [0x0000000600000000, 0x0000000800000000)
  region size 4096K, 401 young (1642496K), 8 survivors (32768K)
 Metaspace       used 558900K, committed 565248K, reserved 1572864K
  class space    used 99082K, committed 101952K, reserved 1048576K
}
Event: 3185.533 GC heap after
{Heap after GC invocations=402 (full 2):
 garbage-first heap   total 4296704K, used 2428646K [0x0000000600000000, 0x0000000800000000)
  region size 4096K, 7 young (28672K), 7 survivors (28672K)
 Metaspace       used 558900K, committed 565248K, reserved 1572864K
  class space    used 99082K, committed 101952K, reserved 1048576K
}
Event: 3189.910 GC heap before
{Heap before GC invocations=402 (full 2):
 garbage-first heap   total 4296704K, used 2977510K [0x0000000600000000, 0x0000000800000000)
  region size 4096K, 143 young (585728K), 7 survivors (28672K)
 Metaspace       used 558960K, committed 565248K, reserved 1572864K
  class space    used 99090K, committed 101952K, reserved 1048576K
}

Dll operation events (20 events):
Event: 0.091 Loaded shared library /run/media/ashy/Shared/.minecraftx/jre/java-runtime-delta/lib/libjsvml.so
Event: 0.100 Loaded shared library /run/media/ashy/Shared/.minecraftx/jre/java-runtime-delta/lib/libnio.so
Event: 0.184 Loaded shared library /run/media/ashy/Shared/.minecraftx/jre/java-runtime-delta/lib/libzip.so
Event: 0.272 Loaded shared library /run/media/ashy/Shared/.minecraftx/jre/java-runtime-delta/lib/libinstrument.so
Event: 0.389 Loaded shared library /run/media/ashy/Shared/.minecraftx/jre/java-runtime-delta/lib/libnet.so
Event: 0.420 Loaded shared library /run/media/ashy/Shared/.minecraftx/jre/java-runtime-delta/lib/libjimage.so
Event: 0.466 Loaded shared library /run/media/ashy/Shared/.minecraftx/jre/java-runtime-delta/lib/libextnet.so
Event: 0.650 Loaded shared library /run/media/ashy/Shared/.minecraftx/jre/java-runtime-delta/lib/libverify.so
Event: 2.080 Loaded shared library /run/media/ashy/Shared/.minecraftx/jre/java-runtime-delta/lib/libmanagement.so
Event: 2.081 Loaded shared library /run/media/ashy/Shared/.minecraftx/jre/java-runtime-delta/lib/libmanagement_ext.so
Event: 2.931 Loaded shared library /run/media/ashy/Shared/.minecraftx/versions/neoforge-21.1.248/neoforge-21.1.248-natives/liblwjgl.so
Event: 4.049 Loaded shared library /run/media/ashy/Shared/.minecraftx/versions/neoforge-21.1.248/neoforge-21.1.248-natives/liblwjgl_opengl.so
Event: 4.551 Loaded shared library /run/media/ashy/Shared/.minecraftx/versions/neoforge-21.1.248/neoforge-21.1.248-natives/jna15729609071379186243.tmp
Event: 34.404 Loaded shared library /run/media/ashy/Shared/.minecraftx/versions/neoforge-21.1.248/neoforge-21.1.248-natives/liblwjgl_stb.so
Event: 35.004 Loaded shared library /tmp/native-15063428100105333574.so
Event: 35.008 Loaded shared library /tmp/native-127927720913241567.so
Event: 38.966 Loaded shared library /run/media/ashy/Shared/.minecraftx/jre/java-runtime-delta/lib/libawt.so
Event: 38.967 Loaded shared library /run/media/ashy/Shared/.minecraftx/jre/java-runtime-delta/lib/libawt_headless.so
Event: 428.589 Loaded shared library /run/media/ashy/Shared/.minecraftx/instances/Gearfall Dev/.sable/natives/sable_rapier_x86_64_linux.so
Event: 1158.890 Loaded shared library /tmp/sqlite-3.46.1.3-e7ad75a7-d374-46dd-aa1c-0369f2030d61-libsqlitejdbc.so

Deoptimization events (20 events):
Event: 3185.619 Thread 0x00007f5f8d593ac0 Uncommon trap: trap_request=0xffffffde fr.pc=0x00007f5f82b8abe4 relative=0x00000000000000a4
Event: 3185.619 Thread 0x00007f5f8d593ac0 Uncommon trap: reason=class_check action=maybe_recompile pc=0x00007f5f82b8abe4 method=java.util.Optional.orElseThrow(Ljava/util/function/Supplier;)Ljava/lang/Object; @ 13 c2
Event: 3185.619 Thread 0x00007f5f8d593ac0 DEOPT PACKING pc=0x00007f5f82b8abe4 sp=0x00007f5f43176ae0
Event: 3185.619 Thread 0x00007f5f8d593ac0 DEOPT UNPACKING pc=0x00007f5f8098e619 sp=0x00007f5f43176a90 mode 2
Event: 3186.357 Thread 0x00007f5f21da4120 Uncommon trap: trap_request=0xffffff45 fr.pc=0x00007f5f8277b7a0 relative=0x0000000000000100
Event: 3186.357 Thread 0x00007f5f21da4120 Uncommon trap: reason=unstable_if action=reinterpret pc=0x00007f5f8277b7a0 method=net.minecraft.Util.lambda$allOf$9([Ljava/util/function/Predicate;Ljava/lang/Object;)Z @ 11 c2
Event: 3186.357 Thread 0x00007f5f21da4120 DEOPT PACKING pc=0x00007f5f8277b7a0 sp=0x00007f5f18d7dac0
Event: 3186.357 Thread 0x00007f5f21da4120 DEOPT UNPACKING pc=0x00007f5f8098e619 sp=0x00007f5f18d7da00 mode 2
Event: 3189.335 Thread 0x00007f5f21da4120 Uncommon trap: trap_request=0xffffff45 fr.pc=0x00007f5f82022e30 relative=0x00000000000008d0
Event: 3189.335 Thread 0x00007f5f21da4120 Uncommon trap: reason=unstable_if action=reinterpret pc=0x00007f5f82022e30 method=net.minecraft.server.level.ChunkMap.removeEntity(Lnet/minecraft/world/entity/Entity;)V @ 4 c2
Event: 3189.335 Thread 0x00007f5f21da4120 DEOPT PACKING pc=0x00007f5f82022e30 sp=0x00007f5f18d7e170
Event: 3189.335 Thread 0x00007f5f21da4120 DEOPT UNPACKING pc=0x00007f5f8098e619 sp=0x00007f5f18d7e048 mode 2
Event: 3189.345 Thread 0x00007f5f21da4120 Uncommon trap: trap_request=0xffffff45 fr.pc=0x00007f5f83d11a88 relative=0x0000000000001928
Event: 3189.345 Thread 0x00007f5f21da4120 Uncommon trap: reason=unstable_if action=reinterpret pc=0x00007f5f83d11a88 method=com.rieno.gadgetsandgizmos.registry.CTFeatureToggles.currentEntityValues()Ljava/util/Map; @ 5 c2
Event: 3189.345 Thread 0x00007f5f21da4120 DEOPT PACKING pc=0x00007f5f83d11a88 sp=0x00007f5f18d7e4a0
Event: 3189.345 Thread 0x00007f5f21da4120 DEOPT UNPACKING pc=0x00007f5f8098e619 sp=0x00007f5f18d7e410 mode 2
Event: 3189.416 Thread 0x00007f5f21da4120 Uncommon trap: trap_request=0xffffff45 fr.pc=0x00007f5f8156da58 relative=0x0000000000000a18
Event: 3189.416 Thread 0x00007f5f21da4120 Uncommon trap: reason=unstable_if action=reinterpret pc=0x00007f5f8156da58 method=it.unimi.dsi.fastutil.ints.Int2ObjectLinkedOpenHashMap.fixPointers(II)V @ 33 c2
Event: 3189.416 Thread 0x00007f5f21da4120 DEOPT PACKING pc=0x00007f5f8156da58 sp=0x00007f5f18d7dfb0
Event: 3189.416 Thread 0x00007f5f21da4120 DEOPT UNPACKING pc=0x00007f5f8098e619 sp=0x00007f5f18d7de68 mode 2

Classes loaded (20 events):
Event: 470.229 Loading class java/util/stream/Sink$OfDouble done
Event: 470.229 Loading class java/util/stream/ReduceOps$13ReducingSink done
Event: 470.230 Loading class java/util/stream/ReferencePipeline$6$1
Event: 470.230 Loading class java/util/stream/ReferencePipeline$6$1 done
Event: 470.301 Loading class java/lang/FdLibm$Acos
Event: 470.301 Loading class java/lang/FdLibm$Acos done
Event: 471.346 Loading class java/lang/invoke/BoundMethodHandle$Species_LLLLLLLLLL
Event: 471.346 Loading class java/lang/invoke/BoundMethodHandle$Species_LLLLLLLLLL done
Event: 471.352 Loading class java/lang/invoke/BoundMethodHandle$Species_LLLLLLLLLLL
Event: 471.352 Loading class java/lang/invoke/BoundMethodHandle$Species_LLLLLLLLLLL done
Event: 489.574 Loading class java/util/DualPivotQuicksort$Sorter
Event: 489.574 Loading class java/util/DualPivotQuicksort$Sorter done
Event: 506.800 Loading class java/util/zip/ZipOutputStream$XEntry
Event: 506.800 Loading class java/util/zip/ZipOutputStream$XEntry done
Event: 934.103 Loading class java/lang/invoke/BoundMethodHandle$Species_LLLLLLLLLLLL
Event: 934.104 Loading class java/lang/invoke/BoundMethodHandle$Species_LLLLLLLLLLLL done
Event: 934.109 Loading class java/lang/invoke/BoundMethodHandle$Species_LLLLLLLLLLLLL
Event: 934.109 Loading class java/lang/invoke/BoundMethodHandle$Species_LLLLLLLLLLLLL done
Event: 1108.003 Loading class java/util/ArrayList$SubList$2
Event: 1108.005 Loading class java/util/ArrayList$SubList$2 done

Classes unloaded (20 events):
Event: 28.556 Thread 0x00007f5f8c1275d0 Unloading class 0x0000000800398000 'java/lang/invoke/LambdaForm$MH+0x0000000800398000'
Event: 28.556 Thread 0x00007f5f8c1275d0 Unloading class 0x0000000800397400 'java/lang/invoke/LambdaForm$MH+0x0000000800397400'
Event: 28.556 Thread 0x00007f5f8c1275d0 Unloading class 0x0000000800397000 'java/lang/invoke/LambdaForm$MH+0x0000000800397000'
Event: 28.556 Thread 0x00007f5f8c1275d0 Unloading class 0x0000000800396c00 'java/lang/invoke/LambdaForm$MH+0x0000000800396c00'
Event: 28.556 Thread 0x00007f5f8c1275d0 Unloading class 0x0000000800396000 'java/lang/invoke/LambdaForm$MH+0x0000000800396000'
Event: 28.556 Thread 0x00007f5f8c1275d0 Unloading class 0x0000000800396400 'java/lang/invoke/LambdaForm$MH+0x0000000800396400'
Event: 28.556 Thread 0x00007f5f8c1275d0 Unloading class 0x0000000800395800 'java/lang/invoke/LambdaForm$MH+0x0000000800395800'
Event: 28.556 Thread 0x00007f5f8c1275d0 Unloading class 0x0000000800395c00 'java/lang/invoke/LambdaForm$MH+0x0000000800395c00'
Event: 28.556 Thread 0x00007f5f8c1275d0 Unloading class 0x0000000800395000 'java/lang/invoke/LambdaForm$MH+0x0000000800395000'
Event: 28.556 Thread 0x00007f5f8c1275d0 Unloading class 0x0000000800394800 'java/lang/invoke/LambdaForm$MH+0x0000000800394800'
Event: 50.970 Thread 0x00007f5f8c1275d0 Unloading class 0x000000080113d400 'com/google/gson/internal/reflect/ReflectionHelper$RecordSupportedHelper$$InjectedInvoker+0x000000080113d400'
Event: 50.970 Thread 0x00007f5f8c1275d0 Unloading class 0x000000080113c800 'java/lang/invoke/LambdaForm$MH+0x000000080113c800'
Event: 50.970 Thread 0x00007f5f8c1275d0 Unloading class 0x000000080113c400 'java/lang/invoke/LambdaForm$MH+0x000000080113c400'
Event: 204.564 Thread 0x00007f5f8c1275d0 Unloading class 0x0000000804b6a400 'java/lang/invoke/LambdaForm$DMH+0x0000000804b6a400'
Event: 204.564 Thread 0x00007f5f8c1275d0 Unloading class 0x0000000804ae1400 'java/lang/invoke/LambdaForm$MH+0x0000000804ae1400'
Event: 495.774 Thread 0x00007f5f8c1275d0 Unloading class 0x0000000805f14000 'java/lang/invoke/LambdaForm$DMH+0x0000000805f14000'
Event: 596.633 Thread 0x00007f5f8c1275d0 Unloading class 0x0000000806179800 'java/lang/invoke/LambdaForm$MH+0x0000000806179800'
Event: 596.633 Thread 0x00007f5f8c1275d0 Unloading class 0x0000000806178c00 'java/lang/invoke/LambdaForm$BMH+0x0000000806178c00'
Event: 596.633 Thread 0x00007f5f8c1275d0 Unloading class 0x0000000806178800 'java/lang/invoke/LambdaForm$DMH+0x0000000806178800'
Event: 596.633 Thread 0x00007f5f8c1275d0 Unloading class 0x000000080611c400 'java/lang/invoke/LambdaForm$DMH+0x000000080611c400'

Classes redefined (0 events):
No events

Internal exceptions (20 events):
Event: 3189.479 Thread 0x00007f5ec824e520 Exception <a 'sun/nio/fs/UnixException'{0x00000006e5693600}> (0x00000006e5693600) 
thrown [src/hotspot/share/prims/jni.cpp, line 520]
Event: 3189.481 Thread 0x00007f5ec824e520 Exception <a 'sun/nio/fs/UnixException'{0x00000006e5699430}> (0x00000006e5699430) 
thrown [src/hotspot/share/prims/jni.cpp, line 520]
Event: 3189.483 Thread 0x00007f5ec824e520 Exception <a 'sun/nio/fs/UnixException'{0x00000006e569f1f8}> (0x00000006e569f1f8) 
thrown [src/hotspot/share/prims/jni.cpp, line 520]
Event: 3189.485 Thread 0x00007f5f5cbc2cb0 Exception <a 'sun/nio/fs/UnixException'{0x00000006e520d5b0}> (0x00000006e520d5b0) 
thrown [src/hotspot/share/prims/jni.cpp, line 520]
Event: 3189.490 Thread 0x00007f5f6bd6b890 Exception <a 'sun/nio/fs/UnixException'{0x00000006e4c44990}> (0x00000006e4c44990) 
thrown [src/hotspot/share/prims/jni.cpp, line 520]
Event: 3189.492 Thread 0x00007f5f5cbc2cb0 Exception <a 'sun/nio/fs/UnixException'{0x00000006e52134b8}> (0x00000006e52134b8) 
thrown [src/hotspot/share/prims/jni.cpp, line 520]
Event: 3189.497 Thread 0x00007f5ec824e520 Exception <a 'sun/nio/fs/UnixException'{0x00000006e56a5098}> (0x00000006e56a5098) 
thrown [src/hotspot/share/prims/jni.cpp, line 520]
Event: 3189.504 Thread 0x00007f5f6bd6b890 Exception <a 'sun/nio/fs/UnixException'{0x00000006e4c4aba0}> (0x00000006e4c4aba0) 
thrown [src/hotspot/share/prims/jni.cpp, line 520]
Event: 3189.507 Thread 0x00007f5ec824e520 Exception <a 'sun/nio/fs/UnixException'{0x00000006e56ab6a0}> (0x00000006e56ab6a0) 
thrown [src/hotspot/share/prims/jni.cpp, line 520]
Event: 3189.529 Thread 0x00007f5f21da4120 Exception <a 'sun/nio/fs/UnixException'{0x00000006e48f1d48}> (0x00000006e48f1d48) 
thrown [src/hotspot/share/prims/jni.cpp, line 520]
Event: 3189.533 Thread 0x00007f5f21da4120 Exception <a 'sun/nio/fs/UnixException'{0x00000006e48f4970}> (0x00000006e48f4970) 
thrown [src/hotspot/share/prims/jni.cpp, line 520]
Event: 3189.534 Thread 0x00007f5f21da4120 Exception <a 'sun/nio/fs/UnixException'{0x00000006e48f7350}> (0x00000006e48f7350) 
thrown [src/hotspot/share/prims/jni.cpp, line 520]
Event: 3189.535 Thread 0x00007f5f21da4120 Exception <a 'sun/nio/fs/UnixException'{0x00000006e48f9e80}> (0x00000006e48f9e80) 
thrown [src/hotspot/share/prims/jni.cpp, line 520]
Event: 3189.535 Thread 0x00007f5f21da4120 Exception <a 'sun/nio/fs/UnixException'{0x00000006e48fc980}> (0x00000006e48fc980) 
thrown [src/hotspot/share/prims/jni.cpp, line 520]
Event: 3189.536 Thread 0x00007f5f21da4120 Exception <a 'sun/nio/fs/UnixException'{0x00000006e48ff450}> (0x00000006e48ff450) 
thrown [src/hotspot/share/prims/jni.cpp, line 520]
Event: 3189.536 Thread 0x00007f5f21da4120 Exception <a 'sun/nio/fs/UnixException'{0x00000006e4901e30}> (0x00000006e4901e30) 
thrown [src/hotspot/share/prims/jni.cpp, line 520]
Event: 3189.569 Thread 0x00007f5f6bd6b890 Exception <a 'sun/nio/fs/UnixException'{0x00000006e442f760}> (0x00000006e442f760) 
thrown [src/hotspot/share/prims/jni.cpp, line 520]
Event: 3189.630 Thread 0x00007f5f21da4120 Exception <a 'sun/nio/fs/UnixException'{0x00000006e4740fc0}> (0x00000006e4740fc0) 
thrown [src/hotspot/share/prims/jni.cpp, line 520]
Event: 3189.630 Thread 0x00007f5f21da4120 Exception <a 'sun/nio/fs/UnixException'{0x00000006e4741250}> (0x00000006e4741250) 
thrown [src/hotspot/share/prims/jni.cpp, line 520]
Event: 3189.630 Thread 0x00007f5f21da4120 Exception <a 'sun/nio/fs/UnixException'{0x00000006e47414f8}> (0x00000006e47414f8) 
thrown [src/hotspot/share/prims/jni.cpp, line 520]

ZGC Phase Switch (0 events):
No events

VM Operations (20 events):
Event: 3180.021 Executing VM operation: Cleanup done
Event: 3180.790 Executing VM operation: HandshakeAllThreads (HandshakeForDeflation)
Event: 3180.790 Executing VM operation: HandshakeAllThreads (HandshakeForDeflation) done
Event: 3180.790 Executing VM operation: RendezvousGCThreads
Event: 3180.790 Executing VM operation: RendezvousGCThreads done
Event: 3181.790 Executing VM operation: Cleanup
Event: 3181.790 Executing VM operation: Cleanup done
Event: 3182.790 Executing VM operation: Cleanup
Event: 3182.790 Executing VM operation: Cleanup done
Event: 3183.790 Executing VM operation: Cleanup
Event: 3183.790 Executing VM operation: Cleanup done
Event: 3185.513 Executing VM operation: G1CollectForAllocation (G1 Evacuation Pause)
Event: 3185.533 Executing VM operation: G1CollectForAllocation (G1 Evacuation Pause) done
Event: 3186.533 Executing VM operation: Cleanup
Event: 3186.533 Executing VM operation: Cleanup done
Event: 3188.534 Executing VM operation: Cleanup
Event: 3188.534 Executing VM operation: Cleanup done
Event: 3189.534 Executing VM operation: Cleanup
Event: 3189.534 Executing VM operation: Cleanup done
Event: 3189.910 Executing VM operation: G1CollectFull (System.gc())

Memory protections (20 events):
Event: 3151.571 Protecting memory [0x00007f5f426fc000,0x00007f5f42700000] with protection modes 0
Event: 3163.266 Protecting memory [0x00007f5f412fe000,0x00007f5f41302000] with protection modes 0
Event: 3170.660 Protecting memory [0x00007f5f426fc000,0x00007f5f42700000] with protection modes 0
Event: 3171.566 Protecting memory [0x00007f5f426fc000,0x00007f5f42700000] with protection modes 0
Event: 3173.208 Protecting memory [0x00007f5f426fc000,0x00007f5f42700000] with protection modes 0
Event: 3173.564 Protecting memory [0x00007f5f426fc000,0x00007f5f42700000] with protection modes 0
Event: 3173.578 Protecting memory [0x00007f5f19a80000,0x00007f5f19a84000] with protection modes 0
Event: 3175.846 Protecting memory [0x00007f5f426fc000,0x00007f5f42700000] with protection modes 0
Event: 3175.847 Protecting memory [0x00007f5f19a80000,0x00007f5f19a84000] with protection modes 0
Event: 3176.237 Protecting memory [0x00007f5f426fc000,0x00007f5f42700000] with protection modes 0
Event: 3186.342 Protecting memory [0x00007f5f426fc000,0x00007f5f42700000] with protection modes 0
Event: 3188.315 Protecting memory [0x00007f5f426fc000,0x00007f5f42700000] with protection modes 0
Event: 3188.931 Protecting memory [0x00007f5f426fc000,0x00007f5f42700000] with protection modes 0
Event: 3188.932 Protecting memory [0x00007f5f19a80000,0x00007f5f19a84000] with protection modes 0
Event: 3189.049 Protecting memory [0x00007f5f19a80000,0x00007f5f19a84000] with protection modes 0
Event: 3189.055 Protecting memory [0x00007f5f0d57d000,0x00007f5f0d581000] with protection modes 0
Event: 3189.088 Protecting memory [0x00007f5f0d57d000,0x00007f5f0d581000] with protection modes 0
Event: 3189.090 Protecting memory [0x00007f5f1b88a000,0x00007f5f1b88e000] with protection modes 0
Event: 3189.143 Protecting memory [0x00007f5f57494000,0x00007f5f57498000] with protection modes 0
Event: 3189.147 Protecting memory [0x00007f5f4327b000,0x00007f5f4327f000] with protection modes 0

Nmethod flushes (20 events):
Event: 3172.399 Thread 0x00007f5f8c1275d0 flushing  nmethod 0x00007f5f83d0e610
Event: 3172.399 Thread 0x00007f5f8c1275d0 flushing  nmethod 0x00007f5f83e51b90
Event: 3172.399 Thread 0x00007f5f8c1275d0 flushing  nmethod 0x00007f5f83ec9b90
Event: 3172.399 Thread 0x00007f5f8c1275d0 flushing  nmethod 0x00007f5f83f63190
Event: 3172.399 Thread 0x00007f5f8c1275d0 flushing  nmethod 0x00007f5f84153f90
Event: 3172.399 Thread 0x00007f5f8c1275d0 flushing  nmethod 0x00007f5f841e3910
Event: 3172.399 Thread 0x00007f5f8c1275d0 flushing  nmethod 0x00007f5f79556c10
Event: 3172.399 Thread 0x00007f5f8c1275d0 flushing  nmethod 0x00007f5f79591b90
Event: 3172.399 Thread 0x00007f5f8c1275d0 flushing  nmethod 0x00007f5f7a19f010
Event: 3172.399 Thread 0x00007f5f8c1275d0 flushing  nmethod 0x00007f5f7a8c8d90
Event: 3172.399 Thread 0x00007f5f8c1275d0 flushing  nmethod 0x00007f5f7aac2d10
Event: 3172.399 Thread 0x00007f5f8c1275d0 flushing  nmethod 0x00007f5f7ac9cc90
Event: 3172.399 Thread 0x00007f5f8c1275d0 flushing  nmethod 0x00007f5f7c35d390
Event: 3172.399 Thread 0x00007f5f8c1275d0 flushing  nmethod 0x00007f5f7c35df10
Event: 3172.399 Thread 0x00007f5f8c1275d0 flushing  nmethod 0x00007f5f7c72f110
Event: 3172.399 Thread 0x00007f5f8c1275d0 flushing  nmethod 0x00007f5f7c72f490
Event: 3172.399 Thread 0x00007f5f8c1275d0 flushing  nmethod 0x00007f5f7d42e390
Event: 3172.399 Thread 0x00007f5f8c1275d0 flushing  nmethod 0x00007f5f7d943c90
Event: 3172.399 Thread 0x00007f5f8c1275d0 flushing  nmethod 0x00007f5f7d944390
Event: 3172.399 Thread 0x00007f5f8c1275d0 flushing  nmethod 0x00007f5f7def8610

Events (20 events):
Event: 3176.038 Thread 0x00007f5f21cb0a10 Thread exited: 0x00007f5f21cb0a10
Event: 3176.109 Thread 0x00007f5ec81f0780 Thread exited: 0x00007f5ec81f0780
Event: 3176.237 Thread 0x00007f5f8c1b8390 Thread added: 0x00007f5f21cb0a10
Event: 3176.610 Thread 0x00007f5f21cb0a10 Thread exited: 0x00007f5f21cb0a10
Event: 3186.342 Thread 0x00007f5f8c1b8390 Thread added: 0x00007f5ec819e1c0
Event: 3188.092 Thread 0x00007f5ec819e1c0 Thread exited: 0x00007f5ec819e1c0
Event: 3188.315 Thread 0x00007f5f8c1b6cf0 Thread added: 0x00007f5f6b52eb00
Event: 3188.626 Thread 0x00007f5f6b52eb00 Thread exited: 0x00007f5f6b52eb00
Event: 3188.931 Thread 0x00007f5f8c1b6cf0 Thread added: 0x00007f5f6b52eb00
Event: 3188.932 Thread 0x00007f5f8d593ac0 Thread added: 0x00007f5ec8edf520
Event: 3188.945 Thread 0x00007f5ec8edf520 Thread exited: 0x00007f5ec8edf520
Event: 3189.049 Thread 0x00007f5f8c1b8390 Thread added: 0x00007f5ec819e1c0
Event: 3189.055 Thread 0x00007f5f8d593ac0 Thread added: 0x00007f5ec8edf520
Event: 3189.064 Thread 0x00007f5ec8edf520 Thread exited: 0x00007f5ec8edf520
Event: 3189.088 Thread 0x00007f5f8d593ac0 Thread added: 0x00007f5ec8edf520
Event: 3189.088 Thread 0x00007f5eca0f9090 Thread exited: 0x00007f5eca0f9090
Event: 3189.089 Thread 0x00007f5f8d593ac0 Thread added: 0x00007f5f8ff88c90
Event: 3189.143 Thread 0x00007f5ec8edf520 Thread added: 0x00007f5f50973270
Event: 3189.145 Thread 0x00007f5f50973270 Thread added: 0x00007f5f5a170a60
Event: 3189.344 Thread 0x00007f5f5a4b19d0 Thread exited: 0x00007f5f5a4b19d0


Dynamic libraries:
403af000-403b1000 r-xs 00000000 00:01 68229                              /memfd:/.glXXXXXX (deleted)
40fb3000-41062000 rw-p 00000000 00:00 0 
600000000-703800000 rw-p 00000000 00:00 0 
703800000-7fd400000 ---p 00000000 00:00 0 
7fd400000-800040000 rw-p 00000000 00:00 0 
800040000-8000c0000 rw-p 00000000 00:00 0 
8000c0000-8000e0000 rw-p 00000000 00:00 0 
8000e0000-800140000 rw-p 00000000 00:00 0 
800140000-800180000 rw-p 00000000 00:00 0 
800180000-800200000 rw-p 00000000 00:00 0 
800200000-800240000 rw-p 00000000 00:00 0 
800240000-8002c0000 rw-p 00000000 00:00 0 
8002c0000-800300000 rw-p 00000000 00:00 0 
800300000-8003c0000 rw-p 00000000 00:00 0 
8003c0000-800400000 rw-p 00000000 00:00 0 
800400000-8004c0000 rw-p 00000000 00:00 0 
8004c0000-801300000 rw-p 00000000 00:00 0 
801300000-802940000 rw-p 00000000 00:00 0 
802940000-802980000 rw-p 00000000 00:00 0 
802980000-804cc0000 rw-p 00000000 00:00 0 
804cc0000-804d00000 rw-p 00000000 00:00 0 
804d00000-804e00000 rw-p 00000000 00:00 0 
804e00000-806390000 rw-p 00000000 00:00 0 
806390000-840000000 ---p 00000000 00:00 0 
55e1cecf2000-55e1cecf3000 r-xp 00000000 103:07 449553                    /run/media/ashy/Shared/.minecraftx/jre/java-runtime-delta/bin/java
55e1cecf4000-55e1cecf5000 r--p 00001000 103:07 449553                    /run/media/ashy/Shared/.minecraftx/jre/java-runtime-delta/bin/java
55e1cecf5000-55e1cecf6000 rw-p 00002000 103:07 449553                    /run/media/ashy/Shared/.minecraftx/jre/java-runtime-delta/bin/java
55e1f8467000-55e207234000 rw-p 00000000 00:00 0                          [heap]
7f5ea4000000-7f5ea6720000 rw-p 00000000 00:00 0 
7f5ea6720000-7f5ea8000000 ---p 00000000 00:00 0 
7f5eac000000-7f5eac4a0000 rw-p 00000000 00:00 0 
7f5eac4a0000-7f5eb0000000 ---p 00000000 00:00 0 
7f5eb0000000-7f5eb2cdf000 rw-p 00000000 00:00 0 
7f5eb2cdf000-7f5eb4000000 ---p 00000000 00:00 0 
7f5eb4a00000-7f5eb4afa000 r-xp 00000000 00:38 21101                      /tmp/sqlite-3.46.1.3-e7ad75a7-d374-46dd-aa1c-0369f2030d61-libsqlitejdbc.so
7f5eb4afa000-7f5eb4cfa000 ---p 000fa000 00:38 21101                      /tmp/sqlite-3.46.1.3-e7ad75a7-d374-46dd-aa1c-0369f2030d61-libsqlitejdbc.so
7f5eb4cfa000-7f5eb4d02000 rw-p 000fa000 00:38 21101                      /tmp/sqlite-3.46.1.3-e7ad75a7-d374-46dd-aa1c-0369f2030d61-libsqlitejdbc.so
7f5eb4e00000-7f5ebbc00000 rw-p 00000000 00:00 0 
7f5ebbd00000-7f5ec0000000 rw-p 00000000 00:00 0 
7f5ec0000000-7f5ec3ffa000 rw-p 00000000 00:00 0 
7f5ec3ffa000-7f5ec4000000 ---p 00000000 00:00 0 
7f5ec4100000-7f5ec4e00000 rw-p 00000000 00:00 0 
7f5ec4f00000-7f5ec8000000 rw-p 00000000 00:00 0 
7f5ec8000000-7f5ecbff6000 rw-p 00000000 00:00 0 
7f5ecbff6000-7f5ecc000000 ---p 00000000 00:00 0 
7f5ecc000000-7f5ecc400000 rw-s 00000000 00:07 1146                       /dev/nvidiactl
7f5ecc400000-7f5ed4000000 rw-p 00000000 00:00 0 
7f5ed4000000-7f5ed7ffe000 rw-p 00000000 00:00 0 
7f5ed7ffe000-7f5ed8000000 ---p 00000000 00:00 0 
7f5ed8200000-7f5edb800000 rw-p 00000000 00:00 0 
7f5edb900000-7f5edc000000 rw-p 00000000 00:00 0 
7f5edc000000-7f5edf001000 rw-p 00000000 00:00 0 
7f5edf001000-7f5ee0000000 ---p 00000000 00:00 0 
7f5ee0000000-7f5ee3031000 rw-p 00000000 00:00 0 
7f5ee3031000-7f5ee4000000 ---p 00000000 00:00 0 
7f5ee4000000-7f5ee7001000 rw-p 00000000 00:00 0 
7f5ee7001000-7f5ee8000000 ---p 00000000 00:00 0 
7f5ee8000000-7f5eeb001000 rw-p 00000000 00:00 0 
7f5eeb001000-7f5eec000000 ---p 00000000 00:00 0 
7f5eec000000-7f5eef001000 rw-p 00000000 00:00 0 
7f5eef001000-7f5ef0000000 ---p 00000000 00:00 0 
7f5ef00ff000-7f5ef04ff000 rw-s 00000000 00:07 1146                       /dev/nvidiactl
7f5ef04ff000-7f5ef0d00000 rw-p 00000000 00:00 0 
7f5ef0d00000-7f5ef1a00000 rw-p 00000000 00:00 0 
7f5ef1bfe000-7f5ef20fe000 rw-p 00000000 00:00 0 
7f5ef20fe000-7f5ef28ff000 rw-p 00000000 00:00 0 
7f5ef28ff000-7f5ef37ff000 rw-p 00000000 00:00 0 
7f5ef37ff000-7f5ef4000000 rw-p 00000000 00:00 0 
7f5ef4000000-7f5ef7d1c000 rw-p 00000000 00:00 0 
7f5ef7d1c000-7f5ef8000000 ---p 00000000 00:00 0 
7f5ef8080000-7f5ef8800000 rw-p 00000000 00:00 0 
7f5ef8900000-7f5efa000000 rw-p 00000000 00:00 0 
7f5efa000000-7f5efa380000 rw-p 00000000 00:00 0 
7f5efa380000-7f5efa500000 rw-p 00000000 00:00 0 
7f5efa500000-7f5efa600000 rw-p 00000000 00:00 0 
7f5efa600000-7f5efcb80000 rw-p 00000000 00:00 0 
7f5efcb80000-7f5efcc00000 rw-p 00000000 00:00 0 
7f5efcc00000-7f5efd1c0000 rw-p 00000000 00:00 0 
7f5efd1c0000-7f5efdc00000 rw-p 00000000 00:00 0 
7f5efdc00000-7f5efe000000 rw-p 00000000 00:00 0 
7f5efe200000-7f5f01000000 rw-p 00000000 00:00 0 
7f5f01100000-7f5f01a00000 rw-p 00000000 00:00 0 
7f5f01a17000-7f5f02200000 rw-s 00000000 00:07 1146                       /dev/nvidiactl
7f5f02400000-7f5f03c00000 rw-p 00000000 00:00 0 
7f5f03c80000-7f5f04a00000 rw-p 00000000 00:00 0 
7f5f04af8000-7f5f04af9000 rw-p 00000000 00:00 0 
7f5f04af9000-7f5f04afd000 ---p 00000000 00:00 0 
7f5f04afd000-7f5f04bf9000 rw-p 00000000 00:00 0 
7f5f04e00000-7f5f05000000 rw-s 00000000 00:07 1146                       /dev/nvidiactl
7f5f05000000-7f5f06000000 rw-s 00000000 00:07 1146                       /dev/nvidiactl
7f5f06000000-7f5f07000000 rw-s 00000000 00:07 1146                       /dev/nvidiactl
7f5f07000000-7f5f07500000 rw-p 00000000 00:00 0 
7f5f07500000-7f5f07600000 rw-p 00000000 00:00 0 
7f5f07600000-7f5f09700000 rw-p 00000000 00:00 0 
7f5f09700000-7f5f097d0000 rw-p 00000000 00:00 0 
7f5f097d0000-7f5f09800000 ---p 00000000 00:00 0 
7f5f09800000-7f5f0b000000 rw-p 00000000 00:00 0 
7f5f0b1fa000-7f5f0b1fb000 rw-p 00000000 00:00 0 
7f5f0b1fb000-7f5f0b1ff000 ---p 00000000 00:00 0 
7f5f0b1ff000-7f5f0b2fb000 rw-p 00000000 00:00 0 
7f5f0b2fb000-7f5f0b4fb000 rw-s 00000000 00:07 1146                       /dev/nvidiactl
7f5f0b5fa000-7f5f0b5fb000 rw-p 00000000 00:00 0 
7f5f0b5fb000-7f5f0b5ff000 ---p 00000000 00:00 0 
7f5f0b5ff000-7f5f0b6fc000 rw-p 00000000 00:00 0 
7f5f0b6fc000-7f5f0b700000 ---p 00000000 00:00 0 
7f5f0b700000-7f5f0b7fd000 rw-p 00000000 00:00 0 
7f5f0b7fd000-7f5f0b801000 ---p 00000000 00:00 0 
7f5f0b801000-7f5f0b8fe000 rw-p 00000000 00:00 0 
7f5f0b8fe000-7f5f0b902000 ---p 00000000 00:00 0 
7f5f0b902000-7f5f0b9ff000 rw-p 00000000 00:00 0 
7f5f0b9ff000-7f5f0ba03000 ---p 00000000 00:00 0 
7f5f0ba03000-7f5f0bb00000 rw-p 00000000 00:00 0 
7f5f0bb00000-7f5f0bb04000 ---p 00000000 00:00 0 
7f5f0bb04000-7f5f0bc00000 rw-p 00000000 00:00 0 
7f5f0bc00000-7f5f0ce00000 rw-p 00000000 00:00 0 
7f5f0ce75000-7f5f0ce76000 rw-p 00000000 00:00 0 
7f5f0ce76000-7f5f0ce7a000 ---p 00000000 00:00 0 
7f5f0ce7a000-7f5f0cf77000 rw-p 00000000 00:00 0 
7f5f0cf77000-7f5f0cf7b000 ---p 00000000 00:00 0 
7f5f0cf7b000-7f5f0d078000 rw-p 00000000 00:00 0 
7f5f0d078000-7f5f0d07c000 ---p 00000000 00:00 0 
7f5f0d07c000-7f5f0d179000 rw-p 00000000 00:00 0 
7f5f0d179000-7f5f0d17d000 ---p 00000000 00:00 0 
7f5f0d17d000-7f5f0d27a000 rw-p 00000000 00:00 0 
7f5f0d27a000-7f5f0d27e000 ---p 00000000 00:00 0 
7f5f0d27e000-7f5f0d37b000 rw-p 00000000 00:00 0 
7f5f0d37b000-7f5f0d37f000 ---p 00000000 00:00 0 
7f5f0d37f000-7f5f0d47c000 rw-p 00000000 00:00 0 
7f5f0d47c000-7f5f0d480000 ---p 00000000 00:00 0 
7f5f0d480000-7f5f0d57d000 rw-p 00000000 00:00 0 
7f5f0d57d000-7f5f0d581000 ---p 00000000 00:00 0 
7f5f0d581000-7f5f0d67d000 rw-p 00000000 00:00 0 
7f5f0d778000-7f5f0d779000 rw-p 00000000 00:00 0 
7f5f0d779000-7f5f0d77d000 ---p 00000000 00:00 0 
7f5f0d77d000-7f5f0d87a000 rw-p 00000000 00:00 0 
7f5f0d87a000-7f5f0d87e000 ---p 00000000 00:00 0 
7f5f0d87e000-7f5f0d97a000 rw-p 00000000 00:00 0 
7f5f0d97a000-7f5f0db7a000 rw-s 00000000 00:07 1146                       /dev/nvidiactl
7f5f0db7a000-7f5f0db7b000 rw-p 00000000 00:00 0 
7f5f0db7b000-7f5f0db7f000 ---p 00000000 00:00 0 
7f5f0db7f000-7f5f0dc7c000 rw-p 00000000 00:00 0 
7f5f0dc7c000-7f5f0dc80000 ---p 00000000 00:00 0 
7f5f0dc80000-7f5f0dd7d000 rw-p 00000000 00:00 0 
7f5f0dd7d000-7f5f0dd81000 ---p 00000000 00:00 0 
7f5f0dd81000-7f5f0de7d000 rw-p 00000000 00:00 0 
7f5f0de7d000-7f5f11e7e000 rw-p 00000000 00:00 0 
7f5f11e7e000-7f5f1217e000 rw-p 00000000 00:00 0 
7f5f1227e000-7f5f1227f000 rw-p 00000000 00:00 0 
7f5f1227f000-7f5f12283000 ---p 00000000 00:00 0 
7f5f12283000-7f5f12580000 rw-p 00000000 00:00 0 
7f5f1267d000-7f5f1267e000 rw-p 00000000 00:00 0 
7f5f1267e000-7f5f12682000 ---p 00000000 00:00 0 
7f5f12682000-7f5f1277f000 rw-p 00000000 00:00 0 
7f5f1277f000-7f5f12783000 ---p 00000000 00:00 0 
7f5f12783000-7f5f12880000 rw-p 00000000 00:00 0 
7f5f12880000-7f5f12884000 ---p 00000000 00:00 0 
7f5f12884000-7f5f12980000 rw-p 00000000 00:00 0 
7f5f12a76000-7f5f12e76000 rw-s 00000000 00:07 1146                       /dev/nvidiactl
7f5f12e76000-7f5f12e77000 rw-p 00000000 00:00 0 
7f5f12e77000-7f5f12e7b000 ---p 00000000 00:00 0 
7f5f12e7b000-7f5f12f77000 rw-p 00000000 00:00 0 
7f5f12f77000-7f5f13377000 rw-s 00000000 00:07 1146                       /dev/nvidiactl
7f5f13377000-7f5f13378000 rw-p 00000000 00:00 0 
7f5f13378000-7f5f1337c000 ---p 00000000 00:00 0 
7f5f1337c000-7f5f13479000 rw-p 00000000 00:00 0 
7f5f13479000-7f5f1347d000 ---p 00000000 00:00 0 
7f5f1347d000-7f5f1357a000 rw-p 00000000 00:00 0 
7f5f1357a000-7f5f1357e000 ---p 00000000 00:00 0 
7f5f1357e000-7f5f1367b000 rw-p 00000000 00:00 0 
7f5f1367b000-7f5f1367f000 ---p 00000000 00:00 0 
7f5f1367f000-7f5f14180000 rw-p 00000000 00:00 0 
7f5f14180000-7f5f14c00000 rw-p 00000000 00:00 0 
7f5f14cfe000-7f5f14cff000 rw-p 00000000 00:00 0 
7f5f14cff000-7f5f14d03000 ---p 00000000 00:00 0 
7f5f14d03000-7f5f14dff000 rw-p 00000000 00:00 0 
7f5f14e29000-7f5f1522b000 rw-p 00000000 00:00 0 
7f5f1522b000-7f5f1542b000 rw-s 00000000 00:07 1146                       /dev/nvidiactl
7f5f1542b000-7f5f1547e000 r--p 00000000 103:07 94245                     /run/media/ashy/Shared/.minecraftx/instances/Gearfall Dev/.sable/natives/sable_rapier_x86_64_linux.so
7f5f1547e000-7f5f155e8000 r-xp 00052000 103:07 94245                     /run/media/ashy/Shared/.minecraftx/instances/Gearfall Dev/.sable/natives/sable_rapier_x86_64_linux.so
7f5f155e8000-7f5f155f8000 r--p 001bb000 103:07 94245                     /run/media/ashy/Shared/.minecraftx/instances/Gearfall Dev/.sable/natives/sable_rapier_x86_64_linux.so
7f5f155f8000-7f5f155f9000 rw-p 001ca000 103:07 94245                     /run/media/ashy/Shared/.minecraftx/instances/Gearfall Dev/.sable/natives/sable_rapier_x86_64_linux.so
7f5f155f9000-7f5f155fa000 rw-p 00000000 00:00 0 
7f5f156f9000-7f5f156fa000 rw-p 00000000 00:00 0 
7f5f156fa000-7f5f156fe000 ---p 00000000 00:00 0 
7f5f156fe000-7f5f157fb000 rw-p 00000000 00:00 0 
7f5f157fb000-7f5f157ff000 ---p 00000000 00:00 0 
7f5f157ff000-7f5f158fc000 rw-p 00000000 00:00 0 
7f5f158fc000-7f5f15900000 ---p 00000000 00:00 0 
7f5f15900000-7f5f159fd000 rw-p 00000000 00:00 0 
7f5f159fd000-7f5f15a01000 ---p 00000000 00:00 0 
7f5f15a01000-7f5f15afe000 rw-p 00000000 00:00 0 
7f5f15afe000-7f5f15b02000 ---p 00000000 00:00 0 
7f5f15b02000-7f5f15bff000 rw-p 00000000 00:00 0 
7f5f15bff000-7f5f15c03000 ---p 00000000 00:00 0 
7f5f15c03000-7f5f15d00000 rw-p 00000000 00:00 0 
7f5f15d00000-7f5f15d04000 ---p 00000000 00:00 0 
7f5f15d04000-7f5f15e00000 rw-p 00000000 00:00 0 
7f5f15e00000-7f5f17200000 rw-p 00000000 00:00 0 
7f5f172fd000-7f5f172fe000 rw-p 00000000 00:00 0 
7f5f172fe000-7f5f17302000 ---p 00000000 00:00 0 
7f5f17302000-7f5f173ff000 rw-p 00000000 00:00 0 
7f5f173ff000-7f5f17403000 ---p 00000000 00:00 0 
7f5f17403000-7f5f17500000 rw-p 00000000 00:00 0 
7f5f17500000-7f5f17504000 ---p 00000000 00:00 0 
7f5f17504000-7f5f17600000 rw-p 00000000 00:00 0 
7f5f17600000-7f5f18c00000 rw-p 00000000 00:00 0 
7f5f18c7f000-7f5f18c80000 rw-p 00000000 00:00 0 
7f5f18c80000-7f5f18c84000 ---p 00000000 00:00 0 
7f5f18c84000-7f5f18d80000 rw-p 00000000 00:00 0 
7f5f18d80000-7f5f19a00000 rw-p 00000000 00:00 0 
7f5f19a7f000-7f5f19a80000 rw-p 00000000 00:00 0 
7f5f19a80000-7f5f19a84000 ---p 00000000 00:00 0 
7f5f19a84000-7f5f19b80000 rw-p 00000000 00:00 0 
7f5f19b80000-7f5f1b800000 rw-p 00000000 00:00 0 
7f5f1b889000-7f5f1b88a000 rw-p 00000000 00:00 0 
7f5f1b88a000-7f5f1b88e000 ---p 00000000 00:00 0 
7f5f1b88e000-7f5f1b98a000 rw-p 00000000 00:00 0 
7f5f1b98a000-7f5f1b9a8000 r--p 00000000 103:07 94821                     /run/media/ashy/Shared/.minecraftx/versions/neoforge-21.1.248/neoforge-21.1.248-natives/libfreetype.so
7f5f1b9a8000-7f5f1bb8c000 r-xp 0001e000 103:07 94821                     /run/media/ashy/Shared/.minecraftx/versions/neoforge-21.1.248/neoforge-21.1.248-natives/libfreetype.so
7f5f1bb8c000-7f5f1bbf6000 r--p 00202000 103:07 94821                     /run/media/ashy/Shared/.minecraftx/versions/neoforge-21.1.248/neoforge-21.1.248-natives/libfreetype.so
7f5f1bbf6000-7f5f1bbf7000 ---p 0026c000 103:07 94821                     /run/media/ashy/Shared/.minecraftx/versions/neoforge-21.1.248/neoforge-21.1.248-natives/libfreetype.so
7f5f1bbf7000-7f5f1bbfe000 r--p 0026c000 103:07 94821                     /run/media/ashy/Shared/.minecraftx/versions/neoforge-21.1.248/neoforge-21.1.248-natives/libfreetype.so
7f5f1bbfe000-7f5f1bc00000 rw-p 00273000 103:07 94821                     /run/media/ashy/Shared/.minecraftx/versions/neoforge-21.1.248/neoforge-21.1.248-natives/libfreetype.so
7f5f1bc00000-7f5f1dc00000 rw-p 00000000 00:00 0 
7f5f1dd00000-7f5f20000000 rw-p 00000000 00:00 0 
7f5f20000000-7f5f23ffa000 rw-p 00000000 00:00 0 
7f5f23ffa000-7f5f24000000 ---p 00000000 00:00 0 
7f5f2407f000-7f5f24080000 rw-p 00000000 00:00 0 
7f5f24080000-7f5f24084000 ---p 00000000 00:00 0 
7f5f24084000-7f5f24180000 rw-p 00000000 00:00 0 
7f5f24180000-7f5f24800000 rw-p 00000000 00:00 0 
7f5f248f7000-7f5f248f8000 rw-p 00000000 00:00 0 
7f5f248f8000-7f5f248fc000 ---p 00000000 00:00 0 
7f5f248fc000-7f5f249f9000 rw-p 00000000 00:00 0 
7f5f249f9000-7f5f249fd000 ---p 00000000 00:00 0 
7f5f249fd000-7f5f24afa000 rw-p 00000000 00:00 0 
7f5f24afa000-7f5f24afe000 ---p 00000000 00:00 0 
7f5f24afe000-7f5f24bfb000 rw-p 00000000 00:00 0 
7f5f24bfb000-7f5f24bff000 ---p 00000000 00:00 0 
7f5f24bff000-7f5f24cfc000 rw-p 00000000 00:00 0 
7f5f24cfc000-7f5f24d00000 ---p 00000000 00:00 0 
7f5f24d00000-7f5f24dfd000 rw-p 00000000 00:00 0 
7f5f24dfd000-7f5f24e01000 ---p 00000000 00:00 0 
7f5f24e01000-7f5f24efe000 rw-p 00000000 00:00 0 
7f5f24efe000-7f5f24f02000 ---p 00000000 00:00 0 
7f5f24f02000-7f5f24fff000 rw-p 00000000 00:00 0 
7f5f24fff000-7f5f25003000 ---p 00000000 00:00 0 
7f5f25003000-7f5f25100000 rw-p 00000000 00:00 0 
7f5f25100000-7f5f25104000 ---p 00000000 00:00 0 
7f5f25104000-7f5f25200000 rw-p 00000000 00:00 0 
7f5f25200000-7f5f25600000 rw-p 00000000 00:00 0 
7f5f25627000-7f5f25628000 rw-p 00000000 00:00 0 
7f5f25628000-7f5f2562c000 ---p 00000000 00:00 0 
7f5f2562c000-7f5f25729000 rw-p 00000000 00:00 0 
7f5f25729000-7f5f2572d000 ---p 00000000 00:00 0 
7f5f2572d000-7f5f2582a000 rw-p 00000000 00:00 0 
7f5f2582a000-7f5f2582e000 ---p 00000000 00:00 0 
7f5f2582e000-7f5f2592b000 rw-p 00000000 00:00 0 
7f5f2592b000-7f5f2592f000 ---p 00000000 00:00 0 
7f5f2592f000-7f5f25a2b000 rw-p 00000000 00:00 0 
7f5f25a2b000-7f5f269fe000 rw-p 00000000 00:00 0 
7f5f269fe000-7f5f26bfe000 rw-s 00000000 00:07 1146                       /dev/nvidiactl
7f5f26bfe000-7f5f27bff000 rw-p 00000000 00:00 0 
7f5f27bff000-7f5f28400000 rw-p 00000000 00:00 0 
7f5f28400000-7f5f2849a000 r--p 00000000 00:21 4974                       /usr/lib/libstdc++.so.6.0.36
7f5f2849a000-7f5f2867a000 r-xp 0009a000 00:21 4974                       /usr/lib/libstdc++.so.6.0.36
7f5f2867a000-7f5f2871a000 r--p 0027a000 00:21 4974                       /usr/lib/libstdc++.so.6.0.36
7f5f2871a000-7f5f2872b000 r--p 0031a000 00:21 4974                       /usr/lib/libstdc++.so.6.0.36
7f5f2872b000-7f5f2872c000 rw-p 0032b000 00:21 4974                       /usr/lib/libstdc++.so.6.0.36
7f5f2872c000-7f5f28730000 rw-p 00000000 00:00 0 
7f5f28800000-7f5f29000000 rw-p 00000000 00:00 0 
7f5f29100000-7f5f2b000000 rw-p 00000000 00:00 0 
7f5f2b030000-7f5f2b03d000 r--p 00000000 00:21 167454                     /usr/lib/libpipewire-0.3.so.0.1608.0
7f5f2b03d000-7f5f2b0c4000 r-xp 0000d000 00:21 167454                     /usr/lib/libpipewire-0.3.so.0.1608.0
7f5f2b0c4000-7f5f2b0e2000 r--p 00094000 00:21 167454                     /usr/lib/libpipewire-0.3.so.0.1608.0
7f5f2b0e2000-7f5f2b0fe000 r--p 000b2000 00:21 167454                     /usr/lib/libpipewire-0.3.so.0.1608.0
7f5f2b0fe000-7f5f2b0ff000 rw-p 000ce000 00:21 167454                     /usr/lib/libpipewire-0.3.so.0.1608.0
7f5f2b0ff000-7f5f2b100000 rw-p 00000000 00:00 0 
7f5f2b100000-7f5f2bc00000 rw-p 00000000 00:00 0 
7f5f2bc80000-7f5f2c000000 rw-p 00000000 00:00 0 
7f5f2c000000-7f5f2f040000 rw-p 00000000 00:00 0 
7f5f2f040000-7f5f2fd00000 rw-p 00000000 00:00 0 
7f5f2fd00000-7f5f2fe00000 rw-p 00000000 00:00 0 
7f5f2fe00000-7f5f30000000 rw-p 00000000 00:00 0 
7f5f30000000-7f5f30300000 rw-p 00000000 00:00 0 
7f5f30300000-7f5f30400000 rw-p 00000000 00:00 0 
7f5f30400000-7f5f31300000 rw-p 00000000 00:00 0 
7f5f31300000-7f5f31400000 rw-p 00000000 00:00 0 
7f5f31400000-7f5f34000000 rw-p 00000000 00:00 0 
7f5f34000000-7f5f38000000 rw-p 00000000 00:00 0 
7f5f38000000-7f5f38220000 rw-p 00000000 00:00 0 
7f5f38220000-7f5f38a20000 rw-p 00000000 00:00 0 
7f5f38a20000-7f5f3a100000 rw-p 00000000 00:00 0 
7f5f3a100000-7f5f3a200000 rw-p 00000000 00:00 0 
7f5f3a200000-7f5f3ab80000 rw-p 00000000 00:00 0 
7f5f3ab80000-7f5f3ac00000 rw-p 00000000 00:00 0 
7f5f3ac00000-7f5f3ad00000 rw-p 00000000 00:00 0 
7f5f3ad00000-7f5f3ae00000 rw-p 00000000 00:00 0 
7f5f3ae00000-7f5f3c000000 rw-p 00000000 00:00 0 
7f5f3c000000-7f5f3ffde000 rw-p 00000000 00:00 0 
7f5f3ffde000-7f5f40000000 ---p 00000000 00:00 0 
7f5f4004f000-7f5f40838000 rw-s 00000000 00:07 1146                       /dev/nvidiactl
7f5f40838000-7f5f41021000 rw-s 00000000 00:07 1146                       /dev/nvidiactl
7f5f41065000-7f5f41078000 r--p 00000000 103:07 456462                    /run/media/ashy/Shared/.minecraftx/versions/neoforge-21.1.248/neoforge-21.1.248-natives/libopenal.so
7f5f41078000-7f5f41118000 r-xp 00013000 103:07 456462                    /run/media/ashy/Shared/.minecraftx/versions/neoforge-21.1.248/neoforge-21.1.248-natives/libopenal.so
7f5f41118000-7f5f4117a000 r--p 000b3000 103:07 456462                    /run/media/ashy/Shared/.minecraftx/versions/neoforge-21.1.248/neoforge-21.1.248-natives/libopenal.so
7f5f4117a000-7f5f4117b000 ---p 00115000 103:07 456462                    /run/media/ashy/Shared/.minecraftx/versions/neoforge-21.1.248/neoforge-21.1.248-natives/libopenal.so
7f5f4117b000-7f5f41180000 r--p 00115000 103:07 456462                    /run/media/ashy/Shared/.minecraftx/versions/neoforge-21.1.248/neoforge-21.1.248-natives/libopenal.so
7f5f41180000-7f5f41181000 rw-p 0011a000 103:07 456462                    /run/media/ashy/Shared/.minecraftx/versions/neoforge-21.1.248/neoforge-21.1.248-natives/libopenal.so
7f5f41181000-7f5f411fc000 rw-p 00000000 00:00 0 
7f5f411fc000-7f5f411fd000 rw-p 00000000 00:00 0 
7f5f411fd000-7f5f41201000 ---p 00000000 00:00 0 
7f5f41201000-7f5f412fe000 rw-p 00000000 00:00 0 
7f5f412fe000-7f5f41302000 ---p 00000000 00:00 0 
7f5f41302000-7f5f413ff000 rw-p 00000000 00:00 0 
7f5f413ff000-7f5f41403000 ---p 00000000 00:00 0 
7f5f41403000-7f5f41500000 rw-p 00000000 00:00 0 
7f5f41500000-7f5f41504000 ---p 00000000 00:00 0 
7f5f41504000-7f5f41600000 rw-p 00000000 00:00 0 
7f5f41600000-7f5f41653000 r--p 00000000 00:21 9342                       /usr/lib/libcrypto.so.3
7f5f41653000-7f5f41aef000 r-xp 00053000 00:21 9342                       /usr/lib/libcrypto.so.3
7f5f41aef000-7f5f41c1b000 r--p 004ef000 00:21 9342                       /usr/lib/libcrypto.so.3
7f5f41c1b000-7f5f41c9a000 r--p 0061a000 00:21 9342                       /usr/lib/libcrypto.so.3
7f5f41c9a000-7f5f41c9d000 rw-p 00699000 00:21 9342                       /usr/lib/libcrypto.so.3
7f5f41c9d000-7f5f41ca0000 rw-p 00000000 00:00 0 
7f5f41cf4000-7f5f41cf5000 rw-p 00000000 00:00 0 
7f5f41cf5000-7f5f41cf9000 ---p 00000000 00:00 0 
7f5f41cf9000-7f5f41df5000 rw-p 00000000 00:00 0 
7f5f41df5000-7f5f41ff5000 rw-s 00000000 00:07 1146                       /dev/nvidiactl
7f5f420f5000-7f5f420f6000 rw-p 00000000 00:00 0 
7f5f420f6000-7f5f420fa000 ---p 00000000 00:00 0 
7f5f420fa000-7f5f421f7000 rw-p 00000000 00:00 0 
7f5f421f7000-7f5f421fb000 ---p 00000000 00:00 0 
7f5f421fb000-7f5f422f8000 rw-p 00000000 00:00 0 
7f5f422f8000-7f5f422fc000 ---p 00000000 00:00 0 
7f5f422fc000-7f5f423f9000 rw-p 00000000 00:00 0 
7f5f423f9000-7f5f423fd000 ---p 00000000 00:00 0 
7f5f423fd000-7f5f424fa000 rw-p 00000000 00:00 0 
7f5f424fa000-7f5f424fe000 ---p 00000000 00:00 0 
7f5f424fe000-7f5f425fb000 rw-p 00000000 00:00 0 
7f5f425fb000-7f5f425ff000 ---p 00000000 00:00 0 
7f5f425ff000-7f5f426fc000 rw-p 00000000 00:00 0 
7f5f426fc000-7f5f42700000 ---p 00000000 00:00 0 
7f5f42700000-7f5f427fd000 rw-p 00000000 00:00 0 
7f5f427fd000-7f5f42801000 ---p 00000000 00:00 0 
7f5f42801000-7f5f428fe000 rw-p 00000000 00:00 0 
7f5f428fe000-7f5f42902000 ---p 00000000 00:00 0 
7f5f42902000-7f5f429ff000 rw-p 00000000 00:00 0 
7f5f429ff000-7f5f42a03000 ---p 00000000 00:00 0 
7f5f42a03000-7f5f42b00000 rw-p 00000000 00:00 0 
7f5f42b00000-7f5f42b04000 ---p 00000000 00:00 0 
7f5f42b04000-7f5f42c00000 rw-p 00000000 00:00 0 
7f5f42c00000-7f5f43000000 rw-p 00000000 00:00 0 
7f5f43078000-7f5f43079000 rw-p 00000000 00:00 0 
7f5f43079000-7f5f4307d000 ---p 00000000 00:00 0 
7f5f4307d000-7f5f4317a000 rw-p 00000000 00:00 0 
7f5f4317a000-7f5f4317e000 ---p 00000000 00:00 0 
7f5f4317e000-7f5f4327b000 rw-p 00000000 00:00 0 
7f5f4327b000-7f5f4327f000 ---p 00000000 00:00 0 
7f5f4327f000-7f5f4337c000 rw-p 00000000 00:00 0 
7f5f4337c000-7f5f43380000 ---p 00000000 00:00 0 
7f5f43380000-7f5f4347d000 rw-p 00000000 00:00 0 
7f5f4347d000-7f5f43481000 ---p 00000000 00:00 0 
7f5f43481000-7f5f4357e000 rw-p 00000000 00:00 0 
7f5f4357e000-7f5f43582000 ---p 00000000 00:00 0 
7f5f43582000-7f5f4367f000 rw-p 00000000 00:00 0 
7f5f4367f000-7f5f43683000 ---p 00000000 00:00 0 
7f5f43683000-7f5f4377f000 rw-p 00000000 00:00 0 
7f5f4377f000-7f5f43b80000 rw-p 00000000 00:00 0 
7f5f43b80000-7f5f43c00000 rw-s 00000000 00:07 1146                       /dev/nvidiactl
7f5f43c00000-7f5f43c1e000 r-xp 00000000 103:07 93928                     /run/media/ashy/Shared/.minecraftx/versions/neoforge-21.1.248/neoforge-21.1.248-natives/jna15729609071379186243.tmp (deleted)
7f5f43c1e000-7f5f43e1d000 ---p 0001e000 103:07 93928                     /run/media/ashy/Shared/.minecraftx/versions/neoforge-21.1.248/neoforge-21.1.248-natives/jna15729609071379186243.tmp (deleted)
7f5f43e1d000-7f5f43e1e000 rw-p 0001d000 103:07 93928                     /run/media/ashy/Shared/.minecraftx/versions/neoforge-21.1.248/neoforge-21.1.248-natives/jna15729609071379186243.tmp (deleted)
7f5f43e1e000-7f5f43e1f000 rw-p 00000000 00:00 0 
7f5f43e9a000-7f5f43e9b000 rw-p 00000000 00:00 0 
7f5f43e9b000-7f5f43e9f000 ---p 00000000 00:00 0 
7f5f43e9f000-7f5f43f9b000 rw-p 00000000 00:00 0 
7f5f4401a000-7f5f4401b000 rw-p 00000000 00:00 0 
7f5f4401b000-7f5f4401f000 ---p 00000000 00:00 0 
7f5f4401f000-7f5f4411c000 rw-p 00000000 00:00 0 
7f5f4411c000-7f5f44120000 ---p 00000000 00:00 0 
7f5f44120000-7f5f4421d000 rw-p 00000000 00:00 0 
7f5f4421d000-7f5f44221000 ---p 00000000 00:00 0 
7f5f44221000-7f5f4431e000 rw-p 00000000 00:00 0 
7f5f4431e000-7f5f44322000 ---p 00000000 00:00 0 
7f5f44322000-7f5f4441e000 rw-p 00000000 00:00 0 
7f5f4441e000-7f5f444cb000 r-xp 00000000 103:07 449581                    /run/media/ashy/Shared/.minecraftx/jre/java-runtime-delta/lib/libawt.so
7f5f444cb000-7f5f444cc000 ---p 000ad000 103:07 449581                    /run/media/ashy/Shared/.minecraftx/jre/java-runtime-delta/lib/libawt.so
7f5f444cc000-7f5f444cd000 r--p 000ad000 103:07 449581                    /run/media/ashy/Shared/.minecraftx/jre/java-runtime-delta/lib/libawt.so
7f5f444cd000-7f5f444d8000 rw-p 000ae000 103:07 449581                    /run/media/ashy/Shared/.minecraftx/jre/java-runtime-delta/lib/libawt.so
7f5f444d8000-7f5f444fd000 rw-p 00000000 00:00 0 
7f5f444fd000-7f5f444fe000 rw-p 00000000 00:00 0 
7f5f444fe000-7f5f44502000 ---p 00000000 00:00 0 
7f5f44502000-7f5f445ff000 rw-p 00000000 00:00 0 
7f5f445ff000-7f5f44603000 ---p 00000000 00:00 0 
7f5f44603000-7f5f446ff000 rw-p 00000000 00:00 0 
7f5f446ff000-7f5f448ff000 rw-s 00000000 00:07 1146                       /dev/nvidiactl
7f5f448ff000-7f5f449ff000 rw-s 00000000 00:07 1146                       /dev/nvidiactl
7f5f449ff000-7f5f45200000 rw-p 00000000 00:00 0 
7f5f45200000-7f5f45600000 rw-p 00000000 00:00 0 
7f5f45600000-7f5f458ab000 r--p 00000000 00:21 143551                     /usr/lib/libnvidia-gpucomp.so.580.173.02
7f5f458ab000-7f5f48999000 r-xp 002ab000 00:21 143551                     /usr/lib/libnvidia-gpucomp.so.580.173.02
7f5f48999000-7f5f49809000 r--p 03399000 00:21 143551                     /usr/lib/libnvidia-gpucomp.so.580.173.02
7f5f49809000-7f5f4980a000 ---p 04209000 00:21 143551                     /usr/lib/libnvidia-gpucomp.so.580.173.02
7f5f4980a000-7f5f499e1000 r--p 04209000 00:21 143551                     /usr/lib/libnvidia-gpucomp.so.580.173.02
7f5f499e1000-7f5f49aec000 rw-p 043e0000 00:21 143551                     /usr/lib/libnvidia-gpucomp.so.580.173.02
7f5f49aec000-7f5f49b8c000 rw-p 00000000 00:00 0 
7f5f49c00000-7f5f49e59000 r-xp 00000000 00:21 143545                     /usr/lib/libnvidia-glcore.so.580.173.02
7f5f49e59000-7f5f49e7a000 rwxp 00259000 00:21 143545                     /usr/lib/libnvidia-glcore.so.580.173.02
7f5f49e7a000-7f5f4a000000 r-xp 0027a000 00:21 143545                     /usr/lib/libnvidia-glcore.so.580.173.02
7f5f4a000000-7f5f4ac00000 r-xp 00400000 00:21 143545                     /usr/lib/libnvidia-glcore.so.580.173.02
7f5f4ac00000-7f5f4bd7b000 r-xp 01000000 00:21 143545                     /usr/lib/libnvidia-glcore.so.580.173.02
7f5f4bd7b000-7f5f4bef6000 r--p 0217a000 00:21 143545                     /usr/lib/libnvidia-glcore.so.580.173.02
7f5f4bef6000-7f5f4bf59000 rw-p 022f5000 00:21 143545                     /usr/lib/libnvidia-glcore.so.580.173.02
7f5f4bf59000-7f5f4bf79000 rw-p 00000000 00:00 0 
7f5f4bfb0000-7f5f4bfb5000 r--p 00000000 00:21 16953                      /usr/lib/libudev.so.1.7.14
7f5f4bfb5000-7f5f4bfe3000 r-xp 00005000 00:21 16953                      /usr/lib/libudev.so.1.7.14
7f5f4bfe3000-7f5f4bffa000 r--p 00033000 00:21 16953                      /usr/lib/libudev.so.1.7.14
7f5f4bffa000-7f5f4bfff000 r--p 0004a000 00:21 16953                      /usr/lib/libudev.so.1.7.14
7f5f4bfff000-7f5f4c000000 rw-p 0004f000 00:21 16953                      /usr/lib/libudev.so.1.7.14
7f5f4c000000-7f5f4c500000 rw-p 00000000 00:00 0 
7f5f4c500000-7f5f4c520000 rw-p 00000000 00:00 0 
7f5f4c520000-7f5f4c540000 rw-p 00000000 00:00 0 
7f5f4c540000-7f5f4c580000 rw-p 00000000 00:00 0 
7f5f4c580000-7f5f4c700000 rw-p 00000000 00:00 0 
7f5f4c700000-7f5f4c720000 rw-p 00000000 00:00 0 
7f5f4c720000-7f5f4c740000 rw-p 00000000 00:00 0 
7f5f4c740000-7f5f4c780000 rw-p 00000000 00:00 0 
7f5f4c780000-7f5f4ca00000 rw-p 00000000 00:00 0 
7f5f4ca00000-7f5f4cb00000 rw-p 00000000 00:00 0 
7f5f4cb00000-7f5f4cd00000 rw-p 00000000 00:00 0 
7f5f4cd00000-7f5f4cf00000 rw-p 00000000 00:00 0 
7f5f4cf00000-7f5f4d000000 rw-p 00000000 00:00 0 
7f5f4d000000-7f5f4d100000 rw-p 00000000 00:00 0 
7f5f4d100000-7f5f4d200000 rw-p 00000000 00:00 0 
7f5f4d200000-7f5f4d280000 rw-p 00000000 00:00 0 
7f5f4d280000-7f5f4d300000 rw-p 00000000 00:00 0 
7f5f4d300000-7f5f4d440000 rw-p 00000000 00:00 0 
7f5f4d440000-7f5f4d480000 rw-p 00000000 00:00 0 
7f5f4d480000-7f5f4d500000 rw-p 00000000 00:00 0 
7f5f4d500000-7f5f4d700000 rw-p 00000000 00:00 0 
7f5f4d700000-7f5f4d800000 rw-p 00000000 00:00 0 
7f5f4d800000-7f5f4d900000 rw-p 00000000 00:00 0 
7f5f4d900000-7f5f4da00000 rw-p 00000000 00:00 0 
7f5f4da00000-7f5f4ddc0000 rw-p 00000000 00:00 0 
7f5f4ddc0000-7f5f4dde0000 rw-p 00000000 00:00 0 
7f5f4dde0000-7f5f4df40000 rw-p 00000000 00:00 0 
7f5f4df40000-7f5f4df60000 rw-p 00000000 00:00 0 
7f5f4df60000-7f5f4e100000 rw-p 00000000 00:00 0 
7f5f4e100000-7f5f4e300000 rw-p 00000000 00:00 0 
7f5f4e300000-7f5f4e400000 rw-p 00000000 00:00 0 
7f5f4e400000-7f5f4e500000 rw-p 00000000 00:00 0 
7f5f4e500000-7f5f4e600000 rw-p 00000000 00:00 0 
7f5f4e600000-7f5f4e700000 rw-p 00000000 00:00 0 
7f5f4e700000-7f5f4e800000 rw-p 00000000 00:00 0 
7f5f4e800000-7f5f4ebc0000 rw-p 00000000 00:00 0 
7f5f4ebc0000-7f5f4ec00000 rw-p 00000000 00:00 0 
7f5f4ec00000-7f5f4ef00000 rw-p 00000000 00:00 0 
7f5f4ef00000-7f5f4f000000 rw-p 00000000 00:00 0 
7f5f4f000000-7f5f50000000 rw-p 00000000 00:00 0 
7f5f50000000-7f5f53597000 rw-p 00000000 00:00 0 
7f5f53597000-7f5f54000000 ---p 00000000 00:00 0 
7f5f54040000-7f5f54047000 r--s 00000000 00:21 139723                     /usr/lib/gconv/gconv-modules.cache
7f5f54047000-7f5f5405a000 rw-s 00000000 00:07 1146                       /dev/nvidiactl
7f5f5405a000-7f5f5409a000 rw-s 00000000 00:07 1146                       /dev/nvidiactl
7f5f5409a000-7f5f540da000 rw-s 00000000 00:07 1146                       /dev/nvidiactl
7f5f540da000-7f5f540db000 rw-p 00000000 00:00 0 
7f5f540db000-7f5f540df000 ---p 00000000 00:00 0 
7f5f540df000-7f5f541db000 rw-p 00000000 00:00 0 
7f5f541f1000-7f5f54231000 rw-s 00000000 00:07 1146                       /dev/nvidiactl
7f5f54231000-7f5f54233000 r--p 00000000 00:21 167501                     /usr/lib/pipewire-0.3/libpipewire-module-session-manager.so
7f5f54233000-7f5f54252000 r-xp 00002000 00:21 167501                     /usr/lib/pipewire-0.3/libpipewire-module-session-manager.so
7f5f54252000-7f5f54257000 r--p 00021000 00:21 167501                     /usr/lib/pipewire-0.3/libpipewire-module-session-manager.so
7f5f54257000-7f5f54259000 r--p 00025000 00:21 167501                     /usr/lib/pipewire-0.3/libpipewire-module-session-manager.so
7f5f54259000-7f5f5425a000 rw-p 00027000 00:21 167501                     /usr/lib/pipewire-0.3/libpipewire-module-session-manager.so
7f5f5425a000-7f5f5425b000 rw-p 00000000 00:00 0 
7f5f5425b000-7f5f5425f000 ---p 00000000 00:00 0 
7f5f5425f000-7f5f5435c000 rw-p 00000000 00:00 0 
7f5f5435c000-7f5f54360000 ---p 00000000 00:00 0 
7f5f54360000-7f5f5445d000 rw-p 00000000 00:00 0 
7f5f5445d000-7f5f54461000 ---p 00000000 00:00 0 
7f5f54461000-7f5f5455e000 rw-p 00000000 00:00 0 
7f5f5455e000-7f5f54562000 ---p 00000000 00:00 0 
7f5f54562000-7f5f5465f000 rw-p 00000000 00:00 0 
7f5f5465f000-7f5f54663000 ---p 00000000 00:00 0 
7f5f54663000-7f5f5475f000 rw-p 00000000 00:00 0 
7f5f5475f000-7f5f5476a000 r--p 00000000 00:21 9162                       /usr/lib/libzstd.so.1.5.7
7f5f5476a000-7f5f548a2000 r-xp 0000b000 00:21 9162                       /usr/lib/libzstd.so.1.5.7
7f5f548a2000-7f5f548b8000 r--p 00143000 00:21 9162                       /usr/lib/libzstd.so.1.5.7
7f5f548b8000-7f5f548b9000 r--p 00159000 00:21 9162                       /usr/lib/libzstd.so.1.5.7
7f5f548b9000-7f5f548ba000 rw-p 0015a000 00:21 9162                       /usr/lib/libzstd.so.1.5.7
7f5f548ba000-7f5f550a3000 rw-s 00000000 00:07 1146                       /dev/nvidiactl
7f5f550a6000-7f5f550a8000 rw-s 00000000 00:01 68229                      /memfd:/.glXXXXXX (deleted)
7f5f550a8000-7f5f550a9000 rw-s 00000000 00:07 1146                       /dev/nvidiactl
7f5f550a9000-7f5f550ad000 rw-s 00000000 00:07 1146                       /dev/nvidiactl
7f5f550ad000-7f5f551ad000 rw-s 00000000 00:07 1146                       /dev/nvidiactl
7f5f551ad000-7f5f5522d000 rw-s 00000000 00:07 1146                       /dev/nvidiactl
7f5f5522d000-7f5f55240000 rw-s 00000000 00:07 1146                       /dev/nvidiactl
7f5f55240000-7f5f55242000 rw-s 00000000 00:07 1146                       /dev/nvidiactl
7f5f55242000-7f5f55246000 rw-s 00000000 00:07 1146                       /dev/nvidiactl
7f5f55246000-7f5f55286000 rw-s 00000000 00:07 1146                       /dev/nvidiactl
7f5f55286000-7f5f552a6000 rw-s 00000000 00:07 1146                       /dev/nvidiactl
7f5f552a6000-7f5f552e6000 rw-s 00000000 00:07 1146                       /dev/nvidiactl
7f5f552e6000-7f5f55306000 rw-s 00000000 00:07 1146                       /dev/nvidiactl
7f5f55306000-7f5f55346000 rw-s 00000000 00:07 1146                       /dev/nvidiactl
7f5f55369000-7f5f5536a000 rw-p 00000000 00:00 0 
7f5f5536a000-7f5f5536b000 rw-p 00000000 00:00 0 
7f5f5536b000-7f5f5536f000 rw-s 00000000 00:07 1146                       /dev/nvidiactl
7f5f5536f000-7f5f55370000 rw-s 00000000 00:07 1148                       /dev/nvidia0
7f5f55370000-7f5f55372000 rw-s 00000000 00:07 1146                       /dev/nvidiactl
7f5f55372000-7f5f55373000 rw-s 00000000 00:07 1148                       /dev/nvidia0
7f5f55373000-7f5f55374000 rw-s 00000000 00:07 1148                       /dev/nvidia0
7f5f55374000-7f5f55375000 rw-s 00000000 00:07 1148                       /dev/nvidia0
7f5f55375000-7f5f55376000 rw-s 00000000 00:07 1146                       /dev/nvidiactl
7f5f55376000-7f5f55396000 rw-s 00000000 00:07 1146                       /dev/nvidiactl
7f5f55396000-7f5f553b6000 rw-s 00000000 00:07 1146                       /dev/nvidiactl
7f5f553b6000-7f5f553f6000 rw-s 00000000 00:07 1146                       /dev/nvidiactl
7f5f55416000-7f5f55449000 r--p 00000000 103:07 456406                    /run/media/ashy/Shared/.minecraftx/versions/neoforge-21.1.248/neoforge-21.1.248-natives/liblwjgl_opengl.so
7f5f55449000-7f5f5545d000 r-xp 00033000 103:07 456406                    /run/media/ashy/Shared/.minecraftx/versions/neoforge-21.1.248/neoforge-21.1.248-natives/liblwjgl_opengl.so
7f5f5545d000-7f5f5546d000 r--p 00047000 103:07 456406                    /run/media/ashy/Shared/.minecraftx/versions/neoforge-21.1.248/neoforge-21.1.248-natives/liblwjgl_opengl.so
7f5f5546d000-7f5f5546e000 r--p 00056000 103:07 456406                    /run/media/ashy/Shared/.minecraftx/versions/neoforge-21.1.248/neoforge-21.1.248-natives/liblwjgl_opengl.so
7f5f5546e000-7f5f5546f000 rw-p 00057000 103:07 456406                    /run/media/ashy/Shared/.minecraftx/versions/neoforge-21.1.248/neoforge-21.1.248-natives/liblwjgl_opengl.so
7f5f55478000-7f5f5547a000 r--p 00000000 00:21 167495                     /usr/lib/pipewire-0.3/libpipewire-module-metadata.so
7f5f5547a000-7f5f55483000 r-xp 00002000 00:21 167495                     /usr/lib/pipewire-0.3/libpipewire-module-metadata.so
7f5f55483000-7f5f55485000 r--p 0000b000 00:21 167495                     /usr/lib/pipewire-0.3/libpipewire-module-metadata.so
7f5f55485000-7f5f55486000 r--p 0000c000 00:21 167495                     /usr/lib/pipewire-0.3/libpipewire-module-metadata.so
7f5f55486000-7f5f55487000 rw-p 0000d000 00:21 167495                     /usr/lib/pipewire-0.3/libpipewire-module-metadata.so
7f5f55487000-7f5f55489000 r--p 00000000 00:21 167490                     /usr/lib/pipewire-0.3/libpipewire-module-adapter.so
7f5f55489000-7f5f5548d000 r-xp 00002000 00:21 167490                     /usr/lib/pipewire-0.3/libpipewire-module-adapter.so
7f5f5548d000-7f5f5548f000 r--p 00006000 00:21 167490                     /usr/lib/pipewire-0.3/libpipewire-module-adapter.so
7f5f5548f000-7f5f55490000 r--p 00007000 00:21 167490                     /usr/lib/pipewire-0.3/libpipewire-module-adapter.so
7f5f55490000-7f5f55491000 rw-p 00008000 00:21 167490                     /usr/lib/pipewire-0.3/libpipewire-module-adapter.so
7f5f55491000-7f5f55493000 r--p 00000000 00:21 167491                     /usr/lib/pipewire-0.3/libpipewire-module-client-device.so
7f5f55493000-7f5f5549f000 r-xp 00002000 00:21 167491                     /usr/lib/pipewire-0.3/libpipewire-module-client-device.so
7f5f5549f000-7f5f554a0000 r--p 0000e000 00:21 167491                     /usr/lib/pipewire-0.3/libpipewire-module-client-device.so
7f5f554a0000-7f5f554a1000 r--p 0000f000 00:21 167491                     /usr/lib/pipewire-0.3/libpipewire-module-client-device.so
7f5f554a1000-7f5f554a2000 rw-p 00010000 00:21 167491                     /usr/lib/pipewire-0.3/libpipewire-module-client-device.so
7f5f554a2000-7f5f554a5000 r--p 00000000 00:21 167492                     /usr/lib/pipewire-0.3/libpipewire-module-client-node.so
7f5f554a5000-7f5f554c0000 r-xp 00003000 00:21 167492                     /usr/lib/pipewire-0.3/libpipewire-module-client-node.so
7f5f554c0000-7f5f554c5000 r--p 0001e000 00:21 167492                     /usr/lib/pipewire-0.3/libpipewire-module-client-node.so
7f5f554c5000-7f5f554c7000 r--p 00022000 00:21 167492                     /usr/lib/pipewire-0.3/libpipewire-module-client-node.so
7f5f554c7000-7f5f554c8000 rw-p 00024000 00:21 167492                     /usr/lib/pipewire-0.3/libpipewire-module-client-node.so
7f5f554c8000-7f5f554cf000 r-xp 00000000 103:07 449585                    /run/media/ashy/Shared/.minecraftx/jre/java-runtime-delta/lib/libawt_headless.so
7f5f554cf000-7f5f554d0000 r--p 00006000 103:07 449585                    /run/media/ashy/Shared/.minecraftx/jre/java-runtime-delta/lib/libawt_headless.so
7f5f554d0000-7f5f554d1000 rw-p 00007000 103:07 449585                    /run/media/ashy/Shared/.minecraftx/jre/java-runtime-delta/lib/libawt_headless.so
7f5f554d1000-7f5f554d2000 r--p 00000000 00:21 8761                       /usr/lib/libbrotlicommon.so.1.2.0
7f5f554d2000-7f5f554d3000 r-xp 00001000 00:21 8761                       /usr/lib/libbrotlicommon.so.1.2.0
7f5f554d3000-7f5f554f2000 r--p 00002000 00:21 8761                       /usr/lib/libbrotlicommon.so.1.2.0
7f5f554f2000-7f5f554f3000 r--p 00021000 00:21 8761                       /usr/lib/libbrotlicommon.so.1.2.0
7f5f554f3000-7f5f554f4000 rw-p 00022000 00:21 8761                       /usr/lib/libbrotlicommon.so.1.2.0
7f5f554f4000-7f5f554f5000 r--p 00000000 00:21 8764                       /usr/lib/libbrotlidec.so.1.2.0
7f5f554f5000-7f5f554ff000 r-xp 00001000 00:21 8764                       /usr/lib/libbrotlidec.so.1.2.0
7f5f554ff000-7f5f55502000 r--p 0000b000 00:21 8764                       /usr/lib/libbrotlidec.so.1.2.0
7f5f55502000-7f5f55503000 r--p 0000d000 00:21 8764                       /usr/lib/libbrotlidec.so.1.2.0
7f5f55503000-7f5f55504000 rw-p 0000e000 00:21 8764                       /usr/lib/libbrotlidec.so.1.2.0
7f5f55504000-7f5f55505000 r--p 00000000 00:21 8767                       /usr/lib/libbrotlienc.so.1.2.0
7f5f55505000-7f5f555ad000 r-xp 00001000 00:21 8767                       /usr/lib/libbrotlienc.so.1.2.0
7f5f555ad000-7f5f555ff000 r--p 000a9000 00:21 8767                       /usr/lib/libbrotlienc.so.1.2.0
7f5f555ff000-7f5f55600000 r--p 000fa000 00:21 8767                       /usr/lib/libbrotlienc.so.1.2.0
7f5f55600000-7f5f55601000 rw-p 000fb000 00:21 8767                       /usr/lib/libbrotlienc.so.1.2.0
7f5f55601000-7f5f55602000 r--p 00000000 00:38 20949                      /tmp/native-127927720913241567.so
7f5f55602000-7f5f55603000 r-xp 00001000 00:38 20949                      /tmp/native-127927720913241567.so
7f5f55603000-7f5f55604000 r--p 00002000 00:38 20949                      /tmp/native-127927720913241567.so
7f5f55604000-7f5f55605000 r--p 00002000 00:38 20949                      /tmp/native-127927720913241567.so
7f5f55605000-7f5f55606000 rw-p 00003000 00:38 20949                      /tmp/native-127927720913241567.so
7f5f55606000-7f5f55608000 r--p 00000000 00:38 20947                      /tmp/native-15063428100105333574.so
7f5f55608000-7f5f55614000 r-xp 00002000 00:38 20947                      /tmp/native-15063428100105333574.so
7f5f55614000-7f5f55616000 r--p 0000e000 00:38 20947                      /tmp/native-15063428100105333574.so
7f5f55616000-7f5f55617000 ---p 00010000 00:38 20947                      /tmp/native-15063428100105333574.so
7f5f55617000-7f5f55618000 r--p 00010000 00:38 20947                      /tmp/native-15063428100105333574.so
7f5f55618000-7f5f55619000 rw-p 00011000 00:38 20947                      /tmp/native-15063428100105333574.so
7f5f55619000-7f5f55620000 r--p 00000000 103:07 456417                    /run/media/ashy/Shared/.minecraftx/versions/neoforge-21.1.248/neoforge-21.1.248-natives/liblwjgl_stb.so
7f5f55620000-7f5f55683000 r-xp 00007000 103:07 456417                    /run/media/ashy/Shared/.minecraftx/versions/neoforge-21.1.248/neoforge-21.1.248-natives/liblwjgl_stb.so
7f5f55683000-7f5f5568f000 r--p 0006a000 103:07 456417                    /run/media/ashy/Shared/.minecraftx/versions/neoforge-21.1.248/neoforge-21.1.248-natives/liblwjgl_stb.so
7f5f5568f000-7f5f55690000 r--p 00075000 103:07 456417                    /run/media/ashy/Shared/.minecraftx/versions/neoforge-21.1.248/neoforge-21.1.248-natives/liblwjgl_stb.so
7f5f55690000-7f5f55691000 rw-p 00076000 103:07 456417                    /run/media/ashy/Shared/.minecraftx/versions/neoforge-21.1.248/neoforge-21.1.248-natives/liblwjgl_stb.so
7f5f556ae000-7f5f556b2000 r--p 00000000 00:21 143530                     /usr/lib/libnvidia-allocator.so.580.173.02
7f5f556b2000-7f5f556cb000 r-xp 00004000 00:21 143530                     /usr/lib/libnvidia-allocator.so.580.173.02
7f5f556cb000-7f5f556d6000 r--p 0001d000 00:21 143530                     /usr/lib/libnvidia-allocator.so.580.173.02
7f5f556d6000-7f5f556d7000 r--p 00027000 00:21 143530                     /usr/lib/libnvidia-allocator.so.580.173.02
7f5f556d7000-7f5f556d8000 rw-p 00028000 00:21 143530                     /usr/lib/libnvidia-allocator.so.580.173.02
7f5f556d8000-7f5f556da000 rw-p 00000000 00:00 0 
7f5f556da000-7f5f556df000 r--p 00000000 00:21 63249                      /usr/lib/libdrm.so.2.134.0
7f5f556df000-7f5f556ed000 r-xp 00005000 00:21 63249                      /usr/lib/libdrm.so.2.134.0
7f5f556ed000-7f5f556f1000 r--p 00013000 00:21 63249                      /usr/lib/libdrm.so.2.134.0
7f5f556f1000-7f5f556f2000 r--p 00017000 00:21 63249                      /usr/lib/libdrm.so.2.134.0
7f5f556f2000-7f5f556f3000 rw-p 00018000 00:21 63249                      /usr/lib/libdrm.so.2.134.0
7f5f556f3000-7f5f55708000 r--p 00000000 00:21 16950                      /usr/lib/libsystemd.so.0.44.0
7f5f55708000-7f5f557e1000 r-xp 00015000 00:21 16950                      /usr/lib/libsystemd.so.0.44.0
7f5f557e1000-7f5f55830000 r--p 000ee000 00:21 16950                      /usr/lib/libsystemd.so.0.44.0
7f5f55830000-7f5f55839000 r--p 0013c000 00:21 16950                      /usr/lib/libsystemd.so.0.44.0
7f5f55839000-7f5f5583a000 rw-p 00145000 00:21 16950                      /usr/lib/libsystemd.so.0.44.0
7f5f5583a000-7f5f5583b000 rw-p 00000000 00:00 0 
7f5f5583b000-7f5f55849000 r--p 00000000 00:21 26897                      /usr/lib/libdbus-1.so.3.38.3
7f5f55849000-7f5f55880000 r-xp 0000e000 00:21 26897                      /usr/lib/libdbus-1.so.3.38.3
7f5f55880000-7f5f55892000 r--p 00045000 00:21 26897                      /usr/lib/libdbus-1.so.3.38.3
7f5f55892000-7f5f55894000 r--p 00056000 00:21 26897                      /usr/lib/libdbus-1.so.3.38.3
7f5f55894000-7f5f55895000 rw-p 00058000 00:21 26897                      /usr/lib/libdbus-1.so.3.38.3
7f5f55895000-7f5f55898000 r--p 00000000 00:21 59406                      /usr/lib/libxcb-xfixes.so.0.0.0
7f5f55898000-7f5f5589b000 r-xp 00003000 00:21 59406                      /usr/lib/libxcb-xfixes.so.0.0.0
7f5f5589b000-7f5f5589c000 r--p 00006000 00:21 59406                      /usr/lib/libxcb-xfixes.so.0.0.0
7f5f5589c000-7f5f5589d000 r--p 00007000 00:21 59406                      /usr/lib/libxcb-xfixes.so.0.0.0
7f5f5589d000-7f5f5589e000 rw-p 00008000 00:21 59406                      /usr/lib/libxcb-xfixes.so.0.0.0
7f5f5589e000-7f5f558a1000 r--p 00000000 00:21 59400                      /usr/lib/libxcb-sync.so.1.0.0
7f5f558a1000-7f5f558a4000 r-xp 00003000 00:21 59400                      /usr/lib/libxcb-sync.so.1.0.0
7f5f558a4000-7f5f558a5000 r--p 00006000 00:21 59400                      /usr/lib/libxcb-sync.so.1.0.0
7f5f558a5000-7f5f558a6000 r--p 00007000 00:21 59400                      /usr/lib/libxcb-sync.so.1.0.0
7f5f558a6000-7f5f558a7000 rw-p 00008000 00:21 59400                      /usr/lib/libxcb-sync.so.1.0.0
7f5f558a7000-7f5f558a8000 r--p 00000000 00:21 59376                      /usr/lib/libxcb-present.so.0.0.0
7f5f558a8000-7f5f558a9000 r-xp 00001000 00:21 59376                      /usr/lib/libxcb-present.so.0.0.0
7f5f558a9000-7f5f558aa000 r--p 00002000 00:21 59376                      /usr/lib/libxcb-present.so.0.0.0
7f5f558aa000-7f5f558ab000 r--p 00002000 00:21 59376                      /usr/lib/libxcb-present.so.0.0.0
7f5f558ab000-7f5f558ac000 rw-p 00003000 00:21 59376                      /usr/lib/libxcb-present.so.0.0.0
7f5f558ac000-7f5f558ae000 r--p 00000000 00:21 59370                      /usr/lib/libxcb-dri3.so.0.1.0
7f5f558ae000-7f5f558b0000 r-xp 00002000 00:21 59370                      /usr/lib/libxcb-dri3.so.0.1.0
7f5f558b0000-7f5f558b1000 r--p 00004000 00:21 59370                      /usr/lib/libxcb-dri3.so.0.1.0
7f5f558b1000-7f5f558b2000 r--p 00004000 00:21 59370                      /usr/lib/libxcb-dri3.so.0.1.0
7f5f558b2000-7f5f558b3000 rw-p 00005000 00:21 59370                      /usr/lib/libxcb-dri3.so.0.1.0
7f5f558b3000-7f5f558bf000 r--p 00000000 00:21 59373                      /usr/lib/libxcb-glx.so.0.0.0
7f5f558bf000-7f5f558c8000 r-xp 0000c000 00:21 59373                      /usr/lib/libxcb-glx.so.0.0.0
7f5f558c8000-7f5f558cd000 r--p 00015000 00:21 59373                      /usr/lib/libxcb-glx.so.0.0.0
7f5f558cd000-7f5f558cf000 r--p 0001a000 00:21 59373                      /usr/lib/libxcb-glx.so.0.0.0
7f5f558cf000-7f5f558d0000 rw-p 0001c000 00:21 59373                      /usr/lib/libxcb-glx.so.0.0.0
7f5f558d0000-7f5f558e0000 r--p 00000000 00:21 143547                     /usr/lib/libnvidia-glsi.so.580.173.02
7f5f558e0000-7f5f55940000 r-xp 00010000 00:21 143547                     /usr/lib/libnvidia-glsi.so.580.173.02
7f5f55940000-7f5f5595d000 r--p 00070000 00:21 143547                     /usr/lib/libnvidia-glsi.so.580.173.02
7f5f5595d000-7f5f55963000 r--p 0008c000 00:21 143547                     /usr/lib/libnvidia-glsi.so.580.173.02
7f5f55963000-7f5f55964000 rw-p 00092000 00:21 143547                     /usr/lib/libnvidia-glsi.so.580.173.02
7f5f55964000-7f5f5596c000 rw-p 00000000 00:00 0 
7f5f5596c000-7f5f559bd000 r--p 00000000 00:21 143518                     /usr/lib/libGLX_nvidia.so.580.173.02
7f5f559bd000-7f5f55a1a000 r-xp 00051000 00:21 143518                     /usr/lib/libGLX_nvidia.so.580.173.02
7f5f55a1a000-7f5f55a4f000 rwxp 000ae000 00:21 143518                     /usr/lib/libGLX_nvidia.so.580.173.02
7f5f55a4f000-7f5f55a50000 r-xp 000e3000 00:21 143518                     /usr/lib/libGLX_nvidia.so.580.173.02
7f5f55a50000-7f5f55a70000 r--p 000e4000 00:21 143518                     /usr/lib/libGLX_nvidia.so.580.173.02
7f5f55a70000-7f5f55a90000 r--p 00103000 00:21 143518                     /usr/lib/libGLX_nvidia.so.580.173.02
7f5f55a90000-7f5f55a95000 rw-p 00123000 00:21 143518                     /usr/lib/libGLX_nvidia.so.580.173.02
7f5f55a95000-7f5f55a97000 rw-p 00000000 00:00 0 
7f5f55a97000-7f5f55aae000 r--p 00000000 00:21 61792                      /usr/lib/libX11.so.6.4.0
7f5f55aae000-7f5f55b64000 r-xp 00017000 00:21 61792                      /usr/lib/libX11.so.6.4.0
7f5f55b64000-7f5f55bf9000 r--p 000cd000 00:21 61792                      /usr/lib/libX11.so.6.4.0
7f5f55bf9000-7f5f55bfc000 r--p 00162000 00:21 61792                      /usr/lib/libX11.so.6.4.0
7f5f55bfc000-7f5f55bff000 rw-p 00165000 00:21 61792                      /usr/lib/libX11.so.6.4.0
7f5f55bff000-7f5f55c00000 rw-p 00000000 00:00 0 
7f5f55c00000-7f5f56400000 rw-p 00000000 00:00 0 
7f5f56400000-7f5f56401000 rw-s 00000000 00:07 1148                       /dev/nvidia0
7f5f56401000-7f5f56402000 rw-s 00000000 00:07 1148                       /dev/nvidia0
7f5f56402000-7f5f56409000 r--p 00000000 00:21 59379                      /usr/lib/libxcb-randr.so.0.1.0
7f5f56409000-7f5f5640f000 r-xp 00007000 00:21 59379                      /usr/lib/libxcb-randr.so.0.1.0
7f5f5640f000-7f5f56412000 r--p 0000d000 00:21 59379                      /usr/lib/libxcb-randr.so.0.1.0
7f5f56412000-7f5f56413000 r--p 00010000 00:21 59379                      /usr/lib/libxcb-randr.so.0.1.0
7f5f56413000-7f5f56414000 rw-p 00011000 00:21 59379                      /usr/lib/libxcb-randr.so.0.1.0
7f5f56414000-7f5f56415000 r--p 00000000 00:21 143581                     /usr/lib/libnvidia-tls.so.580.173.02
7f5f56415000-7f5f56417000 r-xp 00001000 00:21 143581                     /usr/lib/libnvidia-tls.so.580.173.02
7f5f56417000-7f5f56418000 r--p 00003000 00:21 143581                     /usr/lib/libnvidia-tls.so.580.173.02
7f5f56418000-7f5f56419000 r--p 00003000 00:21 143581                     /usr/lib/libnvidia-tls.so.580.173.02
7f5f56419000-7f5f5641a000 rw-p 00004000 00:21 143581                     /usr/lib/libnvidia-tls.so.580.173.02
7f5f5641a000-7f5f5641c000 r--p 00000000 00:21 131477                     /usr/lib/libGLdispatch.so.0.0.0
7f5f5641c000-7f5f5641f000 r-xp 00002000 00:21 131477                     /usr/lib/libGLdispatch.so.0.0.0
7f5f5641f000-7f5f5645a000 r-xp 00005000 00:21 131477                     /usr/lib/libGLdispatch.so.0.0.0
7f5f5645a000-7f5f5645b000 r-xp 00040000 00:21 131477                     /usr/lib/libGLdispatch.so.0.0.0
7f5f5645b000-7f5f5646e000 r--p 00041000 00:21 131477                     /usr/lib/libGLdispatch.so.0.0.0
7f5f5646e000-7f5f5648a000 r--p 00054000 00:21 131477                     /usr/lib/libGLdispatch.so.0.0.0
7f5f5648a000-7f5f5648b000 rw-p 00070000 00:21 131477                     /usr/lib/libGLdispatch.so.0.0.0
7f5f5648b000-7f5f56493000 rw-p 00000000 00:00 0 
7f5f56493000-7f5f56495000 r--p 00000000 00:21 131474                     /usr/lib/libGLX.so.0.0.0
7f5f56495000-7f5f564b0000 r-xp 00002000 00:21 131474                     /usr/lib/libGLX.so.0.0.0
7f5f564b0000-7f5f564b3000 r--p 0001d000 00:21 131474                     /usr/lib/libGLX.so.0.0.0
7f5f564b3000-7f5f564b4000 r--p 00020000 00:21 131474                     /usr/lib/libGLX.so.0.0.0
7f5f564b4000-7f5f564b5000 rw-p 00021000 00:21 131474                     /usr/lib/libGLX.so.0.0.0
7f5f564b5000-7f5f564c5000 rw-p 00000000 00:00 0 
7f5f564c5000-7f5f564c6000 r--p 00000000 00:21 61789                      /usr/lib/libX11-xcb.so.1.0.0
7f5f564c6000-7f5f564c7000 r-xp 00001000 00:21 61789                      /usr/lib/libX11-xcb.so.1.0.0
7f5f564c7000-7f5f564c8000 r--p 00002000 00:21 61789                      /usr/lib/libX11-xcb.so.1.0.0
7f5f564c8000-7f5f564c9000 r--p 00002000 00:21 61789                      /usr/lib/libX11-xcb.so.1.0.0
7f5f564c9000-7f5f564ca000 rw-p 00003000 00:21 61789                      /usr/lib/libX11-xcb.so.1.0.0
7f5f564ca000-7f5f564cb000 r--p 00000000 00:21 149862                     /usr/lib/libXinerama.so.1.0.0
7f5f564cb000-7f5f564cc000 r-xp 00001000 00:21 149862                     /usr/lib/libXinerama.so.1.0.0
7f5f564cc000-7f5f564cd000 r--p 00002000 00:21 149862                     /usr/lib/libXinerama.so.1.0.0
7f5f564cd000-7f5f564ce000 r--p 00002000 00:21 149862                     /usr/lib/libXinerama.so.1.0.0
7f5f564ce000-7f5f564cf000 rw-p 00003000 00:21 149862                     /usr/lib/libXinerama.so.1.0.0
7f5f564cf000-7f5f564d1000 r--p 00000000 00:21 147988                     /usr/lib/libXfixes.so.3.1.0
7f5f564d1000-7f5f564d4000 r-xp 00002000 00:21 147988                     /usr/lib/libXfixes.so.3.1.0
7f5f564d4000-7f5f564d5000 r--p 00005000 00:21 147988                     /usr/lib/libXfixes.so.3.1.0
7f5f564d5000-7f5f564d6000 r--p 00006000 00:21 147988                     /usr/lib/libXfixes.so.3.1.0
7f5f564d6000-7f5f564d7000 rw-p 00007000 00:21 147988                     /usr/lib/libXfixes.so.3.1.0
7f5f564d7000-7f5f564da000 r--p 00000000 00:21 149779                     /usr/lib/libXcursor.so.1.0.2
7f5f564da000-7f5f564e1000 r-xp 00003000 00:21 149779                     /usr/lib/libXcursor.so.1.0.2
7f5f564e1000-7f5f564e3000 r--p 0000a000 00:21 149779                     /usr/lib/libXcursor.so.1.0.2
7f5f564e3000-7f5f564e4000 r--p 0000c000 00:21 149779                     /usr/lib/libXcursor.so.1.0.2
7f5f564e4000-7f5f564e5000 rw-p 0000d000 00:21 149779                     /usr/lib/libXcursor.so.1.0.2
7f5f564e5000-7f5f564e7000 r--p 00000000 00:21 149878                     /usr/lib/libXrandr.so.2.2.0
7f5f564e7000-7f5f564f0000 r-xp 00002000 00:21 149878                     /usr/lib/libXrandr.so.2.2.0
7f5f564f0000-7f5f564f2000 r--p 0000b000 00:21 149878                     /usr/lib/libXrandr.so.2.2.0
7f5f564f2000-7f5f564f3000 r--p 0000c000 00:21 149878                     /usr/lib/libXrandr.so.2.2.0
7f5f564f3000-7f5f564f4000 rw-p 0000d000 00:21 149878                     /usr/lib/libXrandr.so.2.2.0
7f5f564f4000-7f5f564f7000 r--p 00000000 00:21 148001                     /usr/lib/libXi.so.6.1.0
7f5f564f7000-7f5f56506000 r-xp 00003000 00:21 148001                     /usr/lib/libXi.so.6.1.0
7f5f56506000-7f5f56509000 r--p 00012000 00:21 148001                     /usr/lib/libXi.so.6.1.0
7f5f56509000-7f5f5650a000 r--p 00014000 00:21 148001                     /usr/lib/libXi.so.6.1.0
7f5f5650a000-7f5f5650b000 rw-p 00015000 00:21 148001                     /usr/lib/libXi.so.6.1.0
7f5f5650b000-7f5f56519000 r--p 00000000 103:07 456405                    /run/media/ashy/Shared/.minecraftx/versions/neoforge-21.1.248/neoforge-21.1.248-natives/libglfw.so
7f5f56519000-7f5f56538000 r-xp 0000e000 103:07 456405                    /run/media/ashy/Shared/.minecraftx/versions/neoforge-21.1.248/neoforge-21.1.248-natives/libglfw.so
7f5f56538000-7f5f5656b000 r--p 0002d000 103:07 456405                    /run/media/ashy/Shared/.minecraftx/versions/neoforge-21.1.248/neoforge-21.1.248-natives/libglfw.so
7f5f5656b000-7f5f5656c000 ---p 00060000 103:07 456405                    /run/media/ashy/Shared/.minecraftx/versions/neoforge-21.1.248/neoforge-21.1.248-natives/libglfw.so
7f5f5656c000-7f5f5656f000 r--p 00060000 103:07 456405                    /run/media/ashy/Shared/.minecraftx/versions/neoforge-21.1.248/neoforge-21.1.248-natives/libglfw.so
7f5f5656f000-7f5f56572000 rw-p 00063000 103:07 456405                    /run/media/ashy/Shared/.minecraftx/versions/neoforge-21.1.248/neoforge-21.1.248-natives/libglfw.so
7f5f56572000-7f5f56595000 rw-p 00000000 00:00 0 
7f5f56595000-7f5f5659d000 r--p 00000000 103:07 456404                    /run/media/ashy/Shared/.minecraftx/versions/neoforge-21.1.248/neoforge-21.1.248-natives/libjemalloc.so
7f5f5659d000-7f5f565f2000 r-xp 00008000 103:07 456404                    /run/media/ashy/Shared/.minecraftx/versions/neoforge-21.1.248/neoforge-21.1.248-natives/libjemalloc.so
7f5f565f2000-7f5f56602000 r--p 0005d000 103:07 456404                    /run/media/ashy/Shared/.minecraftx/versions/neoforge-21.1.248/neoforge-21.1.248-natives/libjemalloc.so
7f5f56602000-7f5f56603000 ---p 0006d000 103:07 456404                    /run/media/ashy/Shared/.minecraftx/versions/neoforge-21.1.248/neoforge-21.1.248-natives/libjemalloc.so
7f5f56603000-7f5f56609000 r--p 0006d000 103:07 456404                    /run/media/ashy/Shared/.minecraftx/versions/neoforge-21.1.248/neoforge-21.1.248-natives/libjemalloc.so
7f5f56609000-7f5f5660a000 rw-p 00073000 103:07 456404                    /run/media/ashy/Shared/.minecraftx/versions/neoforge-21.1.248/neoforge-21.1.248-natives/libjemalloc.so
7f5f5660a000-7f5f56814000 rw-p 00000000 00:00 0 
7f5f56814000-7f5f5683d000 r--p 00000000 103:07 456403                    /run/media/ashy/Shared/.minecraftx/versions/neoforge-21.1.248/neoforge-21.1.248-natives/liblwjgl.so
7f5f5683d000-7f5f5686f000 r-xp 00029000 103:07 456403                    /run/media/ashy/Shared/.minecraftx/versions/neoforge-21.1.248/neoforge-21.1.248-natives/liblwjgl.so
7f5f5686f000-7f5f56888000 r--p 0005b000 103:07 456403                    /run/media/ashy/Shared/.minecraftx/versions/neoforge-21.1.248/neoforge-21.1.248-natives/liblwjgl.so
7f5f56888000-7f5f56889000 r--p 00073000 103:07 456403                    /run/media/ashy/Shared/.minecraftx/versions/neoforge-21.1.248/neoforge-21.1.248-natives/liblwjgl.so
7f5f56889000-7f5f5688a000 rw-p 00074000 103:07 456403                    /run/media/ashy/Shared/.minecraftx/versions/neoforge-21.1.248/neoforge-21.1.248-natives/liblwjgl.so
7f5f568af000-7f5f568c2000 rw-s 00000000 00:07 1146                       /dev/nvidiactl
7f5f568c2000-7f5f568e2000 rw-s 00000000 00:07 1146                       /dev/nvidiactl
7f5f568e2000-7f5f56922000 rw-s 00000000 00:07 1146                       /dev/nvidiactl
7f5f5692b000-7f5f5692d000 r--p 00000000 00:21 179058                     /usr/lib/spa-0.2/audioconvert/libspa-audioconvert.so
7f5f5692d000-7f5f5698e000 r-xp 00002000 00:21 179058                     /usr/lib/spa-0.2/audioconvert/libspa-audioconvert.so
7f5f5698e000-7f5f569fa000 r--p 00063000 00:21 179058                     /usr/lib/spa-0.2/audioconvert/libspa-audioconvert.so
7f5f569fa000-7f5f56a08000 r--p 000ce000 00:21 179058                     /usr/lib/spa-0.2/audioconvert/libspa-audioconvert.so
7f5f56a08000-7f5f56a0b000 rw-p 000dc000 00:21 179058                     /usr/lib/spa-0.2/audioconvert/libspa-audioconvert.so
7f5f56a0b000-7f5f56c8b000 rw-p 00000000 00:00 0 
7f5f56c8b000-7f5f56c8c000 rw-p 00000000 00:00 0 
7f5f56c8c000-7f5f56c90000 ---p 00000000 00:00 0 
7f5f56c90000-7f5f57090000 rw-p 00000000 00:00 0 
7f5f57090000-7f5f57094000 ---p 00000000 00:00 0 
7f5f57094000-7f5f57191000 rw-p 00000000 00:00 0 
7f5f57191000-7f5f57195000 ---p 00000000 00:00 0 
7f5f57195000-7f5f57292000 rw-p 00000000 00:00 0 
7f5f57292000-7f5f57296000 ---p 00000000 00:00 0 
7f5f57296000-7f5f57393000 rw-p 00000000 00:00 0 
7f5f57393000-7f5f57397000 ---p 00000000 00:00 0 
7f5f57397000-7f5f57494000 rw-p 00000000 00:00 0 
7f5f57494000-7f5f57498000 ---p 00000000 00:00 0 
7f5f57498000-7f5f57595000 rw-p 00000000 00:00 0 
7f5f57595000-7f5f57599000 ---p 00000000 00:00 0 
7f5f57599000-7f5f57696000 rw-p 00000000 00:00 0 
7f5f57696000-7f5f5769a000 ---p 00000000 00:00 0 
7f5f5769a000-7f5f57796000 rw-p 00000000 00:00 0 
7f5f57796000-7f5f57797000 rw-s 00000000 00:07 1146                       /dev/nvidiactl
7f5f57797000-7f5f577b7000 rw-s 00000000 00:07 1146                       /dev/nvidiactl
7f5f577b7000-7f5f577f7000 rw-s 00000000 00:07 1146                       /dev/nvidiactl
7f5f577f7000-7f5f577f8000 r--p 00000000 00:00 0 
7f5f577f8000-7f5f577f9000 rw-p 00000000 00:00 0 
7f5f577f9000-7f5f577fd000 ---p 00000000 00:00 0 
7f5f577fd000-7f5f57dff000 rw-p 00000000 00:00 0 
7f5f57dff000-7f5f57e03000 ---p 00000000 00:00 0 
7f5f57e03000-7f5f57f00000 rw-p 00000000 00:00 0 
7f5f57f00000-7f5f57f04000 ---p 00000000 00:00 0 
7f5f57f04000-7f5f58000000 rw-p 00000000 00:00 0 
7f5f58000000-7f5f5c000000 rw-p 00000000 00:00 0 
7f5f5c000000-7f5f5ffff000 rw-p 00000000 00:00 0 
7f5f5ffff000-7f5f60000000 ---p 00000000 00:00 0 
7f5f60000000-7f5f63de9000 rw-p 00000000 00:00 0 
7f5f63de9000-7f5f64000000 ---p 00000000 00:00 0 
7f5f64000000-7f5f6731d000 rw-p 00000000 00:00 0 
7f5f6731d000-7f5f68000000 ---p 00000000 00:00 0 
7f5f68000000-7f5f6c000000 rw-p 00000000 00:00 0 
7f5f6c000000-7f5f6c002000 r--p 00000000 00:21 63113                      /usr/lib/libXrender.so.1.3.0
7f5f6c002000-7f5f6c00a000 r-xp 00002000 00:21 63113                      /usr/lib/libXrender.so.1.3.0
7f5f6c00a000-7f5f6c00c000 r--p 0000a000 00:21 63113                      /usr/lib/libXrender.so.1.3.0
7f5f6c00c000-7f5f6c00d000 r--p 0000b000 00:21 63113                      /usr/lib/libXrender.so.1.3.0
7f5f6c00d000-7f5f6c00e000 rw-p 0000c000 00:21 63113                      /usr/lib/libXrender.so.1.3.0
7f5f6c00e000-7f5f6c012000 r--p 00000000 00:21 63035                      /usr/lib/libXext.so.6.4.0
7f5f6c012000-7f5f6c022000 r-xp 00004000 00:21 63035                      /usr/lib/libXext.so.6.4.0
7f5f6c022000-7f5f6c026000 r--p 00014000 00:21 63035                      /usr/lib/libXext.so.6.4.0
7f5f6c026000-7f5f6c027000 r--p 00017000 00:21 63035                      /usr/lib/libXext.so.6.4.0
7f5f6c027000-7f5f6c028000 rw-p 00018000 00:21 63035                      /usr/lib/libXext.so.6.4.0
7f5f6c028000-7f5f6c029000 r--p 00000000 00:21 131164                     /usr/lib/libXxf86vm.so.1.0.0
7f5f6c029000-7f5f6c02d000 r-xp 00001000 00:21 131164                     /usr/lib/libXxf86vm.so.1.0.0
7f5f6c02d000-7f5f6c02e000 r--p 00005000 00:21 131164                     /usr/lib/libXxf86vm.so.1.0.0
7f5f6c02e000-7f5f6c02f000 r--p 00005000 00:21 131164                     /usr/lib/libXxf86vm.so.1.0.0
7f5f6c02f000-7f5f6c030000 rw-p 00006000 00:21 131164                     /usr/lib/libXxf86vm.so.1.0.0
7f5f6c030000-7f5f6c03c000 r--p 00000000 00:21 59427                      /usr/lib/libxcb.so.1.1.0
7f5f6c03c000-7f5f6c052000 r-xp 0000c000 00:21 59427                      /usr/lib/libxcb.so.1.1.0
7f5f6c052000-7f5f6c05b000 r--p 00022000 00:21 59427                      /usr/lib/libxcb.so.1.1.0
7f5f6c05b000-7f5f6c05c000 r--p 0002a000 00:21 59427                      /usr/lib/libxcb.so.1.1.0
7f5f6c05c000-7f5f6c05d000 rw-p 0002b000 00:21 59427                      /usr/lib/libxcb.so.1.1.0
7f5f6c05d000-7f5f6c060000 r--p 00000000 00:21 16946                      /usr/lib/libnss_resolve.so.2
7f5f6c060000-7f5f6c093000 r-xp 00003000 00:21 16946                      /usr/lib/libnss_resolve.so.2
7f5f6c093000-7f5f6c0ab000 r--p 00036000 00:21 16946                      /usr/lib/libnss_resolve.so.2
7f5f6c0ab000-7f5f6c0b2000 r--p 0004e000 00:21 16946                      /usr/lib/libnss_resolve.so.2
7f5f6c0b2000-7f5f6c0b3000 rw-p 00055000 00:21 16946                      /usr/lib/libnss_resolve.so.2
7f5f6c0b3000-7f5f6c0b7000 r--p 00000000 00:21 16945                      /usr/lib/libnss_mymachines.so.2
7f5f6c0b7000-7f5f6c108000 r-xp 00004000 00:21 16945                      /usr/lib/libnss_mymachines.so.2
7f5f6c108000-7f5f6c122000 r--p 00055000 00:21 16945                      /usr/lib/libnss_mymachines.so.2
7f5f6c122000-7f5f6c125000 r--p 0006f000 00:21 16945                      /usr/lib/libnss_mymachines.so.2
7f5f6c125000-7f5f6c126000 rw-p 00072000 00:21 16945                      /usr/lib/libnss_mymachines.so.2
7f5f6c126000-7f5f6c127000 rw-p 00000000 00:00 0 
7f5f6c127000-7f5f6c12b000 ---p 00000000 00:00 0 
7f5f6c12b000-7f5f6c228000 rw-p 00000000 00:00 0 
7f5f6c228000-7f5f6c22c000 ---p 00000000 00:00 0 
7f5f6c22c000-7f5f6c329000 rw-p 00000000 00:00 0 
7f5f6c329000-7f5f6c32d000 ---p 00000000 00:00 0 
7f5f6c32d000-7f5f6c429000 rw-p 00000000 00:00 0 
7f5f6c429000-7f5f6c4f7000 r-xp 00000000 103:07 449599                    /run/media/ashy/Shared/.minecraftx/jre/java-runtime-delta/lib/libjsvml.so
7f5f6c4f7000-7f5f6c4f8000 r--p 000cd000 103:07 449599                    /run/media/ashy/Shared/.minecraftx/jre/java-runtime-delta/lib/libjsvml.so
7f5f6c4f8000-7f5f6c4f9000 rw-p 000ce000 103:07 449599                    /run/media/ashy/Shared/.minecraftx/jre/java-runtime-delta/lib/libjsvml.so
7f5f6c4f9000-7f5f6c4fa000 rw-p 00000000 00:00 0 
7f5f6c4fa000-7f5f6c4fe000 ---p 00000000 00:00 0 
7f5f6c4fe000-7f5f6c5fb000 rw-p 00000000 00:00 0 
7f5f6c5fb000-7f5f6c5ff000 ---p 00000000 00:00 0 
7f5f6c5ff000-7f5f6c6fc000 rw-p 00000000 00:00 0 
7f5f6c6fc000-7f5f6c700000 ---p 00000000 00:00 0 
7f5f6c700000-7f5f6c7fd000 rw-p 00000000 00:00 0 
7f5f6c7fd000-7f5f6c801000 ---p 00000000 00:00 0 
7f5f6c801000-7f5f6c8fe000 rw-p 00000000 00:00 0 
7f5f6c8fe000-7f5f6c902000 ---p 00000000 00:00 0 
7f5f6c902000-7f5f6c9ff000 rw-p 00000000 00:00 0 
7f5f6c9ff000-7f5f6ca03000 ---p 00000000 00:00 0 
7f5f6ca03000-7f5f6cb00000 rw-p 00000000 00:00 0 
7f5f6cb00000-7f5f6cb04000 ---p 00000000 00:00 0 
7f5f6cb04000-7f5f6cc00000 rw-p 00000000 00:00 0 
7f5f6cc00000-7f5f6ceed000 r--p 00000000 00:21 141812                     /usr/lib/locale/locale-archive
7f5f6ceed000-7f5f6ceee000 rw-s 00000000 00:07 1148                       /dev/nvidia0
7f5f6ceee000-7f5f6cef0000 r--p 00000000 00:21 59289                      /usr/lib/libXdmcp.so.6.0.0
7f5f6cef0000-7f5f6cef2000 r-xp 00002000 00:21 59289                      /usr/lib/libXdmcp.so.6.0.0
7f5f6cef2000-7f5f6cef4000 r--p 00004000 00:21 59289                      /usr/lib/libXdmcp.so.6.0.0
7f5f6cef4000-7f5f6cef5000 r--p 00005000 00:21 59289                      /usr/lib/libXdmcp.so.6.0.0
7f5f6cef5000-7f5f6cef6000 rw-p 00006000 00:21 59289                      /usr/lib/libXdmcp.so.6.0.0
7f5f6cef6000-7f5f6cef7000 r--p 00000000 00:21 59302                      /usr/lib/libXau.so.6.0.0
7f5f6cef7000-7f5f6cef8000 r-xp 00001000 00:21 59302                      /usr/lib/libXau.so.6.0.0
7f5f6cef8000-7f5f6cef9000 r--p 00002000 00:21 59302                      /usr/lib/libXau.so.6.0.0
7f5f6cef9000-7f5f6cefa000 r--p 00002000 00:21 59302                      /usr/lib/libXau.so.6.0.0
7f5f6cefa000-7f5f6cefb000 rw-p 00003000 00:21 59302                      /usr/lib/libXau.so.6.0.0
7f5f6cefb000-7f5f6d2ff000 rw-p 00000000 00:00 0 
7f5f6d2ff000-7f5f734e0000 rw-p 00000000 00:00 0 
7f5f734e0000-7f5f77350000 ---p 00000000 00:00 0 
7f5f77350000-7f5f77c1c000 rw-p 00000000 00:00 0 
7f5f77c1c000-7f5f783ea000 ---p 00000000 00:00 0 
7f5f783ea000-7f5f78c1c000 rw-p 00000000 00:00 0 
7f5f78c1c000-7f5f793ea000 ---p 00000000 00:00 0 
7f5f793ea000-7f5f79400000 rw-p 00000000 00:00 0 
7f5f79400000-7f5f7e080000 rwxp 00000000 00:00 0 
7f5f7e080000-7f5f80937000 ---p 00000000 00:00 0 
7f5f80937000-7f5f80ec9000 rwxp 00000000 00:00 0 
7f5f80ec9000-7f5f84ad9000 rwxp 00000000 00:00 0 
7f5f84ad9000-7f5f88400000 ---p 00000000 00:00 0 
7f5f88400000-7f5f88401000 rw-s 00000000 00:07 1148                       /dev/nvidia0
7f5f88401000-7f5f88402000 rw-s 00000000 00:07 1146                       /dev/nvidiactl
7f5f88402000-7f5f88403000 rw-s 00000000 00:07 1146                       /dev/nvidiactl
7f5f88403000-7f5f88404000 r--s 00000000 00:07 1146                       /dev/nvidiactl
7f5f88404000-7f5f88405000 r-xp 00059000 103:07 456403                    /run/media/ashy/Shared/.minecraftx/versions/neoforge-21.1.248/neoforge-21.1.248-natives/liblwjgl.so
7f5f88405000-7f5f88406000 rw-p 00000000 00:00 0 
7f5f88406000-7f5f88413000 r-xp 00000000 103:07 449616                    /run/media/ashy/Shared/.minecraftx/jre/java-runtime-delta/lib/libverify.so
7f5f88413000-7f5f88415000 r--p 0000c000 103:07 449616                    /run/media/ashy/Shared/.minecraftx/jre/java-runtime-delta/lib/libverify.so
7f5f88415000-7f5f88416000 rw-p 0000e000 103:07 449616                    /run/media/ashy/Shared/.minecraftx/jre/java-runtime-delta/lib/libverify.so
7f5f88416000-7f5f88417000 rw-s 00000000 00:07 1148                       /dev/nvidia0
7f5f88417000-7f5f88419000 rw-s 00000000 00:07 1146                       /dev/nvidiactl
7f5f88419000-7f5f8841a000 rw-s 00000000 00:07 1148                       /dev/nvidia0
7f5f8841a000-7f5f8841b000 rw-s 00000000 00:07 1148                       /dev/nvidia0
7f5f8841b000-7f5f8841e000 r--p 00000000 00:21 167498                     /usr/lib/pipewire-0.3/libpipewire-module-protocol-native.so
7f5f8841e000-7f5f8843c000 r-xp 00003000 00:21 167498                     /usr/lib/pipewire-0.3/libpipewire-module-protocol-native.so
7f5f8843c000-7f5f88447000 r--p 00021000 00:21 167498                     /usr/lib/pipewire-0.3/libpipewire-module-protocol-native.so
7f5f88447000-7f5f88452000 r--p 0002c000 00:21 167498                     /usr/lib/pipewire-0.3/libpipewire-module-protocol-native.so
7f5f88452000-7f5f88453000 rw-p 00037000 00:21 167498                     /usr/lib/pipewire-0.3/libpipewire-module-protocol-native.so
7f5f88453000-7f5f88455000 r--p 00000000 00:21 167499                     /usr/lib/pipewire-0.3/libpipewire-module-rt.so
7f5f88455000-7f5f88459000 r-xp 00002000 00:21 167499                     /usr/lib/pipewire-0.3/libpipewire-module-rt.so
7f5f88459000-7f5f8845b000 r--p 00006000 00:21 167499                     /usr/lib/pipewire-0.3/libpipewire-module-rt.so
7f5f8845b000-7f5f8845c000 r--p 00007000 00:21 167499                     /usr/lib/pipewire-0.3/libpipewire-module-rt.so
7f5f8845c000-7f5f8845d000 rw-p 00008000 00:21 167499                     /usr/lib/pipewire-0.3/libpipewire-module-rt.so
7f5f8845d000-7f5f8845e000 r--p 00000000 00:21 167509                     /usr/lib/spa-0.2/support/libspa-dbus.so
7f5f8845e000-7f5f88461000 r-xp 00001000 00:21 167509                     /usr/lib/spa-0.2/support/libspa-dbus.so
7f5f88461000-7f5f88462000 r--p 00004000 00:21 167509                     /usr/lib/spa-0.2/support/libspa-dbus.so
7f5f88462000-7f5f88463000 r--p 00004000 00:21 167509                     /usr/lib/spa-0.2/support/libspa-dbus.so
7f5f88463000-7f5f88464000 rw-p 00005000 00:21 167509                     /usr/lib/spa-0.2/support/libspa-dbus.so
7f5f88464000-7f5f88465000 r--p 00000000 00:21 167510                     /usr/lib/spa-0.2/support/libspa-journal.so
7f5f88465000-7f5f88467000 r-xp 00001000 00:21 167510                     /usr/lib/spa-0.2/support/libspa-journal.so
7f5f88467000-7f5f88468000 r--p 00003000 00:21 167510                     /usr/lib/spa-0.2/support/libspa-journal.so
7f5f88468000-7f5f88469000 r--p 00003000 00:21 167510                     /usr/lib/spa-0.2/support/libspa-journal.so
7f5f88469000-7f5f8846a000 rw-p 00004000 00:21 167510                     /usr/lib/spa-0.2/support/libspa-journal.so
7f5f8846a000-7f5f8846c000 r--p 00000000 00:21 167511                     /usr/lib/spa-0.2/support/libspa-support.so
7f5f8846c000-7f5f88488000 r-xp 00002000 00:21 167511                     /usr/lib/spa-0.2/support/libspa-support.so
7f5f88488000-7f5f8848e000 r--p 0001e000 00:21 167511                     /usr/lib/spa-0.2/support/libspa-support.so
7f5f8848e000-7f5f88496000 r--p 00024000 00:21 167511                     /usr/lib/spa-0.2/support/libspa-support.so
7f5f88496000-7f5f88497000 rw-p 0002c000 00:21 167511                     /usr/lib/spa-0.2/support/libspa-support.so
7f5f88497000-7f5f8c000000 r--s 00000000 103:07 1993                      /run/media/ashy/Shared/.minecraftx/jre/java-runtime-delta/lib/modules
7f5f8c000000-7f5f8fffe000 rw-p 00000000 00:00 0 
7f5f8fffe000-7f5f90000000 ---p 00000000 00:00 0 
7f5f90000000-7f5f90001000 rw-p 00000000 00:00 0 
7f5f90001000-7f5f90005000 r--p 00000000 00:21 4965                       /usr/lib/libgcc_s.so.1
7f5f90005000-7f5f9002f000 r-xp 00004000 00:21 4965                       /usr/lib/libgcc_s.so.1
7f5f9002f000-7f5f90033000 r--p 0002e000 00:21 4965                       /usr/lib/libgcc_s.so.1
7f5f90033000-7f5f90034000 r--p 00032000 00:21 4965                       /usr/lib/libgcc_s.so.1
7f5f90034000-7f5f90035000 rw-p 00033000 00:21 4965                       /usr/lib/libgcc_s.so.1
7f5f90035000-7f5f90090000 rw-p 00000000 00:00 0 
7f5f90090000-7f5f90091000 rw-s 00000000 00:07 1148                       /dev/nvidia0
7f5f90091000-7f5f90092000 rw-s 00000000 00:07 1146                       /dev/nvidiactl
7f5f900a1000-7f5f900aa000 rw-s 00008000 00:01 73044                      /memfd:pipewire-memfd:flags=0x0000000f,type=2,size=65664 (deleted)
7f5f900b2000-7f5f900bb000 rw-s 00000000 00:01 73044                      /memfd:pipewire-memfd:flags=0x0000000f,type=2,size=65664 (deleted)
7f5f900bb000-7f5f900c4000 rw-s 00008000 00:01 73043                      /memfd:pipewire-memfd:flags=0x0000000f,type=2,size=65664 (deleted)
7f5f900c4000-7f5f900cd000 rw-s 00000000 00:01 73043                      /memfd:pipewire-memfd:flags=0x0000000f,type=2,size=65664 (deleted)
7f5f900cd000-7f5f900ce000 rw-s 00000000 00:01 72140                      /memfd:pipewire-memfd:flags=0x0000000f,type=2,size=2312 (deleted)
7f5f900ce000-7f5f900cf000 rw-s 00000000 00:01 72141                      /memfd:pipewire-memfd:flags=0x0000000f,type=2,size=4096 (deleted)
7f5f900cf000-7f5f900d0000 rw-s 00000000 00:01 66364                      /memfd:pipewire-memfd:flags=0x0000000f,type=2,size=2312 (deleted)
7f5f900d0000-7f5f900d1000 rw-s 00000000 00:01 70715                      /memfd:pipewire-memfd:flags=0x0000000f,type=2,size=2312 (deleted)
7f5f900d1000-7f5f907d8000 rw-p 00000000 00:00 0 
7f5f907d8000-7f5f90adb000 rw-p 00000000 00:00 0 
7f5f90adb000-7f5f91422000 rw-p 00000000 00:00 0 
7f5f91422000-7f5f91494000 ---p 00000000 00:00 0 
7f5f91494000-7f5f9152d000 rw-p 00000000 00:00 0 
7f5f9152d000-7f5f9157f000 ---p 00000000 00:00 0 
7f5f9157f000-7f5f91583000 ---p 00000000 00:00 0 
7f5f91583000-7f5f9167f000 rw-p 00000000 00:00 0 
7f5f9167f000-7f5f92a95000 r-xp 00000000 103:07 449621                    /run/media/ashy/Shared/.minecraftx/jre/java-runtime-delta/lib/server/libjvm.so
7f5f92a95000-7f5f92a96000 ---p 01416000 103:07 449621                    /run/media/ashy/Shared/.minecraftx/jre/java-runtime-delta/lib/server/libjvm.so
7f5f92a96000-7f5f92b6a000 r--p 01416000 103:07 449621                    /run/media/ashy/Shared/.minecraftx/jre/java-runtime-delta/lib/server/libjvm.so
7f5f92b6a000-7f5f92b9a000 rw-p 014ea000 103:07 449621                    /run/media/ashy/Shared/.minecraftx/jre/java-runtime-delta/lib/server/libjvm.so
7f5f92b9a000-7f5f92c00000 rw-p 00000000 00:00 0 
7f5f92c00000-7f5f92c24000 r--p 00000000 00:21 4147                       /usr/lib/libc.so.6
7f5f92c24000-7f5f92dc3000 r-xp 00024000 00:21 4147                       /usr/lib/libc.so.6
7f5f92dc3000-7f5f92e3c000 r--p 001c3000 00:21 4147                       /usr/lib/libc.so.6
7f5f92e3c000-7f5f92e40000 r--p 0023c000 00:21 4147                       /usr/lib/libc.so.6
7f5f92e40000-7f5f92e42000 rw-p 00240000 00:21 4147                       /usr/lib/libc.so.6
7f5f92e42000-7f5f92e4a000 rw-p 00000000 00:00 0 
7f5f92e4a000-7f5f92e4f000 r-xp 00000000 103:07 449604                    /run/media/ashy/Shared/.minecraftx/jre/java-runtime-delta/lib/libmanagement_ext.so
7f5f92e4f000-7f5f92e50000 ---p 00005000 103:07 449604                    /run/media/ashy/Shared/.minecraftx/jre/java-runtime-delta/lib/libmanagement_ext.so
7f5f92e50000-7f5f92e51000 r--p 00005000 103:07 449604                    /run/media/ashy/Shared/.minecraftx/jre/java-runtime-delta/lib/libmanagement_ext.so
7f5f92e51000-7f5f92e52000 rw-p 00006000 103:07 449604                    /run/media/ashy/Shared/.minecraftx/jre/java-runtime-delta/lib/libmanagement_ext.so
7f5f92e52000-7f5f92e56000 r-xp 00000000 103:07 449602                    /run/media/ashy/Shared/.minecraftx/jre/java-runtime-delta/lib/libmanagement.so
7f5f92e56000-7f5f92e57000 r--p 00003000 103:07 449602                    /run/media/ashy/Shared/.minecraftx/jre/java-runtime-delta/lib/libmanagement.so
7f5f92e57000-7f5f92e58000 rw-p 00004000 103:07 449602                    /run/media/ashy/Shared/.minecraftx/jre/java-runtime-delta/lib/libmanagement.so
7f5f92e58000-7f5f92e5a000 r-xp 00000000 103:07 449584                    /run/media/ashy/Shared/.minecraftx/jre/java-runtime-delta/lib/libextnet.so
7f5f92e5a000-7f5f92e5b000 r--p 00001000 103:07 449584                    /run/media/ashy/Shared/.minecraftx/jre/java-runtime-delta/lib/libextnet.so
7f5f92e5b000-7f5f92e5c000 rw-p 00002000 103:07 449584                    /run/media/ashy/Shared/.minecraftx/jre/java-runtime-delta/lib/libextnet.so
7f5f92e5c000-7f5f92e68000 r-xp 00000000 103:07 449613                    /run/media/ashy/Shared/.minecraftx/jre/java-runtime-delta/lib/libnet.so
7f5f92e68000-7f5f92e69000 r--p 0000b000 103:07 449613                    /run/media/ashy/Shared/.minecraftx/jre/java-runtime-delta/lib/libnet.so
7f5f92e69000-7f5f92e6a000 rw-p 0000c000 103:07 449613                    /run/media/ashy/Shared/.minecraftx/jre/java-runtime-delta/lib/libnet.so
7f5f92e6a000-7f5f92e7e000 r-xp 00000000 103:07 449606                    /run/media/ashy/Shared/.minecraftx/jre/java-runtime-delta/lib/libnio.so
7f5f92e7e000-7f5f92e7f000 r--p 00013000 103:07 449606                    /run/media/ashy/Shared/.minecraftx/jre/java-runtime-delta/lib/libnio.so
7f5f92e7f000-7f5f92e80000 rw-p 00014000 103:07 449606                    /run/media/ashy/Shared/.minecraftx/jre/java-runtime-delta/lib/libnio.so
7f5f92e80000-7f5f92e87000 r-xp 00000000 103:07 449614                    /run/media/ashy/Shared/.minecraftx/jre/java-runtime-delta/lib/libzip.so
7f5f92e87000-7f5f92e88000 ---p 00007000 103:07 449614                    /run/media/ashy/Shared/.minecraftx/jre/java-runtime-delta/lib/libzip.so
7f5f92e88000-7f5f92e89000 r--p 00007000 103:07 449614                    /run/media/ashy/Shared/.minecraftx/jre/java-runtime-delta/lib/libzip.so
7f5f92e89000-7f5f92e8a000 rw-p 00008000 103:07 449614                    /run/media/ashy/Shared/.minecraftx/jre/java-runtime-delta/lib/libzip.so
7f5f92e8a000-7f5f92ed7000 rw-p 00000000 00:00 0 
7f5f92ed7000-7f5f92edf000 rw-s 00000000 00:38 20942                      /tmp/hsperfdata_ashy/1062318
7f5f92edf000-7f5f92eff000 r-xp 00000000 103:07 449590                    /run/media/ashy/Shared/.minecraftx/jre/java-runtime-delta/lib/libjava.so
7f5f92eff000-7f5f92f00000 ---p 00020000 103:07 449590                    /run/media/ashy/Shared/.minecraftx/jre/java-runtime-delta/lib/libjava.so
7f5f92f00000-7f5f92f01000 r--p 00020000 103:07 449590                    /run/media/ashy/Shared/.minecraftx/jre/java-runtime-delta/lib/libjava.so
7f5f92f01000-7f5f92f02000 rw-p 00021000 103:07 449590                    /run/media/ashy/Shared/.minecraftx/jre/java-runtime-delta/lib/libjava.so
7f5f92f02000-7f5f92f03000 rw-p 00000000 00:00 0 
7f5f92f03000-7f5f92f0d000 r-xp 00000000 103:07 449586                    /run/media/ashy/Shared/.minecraftx/jre/java-runtime-delta/lib/libinstrument.so
7f5f92f0d000-7f5f92f0e000 ---p 0000a000 103:07 449586                    /run/media/ashy/Shared/.minecraftx/jre/java-runtime-delta/lib/libinstrument.so
7f5f92f0e000-7f5f92f0f000 r--p 0000a000 103:07 449586                    /run/media/ashy/Shared/.minecraftx/jre/java-runtime-delta/lib/libinstrument.so
7f5f92f0f000-7f5f92f10000 rw-p 0000b000 103:07 449586                    /run/media/ashy/Shared/.minecraftx/jre/java-runtime-delta/lib/libinstrument.so
7f5f92f10000-7f5f92f11000 ---p 00000000 00:00 0 
7f5f92f11000-7f5f92f12000 r--p 00000000 00:00 0 
7f5f92f12000-7f5f92f13000 ---p 00000000 00:00 0 
7f5f92f13000-7f5f92f2e000 r-xp 00000000 103:07 449595                    /run/media/ashy/Shared/.minecraftx/jre/java-runtime-delta/lib/libjimage.so
7f5f92f2e000-7f5f92f2f000 ---p 0001b000 103:07 449595                    /run/media/ashy/Shared/.minecraftx/jre/java-runtime-delta/lib/libjimage.so
7f5f92f2f000-7f5f92f31000 r--p 0001b000 103:07 449595                    /run/media/ashy/Shared/.minecraftx/jre/java-runtime-delta/lib/libjimage.so
7f5f92f31000-7f5f92f32000 rw-p 0001d000 103:07 449595                    /run/media/ashy/Shared/.minecraftx/jre/java-runtime-delta/lib/libjimage.so
7f5f92f32000-7f5f92f42000 r--p 00000000 00:21 4157                       /usr/lib/libm.so.6
7f5f92f42000-7f5f92fd8000 r-xp 00010000 00:21 4157                       /usr/lib/libm.so.6
7f5f92fd8000-7f5f93037000 r--p 000a6000 00:21 4157                       /usr/lib/libm.so.6
7f5f93037000-7f5f93038000 r--p 00105000 00:21 4157                       /usr/lib/libm.so.6
7f5f93038000-7f5f93039000 rw-p 00106000 00:21 4157                       /usr/lib/libm.so.6
7f5f93039000-7f5f9303a000 r--p 00000000 00:21 4179                       /usr/lib/librt.so.1
7f5f9303a000-7f5f9303b000 r-xp 00001000 00:21 4179                       /usr/lib/librt.so.1
7f5f9303b000-7f5f9303c000 r--p 00002000 00:21 4179                       /usr/lib/librt.so.1
7f5f9303c000-7f5f9303d000 r--p 00002000 00:21 4179                       /usr/lib/librt.so.1
7f5f9303d000-7f5f9303e000 rw-p 00003000 00:21 4179                       /usr/lib/librt.so.1
7f5f9303e000-7f5f93042000 rw-p 00000000 00:00 0 
7f5f93042000-7f5f93043000 r--p 00000000 00:21 4152                       /usr/lib/libdl.so.2
7f5f93043000-7f5f93044000 r-xp 00001000 00:21 4152                       /usr/lib/libdl.so.2
7f5f93044000-7f5f93045000 r--p 00002000 00:21 4152                       /usr/lib/libdl.so.2
7f5f93045000-7f5f93046000 r--p 00002000 00:21 4152                       /usr/lib/libdl.so.2
7f5f93046000-7f5f93047000 rw-p 00003000 00:21 4152                       /usr/lib/libdl.so.2
7f5f93047000-7f5f93048000 r--p 00000000 00:21 4174                       /usr/lib/libpthread.so.0
7f5f93048000-7f5f93049000 r-xp 00001000 00:21 4174                       /usr/lib/libpthread.so.0
7f5f93049000-7f5f9304a000 r--p 00002000 00:21 4174                       /usr/lib/libpthread.so.0
7f5f9304a000-7f5f9304b000 r--p 00002000 00:21 4174                       /usr/lib/libpthread.so.0
7f5f9304b000-7f5f9304c000 rw-p 00003000 00:21 4174                       /usr/lib/libpthread.so.0
7f5f9304c000-7f5f9305a000 r-xp 00000000 103:07 449596                    /run/media/ashy/Shared/.minecraftx/jre/java-runtime-delta/lib/libjli.so
7f5f9305a000-7f5f9305b000 ---p 0000e000 103:07 449596                    /run/media/ashy/Shared/.minecraftx/jre/java-runtime-delta/lib/libjli.so
7f5f9305b000-7f5f9305c000 r--p 0000e000 103:07 449596                    /run/media/ashy/Shared/.minecraftx/jre/java-runtime-delta/lib/libjli.so
7f5f9305c000-7f5f9305d000 rw-p 0000f000 103:07 449596                    /run/media/ashy/Shared/.minecraftx/jre/java-runtime-delta/lib/libjli.so
7f5f9305d000-7f5f93060000 r--p 00000000 00:21 161704                     /usr/lib/libz.so.1.3.1.zlib-ng
7f5f93060000-7f5f9308c000 r-xp 00003000 00:21 161704                     /usr/lib/libz.so.1.3.1.zlib-ng
7f5f9308c000-7f5f93096000 r--p 0002f000 00:21 161704                     /usr/lib/libz.so.1.3.1.zlib-ng
7f5f93096000-7f5f93097000 r--p 00038000 00:21 161704                     /usr/lib/libz.so.1.3.1.zlib-ng
7f5f93097000-7f5f93098000 rw-p 00039000 00:21 161704                     /usr/lib/libz.so.1.3.1.zlib-ng
7f5f93098000-7f5f9309a000 rw-p 00000000 00:00 0 
7f5f9309a000-7f5f930cb000 r--p 00000000 00:21 829807                     /etc/ld.so.cache
7f5f930cb000-7f5f930cf000 r--p 00000000 00:00 0                          [vvar]
7f5f930cf000-7f5f930d1000 r--p 00000000 00:00 0                          [vvar_vclock]
7f5f930d1000-7f5f930d3000 r-xp 00000000 00:00 0                          [vdso]
7f5f930d3000-7f5f930d4000 r--p 00000000 00:21 4138                       /usr/lib/ld-linux-x86-64.so.2
7f5f930d4000-7f5f93106000 r-xp 00001000 00:21 4138                       /usr/lib/ld-linux-x86-64.so.2
7f5f93106000-7f5f93116000 r--p 00033000 00:21 4138                       /usr/lib/ld-linux-x86-64.so.2
7f5f93116000-7f5f93118000 r--p 00043000 00:21 4138                       /usr/lib/ld-linux-x86-64.so.2
7f5f93118000-7f5f93119000 rw-p 00045000 00:21 4138                       /usr/lib/ld-linux-x86-64.so.2
7f5f93119000-7f5f9311a000 rw-p 00000000 00:00 0 
7ffebc101000-7ffebc125000 rw-p 00000000 00:00 0                          [stack]
ffffffffff600000-ffffffffff601000 --xp 00000000 00:00 0                  [vsyscall]
Total number of mappings: 1002


VM Arguments:
jvm_args: -Xms256M -Xmx8192M -javaagent:/run/media/ashy/Shared/.minecraftx/libraries/org/to2mbn/authlibinjector/1.2.8/authlibinjector-1.2.8.jar=http://localhost:25555/yggdrasil -Dauthlibinjector.side=client -Djava.library.path=/run/media/ashy/Shared/.minecraftx/versions/neoforge-21.1.248/neoforge-21.1.248-natives -Djna.tmpdir=/run/media/ashy/Shared/.minecraftx/versions/neoforge-21.1.248/neoforge-21.1.248-natives -Dorg.lwjgl.system.SharedLibraryExtractPath=/run/media/ashy/Shared/.minecraftx/versions/neoforge-21.1.248/neoforge-21.1.248-natives -Dio.netty.native.workdir=/run/media/ashy/Shared/.minecraftx/versions/neoforge-21.1.248/neoforge-21.1.248-natives -Dminecraft.launcher.brand=X Minecraft Launcher (0.65.1) -Dminecraft.launcher.version=X Minecraft Launcher (0.65.1) -Djava.net.preferIPv6Addresses=system -DignoreList=client-extra,1.21.1.jar -DlibraryDirectory=/run/media/ashy/Shared/.minecraftx/libraries --module-path=/run/media/ashy/Shared/.minecraftx/libraries/cpw/mods/bootstraplauncher/2.0.2/bootstraplauncher-2.0.2.jar:/run/media/ashy/Shared/.minecraftx/libraries/cpw/mods/securejarhandler/3.0.8/securejarhandler-3.0.8.jar:/run/media/ashy/Shared/.minecraftx/libraries/org/ow2/asm/asm-commons/9.10.1/asm-commons-9.10.1.jar:/run/media/ashy/Shared/.minecraftx/libraries/org/ow2/asm/asm-util/9.10.1/asm-util-9.10.1.jar:/run/media/ashy/Shared/.minecraftx/libraries/org/ow2/asm/asm-analysis/9.10.1/asm-analysis-9.10.1.jar:/run/media/ashy/Shared/.minecraftx/libraries/org/ow2/asm/asm-tree/9.10.1/asm-tree-9.10.1.jar:/run/media/ashy/Shared/.minecraftx/libraries/org/ow2/asm/asm/9.10.1/asm-9.10.1.jar:/run/media/ashy/Shared/.minecraftx/libraries/net/neoforged/JarJarFileSystems/0.4.1/JarJarFileSystems-0.4.1.jar --add-modules=ALL-MODULE-PATH --add-opens=java.base/java.util.jar=cpw.mods.securejarhandler --add-opens=java.base/java.lang.invoke=cpw.mods.securejarhandler --add-exports=java.base/sun.security.util=cpw.mods.securejarhandler --add-exports=jdk.naming.dns/com.sun.jndi.dns=java.naming -Dauthlibinjector.debug 
java_command: cpw.mods.bootstraplauncher.BootstrapLauncher --username Ashy --version neoforge-21.1.248 --gameDir /run/media/ashy/Shared/.minecraftx/instances/Gearfall Dev --assetsDir /run/media/ashy/Shared/.minecraftx/assets --assetIndex 818f68d092986c6933366762f435889884c36a52 --uuid 68af5072-46a5-387f-ac5e-a6b3c47d6c3f --accessToken c0939bb518b44cbdb08e2f5781ec42ae --clientId ${clientid} --xuid ${auth_xuid} --userType msa --versionType release --fml.neoForgeVersion 21.1.248 --fml.fmlVersion 4.0.43 --fml.mcVersion 1.21.1 --fml.neoFormVersion 20240808.144430 --launchTarget forgeclient --fullscreen
java_class_path (initial): /run/media/ashy/Shared/.minecraftx/libraries/com/github/oshi/oshi-core/6.4.10/oshi-core-6.4.10.jar:/run/media/ashy/Shared/.minecraftx/libraries/com/google/code/gson/gson/2.10.1/gson-2.10.1.jar:/run/media/ashy/Shared/.minecraftx/libraries/com/google/guava/failureaccess/1.0.1/failureaccess-1.0.1.jar:/run/media/ashy/Shared/.minecraftx/libraries/com/google/guava/guava/32.1.2-jre/guava-32.1.2-jre.jar:/run/media/ashy/Shared/.minecraftx/libraries/com/ibm/icu/icu4j/73.2/icu4j-73.2.jar:/run/media/ashy/Shared/.minecraftx/libraries/com/mojang/authlib/6.0.54/authlib-6.0.54.jar:/run/media/ashy/Shared/.minecraftx/libraries/com/mojang/blocklist/1.0.10/blocklist-1.0.10.jar:/run/media/ashy/Shared/.minecraftx/libraries/com/mojang/brigadier/1.3.10/brigadier-1.3.10.jar:/run/media/ashy/Shared/.minecraftx/libraries/com/mojang/datafixerupper/8.0.16/datafixerupper-8.0.16.jar:/run/media/ashy/Shared/.minecraftx/libraries/com/mojang/logging/1.2.7/logging-1.2.7.jar:/run/media/ashy/Shared/.minecraftx/libraries/com/mojang/patchy/2.2.10/patchy-2.2.10.jar:/run/media/ashy/Shared/.minecraftx/libraries/com/mojang/text2speech/1.17.9/text2speech-1.17.9.jar:/run/media/ashy/Shared/.minecraftx/libraries/commons-codec/commons-codec/1.16.0/commons-codec-1.16.0.jar:/run/media/ashy/Shared/.minecraftx/libraries/commons-io/commons-io/2.15.1/commons-io-2.15.1.jar:/run/media/ashy/Shared/.minecraftx/libraries/commons-logging/commons-logging/1.2/commons-logging-1.2.jar:/run/media/ashy/Shared/.minecraftx/libraries/io/netty/netty-buffer/4.1.97.Final/netty-buffer-4.1.97.Final.jar:/run/media/ashy/Shared/.minecraftx/libraries/io/netty/netty-codec/4.1.97.Final/netty-codec-4.1.97.Final.jar:/run/media/ashy/Shared/.minecraftx/libraries/io/netty/netty-common/4.1.97.Final/netty-common-4.1.97.Final.jar:/run/media/ashy/Shared/.minecraftx/libraries/io/netty/netty-handler/4.1.97.Final/netty-handler-4.1.97.Final.jar:/run/media/ashy/Shared/.minecraftx/libraries/io/netty/netty-resolver/4.1.97.Final/netty-resolver-4.1.97.Final.jar:/run/media/ashy/Shared/.minecraftx/libraries/io/netty/netty-transport-classes-epoll/4.1.97.Final/netty-transport-classes-epoll-4.1.97.Final.jar:/run/media/ashy/Shared/.minecraftx/libraries/io/netty/netty-transport-native-epoll/4.1.97.Final/netty-transport-native-epoll-4.1.97.Final-linux-aarch_64.jar:/run/media/ashy/Shared/.minecraftx/libraries/io/netty/netty-transport-native-epoll/4.1.97.Final/netty-transport-native-epoll-4.1.97.Final-linux-x86_64.jar:/run/media/ashy/Shared/.minecraftx/libraries/io/netty/netty-transport-native-unix-common/4.1.97.Final/netty-transport-native-unix-common-4.1.97.Final.jar:/run/media/ashy/Shared/.minecraftx/libraries/io/netty/netty-transport/4.1.97.Final/netty-transport-4.1.97.Final.jar:/run/media/ashy/Shared/.minecraftx/libraries/it/unimi/dsi/fastutil/8.5.12/fastutil-8.5.12.jar:/run/media/ashy/Shared/.minecraftx/libraries/net/java/dev/jna/jna-platform/5.14.0/jna-platform-5.14.0.jar:/run/media/ashy/Shared/.minecraftx/libraries/net/java/dev/jna/jna/5.14.0/jna-5.14.0.jar:/run/media/ashy/Shared/.minecraftx/libraries/net/sf/jopt-simple/jopt-simple/5.0.4/jopt-simple-5.0.4.jar:/run/media/ashy/Shared/.minecraftx/libraries/org/apache/commons/commons-compress/1.26.0/commons-compress-1.26.0.jar:/run/media/ashy/Shared/.minecraftx/libraries/org/apache/commons/commons-lang3/3.14.0/commons-lang3-3.14.0.jar:/run/media/ashy/Shared/.minecraftx/libraries/org/apache/httpcomponents/httpclient/4.5.13/httpclient-4.5.13.jar:/run/media/ashy/Shared/.minecraftx/libraries/org/apache/httpcomponents/httpcore/4.4.16/httpcore-4.4.16.jar:/run/media/ashy/Shared/.minecraftx/libraries/org/apache/logging/log4j/log4j-api/2.22.1/log4j-api-2.22.1.jar:/run/media/ashy/Shared/.minecraftx/libraries/org/apache/logging/log4j/log4j-core/2.22.1/log4j-core-2.22.1.jar:/run/media/ashy/Shared/.minecraftx/libraries/org/apache/logging/log4j/log4j-slf4j2-impl/2.22.1/log4j-slf4j2-impl-2.22.1.jar:/run/media/ashy/Shared/.minecraftx/libraries/org/jcraft/jorbis/0.0.17/jorbis-0.0.17.jar:/run/media/ashy/Shared/.minecraftx/libraries/org/joml/joml/1.10.5/joml-1.10.5.jar:/run/media/ashy/Shared/.minecraftx/libraries/org/lwjgl/lwjgl-freetype/3.3.3/lwjgl-freetype-3.3.3.jar:/run/media/ashy/Shared/.minecraftx/libraries/org/lwjgl/lwjgl-freetype/3.3.3/lwjgl-freetype-3.3.3-natives-linux.jar:/run/media/ashy/Shared/.minecraftx/libraries/org/lwjgl/lwjgl-glfw/3.3.3/lwjgl-glfw-3.3.3.jar:/run/media/ashy/Shared/.minecraftx/libraries/org/lwjgl/lwjgl-glfw/3.3.3/lwjgl-glfw-3.3.3-natives-linux.jar:/run/media/ashy/Shared/.minecraftx/libraries/org/lwjgl/lwjgl-jemalloc/3.3.3/lwjgl-jemalloc-3.3.3.jar:/run/media/ashy/Shared/.minecraftx/libraries/org/lwjgl/lwjgl-jemalloc/3.3.3/lwjgl-jemalloc-3.3.3-natives-linux.jar:/run/media/ashy/Shared/.minecraftx/libraries/org/lwjgl/lwjgl-openal/3.3.3/lwjgl-openal-3.3.3.jar:/run/media/ashy/Shared/.minecraftx/libraries/org/lwjgl/lwjgl-openal/3.3.3/lwjgl-openal-3.3.3-natives-linux.jar:/run/media/ashy/Shared/.minecraftx/libraries/org/lwjgl/lwjgl-opengl/3.3.3/lwjgl-opengl-3.3.3.jar:/run/media/ashy/Shared/.minecraftx/libraries/org/lwjgl/lwjgl-opengl/3.3.3/lwjgl-opengl-3.3.3-natives-linux.jar:/run/media/ashy/Shared/.minecraftx/libraries/org/lwjgl/lwjgl-stb/3.3.3/lwjgl-stb-3.3.3.jar:/run/media/ashy/Shared/.minecraftx/libraries/org/lwjgl/lwjgl-stb/3.3.3/lwjgl-stb-3.3.3-natives-linux.jar:/run/media/ashy/Shared/.minecraftx/libraries/org/lwjgl/lwjgl-tinyfd/3.3.3/lwjgl-tinyfd-3.3.3.jar:/run/media/ashy/Shared/.minecraftx/libraries/org/lwjgl/lwjgl-tinyfd/3.3.3/lwjgl-tinyfd-3.3.3-natives-linux.jar:/run/media/ashy/Shared/.minecraftx/libraries/org/lwjgl/lwjgl/3.3.3/lwjgl-3.3.3.jar:/run/media/ashy/Shared/.minecraftx/libraries/org/lwjgl/lwjgl/3.3.3/lwjgl-3.3.3-natives-linux.jar:/run/media/ashy/Shared/.minecraftx/libraries/org/lz4/lz4-java/1.8.0/lz4-java-1.8.0.jar:/run/media/ashy/Shared/.minecraftx/libraries/org/slf4j/slf4j-api/2.0.9/slf4j-api-2.0.9.jar:/run/media/ashy/Shared/.minecraftx/libraries/net/neoforged/fancymodloader/earlydisplay/4.0.43/earlydisplay-4.0.43.jar:/run/media/ashy/Shared/.minecraftx/libraries/net/neoforged/fancymodloader/loader/4.0.43/loader-4.0.43.jar:/run/media/ashy/Shared/.minecraftx/libraries/net/neoforged/accesstransformers/at-modlauncher/10.0.1/at-modlauncher-10.0.1.jar:/run/media/ashy/Shared/.minecraftx/libraries/net/neoforged/accesstransformers/10.0.1/accesstransformers-10.0.1.jar:/run/media/ashy/Shared/.minecraftx/libraries/net/neoforged/bus/8.0.5/bus-8.0.5.jar:/run/media/ashy/Shared/.minecraftx/libraries/net/neoforged/coremods/7.0.3/coremods-7.0.3.jar:/run/media/ashy/Shared/.minecraftx/libraries/cpw/mods/modlauncher/11.0.5/modlauncher-11.0.5.jar:/run/media/ashy/Shared/.minecraftx/libraries/net/neoforged/mergetool/2.0.0/mergetool-2.0.0-api.jar:/run/media/ashy/Shared/.minecraftx/libraries/com/electronwill/night-config/toml/3.8.3/toml-3.8.3.jar:/run/media/ashy/Shared/.minecraftx/libraries/com/electronwill/night-config/core/3.8.3/core-3.8.3.jar:/run/media/ashy/Shared/.minecraftx/libraries/net/neoforged/JarJarSelector/0.4.1/JarJarSelector-0.4.1.jar:/run/media/ashy/Shared/.minecraftx/libraries/net/neoforged/JarJarMetadata/0.4.1/JarJarMetadata-0.4.1.jar:/run/media/ashy/Shared/.minecraftx/libraries/org/apache/maven/maven-artifact/3.8.5/maven-artifact-3.8.5.jar:/run/media/ashy/Shared/.minecraftx/libraries/net/jodah/typetools/0.6.3/typetools-0.6.3.jar:/run/media/ashy/Shared/.minecraftx/libraries/net/minecrell/terminalconsoleappender/1.3.0/terminalconsoleappender-1.3.0.jar:/run/media/ashy/Shared/.minecraftx/libraries/net/fabricmc/sponge-mixin/0.15.2+mixin.0.8.7/sponge-mixin-0.15.2+mixin.0.8.7.jar:/run/media/ashy/Shared/.minecraftx/libraries/org/openjdk/nashorn/nashorn-core/15.4/nashorn-core-15.4.jar:/run/media/ashy/Shared/.minecraftx/libraries/cpw/mods/bootstraplauncher/2.0.2/bootstraplauncher-2.0.2.jar:/run/media/ashy/Shared/.minecraftx/libraries/cpw/mods/securejarhandler/3.0.8/securejarhandler-3.0.8.jar:/run/media/ashy/Shared/.minecraftx/libraries/org/ow2/asm/asm-commons/9.10.1/asm-commons-9.10.1.jar:/run/media/ashy/Shared/.minecraftx/libraries/org/ow2/asm/asm-util/9.10.1/asm-util-9.10.1.jar:/run/media/ashy/Shared/.minecraftx/libraries/org/ow2/asm/asm-analysis/9.10.1/asm-analysis-9.10.1.jar:/run/media/ashy/Shared/.minecraftx/libraries/org/ow2/asm/asm-tree/9.10.1/asm-tree-9.10.1.jar:/run/media/ashy/Shared/.minecraftx/libraries/org/ow2/asm/asm/9.10.1/asm-9.10.1.jar:/run/media/ashy/Shared/.minecraftx/libraries/net/neoforged/JarJarFileSystems/0.4.1/JarJarFileSystems-0.4.1.jar:/run/media/ashy/Shared/.minecraftx/libraries/org/antlr/antlr4-runtime/4.13.1/antlr4-runtime-4.13.1.jar:/run/media/ashy/Shared/.minecraftx/libraries/org/jline/jline-reader/3.20.0/jline-reader-3.20.0.jar:/run/media/ashy/Shared/.minecraftx/libraries/org/jline/jline-terminal/3.20.0/jline-terminal-3.20.0.jar:/run/media/ashy/Shared/.minecraftx/libraries/net/minecraftforge/srgutils/0.4.15/srgutils-0.4.15.jar:/run/media/ashy/Shared/.minecraftx/libraries/com/google/guava/listenablefuture/9999.0-empty-to-avoid-conflict-with-guava/listenablefuture-9999.0-empty-to-avoid-conflict-with-guava.jar:/run/media/ashy/Shared/.minecraftx/libraries/com/google/code/findbugs/jsr305/3.0.2/jsr305-3.0.2.jar:/run/media/ashy/Shared/.minecraftx/libraries/org/checkerframework/checker-qual/3.33.0/checker-qual-3.33.0.jar:/run/media/ashy/Shared/.minecraftx/libraries/com/google/errorprone/error_prone_annotations/2.18.0/error_prone_annotations-2.18.0.jar:/run/media/ashy/Shared/.minecraftx/libraries/com/google/j2objc/j2objc-annotations/2.8/j2objc-annotations-2.8.jar:/run/media/ashy/Shared/.minecraftx/libraries/org/codehaus/plexus/plexus-utils/3.3.0/plexus-utils-3.3.0.jar:/run/media/ashy/Shared/.minecraftx/libraries/com/machinezoo/noexception/noexception/1.7.1/noexception-1.7.1.jar:/run/media/ashy/Shared/.minecraftx/versions/1.21.1/1.21.1.jar
Launcher Type: SUN_STANDARD

[Global flags]
     intx CICompilerCount                          = 4                                         {product} {ergonomic}
     uint ConcGCThreads                            = 2                                         {product} {ergonomic}
     uint G1ConcRefinementThreads                  = 8                                         {product} {ergonomic}
   size_t G1HeapRegionSize                         = 4194304                                   {product} {ergonomic}
    uintx GCDrainStackTargetSize                   = 64                                        {product} {ergonomic}
   size_t InitialHeapSize                          = 268435456                                 {product} {command line}
   size_t MarkStackSize                            = 4194304                                   {product} {ergonomic}
   size_t MaxHeapSize                              = 8589934592                                {product} {command line}
   size_t MaxNewSize                               = 5150605312                                {product} {ergonomic}
   size_t MinHeapDeltaBytes                        = 4194304                                   {product} {ergonomic}
   size_t MinHeapSize                              = 268435456                                 {product} {command line}
    uintx NonNMethodCodeHeapSize                   = 5839372                                {pd product} {ergonomic}
    uintx NonProfiledCodeHeapSize                  = 122909434                              {pd product} {ergonomic}
    uintx ProfiledCodeHeapSize                     = 122909434                              {pd product} {ergonomic}
    uintx ReservedCodeCacheSize                    = 251658240                              {pd product} {ergonomic}
     bool SegmentedCodeCache                       = true                                      {product} {ergonomic}
   size_t SoftMaxHeapSize                          = 8589934592                             {manageable} {ergonomic}
     bool UseCompressedOops                        = true                           {product lp64_product} {ergonomic}
     bool UseG1GC                                  = true                                      {product} {ergonomic}

Logging:
Log output configuration:
 #0: stdout all=warning uptime,level,tags foldmultilines=false
 #1: stderr all=off uptime,level,tags foldmultilines=false

Environment Variables:
PATH=/usr/bin:/usr/local/sbin:/usr/local/bin:/usr/bin:/opt/android-sdk/platform-tools:/opt/cuda/bin:/usr/bin/site_perl:/usr/bin/vendor_perl:/usr/bin/core_perl:/home/ashy/.local/share/JetBrains/Toolbox/scripts:/opt/android-sdk/platform-tools:/home/ashy/.local/share/JetBrains/Toolbox/scripts
XDG_CACHE_HOME=/home/ashy/.cache
XDG_CONFIG_HOME=/home/ashy/.config
SHELL=/bin/fish
DISPLAY=:0
LANG=en_US.UTF-8
LC_NUMERIC=en_US.UTF-8
LC_TIME=en_US.UTF-8

Active Locale:
LC_ALL=en_US.UTF-8
LC_COLLATE=en_US.UTF-8
LC_CTYPE=en_US.UTF-8
LC_MESSAGES=en_US.UTF-8
LC_MONETARY=en_US.UTF-8
LC_NUMERIC=en_US.UTF-8
LC_TIME=en_US.UTF-8

Signal Handlers:
   SIGSEGV: crash_handler in libjvm.so, mask=11100100010111111101111111111110, flags=SA_RESTART|SA_SIGINFO, unblocked
    SIGBUS: crash_handler in libjvm.so, mask=11100100010111111101111111111110, flags=SA_RESTART|SA_SIGINFO, unblocked
    SIGFPE: crash_handler in libjvm.so, mask=11100100010111111101111111111110, flags=SA_RESTART|SA_SIGINFO, unblocked
   SIGPIPE: javaSignalHandler in libjvm.so, mask=11100100010111111101111111111110, flags=SA_RESTART|SA_SIGINFO, blocked
   SIGXFSZ: javaSignalHandler in libjvm.so, mask=11100100010111111101111111111110, flags=SA_RESTART|SA_SIGINFO, blocked
    SIGILL: crash_handler in libjvm.so, mask=11100100010111111101111111111110, flags=SA_RESTART|SA_SIGINFO, unblocked
   SIGUSR2: SR_handler in libjvm.so, mask=00000000000000000000000000000000, flags=SA_RESTART|SA_SIGINFO, blocked
    SIGHUP: UserHandler in libjvm.so, mask=11100100010111111101111111111110, flags=SA_RESTART|SA_SIGINFO, blocked
    SIGINT: UserHandler in libjvm.so, mask=11100100010111111101111111111110, flags=SA_RESTART|SA_SIGINFO, blocked
   SIGTERM: UserHandler in libjvm.so, mask=11100100010111111101111111111110, flags=SA_RESTART|SA_SIGINFO, blocked
   SIGQUIT: UserHandler in libjvm.so, mask=11100100010111111101111111111110, flags=SA_RESTART|SA_SIGINFO, blocked
   SIGTRAP: crash_handler in libjvm.so, mask=11100100010111111101111111111110, flags=SA_RESTART|SA_SIGINFO, unblocked


Periodic native trim disabled

---------------  S Y S T E M  ---------------

OS:
DISTRIB_ID=cachyos
DISTRIB_RELEASE="rolling"
DISTRIB_DESCRIPTION="CachyOS"
uname: Linux 7.1.8-1-cachyos #1 SMP PREEMPT_DYNAMIC Tue, 11 Aug 2026 14:27:10 +0000 x86_64
OS uptime: 0 days 11:45 hours
libc: glibc 2.44 NPTL 2.44 
rlimit (soft/hard): STACK 8192k/infinity , CORE infinity/infinity , NPROC 45817/45817 , NOFILE 1048576/1048576 , AS infinity/infinity , CPU infinity/infinity , DATA infinity/infinity , FSIZE infinity/infinity , MEMLOCK 8192k/8192k
load average: 7.32 6.37 5.28

/proc/meminfo:
MemTotal:       12041768 kB
MemFree:         1094268 kB
MemAvailable:    2222496 kB
Buffers:            6712 kB
Cached:          2151212 kB
SwapCached:        37432 kB
Active:          4146936 kB
Inactive:        2784624 kB
Active(anon):    3378876 kB
Inactive(anon):  2251332 kB
Active(file):     768060 kB
Inactive(file):   533292 kB
Unevictable:      753208 kB
Mlocked:           14396 kB
SwapTotal:      28818424 kB
SwapFree:       19414108 kB
Zswap:                 0 kB
Zswapped:              0 kB
Dirty:              1520 kB
Writeback:            80 kB
AnonPages:       5528160 kB
Mapped:           643616 kB
Shmem:            466592 kB
KReclaimable:     135916 kB
Slab:             405208 kB
SReclaimable:     135916 kB
SUnreclaim:       269292 kB
KernelStack:       35780 kB
PageTables:       105600 kB
SecPageTables:      2056 kB
NFS_Unstable:          0 kB
Bounce:                0 kB
WritebackTmp:          0 kB
CommitLimit:    34839308 kB
Committed_AS:   35125592 kB
VmallocTotal:   34359738367 kB
VmallocUsed:      301064 kB
VmallocChunk:          0 kB
Percpu:             7360 kB
HardwareCorrupted:     0 kB
AnonHugePages:    215040 kB
ShmemHugePages:    38912 kB
ShmemPmdMapped:        0 kB
FileHugePages:    145408 kB
FilePmdMapped:    145408 kB
CmaTotal:              0 kB
CmaFree:               0 kB
Unaccepted:            0 kB
Balloon:               0 kB
GPUActive:             0 kB
GPUReclaim:            0 kB
HugePages_Total:       0
HugePages_Free:        0
HugePages_Rsvd:        0
HugePages_Surp:        0
Hugepagesize:       2048 kB
Hugetlb:               0 kB
DirectMap4k:    11196180 kB
DirectMap2M:     1187840 kB
DirectMap1G:     2097152 kB

/sys/kernel/mm/transparent_hugepage/enabled: [always] madvise never
/sys/kernel/mm/transparent_hugepage/hpage_pmd_size: 2097152
/sys/kernel/mm/transparent_hugepage/defrag (defrag/compaction efforts parameter): always defer [defer+madvise] madvise never

Process Memory:
Virtual Size: 13479420K (peak: 13606428K)
Resident Set Size: 4600576K (peak: 5631524K) (anon: 4466736K, file: 133504K, shmem: 336K)
Swapped out: 1943056K
C-Heap outstanding allocations: 1166378K, retained: 324953K
glibc malloc tunables: (default)

/proc/sys/kernel/threads-max (system-wide limit on the number of threads): 91634
/proc/sys/vm/max_map_count (maximum number of memory map areas a process may have): 1048576
/proc/sys/vm/swappiness (control to define how aggressively the kernel swaps out anonymous memory): 150
/proc/sys/kernel/pid_max (system-wide limit on number of process identifiers): 4194304

container information not found.
Steal ticks since vm start: 0
Steal ticks percentage since vm start:  0.000

CPU: total 8 (initial active 8) (4 cores per cpu, 2 threads per core) family 6 model 126 stepping 5 microcode 0xce, cx8, cmov, fxsr, ht, mmx, 3dnowpref, sse, sse2, sse3, ssse3, sse4.1, sse4.2, popcnt, lzcnt, tsc, tscinvbit, avx, avx2, aes, erms, clmul, bmi1, bmi2, adx, avx512f, avx512dq, avx512cd, avx512bw, avx512vl, sha, fma, vzeroupper, avx512_vpopcntdq, avx512_vpclmulqdq, avx512_vaes, avx512_vnni, clflush, clflushopt, avx512_vbmi2, avx512_vbmi, rdtscp, rdpid, fsrm, gfni, avx512_bitalg, f16c, pku, ospke, avx512_ifma
CPU Model and flags from /proc/cpuinfo:
model name	: Intel(R) Core(TM) i5-1035G1 CPU @ 1.00GHz
flags		: fpu vme de pse tsc msr pae mce cx8 apic sep mtrr pge mca cmov pat pse36 clflush dts acpi mmx fxsr sse sse2 ss ht tm pbe syscall nx pdpe1gb rdtscp lm constant_tsc art arch_perfmon pebs bts rep_good nopl xtopology nonstop_tsc cpuid aperfmperf tsc_known_freq pni pclmulqdq dtes64 monitor ds_cpl vmx est tm2 ssse3 sdbg fma cx16 xtpr pdcm pcid sse4_1 sse4_2 x2apic movbe popcnt tsc_deadline_timer aes xsave avx f16c rdrand lahf_lm abm 3dnowprefetch cpuid_fault epb ssbd ibrs ibpb stibp ibrs_enhanced tpr_shadow flexpriority ept vpid ept_ad fsgsbase tsc_adjust bmi1 avx2 smep bmi2 erms invpcid avx512f avx512dq rdseed adx smap avx512ifma clflushopt intel_pt avx512cd sha_ni avx512bw avx512vl xsaveopt xsavec xgetbv1 xsaves split_lock_detect dtherm ida arat pln pts hwp hwp_notify hwp_act_window hwp_epp hwp_pkg_req vnmi avx512vbmi umip pku ospke avx512_vbmi2 gfni vaes vpclmulqdq avx512_vnni avx512_bitalg avx512_vpopcntdq rdpid fsrm md_clear flush_l1d arch_capabilities

Online cpus: 0-7
Offline cpus: 
BIOS frequency limitation: <Not Available>
Frequency switch latency (ns): 0
Available cpu frequencies: <Not Available>
Current governor: powersave
Core performance/turbo boost: <Not Available>

Memory: 4k page, physical 12041768k(2217816k free), swap 28818424k(19419872k free)
Page Sizes: 4k

vm_info: OpenJDK 64-Bit Server VM (21.0.7+6-LTS) for linux-amd64 JRE (21.0.7+6-LTS), built on 2025-04-09T22:25:01Z by "MicrosoftCorporation" with gcc 11.3.0

END.
