#
# A fatal error has been detected by the Java Runtime Environment:
#
#  SIGSEGV (0xb) at pc=0x00007f8e2ec9c705, pid=1030372, tid=1030374
#
# JRE version: OpenJDK Runtime Environment Microsoft-11369942 (21.0.7+6) (build 21.0.7+6-LTS)
# Java VM: OpenJDK 64-Bit Server VM Microsoft-11369942 (21.0.7+6-LTS, mixed mode, tiered, compressed oops, compressed class ptrs, g1 gc, linux-amd64)
# Problematic frame:
# V  [libjvm.so+0x81d705]  G1ParScanThreadState::trim_queue_to_threshold(unsigned int)+0x1d75
#
# Core dump will be written. Default location: Core dumps may be processed with "/usr/lib/systemd/systemd-coredump %P %u %g %s %t %c %h %d %F %I" (or dumping to /run/media/ashy/Shared/.minecraftx/instances/Gearfall Dev/core.1030372)
#
# If you would like to submit a bug report, please visit:
#   https://aka.ms/minecraftjavacrashes
#

---------------  S U M M A R Y ------------

Command Line: -Xms256M -Xmx8192M -javaagent:/run/media/ashy/Shared/.minecraftx/libraries/org/to2mbn/authlibinjector/1.2.8/authlibinjector-1.2.8.jar=http://localhost:25555/yggdrasil -Dauthlibinjector.side=client -Djava.library.path=/run/media/ashy/Shared/.minecraftx/versions/neoforge-21.1.248/neoforge-21.1.248-natives -Djna.tmpdir=/run/media/ashy/Shared/.minecraftx/versions/neoforge-21.1.248/neoforge-21.1.248-natives -Dorg.lwjgl.system.SharedLibraryExtractPath=/run/media/ashy/Shared/.minecraftx/versions/neoforge-21.1.248/neoforge-21.1.248-natives -Dio.netty.native.workdir=/run/media/ashy/Shared/.minecraftx/versions/neoforge-21.1.248/neoforge-21.1.248-natives -Dminecraft.launcher.brand=X Minecraft Launcher (0.65.1) -Dminecraft.launcher.version=X Minecraft Launcher (0.65.1) -Djava.net.preferIPv6Addresses=system -DignoreList=client-extra,1.21.1.jar -DlibraryDirectory=/run/media/ashy/Shared/.minecraftx/libraries --module-path=/run/media/ashy/Shared/.minecraftx/libraries/cpw/mods/bootstraplauncher/2.0.2/bootstraplauncher-2.0.2.jar:/run/media/ashy/Shared/.minecraftx/libraries/cpw/mods/securejarhandler/3.0.8/securejarhandler-3.0.8.jar:/run/media/ashy/Shared/.minecraftx/libraries/org/ow2/asm/asm-commons/9.10.1/asm-commons-9.10.1.jar:/run/media/ashy/Shared/.minecraftx/libraries/org/ow2/asm/asm-util/9.10.1/asm-util-9.10.1.jar:/run/media/ashy/Shared/.minecraftx/libraries/org/ow2/asm/asm-analysis/9.10.1/asm-analysis-9.10.1.jar:/run/media/ashy/Shared/.minecraftx/libraries/org/ow2/asm/asm-tree/9.10.1/asm-tree-9.10.1.jar:/run/media/ashy/Shared/.minecraftx/libraries/org/ow2/asm/asm/9.10.1/asm-9.10.1.jar:/run/media/ashy/Shared/.minecraftx/libraries/net/neoforged/JarJarFileSystems/0.4.1/JarJarFileSystems-0.4.1.jar --add-modules=ALL-MODULE-PATH --add-opens=java.base/java.util.jar=cpw.mods.securejarhandler --add-opens=java.base/java.lang.invoke=cpw.mods.securejarhandler --add-exports=java.base/sun.security.util=cpw.mods.securejarhandler --add-exports=jdk.naming.dns/com.sun.jndi.dns=java.naming -Dauthlibinjector.debug cpw.mods.bootstraplauncher.BootstrapLauncher --username Ashy --version neoforge-21.1.248 --gameDir /run/media/ashy/Shared/.minecraftx/instances/Gearfall Dev --assetsDir /run/media/ashy/Shared/.minecraftx/assets --assetIndex 818f68d092986c6933366762f435889884c36a52 --uuid 68af5072-46a5-387f-ac5e-a6b3c47d6c3f --accessToken 4adda61364fd44718ade49f1b51e07fe --clientId ${clientid} --xuid ${auth_xuid} --userType msa --versionType release --fml.neoForgeVersion 21.1.248 --fml.fmlVersion 4.0.43 --fml.mcVersion 1.21.1 --fml.neoFormVersion 20240808.144430 --launchTarget forgeclient --fullscreen

Host: Intel(R) Core(TM) i5-1035G1 CPU @ 1.00GHz, 8 cores, 11G, CachyOS
Time: Thu Aug 27 20:16:09 2026 +0530 elapsed time: 23.126718 seconds (0d 0h 0m 23s)

---------------  T H R E A D  ---------------

Current thread (0x00007f8e2805bba0):  WorkerThread "GC Thread#0"    [id=1030374, stack(0x00007f8e2c700000,0x00007f8e2c800000) (1024K)]

Stack: [0x00007f8e2c700000,0x00007f8e2c800000],  sp=0x00007f8e2c7fd4c0,  free space=1013k
Native frames: (J=compiled Java code, j=interpreted, Vv=VM code, C=native code)
V  [libjvm.so+0x81d705]  G1ParScanThreadState::trim_queue_to_threshold(unsigned int)+0x1d75
V  [libjvm.so+0x83edca]  G1ParCopyClosure<(G1Barrier)0, false>::do_oop(oopDesc**)+0x9a
V  [libjvm.so+0xcf6b9c]  InterpreterOopMap::iterate_oop(OffsetClosure*) const+0xfc
V  [libjvm.so+0x7a635b]  frame::oops_interpreted_do(OopClosure*, RegisterMap const*, bool) const+0x19b
V  [libjvm.so+0x92b883]  JavaThread::oops_do_frames(OopClosure*, CodeBlobClosure*) [clone .part.0]+0xd3
V  [libjvm.so+0xf7f255]  Thread::oops_do(OopClosure*, CodeBlobClosure*)+0x95
V  [libjvm.so+0xf8b762]  Threads::possibly_parallel_oops_do(bool, OopClosure*, CodeBlobClosure*)+0x102
V  [libjvm.so+0x8413c2]  G1RootProcessor::process_java_roots(G1RootClosures*, G1GCPhaseTimes*, unsigned int)+0x72
V  [libjvm.so+0x841aa1]  G1RootProcessor::evacuate_roots(G1ParScanThreadState*, unsigned int)+0x61
V  [libjvm.so+0x855a02]  G1EvacuateRegionsTask::scan_roots(G1ParScanThreadState*, unsigned int)+0x22
V  [libjvm.so+0x855c69]  G1EvacuateRegionsBaseTask::work(unsigned int)+0x89
V  [libjvm.so+0x103bce0]  WorkerThread::run()+0x80
V  [libjvm.so+0xf7f788]  Thread::call_run()+0xa8
V  [libjvm.so+0xd0aaea]  thread_native_entry(Thread*)+0xda
JavaThread 0x00007f8e28031480 (nid = 1030373) was being processed
Java frames: (J=compiled Java code, j=interpreted, Vv=VM code)
v  ~RuntimeStub::_new_instance_Java 0x00007f8e1ca58fa5
J 10726 c2 org.spongepowered.asm.mixin.transformer.ClassInfo$Member.toString()Ljava/lang/String; org.spongepowered.mixin (26 bytes) @ 0x00007f8e1d622ca0 [0x00007f8e1d622340+0x0000000000000960]
J 11024 c2 org.spongepowered.asm.mixin.transformer.ClassInfo.addMethod(Lorg/objectweb/asm/tree/MethodNode;Z)V org.spongepowered.mixin (56 bytes) @ 0x00007f8e1d36f214 [0x00007f8e1d36d1a0+0x0000000000002074]
J 11092 c2 org.spongepowered.asm.mixin.transformer.ClassInfo.<init>(Lorg/objectweb/asm/tree/ClassNode;)V org.spongepowered.mixin (579 bytes) @ 0x00007f8e1cf84d70 [0x00007f8e1cf838e0+0x0000000000001490]
J 11388 c2 org.spongepowered.asm.mixin.transformer.ClassInfo.forName(Ljava/lang/String;)Lorg/spongepowered/asm/mixin/transformer/ClassInfo; org.spongepowered.mixin (153 bytes) @ 0x00007f8e1d76d920 [0x00007f8e1d76d000+0x0000000000000920]
J 12516 c1 org.spongepowered.asm.mixin.transformer.ClassInfo.forType(Lorg/objectweb/asm/Type;Lorg/spongepowered/asm/mixin/transformer/ClassInfo$TypeLookup;)Lorg/spongepowered/asm/mixin/transformer/ClassInfo; org.spongepowered.mixin (57 bytes) @ 0x00007f8e166cf3ec [0x00007f8e166ced20+0x00000000000006cc]
J 12637 c1 org.spongepowered.asm.mixin.transformer.ClassInfo.forDescriptor(Ljava/lang/String;Lorg/spongepowered/asm/mixin/transformer/ClassInfo$TypeLookup;)Lorg/spongepowered/asm/mixin/transformer/ClassInfo; org.spongepowered.mixin (35 bytes) @ 0x00007f8e167267a4 [0x00007f8e16726700+0x00000000000000a4]
J 12638 c1 org.spongepowered.asm.mixin.transformer.MixinPreProcessorStandard.transformMemberReference(Lorg/spongepowered/asm/mixin/struct/MemberRef;)V org.spongepowered.mixin (243 bytes) @ 0x00007f8e16727b34 [0x00007f8e16727280+0x00000000000008b4]
J 12515 c1 org.spongepowered.asm.mixin.transformer.MixinPreProcessorStandard.transform(Lorg/spongepowered/asm/mixin/transformer/MixinTargetContext;)V org.spongepowered.mixin (183 bytes) @ 0x00007f8e166cc91c [0x00007f8e166cb240+0x00000000000016dc]
j  org.spongepowered.asm.mixin.transformer.MixinPreProcessorStandard.attach(Lorg/spongepowered/asm/mixin/transformer/MixinTargetContext;)Lorg/spongepowered/asm/mixin/transformer/MixinPreProcessorStandard;+104 org.spongepowered.mixin
j  org.spongepowered.asm.mixin.transformer.MixinPreProcessorStandard.createContextFor(Lorg/spongepowered/asm/mixin/transformer/TargetClassContext;)Lorg/spongepowered/asm/mixin/transformer/MixinTargetContext;+25 org.spongepowered.mixin
j  org.spongepowered.asm.mixin.transformer.MixinInfo.createContextFor(Lorg/spongepowered/asm/mixin/transformer/TargetClassContext;)Lorg/spongepowered/asm/mixin/transformer/MixinTargetContext;+33 org.spongepowered.mixin
j  org.spongepowered.asm.mixin.transformer.MixinApplicatorStandard.apply(Ljava/util/SortedSet;)V+85 org.spongepowered.mixin
j  org.spongepowered.asm.mixin.transformer.TargetClassContext.apply()V+10 org.spongepowered.mixin
j  org.spongepowered.asm.mixin.transformer.TargetClassContext.applyMixins()V+64 org.spongepowered.mixin
J 12008 c2 org.spongepowered.asm.mixin.transformer.MixinProcessor.applyMixins(Lorg/spongepowered/asm/mixin/MixinEnvironment;Ljava/lang/String;Lorg/objectweb/asm/tree/ClassNode;)Z org.spongepowered.mixin (809 bytes) @ 0x00007f8e1d811da4 [0x00007f8e1d80fae0+0x00000000000022c4]
J 12010 c1 org.spongepowered.asm.service.modlauncher.MixinTransformationHandler.processClass(Lcpw/mods/modlauncher/serviceapi/ILaunchPluginService$Phase;Lorg/objectweb/asm/tree/ClassNode;Lorg/objectweb/asm/Type;Ljava/lang/String;)Z org.spongepowered.mixin (140 bytes) @ 0x00007f8e165a7e7c [0x00007f8e165a6f80+0x0000000000000efc]
J 12009 c1 org.spongepowered.asm.launch.MixinLaunchPluginLegacy.processClass(Lcpw/mods/modlauncher/serviceapi/ILaunchPluginService$Phase;Lorg/objectweb/asm/tree/ClassNode;Lorg/objectweb/asm/Type;Ljava/lang/String;)Z org.spongepowered.mixin (81 bytes) @ 0x00007f8e165a559c [0x00007f8e165a51a0+0x00000000000003fc]
J 11032 c1 cpw.mods.modlauncher.serviceapi.ILaunchPluginService.processClassWithFlags(Lcpw/mods/modlauncher/serviceapi/ILaunchPluginService$Phase;Lorg/objectweb/asm/tree/ClassNode;Lorg/objectweb/asm/Type;Ljava/lang/String;)I cpw.mods.modlauncher@11.0.5 (20 bytes) @ 0x00007f8e155e9dc4 [0x00007f8e155e9cc0+0x0000000000000104]
J 12138 c1 cpw.mods.modlauncher.LaunchPluginHandler.offerClassNodeToPlugins(Lcpw/mods/modlauncher/serviceapi/ILaunchPluginService$Phase;Ljava/util/List;Lorg/objectweb/asm/tree/ClassNode;Lorg/objectweb/asm/Type;Lcpw/mods/modlauncher/TransformerAuditTrail;Ljava/lang/String;)I cpw.mods.modlauncher@11.0.5 (157 bytes) @ 0x00007f8e165edea4 [0x00007f8e165edca0+0x0000000000000204]
J 12105 c1 cpw.mods.modlauncher.ClassTransformer.transform([BLjava/lang/String;Ljava/lang/String;)[B cpw.mods.modlauncher@11.0.5 (698 bytes) @ 0x00007f8e165d8864 [0x00007f8e165d7200+0x0000000000001664]
J 10260 c2 cpw.mods.cl.ModuleClassLoader.loadClass(Ljava/lang/String;Z)Ljava/lang/Class; cpw.mods.securejarhandler (143 bytes) @ 0x00007f8e1d546bd0 [0x00007f8e1d543de0+0x0000000000002df0]
J 9683 c2 java.lang.ClassLoader.loadClass(Ljava/lang/String;)Ljava/lang/Class; java.base@21.0.7 (7 bytes) @ 0x00007f8e1d48f76c [0x00007f8e1d48f720+0x000000000000004c]
v  ~StubRoutines::call_stub 0x00007f8e1c937cc6
j  dev.yumi.mc.core.api.CrashReportEvents.lambda$static$5([Ldev/yumi/mc/core/api/CrashReportEvents$EntityDetailsPopulation;)Ldev/yumi/mc/core/api/CrashReportEvents$EntityDetailsPopulation;+1 yumi_mc_core@1.0.0-beta.1+1.21.1
j  dev.yumi.mc.core.api.CrashReportEvents$$Lambda+0x000000080080a820.apply(Ljava/lang/Object;)Ljava/lang/Object;+4 yumi_mc_core@1.0.0-beta.1+1.21.1
j  dev.yumi.commons.event.Event.update()V+17 dev.yumi.commons.event@1.0.0
j  dev.yumi.commons.event.Event.<init>(Ljava/lang/Class;Ljava/lang/Comparable;Ljava/util/function/Function;)V+86 dev.yumi.commons.event@1.0.0
j  dev.yumi.commons.event.EventManager.create(Ljava/lang/Class;Ljava/util/function/Function;)Ldev/yumi/commons/event/Event;+10 dev.yumi.commons.event@1.0.0
j  dev.yumi.mc.core.api.CrashReportEvents.<clinit>()V+48 yumi_mc_core@1.0.0-beta.1+1.21.1
v  ~StubRoutines::call_stub 0x00007f8e1c937cc6
j  net.minecraft.SystemReport.handler$don000$yumi_mc_core$yumi$onInit(Lorg/spongepowered/asm/mixin/injection/callback/CallbackInfo;)V+2 minecraft@1.21.1
j  net.minecraft.SystemReport.<init>()V+113 minecraft@1.21.1
j  net.minecraft.CrashReport.<init>(Ljava/lang/String;Ljava/lang/Throwable;)V+34 minecraft@1.21.1
j  net.minecraft.CrashReport.preload()V+17 minecraft@1.21.1
j  net.minecraft.client.main.Main.main([Ljava/lang/String;)V+636 minecraft@1.21.1
j  java.lang.invoke.LambdaForm$DMH+0x00000008000c6000.invokeStatic(Ljava/lang/Object;Ljava/lang/Object;)V+10 java.base@21.0.7
j  java.lang.invoke.LambdaForm$MH+0x0000000800600400.invoke(Ljava/lang/Object;Ljava/lang/Object;Ljava/lang/Object;)Ljava/lang/Object;+33 java.base@21.0.7
J 4452 c1 jdk.internal.reflect.DirectMethodHandleAccessor.invoke(Ljava/lang/Object;[Ljava/lang/Object;)Ljava/lang/Object; java.base@21.0.7 (92 bytes) @ 0x00007f8e15c7f394 [0x00007f8e15c7dc60+0x0000000000001734]
J 4451 c1 java.lang.reflect.Method.invoke(Ljava/lang/Object;[Ljava/lang/Object;)Ljava/lang/Object; java.base@21.0.7 (108 bytes) @ 0x00007f8e15c7d44c [0x00007f8e15c7cf40+0x000000000000050c]
j  net.neoforged.fml.loading.targets.CommonLaunchHandler.runTarget(Ljava/lang/String;[Ljava/lang/String;Ljava/lang/ModuleLayer;)V+42 fml_loader@4.0.43
j  net.neoforged.fml.loading.targets.CommonLaunchHandler.clientService([Ljava/lang/String;Ljava/lang/ModuleLayer;)V+6 fml_loader@4.0.43
j  net.neoforged.fml.loading.targets.CommonClientLaunchHandler.runService([Ljava/lang/String;Ljava/lang/ModuleLayer;)V+3 fml_loader@4.0.43
j  net.neoforged.fml.loading.targets.CommonLaunchHandler.lambda$launchService$4([Ljava/lang/String;Ljava/lang/ModuleLayer;)V+3 fml_loader@4.0.43
j  net.neoforged.fml.loading.targets.CommonLaunchHandler$$Lambda+0x000000080075ee38.run()V+12 fml_loader@4.0.43
j  cpw.mods.modlauncher.LaunchServiceHandlerDecorator.launch([Ljava/lang/String;Ljava/lang/ModuleLayer;)V+11 cpw.mods.modlauncher@11.0.5
j  cpw.mods.modlauncher.LaunchServiceHandler.launch(Ljava/lang/String;[Ljava/lang/String;Ljava/lang/ModuleLayer;Lcpw/mods/modlauncher/TransformingClassLoader;Lcpw/mods/modlauncher/LaunchPluginHandler;)V+58 cpw.mods.modlauncher@11.0.5
j  cpw.mods.modlauncher.LaunchServiceHandler.launch(Lcpw/mods/modlauncher/ArgumentHandler;Ljava/lang/ModuleLayer;Lcpw/mods/modlauncher/TransformingClassLoader;Lcpw/mods/modlauncher/LaunchPluginHandler;)V+21 cpw.mods.modlauncher@11.0.5
j  cpw.mods.modlauncher.Launcher.run([Ljava/lang/String;)V+288 cpw.mods.modlauncher@11.0.5
j  cpw.mods.modlauncher.Launcher.main([Ljava/lang/String;)V+123 cpw.mods.modlauncher@11.0.5
j  cpw.mods.modlauncher.BootstrapLaunchConsumer.accept([Ljava/lang/String;)V+1 cpw.mods.modlauncher@11.0.5
j  cpw.mods.modlauncher.BootstrapLaunchConsumer.accept(Ljava/lang/Object;)V+5 cpw.mods.modlauncher@11.0.5
j  cpw.mods.bootstraplauncher.BootstrapLauncher.run(Z[Ljava/lang/String;)V+703 cpw.mods.bootstraplauncher@2.0.2
j  cpw.mods.bootstraplauncher.BootstrapLauncher.main([Ljava/lang/String;)V+2 cpw.mods.bootstraplauncher@2.0.2
v  ~StubRoutines::call_stub 0x00007f8e1c937cc6

siginfo: si_signo: 11 (SIGSEGV), si_code: 1 (SEGV_MAPERR), si_addr: 0x0000000874732e74

Registers:
RAX=0x0000000874732e6c, RBX=0x00007f8e00229ca0, RCX=0x0000000000000000, RDX=0x0000000000000001
RSP=0x00007f8e2c7fd4c0, RBP=0x00007f8e2c7fd560, RSI=0x00007f8e2f96ee80, RDI=0x00000000000018ba
R8 =0x0000000000000002, R9 =0x0000000000000000, R10=0x0000000622bc1350, R11=0x6576656c2e646c72
R12=0x0000000622bc1361, R13=0x000000062ebac100, R14=0x00007f8e2f9706e8, R15=0x0000000000000001
RIP=0x00007f8e2ec9c705, EFLAGS=0x0000000000010206, CSGSFS=0x002b000000000033, ERR=0x0000000000000004
  TRAPNO=0x000000000000000e

XMM[0]=0x0000000622c00000 0x0000000622bffff0
XMM[1]=0x0000000000000000 0x0000000622c00000
XMM[2]=0x0000000000000000 0x0000000000000002
XMM[3]=0x0000000000000000 0x00007f8e1c93f180
XMM[4]=0x0000000000000000 0x00007f8e2805bba0
XMM[5]=0x0000000000000000 0x00007f8e2e47a6b0
XMM[6]=0x00007f8e1c93f180 0x00007f8e2e47a6b0
XMM[7]=0x0000000000000000 0x0000000000000000
XMM[8]=0xcafebabecafebabe 0xcafebabecafebabe
XMM[9]=0x0000000000000000 0x00007f8e2f640340
XMM[10]=0x0000000000000000 0x00007f8e2f6406a0
XMM[11]=0x0000000000000000 0x00007f8e2f640460
XMM[12]=0x0000000000000000 0x0000000000000000
XMM[13]=0x0000000000000000 0x0000000000000000
XMM[14]=0x0000000000000000 0x0000000000000000
XMM[15]=0x0000000000000000 0x0000000000000000
  MXCSR=0x00001fa2


Register to memory mapping:

RAX=0x0000000874732e6c is an unknown value
RBX=0x00007f8e00229ca0 points into unknown readable memory: 0x00007f8e2f8a2158 | 58 21 8a 2f 8e 7f 00 00
RCX=0x0 is null
RDX=0x0000000000000001 is an unknown value
RSP=0x00007f8e2c7fd4c0 points into unknown readable memory: 0x0000000634c00400 | 00 04 c0 34 06 00 00 00
RBP=0x00007f8e2c7fd560 points into unknown readable memory: 0x00007f8e2c7fd5b0 | b0 d5 7f 2c 8e 7f 00 00
RSI=0x00007f8e2f96ee80: <offset 0x00000000014efe80> in /run/media/ashy/Shared/.minecraftx/jre/java-runtime-delta/lib/server/libjvm.so at 0x00007f8e2e47f000
RDI=0x00000000000018ba is an unknown value
R8 =0x0000000000000002 is an unknown value
R9 =0x0 is null
R10=0x0000000622bc1350 is an oop: [Ljava.lang.Object; 
{0x0000000622bc1350} - klass: 'java/lang/Object'[]
 - length: 10
R11=0x6576656c2e646c72 is an unknown value
R12=0x0000000622bc1361 is pointing into object: [Ljava.lang.Object; 
{0x0000000622bc1350} - klass: 'java/lang/Object'[]
 - length: 10
R13=0x000000062ebac100 is pointing into object: [B 
{0x000000062ebac0e0} - klass: {type array byte}
 - length: 64
R14=0x00007f8e2f9706e8: <offset 0x00000000014f16e8> in /run/media/ashy/Shared/.minecraftx/jre/java-runtime-delta/lib/server/libjvm.so at 0x00007f8e2e47f000
R15=0x0000000000000001 is an unknown value

Top of Stack: (sp=0x00007f8e2c7fd4c0)
0x00007f8e2c7fd4c0:   0000000634c00400 000000063590bd08
0x00007f8e2c7fd4d0:   00007f8e00000002 0000000000000011
0x00007f8e2c7fd4e0:   000000000000000a 000055baf54516e0
0x00007f8e2c7fd4f0:   0000000622bc134d 0000000874732e6c
0x00007f8e2c7fd500:   0000000622bc1300 00007f8e2f96ee90
0x00007f8e2c7fd510:   000000402c7fd540 0000000622bc1350
0x00007f8e2c7fd520:   01007f8e28043320 0000000000000011
0x00007f8e2c7fd530:   000000000000886a 00007f8e00229ca0
0x00007f8e2c7fd540:   00007f8e2e47a730 0000000000000005
0x00007f8e2c7fd550:   0000000000000001 0000000000000155
0x00007f8e2c7fd560:   00007f8e2c7fd5b0 00007f8e2ecbddca
0x00007f8e2c7fd570:   00007f8e2c7fd600 00007f8e2f1773c5
0x00007f8e2c7fd580:   000000056107219b 0000000000000000
0x00007f8e2c7fd590:   0000000000000001 0000000000000010
0x00007f8e2c7fd5a0:   0000000000000005 0000000000000001
0x00007f8e2c7fd5b0:   00007f8e2c7fd600 00007f8e2f175b9c
0x00007f8e2c7fd5c0:   00007f8e2c7fd680 00007f8e2c7fd660
0x00007f8e2c7fd5d0:   00007f8e166cdd75 0000000000000005
0x00007f8e2c7fd5e0:   00007f8e2c7fd650 00007f8e2c7fd750
0x00007f8e2c7fd5f0:   0000000000000068 00007f8e2c7fd680
0x00007f8e2c7fd600:   00007f8e2c7fd6f0 00007f8e2ec2535b
0x00007f8e2c7fd610:   00007f8e166cdc40 00007f8e166cdd80
0x00007f8e2c7fd620:   00007f8e2f8aaf10 00007f8e2c7fd5b0
0x00007f8e2c7fd630:   000000000000000c 00007f8e2805bba0
0x00007f8e2c7fd640:   00007f8e2c7fd788 000000013fab7600
0x00007f8e2c7fd650:   00007f8def3f7a20 00007f8e2805bba0
0x00007f8e2c7fd660:   00007f8e2f8a1040 00007f8e2c7fd750
0x00007f8e2c7fd670:   00007f8e0843a708 0000000800000005
0x00007f8e2c7fd680:   00007f8def3f7a20 0000000a00000068
0x00007f8e2c7fd690:   00007f8d00000000 0000000000000155
0x00007f8e2c7fd6a0:   0000000000000000 0000000000000000
0x00007f8e2c7fd6b0:   0000000000000000 00007f8e00000005 

Instructions: (pc=0x00007f8e2ec9c705)
0x00007f8e2ec9c605:   d8 49 c1 e8 03 41 83 e0 0f 44 3b 83 80 01 00 00
0x00007f8e2ec9c615:   19 d2 31 c0 83 c2 01 44 3b 83 80 01 00 00 44 0f
0x00007f8e2ec9c625:   43 f8 48 8b 73 08 44 88 7d c6 88 55 c7 4c 8d 3d
0x00007f8e2ec9c635:   fb 4e d1 00 8b 8e 18 02 00 00 48 8b 86 10 02 00
0x00007f8e2ec9c645:   00 48 d3 e0 48 89 c1 4c 89 e8 48 29 c8 41 8b 0f
0x00007f8e2ec9c655:   48 d3 e8 48 8b 8e f8 01 00 00 89 c0 48 8b 04 c1
0x00007f8e2ec9c665:   8b b8 8c 00 00 00 48 89 45 98 48 8b 43 70 89 7d
0x00007f8e2ec9c675:   a0 84 d2 0f 85 6f 0f 00 00 48 8b 48 10 89 fa 48
0x00007f8e2ec9c685:   8b 14 d1 4c 8b 4a 30 48 8b 42 38 4c 29 c8 48 c1
0x00007f8e2ec9c695:   e8 03 4c 39 d0 0f 82 92 0e 00 00 4b 8d 04 d1 48
0x00007f8e2ec9c6a5:   89 42 30 4d 85 c9 0f 84 81 0e 00 00 48 8d 05 48
0x00007f8e2ec9c6b5:   34 cd 00 48 8b 00 41 0f 18 0c 01 49 83 fa 08 0f
0x00007f8e2ec9c6c5:   87 69 20 00 00 48 8d 3d 1b 47 9b 00 4a 63 04 97
0x00007f8e2ec9c6d5:   48 01 f8 ff e0 4c 8d 35 07 40 cd 00 41 0f b6 16
0x00007f8e2ec9c6e5:   84 d2 0f 84 72 07 00 00 48 8d 35 8c 27 cd 00 41
0x00007f8e2ec9c6f5:   8b 45 08 8b 4e 08 48 d3 e0 48 03 06 48 89 45 98
0x00007f8e2ec9c705:   8b 48 08 85 c9 0f 8e ba 0f 00 00 f6 c1 01 74 1a
0x00007f8e2ec9c715:   48 8b 00 48 8d 3d c1 9c ac ff 48 8b 80 00 01 00
0x00007f8e2ec9c725:   00 48 39 f8 0f 85 5b 24 00 00 c1 f9 03 4c 63 d1
0x00007f8e2ec9c735:   80 7d a0 00 4c 89 5d c8 0f 85 0b 0f 00 00 48 8d
0x00007f8e2ec9c745:   05 3e 38 cd 00 83 38 02 0f 84 1e 1e 00 00 41 83
0x00007f8e2ec9c755:   e0 01 0f 84 1e 1e 00 00 4c 89 d8 48 c1 e8 03 41
0x00007f8e2ec9c765:   89 c0 41 83 e0 0f 44 3b 83 80 01 00 00 19 d2 31
0x00007f8e2ec9c775:   c0 83 c2 01 44 3b 83 80 01 00 00 44 0f 43 f8 48
0x00007f8e2ec9c785:   8b 73 08 44 88 7d c6 88 55 c7 4c 8d 3d 9e 4d d1
0x00007f8e2ec9c795:   00 8b 8e 18 02 00 00 48 8b 86 10 02 00 00 48 d3
0x00007f8e2ec9c7a5:   e0 48 89 c1 4c 89 e8 48 29 c8 41 8b 0f 48 d3 e8
0x00007f8e2ec9c7b5:   48 8b 8e f8 01 00 00 89 c0 48 8b 04 c1 8b b8 8c
0x00007f8e2ec9c7c5:   00 00 00 48 89 45 88 48 8b 43 70 89 7d 90 84 d2
0x00007f8e2ec9c7d5:   0f 85 67 0e 00 00 48 8b 48 10 89 fa 48 8b 14 d1
0x00007f8e2ec9c7e5:   4c 8b 4a 30 48 8b 42 38 4c 29 c8 4c 89 4d b8 48
0x00007f8e2ec9c7f5:   c1 e8 03 4c 39 d0 0f 82 5d 0e 00 00 4b 8d 04 d1 


Stack slot to memory mapping:

stack at sp + 0 slots: 0x0000000634c00400 is an oop: org.spongepowered.asm.mixin.transformer.MixinTargetContext 
{0x0000000634c00400} - klass: 'org/spongepowered/asm/mixin/transformer/MixinTargetContext'
 - ---- fields (total size 11 words):
 - private final 'upgradedMethods' 'Ljava/util/Set;' @12  a 'java/util/HashSet'{0x0000000634c00458} (0xc698008b)
 - private 'minRequiredClassVersion' 'I' @16  65 (0x00000041)
 - private final 'inheritsFromMixin' 'Z' @20  false (0x00)
 - private final 'detachedSuper' 'Z' @21  true (0x01)
 - protected final 'activities' 'Lorg/spongepowered/asm/mixin/transformer/ActivityStack;' @24  a 'org/spongepowered/asm/mixin/transformer/ActivityStack'{0x0000000634c00498} (0xc6980093)
 - private final 'mixin' 'Lorg/spongepowered/asm/mixin/transformer/MixinInfo;' @28  a 'org/spongepowered/asm/mixin/transformer/MixinInfo'{0x0000000620251238} (0xc404a247)
 - private final 'classNode' 'Lorg/objectweb/asm/tree/ClassNode;' @32  a 'org/spongepowered/asm/mixin/transformer/MixinInfo$MixinClassNode'{0x00000006358f5cc8} (0xc6b1eb99)
 - private final 'targetClass' 'Lorg/spongepowered/asm/mixin/transformer/TargetClassContext;' @36  a 'org/spongepowered/asm/mixin/transformer/TargetClassContext'{0x0000000635ed7530} (0xc6bdaea6)
 - private final 'sessionId' 'Ljava/lang/String;' @40  "68f8e45e-1790-4dae-9717-c6cb1c940341"{0x000000062f72ff70} (0xc5ee5fee)
 - private final 'targetClassInfo' 'Lorg/spongepowered/asm/mixin/transformer/ClassInfo;' @44  a 'org/spongepowered/asm/mixin/transformer/ClassInfo'{0x000000062e54d3d8} (0xc5ca9a7b)
 - private final 'innerClasses' 'Lorg/spongepowered/include/com/google/common/collect/BiMap;' @48  a 'org/spongepowered/include/com/google/common/collect/HashBiMap'{0x000000063590c2f0} (0xc6b2185e)
 - private final 'shadowMethods' 'Ljava/util/List;' @52  a 'java/util/ArrayList'{0x000000063590bdd8} (0xc6b217bb)
 - private final 'shadowFields' 'Ljava/util/Map;' @56  a 'java/util/LinkedHashMap'{0x000000063590bdf0} (0xc6b217be)
 - private final 'mergedMethods' 'Ljava/util/List;' @60  a 'java/util/ArrayList'{0x000000063590be30} (0xc6b217c6)
 - private final 'injectorGroups' 'Lorg/spongepowered/asm/mixin/injection/struct/InjectorGroupInfo$Map;' @64  a 'org/spongepowered/asm/mixin/injection/struct/InjectorGroupInfo$Map'{0x000000063590be48} (0xc6b217c9)
 - private final 'injectors' 'Ljava/util/List;' @68  a 'java/util/ArrayList'{0x000000063590beb0} (0xc6b217d6)
 - private final 'accessors' 'Ljava/util/List;' @72  a 'java/util/ArrayList'{0x000000063590bec8} (0xc6b217d9)
 - private final 'stratum' 'Lorg/spongepowered/asm/mixin/struct/SourceMap$File;' @76  a 'org/spongepowered/asm/mixin/struct/SourceMap$File'{0x000000063590c2a8} (0xc6b21855)
 - private 'initialiser' 'Lorg/spongepowered/asm/mixin/transformer/struct/Initialiser;' @80  a 'org/spongepowered/asm/mixin/transformer/struct/Initialiser'{0x000000063590c488} (0xc6b21891)
stack at sp + 1 slots: 0x000000063590bd08 is an oop: org.spongepowered.asm.mixin.transformer.MixinTargetContext 
{0x000000063590bd08} - klass: 'org/spongepowered/asm/mixin/transformer/MixinTargetContext'
 - ---- fields (total size 11 words):
 - private final 'upgradedMethods' 'Ljava/util/Set;' @12  a 'java/util/HashSet'{0x000000063590bd60} (0xc6b217ac)
 - private 'minRequiredClassVersion' 'I' @16  65 (0x00000041)
 - private final 'inheritsFromMixin' 'Z' @20  false (0x00)
 - private final 'detachedSuper' 'Z' @21  true (0x01)
 - protected final 'activities' 'Lorg/spongepowered/asm/mixin/transformer/ActivityStack;' @24  a 'org/spongepowered/asm/mixin/transformer/ActivityStack'{0x000000063590bda0} (0xc6b217b4)
 - private final 'mixin' 'Lorg/spongepowered/asm/mixin/transformer/MixinInfo;' @28  a 'org/spongepowered/asm/mixin/transformer/MixinInfo'{0x0000000628a94810} (0xc5152902)
 - private final 'classNode' 'Lorg/objectweb/asm/tree/ClassNode;' @32  a 'org/spongepowered/asm/mixin/transformer/MixinInfo$MixinClassNode'{0x00000006358f5cc8} (0xc6b1eb99)
 - private final 'targetClass' 'Lorg/spongepowered/asm/mixin/transformer/TargetClassContext;' @36  a 'org/spongepowered/asm/mixin/transformer/TargetClassContext'{0x0000000635ed7530} (0xc6bdaea6)
 - private final 'sessionId' 'Ljava/lang/String;' @40  "68f8e45e-1790-4dae-9717-c6cb1c940341"{0x000000062f72ff70} (0xc5ee5fee)
 - private final 'targetClassInfo' 'Lorg/spongepowered/asm/mixin/transformer/ClassInfo;' @44  a 'org/spongepowered/asm/mixin/transformer/ClassInfo'{0x000000062e54d3d8} (0xc5ca9a7b)
 - private final 'innerClasses' 'Lorg/spongepowered/include/com/google/common/collect/BiMap;' @48  a 'org/spongepowered/include/com/google/common/collect/HashBiMap'{0x000000063590c2f0} (0xc6b2185e)
 - private final 'shadowMethods' 'Ljava/util/List;' @52  a 'java/util/ArrayList'{0x000000063590bdd8} (0xc6b217bb)
 - private final 'shadowFields' 'Ljava/util/Map;' @56  a 'java/util/LinkedHashMap'{0x000000063590bdf0} (0xc6b217be)
 - private final 'mergedMethods' 'Ljava/util/List;' @60  a 'java/util/ArrayList'{0x000000063590be30} (0xc6b217c6)
 - private final 'injectorGroups' 'Lorg/spongepowered/asm/mixin/injection/struct/InjectorGroupInfo$Map;' @64  a 'org/spongepowered/asm/mixin/injection/struct/InjectorGroupInfo$Map'{0x000000063590be48} (0xc6b217c9)
 - private final 'injectors' 'Ljava/util/List;' @68  a 'java/util/ArrayList'{0x000000063590beb0} (0xc6b217d6)
 - private final 'accessors' 'Ljava/util/List;' @72  a 'java/util/ArrayList'{0x000000063590bec8} (0xc6b217d9)
 - private final 'stratum' 'Lorg/spongepowered/asm/mixin/struct/SourceMap$File;' @76  a 'org/spongepowered/asm/mixin/struct/SourceMap$File'{0x000000063590c2a8} (0xc6b21855)
 - private 'initialiser' 'Lorg/spongepowered/asm/mixin/transformer/struct/Initialiser;' @80  a 'org/spongepowered/asm/mixin/transformer/struct/Initialiser'{0x000000063590c488} (0xc6b21891)
stack at sp + 2 slots: 0x00007f8e00000002 points into unknown readable memory: 00 00 8e 7f 00 00
stack at sp + 3 slots: 0x0000000000000011 is an unknown value
stack at sp + 4 slots: 0x000000000000000a is an unknown value
stack at sp + 5 slots: 0x000055baf54516e0 points into unknown readable memory: 0x000000062c800000 | 00 00 80 2c 06 00 00 00
stack at sp + 6 slots: 0x0000000622bc134d is pointing into object: java.util.ArrayList 
{0x0000000622bc1338} - klass: 'java/util/ArrayList'
 - ---- fields (total size 3 words):
 - protected transient 'modCount' 'I' @12  1 (0x00000001)
 - private 'size' 'I' @16  1 (0x00000001)
 - transient 'elementData' '[Ljava/lang/Object;' @20  a 'java/lang/Object'[10] {0x0000000622bc1350} (0xc457826a)
stack at sp + 7 slots: 0x0000000874732e6c is an unknown value


---------------  P R O C E S S  ---------------

Threads class SMR info:
_java_thread_list=0x00007f8df8001380, length=29, elements={
0x00007f8e28031480, 0x00007f8e2819fff0, 0x00007f8e281b1160, 0x00007f8e281b2a40,
0x00007f8e281b3fa0, 0x00007f8e281b5530, 0x00007f8e281b6d10, 0x00007f8e281c03a0,
0x00007f8e282c7aa0, 0x00007f8e2899a130, 0x00007f8e28e5e960, 0x00007f8df8002f50,
0x00007f8df8004170, 0x00007f8e04001f40, 0x00007f8e000069a0, 0x00007f8e04003350,
0x00007f8e0856dd60, 0x00007f8e2a137260, 0x00007f8e2a3fc5e0, 0x00007f8e2a557430,
0x00007f8e2972ddd0, 0x00007f8e28a27b80, 0x00007f8e2b613c40, 0x00007f8e2b6151a0,
0x00007f8e2b6164e0, 0x00007f8e2b617830, 0x00007f8e2b618e50, 0x00007f8e2b61d8c0,
0x00007f8e004b90b0
}

Java Threads: ( => current thread )
  0x00007f8e28031480 JavaThread "main"                              [_thread_blocked, id=1030373, stack(0x00007f8e2e37f000,0x00007f8e2e47f000) (1024K)]
  0x00007f8e2819fff0 JavaThread "Reference Handler"          daemon [_thread_blocked, id=1030383, stack(0x00007f8dfd700000,0x00007f8dfd800000) (1024K)]
  0x00007f8e281b1160 JavaThread "Finalizer"                  daemon [_thread_blocked, id=1030384, stack(0x00007f8dfd5ff000,0x00007f8dfd6ff000) (1024K)]
  0x00007f8e281b2a40 JavaThread "Signal Dispatcher"          daemon [_thread_blocked, id=1030385, stack(0x00007f8dfd4fe000,0x00007f8dfd5fe000) (1024K)]
  0x00007f8e281b3fa0 JavaThread "Service Thread"             daemon [_thread_blocked, id=1030386, stack(0x00007f8dfd3fd000,0x00007f8dfd4fd000) (1024K)]
  0x00007f8e281b5530 JavaThread "Monitor Deflation Thread"   daemon [_thread_blocked, id=1030387, stack(0x00007f8dfd2fc000,0x00007f8dfd3fc000) (1024K)]
  0x00007f8e281b6d10 JavaThread "C2 CompilerThread0"         daemon [_thread_blocked, id=1030388, stack(0x00007f8dfd1fb000,0x00007f8dfd2fb000) (1024K)]
  0x00007f8e281c03a0 JavaThread "C1 CompilerThread0"         daemon [_thread_blocked, id=1030389, stack(0x00007f8dfd0fa000,0x00007f8dfd1fa000) (1024K)]
  0x00007f8e282c7aa0 JavaThread "Common-Cleaner"             daemon [_thread_blocked, id=1030390, stack(0x00007f8dfcff9000,0x00007f8dfd0f9000) (1024K)]
  0x00007f8e2899a130 JavaThread "Notification Thread"        daemon [_thread_blocked, id=1030402, stack(0x00007f8dfcca0000,0x00007f8dfcda0000) (1024K)]
  0x00007f8e28e5e960 JavaThread "ForkJoinPool.commonPool-worker-1" daemon [_thread_blocked, id=1030418, stack(0x00007f8dfc3bc000,0x00007f8dfc4bc000) (1024K)]
  0x00007f8df8002f50 JavaThread "ForkJoinPool.commonPool-worker-2" daemon [_thread_blocked, id=1030419, stack(0x00007f8dfc2bb000,0x00007f8dfc3bb000) (1024K)]
  0x00007f8df8004170 JavaThread "ForkJoinPool.commonPool-worker-3" daemon [_thread_blocked, id=1030420, stack(0x00007f8dfc1ba000,0x00007f8dfc2ba000) (1024K)]
  0x00007f8e04001f40 JavaThread "ForkJoinPool.commonPool-worker-4" daemon [_thread_blocked, id=1030421, stack(0x00007f8dfc0b9000,0x00007f8dfc1b9000) (1024K)]
  0x00007f8e000069a0 JavaThread "ForkJoinPool.commonPool-worker-5" daemon [_thread_blocked, id=1030422, stack(0x00007f8debf00000,0x00007f8dec000000) (1024K)]
  0x00007f8e04003350 JavaThread "ForkJoinPool.commonPool-worker-6" daemon [_thread_blocked, id=1030423, stack(0x00007f8debdff000,0x00007f8debeff000) (1024K)]
  0x00007f8e0856dd60 JavaThread "ForkJoinPool.commonPool-worker-7" daemon [_thread_blocked, id=1030424, stack(0x00007f8debcfe000,0x00007f8debdfe000) (1024K)]
  0x00007f8e2a137260 JavaThread "Drippy-EarlyWindow"         daemon [_thread_blocked, id=1030463, stack(0x00007f8dfcef8000,0x00007f8dfcff8000) (1024K)]
  0x00007f8e2a3fc5e0 JavaThread "LauncherLogger-Worker"      daemon [_thread_blocked, id=1030467, stack(0x00007f8deb8fa000,0x00007f8deb9fa000) (1024K)]
  0x00007f8e2a557430 JavaThread "JNA Cleaner"                daemon [_thread_blocked, id=1030471, stack(0x00007f8de0900000,0x00007f8de0a00000) (1024K)]
  0x00007f8e2972ddd0 JavaThread "C2 CompilerThread1"         daemon [_thread_blocked, id=1030486, stack(0x00007f8dfc620000,0x00007f8dfc720000) (1024K)]
  0x00007f8e28a27b80 JavaThread "background-scan-handler-0"  daemon [_thread_blocked, id=1030492, stack(0x00007f8dfc51f000,0x00007f8dfc61f000) (1024K)]
  0x00007f8e2b613c40 JavaThread "background-scan-handler-1"  daemon [_thread_blocked, id=1030493, stack(0x00007f8de03fe000,0x00007f8de04fe000) (1024K)]
  0x00007f8e2b6151a0 JavaThread "background-scan-handler-2"  daemon [_thread_blocked, id=1030494, stack(0x00007f8de02fd000,0x00007f8de03fd000) (1024K)]
  0x00007f8e2b6164e0 JavaThread "background-scan-handler-3"  daemon [_thread_blocked, id=1030495, stack(0x00007f8de01fc000,0x00007f8de02fc000) (1024K)]
  0x00007f8e2b617830 JavaThread "background-scan-handler-4"  daemon [_thread_blocked, id=1030496, stack(0x00007f8de00fb000,0x00007f8de01fb000) (1024K)]
  0x00007f8e2b618e50 JavaThread "background-scan-handler-5"  daemon [_thread_blocked, id=1030497, stack(0x00007f8ddfffa000,0x00007f8de00fa000) (1024K)]
  0x00007f8e2b61d8c0 JavaThread "background-scan-handler-6"  daemon [_thread_blocked, id=1030498, stack(0x00007f8ddfef9000,0x00007f8ddfff9000) (1024K)]
  0x00007f8e004b90b0 JavaThread "C2 CompilerThread2"         daemon [_thread_blocked, id=1030516, stack(0x00007f8deb7f9000,0x00007f8deb8f9000) (1024K)]
Total: 29

Other Threads:
  0x00007f8e281275f0 VMThread "VM Thread"                           [id=1030382, stack(0x00007f8dfdafc000,0x00007f8dfdbfc000) (1024K)]
  0x00007f8e280dc5d0 WatcherThread "VM Periodic Task Thread"        [id=1030379, stack(0x00007f8dfdbfd000,0x00007f8dfdcfd000) (1024K)]
=>0x00007f8e2805bba0 WorkerThread "GC Thread#0"                     [id=1030374, stack(0x00007f8e2c700000,0x00007f8e2c800000) (1024K)]
  0x000055baf53221e0 WorkerThread "GC Thread#1"                     [id=1030408, stack(0x00007f8dfcb9f000,0x00007f8dfcc9f000) (1024K)]
  0x000055baf5322cb0 WorkerThread "GC Thread#2"                     [id=1030409, stack(0x00007f8dfca9e000,0x00007f8dfcb9e000) (1024K)]
  0x000055baf53237c0 WorkerThread "GC Thread#3"                     [id=1030410, stack(0x00007f8dfc99d000,0x00007f8dfca9d000) (1024K)]
  0x000055baf53242d0 WorkerThread "GC Thread#4"                     [id=1030411, stack(0x00007f8dfc89c000,0x00007f8dfc99c000) (1024K)]
  0x000055baf5325260 WorkerThread "GC Thread#5"                     [id=1030412, stack(0x00007f8dfc79b000,0x00007f8dfc89b000) (1024K)]
  0x000055baf5339240 WorkerThread "GC Thread#6"                     [id=1030425, stack(0x00007f8debbfd000,0x00007f8debcfd000) (1024K)]
  0x000055baf5339820 WorkerThread "GC Thread#7"                     [id=1030426, stack(0x00007f8debafc000,0x00007f8debbfc000) (1024K)]
  0x00007f8e2806d1b0 ConcurrentGCThread "G1 Main Marker"            [id=1030375, stack(0x00007f8e2c5ff000,0x00007f8e2c6ff000) (1024K)]
  0x00007f8e2806e150 WorkerThread "G1 Conc#0"                       [id=1030376, stack(0x00007f8e2c4fe000,0x00007f8e2c5fe000) (1024K)]
  0x00007f8e00009fa0 WorkerThread "G1 Conc#1"                       [id=1030427, stack(0x00007f8deb9fb000,0x00007f8debafb000) (1024K)]
  0x00007f8e280cb250 ConcurrentGCThread "G1 Refine#0"               [id=1030377, stack(0x00007f8dfddff000,0x00007f8dfdeff000) (1024K)]
  0x00007f8e280cc200 ConcurrentGCThread "G1 Service"                [id=1030378, stack(0x00007f8dfdcfe000,0x00007f8dfddfe000) (1024K)]
Total: 15

Threads with active compile tasks:
C2 CompilerThread2  23147 12791       4       java.util.HashSet::iterator (13 bytes)
Total: 1

VM state: at safepoint (normal execution)

VM Mutex/Monitor currently owned by a thread:  ([mutex/lock_event])
[0x00007f8e2f9cbd70] Threads_lock - owner thread: 0x00007f8e281275f0
[0x00007f8e2f9cbc70] Heap_lock - owner thread: 0x00007f8e28031480

Heap address: 0x0000000600000000, size: 8192 MB, Compressed Oops mode: Zero based, Oop shift amount: 3

CDS archive(s) not mapped
Compressed class space mapped at: 0x0000000800000000-0x0000000840000000, reserved size: 1073741824
Narrow klass base: 0x0000000800000000, Narrow klass shift: 0, Narrow klass range: 0x40000000

GC Precious Log:
 CardTable entry size: 512
 Card Set container configuration: InlinePtr #cards 4 size 8 Array Of Cards #cards 32 size 80 Howl #buckets 8 coarsen threshold 7372 Howl Bitmap #cards 1024 size 144 coarsen threshold 921 Card regions per heap region 1 cards per card region 8192
 CPUs: 8 total, 8 available
 Memory: 11759M
 Large Page Support: Disabled
 NUMA Support: Disabled
 Compressed Oops: Enabled (Zero based)
 Heap Region Size: 4M
 Heap Min Capacity: 256M
 Heap Initial Capacity: 256M
 Heap Max Capacity: 8G
 Pre-touch: Disabled
 Parallel Workers: 8
 Concurrent Workers: 2
 Concurrent Refinement Workers: 8
 Periodic GC: Disabled

Heap:
 garbage-first heap   total 1679360K, used 1476931K [0x0000000600000000, 0x0000000800000000)
  region size 4096K, 197 young (806912K), 4 survivors (16384K)
 Metaspace       used 67981K, committed 69312K, reserved 1114112K
  class space    used 7555K, committed 8128K, reserved 1048576K

Heap Regions: E=young(eden), S=young(survivor), O=old, HS=humongous(starts), HC=humongous(continues), CS=collection set, F=free, TAMS=top-at-mark-start, PB=parsable bottom
|   0|0x0000000600000000, 0x0000000600400000, 0x0000000600400000|100%| O|  |TAMS 0x0000000600000000| PB 0x0000000600000000| Untracked 
|   1|0x0000000600400000, 0x0000000600800000, 0x0000000600800000|100%| O|  |TAMS 0x0000000600400000| PB 0x0000000600400000| Untracked 
|   2|0x0000000600800000, 0x0000000600c00000, 0x0000000600c00000|100%| O|  |TAMS 0x0000000600800000| PB 0x0000000600800000| Untracked 
|   3|0x0000000600c00000, 0x0000000601000000, 0x0000000601000000|100%| O|  |TAMS 0x0000000600c00000| PB 0x0000000600c00000| Untracked 
|   4|0x0000000601000000, 0x0000000601400000, 0x0000000601400000|100%| O|  |TAMS 0x0000000601000000| PB 0x0000000601000000| Untracked 
|   5|0x0000000601400000, 0x0000000601800000, 0x0000000601800000|100%|HS|  |TAMS 0x0000000601400000| PB 0x0000000601400000| Complete 
|   6|0x0000000601800000, 0x0000000601c00000, 0x0000000601c00000|100%|HC|  |TAMS 0x0000000601800000| PB 0x0000000601800000| Complete 
|   7|0x0000000601c00000, 0x0000000602000000, 0x0000000602000000|100%| O|CS|TAMS 0x0000000601c00000| PB 0x0000000601c00000| Complete 
|   8|0x0000000602000000, 0x0000000602400000, 0x0000000602400000|100%| O|  |TAMS 0x0000000602000000| PB 0x0000000602000000| Untracked 
|   9|0x0000000602400000, 0x0000000602800000, 0x0000000602800000|100%| O|  |TAMS 0x0000000602400000| PB 0x0000000602400000| Untracked 
|  10|0x0000000602800000, 0x0000000602c00000, 0x0000000602c00000|100%| O|  |TAMS 0x0000000602800000| PB 0x0000000602800000| Untracked 
|  11|0x0000000602c00000, 0x0000000603000000, 0x0000000603000000|100%| O|  |TAMS 0x0000000602c00000| PB 0x0000000602c00000| Untracked 
|  12|0x0000000603000000, 0x0000000603400000, 0x0000000603400000|100%| O|  |TAMS 0x0000000603000000| PB 0x0000000603000000| Untracked 
|  13|0x0000000603400000, 0x0000000603800000, 0x0000000603800000|100%| O|CS|TAMS 0x0000000603400000| PB 0x0000000603400000| Complete 
|  14|0x0000000603800000, 0x0000000603c00000, 0x0000000603c00000|100%| O|  |TAMS 0x0000000603800000| PB 0x0000000603800000| Untracked 
|  15|0x0000000603c00000, 0x0000000604000000, 0x0000000604000000|100%| O|  |TAMS 0x0000000603c00000| PB 0x0000000603c00000| Untracked 
|  16|0x0000000604000000, 0x0000000604400000, 0x0000000604400000|100%|HS|  |TAMS 0x0000000604000000| PB 0x0000000604000000| Complete 
|  17|0x0000000604400000, 0x0000000604800000, 0x0000000604800000|100%|HC|  |TAMS 0x0000000604400000| PB 0x0000000604400000| Complete 
|  18|0x0000000604800000, 0x0000000604c00000, 0x0000000604c00000|100%| O|  |TAMS 0x0000000604800000| PB 0x0000000604800000| Untracked 
|  19|0x0000000604c00000, 0x0000000605000000, 0x0000000605000000|100%| O|  |TAMS 0x0000000604c00000| PB 0x0000000604c00000| Untracked 
|  20|0x0000000605000000, 0x0000000605400000, 0x0000000605400000|100%| O|  |TAMS 0x0000000605000000| PB 0x0000000605000000| Untracked 
|  21|0x0000000605400000, 0x0000000605800000, 0x0000000605800000|100%| O|  |TAMS 0x0000000605400000| PB 0x0000000605400000| Untracked 
|  22|0x0000000605800000, 0x0000000605c00000, 0x0000000605c00000|100%| O|  |TAMS 0x0000000605800000| PB 0x0000000605800000| Untracked 
|  23|0x0000000605c00000, 0x0000000606000000, 0x0000000606000000|100%| O|  |TAMS 0x0000000605c00000| PB 0x0000000605c00000| Untracked 
|  24|0x0000000606000000, 0x0000000606400000, 0x0000000606400000|100%| O|  |TAMS 0x0000000606000000| PB 0x0000000606000000| Untracked 
|  25|0x0000000606400000, 0x0000000606800000, 0x0000000606800000|100%| O|  |TAMS 0x0000000606400000| PB 0x0000000606400000| Untracked 
|  26|0x0000000606800000, 0x0000000606c00000, 0x0000000606c00000|100%| O|  |TAMS 0x0000000606800000| PB 0x0000000606800000| Untracked 
|  27|0x0000000606c00000, 0x0000000607000000, 0x0000000607000000|100%| O|  |TAMS 0x0000000606c00000| PB 0x0000000606c00000| Untracked 
|  28|0x0000000607000000, 0x0000000607400000, 0x0000000607400000|100%| O|  |TAMS 0x0000000607000000| PB 0x0000000607000000| Untracked 
|  29|0x0000000607400000, 0x0000000607800000, 0x0000000607800000|100%| O|  |TAMS 0x0000000607400000| PB 0x0000000607400000| Untracked 
|  30|0x0000000607800000, 0x0000000607c00000, 0x0000000607c00000|100%| O|  |TAMS 0x0000000607800000| PB 0x0000000607800000| Untracked 
|  31|0x0000000607c00000, 0x0000000608000000, 0x0000000608000000|100%| O|  |TAMS 0x0000000607c00000| PB 0x0000000607c00000| Untracked 
|  32|0x0000000608000000, 0x0000000608400000, 0x0000000608400000|100%|HS|  |TAMS 0x0000000608000000| PB 0x0000000608000000| Complete 
|  33|0x0000000608400000, 0x0000000608800000, 0x0000000608800000|100%|HS|  |TAMS 0x0000000608400000| PB 0x0000000608400000| Complete 
|  34|0x0000000608800000, 0x0000000608c00000, 0x0000000608c00000|100%| O|  |TAMS 0x0000000608800000| PB 0x0000000608800000| Untracked 
|  35|0x0000000608c00000, 0x0000000609000000, 0x0000000609000000|100%| O|  |TAMS 0x0000000608c00000| PB 0x0000000608c00000| Untracked 
|  36|0x0000000609000000, 0x0000000609400000, 0x0000000609400000|100%| O|  |TAMS 0x0000000609000000| PB 0x0000000609000000| Untracked 
|  37|0x0000000609400000, 0x0000000609800000, 0x0000000609800000|100%| O|  |TAMS 0x0000000609400000| PB 0x0000000609400000| Untracked 
|  38|0x0000000609800000, 0x0000000609c00000, 0x0000000609c00000|100%| O|  |TAMS 0x0000000609800000| PB 0x0000000609800000| Untracked 
|  39|0x0000000609c00000, 0x000000060a000000, 0x000000060a000000|100%| O|  |TAMS 0x0000000609c00000| PB 0x0000000609c00000| Untracked 
|  40|0x000000060a000000, 0x000000060a400000, 0x000000060a400000|100%|HS|  |TAMS 0x000000060a000000| PB 0x000000060a000000| Complete 
|  41|0x000000060a400000, 0x000000060a800000, 0x000000060a800000|100%|HC|  |TAMS 0x000000060a400000| PB 0x000000060a400000| Complete 
|  42|0x000000060a800000, 0x000000060ac00000, 0x000000060ac00000|100%|HC|  |TAMS 0x000000060a800000| PB 0x000000060a800000| Complete 
|  43|0x000000060ac00000, 0x000000060b000000, 0x000000060b000000|100%|HC|  |TAMS 0x000000060ac00000| PB 0x000000060ac00000| Complete 
|  44|0x000000060b000000, 0x000000060b400000, 0x000000060b400000|100%|HC|  |TAMS 0x000000060b000000| PB 0x000000060b000000| Complete 
|  45|0x000000060b400000, 0x000000060b800000, 0x000000060b800000|100%|HC|  |TAMS 0x000000060b400000| PB 0x000000060b400000| Complete 
|  46|0x000000060b800000, 0x000000060bc00000, 0x000000060bc00000|100%|HC|  |TAMS 0x000000060b800000| PB 0x000000060b800000| Complete 
|  47|0x000000060bc00000, 0x000000060c000000, 0x000000060c000000|100%|HS|  |TAMS 0x000000060bc00000| PB 0x000000060bc00000| Complete 
|  48|0x000000060c000000, 0x000000060c400000, 0x000000060c400000|100%|HC|  |TAMS 0x000000060c000000| PB 0x000000060c000000| Complete 
|  49|0x000000060c400000, 0x000000060c800000, 0x000000060c800000|100%| O|  |TAMS 0x000000060c400000| PB 0x000000060c400000| Untracked 
|  50|0x000000060c800000, 0x000000060cc00000, 0x000000060cc00000|100%| O|  |TAMS 0x000000060c800000| PB 0x000000060c800000| Untracked 
|  51|0x000000060cc00000, 0x000000060d000000, 0x000000060d000000|100%|HS|  |TAMS 0x000000060cc00000| PB 0x000000060cc00000| Complete 
|  52|0x000000060d000000, 0x000000060d400000, 0x000000060d400000|100%|HC|  |TAMS 0x000000060d000000| PB 0x000000060d000000| Complete 
|  53|0x000000060d400000, 0x000000060d800000, 0x000000060d800000|100%|HS|  |TAMS 0x000000060d400000| PB 0x000000060d400000| Complete 
|  54|0x000000060d800000, 0x000000060dc00000, 0x000000060dc00000|100%|HC|  |TAMS 0x000000060d800000| PB 0x000000060d800000| Complete 
|  55|0x000000060dc00000, 0x000000060e000000, 0x000000060e000000|100%|HS|  |TAMS 0x000000060dc00000| PB 0x000000060dc00000| Complete 
|  56|0x000000060e000000, 0x000000060e400000, 0x000000060e400000|100%|HC|  |TAMS 0x000000060e000000| PB 0x000000060e000000| Complete 
|  57|0x000000060e400000, 0x000000060e800000, 0x000000060e800000|100%|HC|  |TAMS 0x000000060e400000| PB 0x000000060e400000| Complete 
|  58|0x000000060e800000, 0x000000060ec00000, 0x000000060ec00000|100%|HC|  |TAMS 0x000000060e800000| PB 0x000000060e800000| Complete 
|  59|0x000000060ec00000, 0x000000060f000000, 0x000000060f000000|100%|HC|  |TAMS 0x000000060ec00000| PB 0x000000060ec00000| Complete 
|  60|0x000000060f000000, 0x000000060f400000, 0x000000060f400000|100%|HC|  |TAMS 0x000000060f000000| PB 0x000000060f000000| Complete 
|  61|0x000000060f400000, 0x000000060f800000, 0x000000060f800000|100%|HC|  |TAMS 0x000000060f400000| PB 0x000000060f400000| Complete 
|  62|0x000000060f800000, 0x000000060fc00000, 0x000000060fc00000|100%| O|  |TAMS 0x000000060f800000| PB 0x000000060f800000| Untracked 
|  63|0x000000060fc00000, 0x0000000610000000, 0x0000000610000000|100%| O|  |TAMS 0x000000060fc00000| PB 0x000000060fc00000| Untracked 
|  64|0x0000000610000000, 0x0000000610400000, 0x0000000610400000|100%|HS|  |TAMS 0x0000000610000000| PB 0x0000000610000000| Complete 
|  65|0x0000000610400000, 0x0000000610800000, 0x0000000610800000|100%|HS|  |TAMS 0x0000000610400000| PB 0x0000000610400000| Complete 
|  66|0x0000000610800000, 0x0000000610c00000, 0x0000000610c00000|100%| O|  |TAMS 0x0000000610800000| PB 0x0000000610800000| Untracked 
|  67|0x0000000610c00000, 0x0000000611000000, 0x0000000611000000|100%| O|  |TAMS 0x0000000610c00000| PB 0x0000000610c00000| Untracked 
|  68|0x0000000611000000, 0x0000000611400000, 0x0000000611400000|100%| O|  |TAMS 0x0000000611000000| PB 0x0000000611000000| Untracked 
|  69|0x0000000611400000, 0x0000000611800000, 0x0000000611800000|100%|HS|  |TAMS 0x0000000611400000| PB 0x0000000611400000| Complete 
|  70|0x0000000611800000, 0x0000000611c00000, 0x0000000611c00000|100%|HC|  |TAMS 0x0000000611800000| PB 0x0000000611800000| Complete 
|  71|0x0000000611c00000, 0x0000000612000000, 0x0000000612000000|100%|HC|  |TAMS 0x0000000611c00000| PB 0x0000000611c00000| Complete 
|  72|0x0000000612000000, 0x0000000612400000, 0x0000000612400000|100%|HC|  |TAMS 0x0000000612000000| PB 0x0000000612000000| Complete 
|  73|0x0000000612400000, 0x0000000612800000, 0x0000000612800000|100%|HS|  |TAMS 0x0000000612400000| PB 0x0000000612400000| Complete 
|  74|0x0000000612800000, 0x0000000612c00000, 0x0000000612c00000|100%|HC|  |TAMS 0x0000000612800000| PB 0x0000000612800000| Complete 
|  75|0x0000000612c00000, 0x0000000613000000, 0x0000000613000000|100%|HC|  |TAMS 0x0000000612c00000| PB 0x0000000612c00000| Complete 
|  76|0x0000000613000000, 0x0000000613400000, 0x0000000613400000|100%|HC|  |TAMS 0x0000000613000000| PB 0x0000000613000000| Complete 
|  77|0x0000000613400000, 0x0000000613800000, 0x0000000613800000|100%| O|  |TAMS 0x0000000613400000| PB 0x0000000613400000| Untracked 
|  78|0x0000000613800000, 0x0000000613c00000, 0x0000000613c00000|100%| O|  |TAMS 0x0000000613800000| PB 0x0000000613800000| Untracked 
|  79|0x0000000613c00000, 0x0000000614000000, 0x0000000614000000|100%| O|  |TAMS 0x0000000613c00000| PB 0x0000000613c00000| Untracked 
|  80|0x0000000614000000, 0x0000000614400000, 0x0000000614400000|100%| O|  |TAMS 0x0000000614000000| PB 0x0000000614000000| Untracked 
|  81|0x0000000614400000, 0x0000000614800000, 0x0000000614800000|100%| O|  |TAMS 0x0000000614400000| PB 0x0000000614400000| Untracked 
|  82|0x0000000614800000, 0x0000000614c00000, 0x0000000614c00000|100%| O|  |TAMS 0x0000000614800000| PB 0x0000000614800000| Untracked 
|  83|0x0000000614c00000, 0x0000000615000000, 0x0000000615000000|100%| O|  |TAMS 0x0000000614c00000| PB 0x0000000614c00000| Untracked 
|  84|0x0000000615000000, 0x0000000615400000, 0x0000000615400000|100%| O|  |TAMS 0x0000000615000000| PB 0x0000000615000000| Untracked 
|  85|0x0000000615400000, 0x0000000615800000, 0x0000000615800000|100%| O|  |TAMS 0x0000000615400000| PB 0x0000000615400000| Untracked 
|  86|0x0000000615800000, 0x0000000615c00000, 0x0000000615c00000|100%| O|  |TAMS 0x0000000615800000| PB 0x0000000615800000| Untracked 
|  87|0x0000000615c00000, 0x0000000616000000, 0x0000000616000000|100%| O|  |TAMS 0x0000000615c00000| PB 0x0000000615c00000| Untracked 
|  88|0x0000000616000000, 0x0000000616400000, 0x0000000616400000|100%|HS|  |TAMS 0x0000000616000000| PB 0x0000000616000000| Complete 
|  89|0x0000000616400000, 0x0000000616800000, 0x0000000616800000|100%|HC|  |TAMS 0x0000000616400000| PB 0x0000000616400000| Complete 
|  90|0x0000000616800000, 0x0000000616c00000, 0x0000000616c00000|100%| O|  |TAMS 0x0000000616800000| PB 0x0000000616800000| Untracked 
|  91|0x0000000616c00000, 0x0000000617000000, 0x0000000617000000|100%| O|  |TAMS 0x0000000616c00000| PB 0x0000000616c00000| Untracked 
|  92|0x0000000617000000, 0x0000000617400000, 0x0000000617400000|100%|HS|  |TAMS 0x0000000617000000| PB 0x0000000617000000| Complete 
|  93|0x0000000617400000, 0x0000000617800000, 0x0000000617800000|100%| O|  |TAMS 0x0000000617400000| PB 0x0000000617400000| Untracked 
|  94|0x0000000617800000, 0x0000000617c00000, 0x0000000617c00000|100%|HS|  |TAMS 0x0000000617800000| PB 0x0000000617800000| Complete 
|  95|0x0000000617c00000, 0x0000000618000000, 0x0000000618000000|100%|HC|  |TAMS 0x0000000617c00000| PB 0x0000000617c00000| Complete 
|  96|0x0000000618000000, 0x0000000618400000, 0x0000000618400000|100%| O|  |TAMS 0x0000000618000000| PB 0x0000000618000000| Untracked 
|  97|0x0000000618400000, 0x0000000618800000, 0x0000000618800000|100%| O|  |TAMS 0x0000000618400000| PB 0x0000000618400000| Untracked 
|  98|0x0000000618800000, 0x0000000618c00000, 0x0000000618c00000|100%|HS|  |TAMS 0x0000000618800000| PB 0x0000000618800000| Complete 
|  99|0x0000000618c00000, 0x0000000619000000, 0x0000000619000000|100%| O|  |TAMS 0x0000000618c00000| PB 0x0000000618c00000| Untracked 
| 100|0x0000000619000000, 0x0000000619400000, 0x0000000619400000|100%|HS|  |TAMS 0x0000000619000000| PB 0x0000000619000000| Complete 
| 101|0x0000000619400000, 0x0000000619800000, 0x0000000619800000|100%|HC|  |TAMS 0x0000000619400000| PB 0x0000000619400000| Complete 
| 102|0x0000000619800000, 0x0000000619c00000, 0x0000000619c00000|100%|HC|  |TAMS 0x0000000619800000| PB 0x0000000619800000| Complete 
| 103|0x0000000619c00000, 0x000000061a000000, 0x000000061a000000|100%|HC|  |TAMS 0x0000000619c00000| PB 0x0000000619c00000| Complete 
| 104|0x000000061a000000, 0x000000061a400000, 0x000000061a400000|100%| O|  |TAMS 0x000000061a000000| PB 0x000000061a000000| Untracked 
| 105|0x000000061a400000, 0x000000061a800000, 0x000000061a800000|100%| O|  |TAMS 0x000000061a400000| PB 0x000000061a400000| Untracked 
| 106|0x000000061a800000, 0x000000061ac00000, 0x000000061ac00000|100%| O|  |TAMS 0x000000061a800000| PB 0x000000061a800000| Untracked 
| 107|0x000000061ac00000, 0x000000061b000000, 0x000000061b000000|100%| O|  |TAMS 0x000000061ac00000| PB 0x000000061ac00000| Untracked 
| 108|0x000000061b000000, 0x000000061b400000, 0x000000061b400000|100%|HS|  |TAMS 0x000000061b000000| PB 0x000000061b000000| Complete 
| 109|0x000000061b400000, 0x000000061b800000, 0x000000061b800000|100%|HC|  |TAMS 0x000000061b400000| PB 0x000000061b400000| Complete 
| 110|0x000000061b800000, 0x000000061bc00000, 0x000000061bc00000|100%|HC|  |TAMS 0x000000061b800000| PB 0x000000061b800000| Complete 
| 111|0x000000061bc00000, 0x000000061c000000, 0x000000061c000000|100%|HC|  |TAMS 0x000000061bc00000| PB 0x000000061bc00000| Complete 
| 112|0x000000061c000000, 0x000000061c400000, 0x000000061c400000|100%|HC|  |TAMS 0x000000061c000000| PB 0x000000061c000000| Complete 
| 113|0x000000061c400000, 0x000000061c800000, 0x000000061c800000|100%|HC|  |TAMS 0x000000061c400000| PB 0x000000061c400000| Complete 
| 114|0x000000061c800000, 0x000000061cc00000, 0x000000061cc00000|100%|HC|  |TAMS 0x000000061c800000| PB 0x000000061c800000| Complete 
| 115|0x000000061cc00000, 0x000000061d000000, 0x000000061d000000|100%| O|  |TAMS 0x000000061cc00000| PB 0x000000061cc00000| Untracked 
| 116|0x000000061d000000, 0x000000061d400000, 0x000000061d400000|100%| O|  |TAMS 0x000000061d000000| PB 0x000000061d000000| Untracked 
| 117|0x000000061d400000, 0x000000061d800000, 0x000000061d800000|100%| O|  |TAMS 0x000000061d400000| PB 0x000000061d400000| Untracked 
| 118|0x000000061d800000, 0x000000061dc00000, 0x000000061dc00000|100%| O|  |TAMS 0x000000061d800000| PB 0x000000061d800000| Untracked 
| 119|0x000000061dc00000, 0x000000061e000000, 0x000000061e000000|100%| O|  |TAMS 0x000000061dc00000| PB 0x000000061dc00000| Untracked 
| 120|0x000000061e000000, 0x000000061e400000, 0x000000061e400000|100%| O|  |TAMS 0x000000061e000000| PB 0x000000061e000000| Untracked 
| 121|0x000000061e400000, 0x000000061e800000, 0x000000061e800000|100%| O|  |TAMS 0x000000061e400000| PB 0x000000061e400000| Untracked 
| 122|0x000000061e800000, 0x000000061ec00000, 0x000000061ec00000|100%| O|  |TAMS 0x000000061e800000| PB 0x000000061e800000| Untracked 
| 123|0x000000061ec00000, 0x000000061f000000, 0x000000061f000000|100%| O|  |TAMS 0x000000061ec00000| PB 0x000000061ec00000| Untracked 
| 124|0x000000061f000000, 0x000000061f400000, 0x000000061f400000|100%| O|  |TAMS 0x000000061f000000| PB 0x000000061f000000| Untracked 
| 125|0x000000061f400000, 0x000000061f800000, 0x000000061f800000|100%| O|  |TAMS 0x000000061f400000| PB 0x000000061f400000| Untracked 
| 126|0x000000061f800000, 0x000000061fc00000, 0x000000061fc00000|100%| O|  |TAMS 0x000000061f800000| PB 0x000000061f800000| Untracked 
| 127|0x000000061fc00000, 0x0000000620000000, 0x0000000620000000|100%| O|  |TAMS 0x000000061fc00000| PB 0x000000061fc00000| Untracked 
| 128|0x0000000620000000, 0x0000000620400000, 0x0000000620400000|100%| O|  |TAMS 0x0000000620000000| PB 0x0000000620000000| Untracked 
| 129|0x0000000620400000, 0x0000000620800000, 0x0000000620800000|100%|HS|  |TAMS 0x0000000620400000| PB 0x0000000620400000| Complete 
| 130|0x0000000620800000, 0x0000000620c00000, 0x0000000620c00000|100%|HC|  |TAMS 0x0000000620800000| PB 0x0000000620800000| Complete 
| 131|0x0000000620c00000, 0x0000000621000000, 0x0000000621000000|100%|HC|  |TAMS 0x0000000620c00000| PB 0x0000000620c00000| Complete 
| 132|0x0000000621000000, 0x0000000621400000, 0x0000000621400000|100%| O|  |TAMS 0x0000000621000000| PB 0x0000000621000000| Untracked 
| 133|0x0000000621400000, 0x0000000621800000, 0x0000000621800000|100%| O|  |TAMS 0x0000000621400000| PB 0x0000000621400000| Untracked 
| 134|0x0000000621800000, 0x0000000621c00000, 0x0000000621c00000|100%| O|  |TAMS 0x0000000621800000| PB 0x0000000621800000| Untracked 
| 135|0x0000000621c00000, 0x0000000622000000, 0x0000000622000000|100%| O|  |TAMS 0x0000000621c00000| PB 0x0000000621c00000| Untracked 
| 136|0x0000000622000000, 0x0000000622400000, 0x0000000622400000|100%| O|  |TAMS 0x0000000622000000| PB 0x0000000622000000| Untracked 
| 137|0x0000000622400000, 0x0000000622800000, 0x0000000622800000|100%| O|  |TAMS 0x0000000622400000| PB 0x0000000622400000| Untracked 
| 138|0x0000000622800000, 0x0000000622c00000, 0x0000000622c00000|100%| O|  |TAMS 0x0000000622800000| PB 0x0000000622800000| Untracked 
| 139|0x0000000622c00000, 0x0000000623000000, 0x0000000623000000|100%| O|  |TAMS 0x0000000622c00000| PB 0x0000000622c00000| Untracked 
| 140|0x0000000623000000, 0x0000000623400000, 0x0000000623400000|100%| O|  |TAMS 0x0000000623000000| PB 0x0000000623000000| Untracked 
| 141|0x0000000623400000, 0x0000000623800000, 0x0000000623800000|100%| O|  |TAMS 0x0000000623400000| PB 0x0000000623400000| Untracked 
| 142|0x0000000623800000, 0x0000000623c00000, 0x0000000623c00000|100%| O|  |TAMS 0x0000000623800000| PB 0x0000000623800000| Untracked 
| 143|0x0000000623c00000, 0x0000000624000000, 0x0000000624000000|100%| O|  |TAMS 0x0000000623c00000| PB 0x0000000623c00000| Untracked 
| 144|0x0000000624000000, 0x0000000624400000, 0x0000000624400000|100%| O|  |TAMS 0x0000000624000000| PB 0x0000000624000000| Untracked 
| 145|0x0000000624400000, 0x0000000624800000, 0x0000000624800000|100%| O|  |TAMS 0x0000000624400000| PB 0x0000000624400000| Untracked 
| 146|0x0000000624800000, 0x0000000624c00000, 0x0000000624c00000|100%| O|  |TAMS 0x0000000624800000| PB 0x0000000624800000| Untracked 
| 147|0x0000000624c00000, 0x0000000625000000, 0x0000000625000000|100%| O|  |TAMS 0x0000000624c00000| PB 0x0000000624c00000| Untracked 
| 148|0x0000000625000000, 0x0000000625400000, 0x0000000625400000|100%| O|  |TAMS 0x0000000625000000| PB 0x0000000625000000| Untracked 
| 149|0x0000000625400000, 0x0000000625800000, 0x0000000625800000|100%| O|  |TAMS 0x0000000625400000| PB 0x0000000625400000| Untracked 
| 150|0x0000000625800000, 0x0000000625c00000, 0x0000000625c00000|100%| O|  |TAMS 0x0000000625800000| PB 0x0000000625800000| Untracked 
| 151|0x0000000625c00000, 0x0000000626000000, 0x0000000626000000|100%| O|  |TAMS 0x0000000625c00000| PB 0x0000000625c00000| Untracked 
| 152|0x0000000626000000, 0x0000000626400000, 0x0000000626400000|100%| O|  |TAMS 0x0000000626000000| PB 0x0000000626000000| Untracked 
| 153|0x0000000626400000, 0x0000000626800000, 0x0000000626800000|100%| O|  |TAMS 0x0000000626400000| PB 0x0000000626400000| Untracked 
| 154|0x0000000626800000, 0x0000000626c00000, 0x0000000626c00000|100%| O|  |TAMS 0x0000000626800000| PB 0x0000000626800000| Untracked 
| 155|0x0000000626c00000, 0x0000000627000000, 0x0000000627000000|100%| O|  |TAMS 0x0000000626c00000| PB 0x0000000626c00000| Untracked 
| 156|0x0000000627000000, 0x0000000627400000, 0x0000000627400000|100%| O|  |TAMS 0x0000000627000000| PB 0x0000000627000000| Untracked 
| 157|0x0000000627400000, 0x0000000627800000, 0x0000000627800000|100%| O|  |TAMS 0x0000000627400000| PB 0x0000000627400000| Untracked 
| 158|0x0000000627800000, 0x0000000627c00000, 0x0000000627c00000|100%| E|CS|TAMS 0x0000000627800000| PB 0x0000000627800000| Complete 
| 159|0x0000000627c00000, 0x0000000628000000, 0x0000000628000000|100%| E|CS|TAMS 0x0000000627c00000| PB 0x0000000627c00000| Complete 
| 160|0x0000000628000000, 0x0000000628400000, 0x0000000628400000|100%| E|CS|TAMS 0x0000000628000000| PB 0x0000000628000000| Complete 
| 161|0x0000000628400000, 0x0000000628800000, 0x0000000628800000|100%| E|CS|TAMS 0x0000000628400000| PB 0x0000000628400000| Complete 
| 162|0x0000000628800000, 0x0000000628c00000, 0x0000000628c00000|100%| E|CS|TAMS 0x0000000628800000| PB 0x0000000628800000| Complete 
| 163|0x0000000628c00000, 0x0000000629000000, 0x0000000629000000|100%| E|CS|TAMS 0x0000000628c00000| PB 0x0000000628c00000| Complete 
| 164|0x0000000629000000, 0x0000000629400000, 0x0000000629400000|100%| E|CS|TAMS 0x0000000629000000| PB 0x0000000629000000| Complete 
| 165|0x0000000629400000, 0x0000000629800000, 0x0000000629800000|100%| E|CS|TAMS 0x0000000629400000| PB 0x0000000629400000| Complete 
| 166|0x0000000629800000, 0x0000000629c00000, 0x0000000629c00000|100%| E|CS|TAMS 0x0000000629800000| PB 0x0000000629800000| Complete 
| 167|0x0000000629c00000, 0x000000062a000000, 0x000000062a000000|100%| O|  |TAMS 0x0000000629c00000| PB 0x0000000629c00000| Untracked 
| 168|0x000000062a000000, 0x000000062a400000, 0x000000062a400000|100%| O|  |TAMS 0x000000062a000000| PB 0x000000062a000000| Untracked 
| 169|0x000000062a400000, 0x000000062a800000, 0x000000062a800000|100%| E|CS|TAMS 0x000000062a400000| PB 0x000000062a400000| Complete 
| 170|0x000000062a800000, 0x000000062ac00000, 0x000000062ac00000|100%| E|CS|TAMS 0x000000062a800000| PB 0x000000062a800000| Complete 
| 171|0x000000062ac00000, 0x000000062b000000, 0x000000062b000000|100%| E|CS|TAMS 0x000000062ac00000| PB 0x000000062ac00000| Complete 
| 172|0x000000062b000000, 0x000000062b400000, 0x000000062b400000|100%| E|CS|TAMS 0x000000062b000000| PB 0x000000062b000000| Complete 
| 173|0x000000062b400000, 0x000000062b800000, 0x000000062b800000|100%| E|CS|TAMS 0x000000062b400000| PB 0x000000062b400000| Complete 
| 174|0x000000062b800000, 0x000000062bc00000, 0x000000062bc00000|100%| E|CS|TAMS 0x000000062b800000| PB 0x000000062b800000| Complete 
| 175|0x000000062bc00000, 0x000000062c000000, 0x000000062c000000|100%| E|CS|TAMS 0x000000062bc00000| PB 0x000000062bc00000| Complete 
| 176|0x000000062c000000, 0x000000062c400000, 0x000000062c400000|100%| E|CS|TAMS 0x000000062c000000| PB 0x000000062c000000| Complete 
| 177|0x000000062c400000, 0x000000062c800000, 0x000000062c800000|100%| E|CS|TAMS 0x000000062c400000| PB 0x000000062c400000| Complete 
| 178|0x000000062c800000, 0x000000062cc00000, 0x000000062cc00000|100%| E|CS|TAMS 0x000000062c800000| PB 0x000000062c800000| Complete 
| 179|0x000000062cc00000, 0x000000062d000000, 0x000000062d000000|100%| E|CS|TAMS 0x000000062cc00000| PB 0x000000062cc00000| Complete 
| 180|0x000000062d000000, 0x000000062d400000, 0x000000062d400000|100%| E|CS|TAMS 0x000000062d000000| PB 0x000000062d000000| Complete 
| 181|0x000000062d400000, 0x000000062d800000, 0x000000062d800000|100%| E|CS|TAMS 0x000000062d400000| PB 0x000000062d400000| Complete 
| 182|0x000000062d800000, 0x000000062dc00000, 0x000000062dc00000|100%| E|CS|TAMS 0x000000062d800000| PB 0x000000062d800000| Complete 
| 183|0x000000062dc00000, 0x000000062e000000, 0x000000062e000000|100%| E|CS|TAMS 0x000000062dc00000| PB 0x000000062dc00000| Complete 
| 184|0x000000062e000000, 0x000000062e400000, 0x000000062e400000|100%| E|CS|TAMS 0x000000062e000000| PB 0x000000062e000000| Complete 
| 185|0x000000062e400000, 0x000000062e800000, 0x000000062e800000|100%| E|CS|TAMS 0x000000062e400000| PB 0x000000062e400000| Complete 
| 186|0x000000062e800000, 0x000000062ec00000, 0x000000062ec00000|100%| E|CS|TAMS 0x000000062e800000| PB 0x000000062e800000| Complete 
| 187|0x000000062ec00000, 0x000000062f000000, 0x000000062f000000|100%| E|CS|TAMS 0x000000062ec00000| PB 0x000000062ec00000| Complete 
| 188|0x000000062f000000, 0x000000062f400000, 0x000000062f400000|100%| E|CS|TAMS 0x000000062f000000| PB 0x000000062f000000| Complete 
| 189|0x000000062f400000, 0x000000062f800000, 0x000000062f800000|100%| E|CS|TAMS 0x000000062f400000| PB 0x000000062f400000| Complete 
| 190|0x000000062f800000, 0x000000062fc00000, 0x000000062fc00000|100%| E|CS|TAMS 0x000000062f800000| PB 0x000000062f800000| Complete 
| 191|0x000000062fc00000, 0x000000062fe00000, 0x0000000630000000| 50%| O|  |TAMS 0x000000062fc00000| PB 0x000000062fc00000| Untracked 
| 192|0x0000000630000000, 0x0000000630000000, 0x0000000630400000|  0%| F|  |TAMS 0x0000000630000000| PB 0x0000000630000000| Untracked 
| 193|0x0000000630400000, 0x0000000630400000, 0x0000000630800000|  0%| F|  |TAMS 0x0000000630400000| PB 0x0000000630400000| Untracked 
| 194|0x0000000630800000, 0x0000000630800000, 0x0000000630c00000|  0%| F|  |TAMS 0x0000000630800000| PB 0x0000000630800000| Untracked 
| 195|0x0000000630c00000, 0x0000000630c00000, 0x0000000631000000|  0%| F|  |TAMS 0x0000000630c00000| PB 0x0000000630c00000| Untracked 
| 196|0x0000000631000000, 0x0000000631000000, 0x0000000631400000|  0%| F|  |TAMS 0x0000000631000000| PB 0x0000000631000000| Untracked 
| 197|0x0000000631400000, 0x0000000631400000, 0x0000000631800000|  0%| F|  |TAMS 0x0000000631400000| PB 0x0000000631400000| Untracked 
| 198|0x0000000631800000, 0x0000000631800000, 0x0000000631c00000|  0%| F|  |TAMS 0x0000000631800000| PB 0x0000000631800000| Untracked 
| 199|0x0000000631c00000, 0x0000000631c00000, 0x0000000632000000|  0%| F|  |TAMS 0x0000000631c00000| PB 0x0000000631c00000| Untracked 
| 200|0x0000000632000000, 0x0000000632000000, 0x0000000632400000|  0%| F|  |TAMS 0x0000000632000000| PB 0x0000000632000000| Untracked 
| 201|0x0000000632400000, 0x0000000632400000, 0x0000000632800000|  0%| F|  |TAMS 0x0000000632400000| PB 0x0000000632400000| Untracked 
| 202|0x0000000632800000, 0x0000000632800000, 0x0000000632c00000|  0%| F|  |TAMS 0x0000000632800000| PB 0x0000000632800000| Untracked 
| 203|0x0000000632c00000, 0x0000000632c00000, 0x0000000633000000|  0%| F|  |TAMS 0x0000000632c00000| PB 0x0000000632c00000| Untracked 
| 204|0x0000000633000000, 0x0000000633000000, 0x0000000633400000|  0%| F|  |TAMS 0x0000000633000000| PB 0x0000000633000000| Untracked 
| 205|0x0000000633400000, 0x0000000633400000, 0x0000000633800000|  0%| F|  |TAMS 0x0000000633400000| PB 0x0000000633400000| Untracked 
| 206|0x0000000633800000, 0x0000000633800000, 0x0000000633c00000|  0%| F|  |TAMS 0x0000000633800000| PB 0x0000000633800000| Untracked 
| 207|0x0000000633c00000, 0x0000000633c00000, 0x0000000634000000|  0%| F|  |TAMS 0x0000000633c00000| PB 0x0000000633c00000| Untracked 
| 208|0x0000000634000000, 0x0000000634400000, 0x0000000634400000|100%| S|  |TAMS 0x0000000634000000| PB 0x0000000634000000| Complete 
| 209|0x0000000634400000, 0x0000000634800000, 0x0000000634800000|100%| S|  |TAMS 0x0000000634400000| PB 0x0000000634400000| Complete 
| 210|0x0000000634800000, 0x0000000634c00000, 0x0000000634c00000|100%| S|  |TAMS 0x0000000634800000| PB 0x0000000634800000| Complete 
| 211|0x0000000634c00000, 0x0000000635000000, 0x0000000635000000|100%| S|  |TAMS 0x0000000634c00000| PB 0x0000000634c00000| Complete 
| 212|0x0000000635000000, 0x0000000635400000, 0x0000000635400000|100%| E|CS|TAMS 0x0000000635000000| PB 0x0000000635000000| Complete 
| 213|0x0000000635400000, 0x0000000635800000, 0x0000000635800000|100%| E|CS|TAMS 0x0000000635400000| PB 0x0000000635400000| Complete 
| 214|0x0000000635800000, 0x0000000635c00000, 0x0000000635c00000|100%| E|CS|TAMS 0x0000000635800000| PB 0x0000000635800000| Complete 
| 215|0x0000000635c00000, 0x0000000636000000, 0x0000000636000000|100%| E|CS|TAMS 0x0000000635c00000| PB 0x0000000635c00000| Complete 
| 216|0x0000000636000000, 0x0000000636400000, 0x0000000636400000|100%| E|CS|TAMS 0x0000000636000000| PB 0x0000000636000000| Complete 
| 217|0x0000000636400000, 0x0000000636800000, 0x0000000636800000|100%| E|CS|TAMS 0x0000000636400000| PB 0x0000000636400000| Complete 
| 218|0x0000000636800000, 0x0000000636c00000, 0x0000000636c00000|100%| E|CS|TAMS 0x0000000636800000| PB 0x0000000636800000| Complete 
| 219|0x0000000636c00000, 0x0000000637000000, 0x0000000637000000|100%| E|CS|TAMS 0x0000000636c00000| PB 0x0000000636c00000| Complete 
| 220|0x0000000637000000, 0x0000000637400000, 0x0000000637400000|100%| E|CS|TAMS 0x0000000637000000| PB 0x0000000637000000| Complete 
| 221|0x0000000637400000, 0x0000000637800000, 0x0000000637800000|100%| E|CS|TAMS 0x0000000637400000| PB 0x0000000637400000| Complete 
| 222|0x0000000637800000, 0x0000000637c00000, 0x0000000637c00000|100%| E|CS|TAMS 0x0000000637800000| PB 0x0000000637800000| Complete 
| 223|0x0000000637c00000, 0x0000000638000000, 0x0000000638000000|100%| E|CS|TAMS 0x0000000637c00000| PB 0x0000000637c00000| Complete 
| 224|0x0000000638000000, 0x0000000638400000, 0x0000000638400000|100%| E|CS|TAMS 0x0000000638000000| PB 0x0000000638000000| Complete 
| 225|0x0000000638400000, 0x0000000638800000, 0x0000000638800000|100%| E|CS|TAMS 0x0000000638400000| PB 0x0000000638400000| Complete 
| 226|0x0000000638800000, 0x0000000638c00000, 0x0000000638c00000|100%| E|CS|TAMS 0x0000000638800000| PB 0x0000000638800000| Complete 
| 227|0x0000000638c00000, 0x0000000639000000, 0x0000000639000000|100%| E|CS|TAMS 0x0000000638c00000| PB 0x0000000638c00000| Complete 
| 228|0x0000000639000000, 0x0000000639400000, 0x0000000639400000|100%| E|CS|TAMS 0x0000000639000000| PB 0x0000000639000000| Complete 
| 229|0x0000000639400000, 0x0000000639800000, 0x0000000639800000|100%| E|CS|TAMS 0x0000000639400000| PB 0x0000000639400000| Complete 
| 230|0x0000000639800000, 0x0000000639c00000, 0x0000000639c00000|100%| E|CS|TAMS 0x0000000639800000| PB 0x0000000639800000| Complete 
| 231|0x0000000639c00000, 0x000000063a000000, 0x000000063a000000|100%| E|CS|TAMS 0x0000000639c00000| PB 0x0000000639c00000| Complete 
| 232|0x000000063a000000, 0x000000063a400000, 0x000000063a400000|100%| E|CS|TAMS 0x000000063a000000| PB 0x000000063a000000| Complete 
| 233|0x000000063a400000, 0x000000063a800000, 0x000000063a800000|100%| E|CS|TAMS 0x000000063a400000| PB 0x000000063a400000| Complete 
| 234|0x000000063a800000, 0x000000063ac00000, 0x000000063ac00000|100%| E|CS|TAMS 0x000000063a800000| PB 0x000000063a800000| Complete 
| 235|0x000000063ac00000, 0x000000063b000000, 0x000000063b000000|100%| E|CS|TAMS 0x000000063ac00000| PB 0x000000063ac00000| Complete 
| 236|0x000000063b000000, 0x000000063b400000, 0x000000063b400000|100%| E|CS|TAMS 0x000000063b000000| PB 0x000000063b000000| Complete 
| 237|0x000000063b400000, 0x000000063b800000, 0x000000063b800000|100%| E|CS|TAMS 0x000000063b400000| PB 0x000000063b400000| Complete 
| 238|0x000000063b800000, 0x000000063bc00000, 0x000000063bc00000|100%| E|CS|TAMS 0x000000063b800000| PB 0x000000063b800000| Complete 
| 239|0x000000063bc00000, 0x000000063c000000, 0x000000063c000000|100%| E|CS|TAMS 0x000000063bc00000| PB 0x000000063bc00000| Complete 
| 240|0x000000063c000000, 0x000000063c400000, 0x000000063c400000|100%| E|CS|TAMS 0x000000063c000000| PB 0x000000063c000000| Complete 
| 241|0x000000063c400000, 0x000000063c800000, 0x000000063c800000|100%| E|CS|TAMS 0x000000063c400000| PB 0x000000063c400000| Complete 
| 242|0x000000063c800000, 0x000000063cc00000, 0x000000063cc00000|100%| E|CS|TAMS 0x000000063c800000| PB 0x000000063c800000| Complete 
| 243|0x000000063cc00000, 0x000000063d000000, 0x000000063d000000|100%| E|CS|TAMS 0x000000063cc00000| PB 0x000000063cc00000| Complete 
| 244|0x000000063d000000, 0x000000063d400000, 0x000000063d400000|100%| E|CS|TAMS 0x000000063d000000| PB 0x000000063d000000| Complete 
| 245|0x000000063d400000, 0x000000063d800000, 0x000000063d800000|100%| E|CS|TAMS 0x000000063d400000| PB 0x000000063d400000| Complete 
| 246|0x000000063d800000, 0x000000063dc00000, 0x000000063dc00000|100%| E|CS|TAMS 0x000000063d800000| PB 0x000000063d800000| Complete 
| 247|0x000000063dc00000, 0x000000063e000000, 0x000000063e000000|100%| E|CS|TAMS 0x000000063dc00000| PB 0x000000063dc00000| Complete 
| 248|0x000000063e000000, 0x000000063e400000, 0x000000063e400000|100%| E|CS|TAMS 0x000000063e000000| PB 0x000000063e000000| Complete 
| 249|0x000000063e400000, 0x000000063e800000, 0x000000063e800000|100%| E|CS|TAMS 0x000000063e400000| PB 0x000000063e400000| Complete 
| 250|0x000000063e800000, 0x000000063ec00000, 0x000000063ec00000|100%| E|CS|TAMS 0x000000063e800000| PB 0x000000063e800000| Complete 
| 251|0x000000063ec00000, 0x000000063f000000, 0x000000063f000000|100%| E|CS|TAMS 0x000000063ec00000| PB 0x000000063ec00000| Complete 
| 252|0x000000063f000000, 0x000000063f400000, 0x000000063f400000|100%| E|CS|TAMS 0x000000063f000000| PB 0x000000063f000000| Complete 
| 253|0x000000063f400000, 0x000000063f800000, 0x000000063f800000|100%| E|CS|TAMS 0x000000063f400000| PB 0x000000063f400000| Complete 
| 254|0x000000063f800000, 0x000000063fc00000, 0x000000063fc00000|100%| E|CS|TAMS 0x000000063f800000| PB 0x000000063f800000| Complete 
| 255|0x000000063fc00000, 0x0000000640000000, 0x0000000640000000|100%| E|CS|TAMS 0x000000063fc00000| PB 0x000000063fc00000| Complete 
| 256|0x0000000640000000, 0x0000000640400000, 0x0000000640400000|100%| E|CS|TAMS 0x0000000640000000| PB 0x0000000640000000| Complete 
| 257|0x0000000640400000, 0x0000000640800000, 0x0000000640800000|100%| E|CS|TAMS 0x0000000640400000| PB 0x0000000640400000| Complete 
| 258|0x0000000640800000, 0x0000000640c00000, 0x0000000640c00000|100%| E|CS|TAMS 0x0000000640800000| PB 0x0000000640800000| Complete 
| 259|0x0000000640c00000, 0x0000000641000000, 0x0000000641000000|100%| E|CS|TAMS 0x0000000640c00000| PB 0x0000000640c00000| Complete 
| 260|0x0000000641000000, 0x0000000641400000, 0x0000000641400000|100%| E|CS|TAMS 0x0000000641000000| PB 0x0000000641000000| Complete 
| 261|0x0000000641400000, 0x0000000641800000, 0x0000000641800000|100%| E|CS|TAMS 0x0000000641400000| PB 0x0000000641400000| Complete 
| 262|0x0000000641800000, 0x0000000641c00000, 0x0000000641c00000|100%| E|CS|TAMS 0x0000000641800000| PB 0x0000000641800000| Complete 
| 263|0x0000000641c00000, 0x0000000642000000, 0x0000000642000000|100%| E|CS|TAMS 0x0000000641c00000| PB 0x0000000641c00000| Complete 
| 264|0x0000000642000000, 0x0000000642400000, 0x0000000642400000|100%| E|CS|TAMS 0x0000000642000000| PB 0x0000000642000000| Complete 
| 265|0x0000000642400000, 0x0000000642800000, 0x0000000642800000|100%| E|CS|TAMS 0x0000000642400000| PB 0x0000000642400000| Complete 
| 266|0x0000000642800000, 0x0000000642c00000, 0x0000000642c00000|100%| E|CS|TAMS 0x0000000642800000| PB 0x0000000642800000| Complete 
| 267|0x0000000642c00000, 0x0000000643000000, 0x0000000643000000|100%| E|CS|TAMS 0x0000000642c00000| PB 0x0000000642c00000| Complete 
| 268|0x0000000643000000, 0x0000000643400000, 0x0000000643400000|100%| E|CS|TAMS 0x0000000643000000| PB 0x0000000643000000| Complete 
| 269|0x0000000643400000, 0x0000000643800000, 0x0000000643800000|100%| E|CS|TAMS 0x0000000643400000| PB 0x0000000643400000| Complete 
| 270|0x0000000643800000, 0x0000000643c00000, 0x0000000643c00000|100%| E|CS|TAMS 0x0000000643800000| PB 0x0000000643800000| Complete 
| 271|0x0000000643c00000, 0x0000000644000000, 0x0000000644000000|100%| E|CS|TAMS 0x0000000643c00000| PB 0x0000000643c00000| Complete 
| 272|0x0000000644000000, 0x0000000644400000, 0x0000000644400000|100%| E|CS|TAMS 0x0000000644000000| PB 0x0000000644000000| Complete 
| 273|0x0000000644400000, 0x0000000644800000, 0x0000000644800000|100%| E|CS|TAMS 0x0000000644400000| PB 0x0000000644400000| Complete 
| 274|0x0000000644800000, 0x0000000644c00000, 0x0000000644c00000|100%| E|CS|TAMS 0x0000000644800000| PB 0x0000000644800000| Complete 
| 275|0x0000000644c00000, 0x0000000645000000, 0x0000000645000000|100%| E|CS|TAMS 0x0000000644c00000| PB 0x0000000644c00000| Complete 
| 276|0x0000000645000000, 0x0000000645400000, 0x0000000645400000|100%| E|CS|TAMS 0x0000000645000000| PB 0x0000000645000000| Complete 
| 277|0x0000000645400000, 0x0000000645800000, 0x0000000645800000|100%| E|CS|TAMS 0x0000000645400000| PB 0x0000000645400000| Complete 
| 278|0x0000000645800000, 0x0000000645c00000, 0x0000000645c00000|100%| E|CS|TAMS 0x0000000645800000| PB 0x0000000645800000| Complete 
| 279|0x0000000645c00000, 0x0000000646000000, 0x0000000646000000|100%| E|CS|TAMS 0x0000000645c00000| PB 0x0000000645c00000| Complete 
| 280|0x0000000646000000, 0x0000000646400000, 0x0000000646400000|100%| E|CS|TAMS 0x0000000646000000| PB 0x0000000646000000| Complete 
| 281|0x0000000646400000, 0x0000000646800000, 0x0000000646800000|100%| E|CS|TAMS 0x0000000646400000| PB 0x0000000646400000| Complete 
| 282|0x0000000646800000, 0x0000000646c00000, 0x0000000646c00000|100%| E|CS|TAMS 0x0000000646800000| PB 0x0000000646800000| Complete 
| 283|0x0000000646c00000, 0x0000000647000000, 0x0000000647000000|100%| E|CS|TAMS 0x0000000646c00000| PB 0x0000000646c00000| Complete 
| 284|0x0000000647000000, 0x0000000647400000, 0x0000000647400000|100%| E|CS|TAMS 0x0000000647000000| PB 0x0000000647000000| Complete 
| 285|0x0000000647400000, 0x0000000647800000, 0x0000000647800000|100%| E|CS|TAMS 0x0000000647400000| PB 0x0000000647400000| Complete 
| 286|0x0000000647800000, 0x0000000647c00000, 0x0000000647c00000|100%| E|CS|TAMS 0x0000000647800000| PB 0x0000000647800000| Complete 
| 287|0x0000000647c00000, 0x0000000648000000, 0x0000000648000000|100%| E|CS|TAMS 0x0000000647c00000| PB 0x0000000647c00000| Complete 
| 288|0x0000000648000000, 0x0000000648400000, 0x0000000648400000|100%| E|CS|TAMS 0x0000000648000000| PB 0x0000000648000000| Complete 
| 289|0x0000000648400000, 0x0000000648800000, 0x0000000648800000|100%| E|CS|TAMS 0x0000000648400000| PB 0x0000000648400000| Complete 
| 290|0x0000000648800000, 0x0000000648c00000, 0x0000000648c00000|100%| E|CS|TAMS 0x0000000648800000| PB 0x0000000648800000| Complete 
| 291|0x0000000648c00000, 0x0000000649000000, 0x0000000649000000|100%| E|CS|TAMS 0x0000000648c00000| PB 0x0000000648c00000| Complete 
| 292|0x0000000649000000, 0x0000000649400000, 0x0000000649400000|100%| E|CS|TAMS 0x0000000649000000| PB 0x0000000649000000| Complete 
| 293|0x0000000649400000, 0x0000000649800000, 0x0000000649800000|100%| E|CS|TAMS 0x0000000649400000| PB 0x0000000649400000| Complete 
| 294|0x0000000649800000, 0x0000000649c00000, 0x0000000649c00000|100%| E|CS|TAMS 0x0000000649800000| PB 0x0000000649800000| Complete 
| 295|0x0000000649c00000, 0x000000064a000000, 0x000000064a000000|100%| E|CS|TAMS 0x0000000649c00000| PB 0x0000000649c00000| Complete 
| 296|0x000000064a000000, 0x000000064a400000, 0x000000064a400000|100%| E|CS|TAMS 0x000000064a000000| PB 0x000000064a000000| Complete 
| 297|0x000000064a400000, 0x000000064a800000, 0x000000064a800000|100%| E|CS|TAMS 0x000000064a400000| PB 0x000000064a400000| Complete 
| 298|0x000000064a800000, 0x000000064ac00000, 0x000000064ac00000|100%| E|CS|TAMS 0x000000064a800000| PB 0x000000064a800000| Complete 
| 299|0x000000064ac00000, 0x000000064b000000, 0x000000064b000000|100%| E|CS|TAMS 0x000000064ac00000| PB 0x000000064ac00000| Complete 
| 300|0x000000064b000000, 0x000000064b400000, 0x000000064b400000|100%| E|CS|TAMS 0x000000064b000000| PB 0x000000064b000000| Complete 
| 301|0x000000064b400000, 0x000000064b800000, 0x000000064b800000|100%| E|CS|TAMS 0x000000064b400000| PB 0x000000064b400000| Complete 
| 302|0x000000064b800000, 0x000000064bc00000, 0x000000064bc00000|100%| E|CS|TAMS 0x000000064b800000| PB 0x000000064b800000| Complete 
| 303|0x000000064bc00000, 0x000000064c000000, 0x000000064c000000|100%| E|CS|TAMS 0x000000064bc00000| PB 0x000000064bc00000| Complete 
| 304|0x000000064c000000, 0x000000064c400000, 0x000000064c400000|100%| E|CS|TAMS 0x000000064c000000| PB 0x000000064c000000| Complete 
| 305|0x000000064c400000, 0x000000064c800000, 0x000000064c800000|100%| E|CS|TAMS 0x000000064c400000| PB 0x000000064c400000| Complete 
| 306|0x000000064c800000, 0x000000064cc00000, 0x000000064cc00000|100%| E|CS|TAMS 0x000000064c800000| PB 0x000000064c800000| Complete 
| 307|0x000000064cc00000, 0x000000064d000000, 0x000000064d000000|100%| E|CS|TAMS 0x000000064cc00000| PB 0x000000064cc00000| Complete 
| 308|0x000000064d000000, 0x000000064d400000, 0x000000064d400000|100%| E|CS|TAMS 0x000000064d000000| PB 0x000000064d000000| Complete 
| 309|0x000000064d400000, 0x000000064d800000, 0x000000064d800000|100%| E|CS|TAMS 0x000000064d400000| PB 0x000000064d400000| Complete 
| 310|0x000000064d800000, 0x000000064dc00000, 0x000000064dc00000|100%| E|CS|TAMS 0x000000064d800000| PB 0x000000064d800000| Complete 
| 311|0x000000064dc00000, 0x000000064e000000, 0x000000064e000000|100%| E|CS|TAMS 0x000000064dc00000| PB 0x000000064dc00000| Complete 
| 312|0x000000064e000000, 0x000000064e400000, 0x000000064e400000|100%| E|CS|TAMS 0x000000064e000000| PB 0x000000064e000000| Complete 
| 313|0x000000064e400000, 0x000000064e800000, 0x000000064e800000|100%| E|CS|TAMS 0x000000064e400000| PB 0x000000064e400000| Complete 
| 314|0x000000064e800000, 0x000000064ec00000, 0x000000064ec00000|100%| E|CS|TAMS 0x000000064e800000| PB 0x000000064e800000| Complete 
| 315|0x000000064ec00000, 0x000000064f000000, 0x000000064f000000|100%| E|CS|TAMS 0x000000064ec00000| PB 0x000000064ec00000| Complete 
| 316|0x000000064f000000, 0x000000064f400000, 0x000000064f400000|100%| E|CS|TAMS 0x000000064f000000| PB 0x000000064f000000| Complete 
| 317|0x000000064f400000, 0x000000064f800000, 0x000000064f800000|100%| E|CS|TAMS 0x000000064f400000| PB 0x000000064f400000| Complete 
| 318|0x000000064f800000, 0x000000064fc00000, 0x000000064fc00000|100%| E|CS|TAMS 0x000000064f800000| PB 0x000000064f800000| Complete 
| 319|0x000000064fc00000, 0x0000000650000000, 0x0000000650000000|100%| E|CS|TAMS 0x000000064fc00000| PB 0x000000064fc00000| Complete 
| 320|0x0000000650000000, 0x0000000650400000, 0x0000000650400000|100%| E|CS|TAMS 0x0000000650000000| PB 0x0000000650000000| Complete 
| 321|0x0000000650400000, 0x0000000650800000, 0x0000000650800000|100%| E|CS|TAMS 0x0000000650400000| PB 0x0000000650400000| Complete 
| 322|0x0000000650800000, 0x0000000650c00000, 0x0000000650c00000|100%| E|CS|TAMS 0x0000000650800000| PB 0x0000000650800000| Complete 
| 323|0x0000000650c00000, 0x0000000651000000, 0x0000000651000000|100%| E|CS|TAMS 0x0000000650c00000| PB 0x0000000650c00000| Complete 
| 324|0x0000000651000000, 0x0000000651400000, 0x0000000651400000|100%| E|CS|TAMS 0x0000000651000000| PB 0x0000000651000000| Complete 
| 325|0x0000000651400000, 0x0000000651800000, 0x0000000651800000|100%| E|CS|TAMS 0x0000000651400000| PB 0x0000000651400000| Complete 
| 326|0x0000000651800000, 0x0000000651c00000, 0x0000000651c00000|100%| E|CS|TAMS 0x0000000651800000| PB 0x0000000651800000| Complete 
| 327|0x0000000651c00000, 0x0000000652000000, 0x0000000652000000|100%| E|CS|TAMS 0x0000000651c00000| PB 0x0000000651c00000| Complete 
| 328|0x0000000652000000, 0x0000000652400000, 0x0000000652400000|100%| E|CS|TAMS 0x0000000652000000| PB 0x0000000652000000| Complete 
| 329|0x0000000652400000, 0x0000000652800000, 0x0000000652800000|100%| E|CS|TAMS 0x0000000652400000| PB 0x0000000652400000| Complete 
| 330|0x0000000652800000, 0x0000000652c00000, 0x0000000652c00000|100%| E|CS|TAMS 0x0000000652800000| PB 0x0000000652800000| Complete 
| 331|0x0000000652c00000, 0x0000000653000000, 0x0000000653000000|100%| E|CS|TAMS 0x0000000652c00000| PB 0x0000000652c00000| Complete 
| 332|0x0000000653000000, 0x0000000653400000, 0x0000000653400000|100%| E|CS|TAMS 0x0000000653000000| PB 0x0000000653000000| Complete 
| 333|0x0000000653400000, 0x0000000653800000, 0x0000000653800000|100%| E|CS|TAMS 0x0000000653400000| PB 0x0000000653400000| Complete 
| 334|0x0000000653800000, 0x0000000653c00000, 0x0000000653c00000|100%| E|CS|TAMS 0x0000000653800000| PB 0x0000000653800000| Complete 
| 335|0x0000000653c00000, 0x0000000654000000, 0x0000000654000000|100%| E|CS|TAMS 0x0000000653c00000| PB 0x0000000653c00000| Complete 
| 336|0x0000000654000000, 0x0000000654400000, 0x0000000654400000|100%| E|CS|TAMS 0x0000000654000000| PB 0x0000000654000000| Complete 
| 337|0x0000000654400000, 0x0000000654800000, 0x0000000654800000|100%| E|CS|TAMS 0x0000000654400000| PB 0x0000000654400000| Complete 
| 338|0x0000000654800000, 0x0000000654c00000, 0x0000000654c00000|100%| E|CS|TAMS 0x0000000654800000| PB 0x0000000654800000| Complete 
| 339|0x0000000654c00000, 0x0000000655000000, 0x0000000655000000|100%| E|CS|TAMS 0x0000000654c00000| PB 0x0000000654c00000| Complete 
| 340|0x0000000655000000, 0x0000000655400000, 0x0000000655400000|100%| E|CS|TAMS 0x0000000655000000| PB 0x0000000655000000| Complete 
| 341|0x0000000655400000, 0x0000000655800000, 0x0000000655800000|100%| E|CS|TAMS 0x0000000655400000| PB 0x0000000655400000| Complete 
| 342|0x0000000655800000, 0x0000000655c00000, 0x0000000655c00000|100%| E|CS|TAMS 0x0000000655800000| PB 0x0000000655800000| Complete 
| 343|0x0000000655c00000, 0x0000000656000000, 0x0000000656000000|100%| E|CS|TAMS 0x0000000655c00000| PB 0x0000000655c00000| Complete 
| 344|0x0000000656000000, 0x0000000656400000, 0x0000000656400000|100%| E|CS|TAMS 0x0000000656000000| PB 0x0000000656000000| Complete 
| 345|0x0000000656400000, 0x0000000656800000, 0x0000000656800000|100%| E|CS|TAMS 0x0000000656400000| PB 0x0000000656400000| Complete 
| 346|0x0000000656800000, 0x0000000656c00000, 0x0000000656c00000|100%| E|CS|TAMS 0x0000000656800000| PB 0x0000000656800000| Complete 
| 347|0x0000000656c00000, 0x0000000657000000, 0x0000000657000000|100%| E|CS|TAMS 0x0000000656c00000| PB 0x0000000656c00000| Complete 
| 348|0x0000000657000000, 0x0000000657400000, 0x0000000657400000|100%| E|CS|TAMS 0x0000000657000000| PB 0x0000000657000000| Complete 
| 349|0x0000000657400000, 0x0000000657800000, 0x0000000657800000|100%| E|CS|TAMS 0x0000000657400000| PB 0x0000000657400000| Complete 
| 350|0x0000000657800000, 0x0000000657c00000, 0x0000000657c00000|100%| E|CS|TAMS 0x0000000657800000| PB 0x0000000657800000| Complete 
| 351|0x0000000657c00000, 0x0000000658000000, 0x0000000658000000|100%| E|CS|TAMS 0x0000000657c00000| PB 0x0000000657c00000| Complete 
| 352|0x0000000658000000, 0x0000000658400000, 0x0000000658400000|100%| E|CS|TAMS 0x0000000658000000| PB 0x0000000658000000| Complete 
| 353|0x0000000658400000, 0x0000000658800000, 0x0000000658800000|100%| E|CS|TAMS 0x0000000658400000| PB 0x0000000658400000| Complete 
| 354|0x0000000658800000, 0x0000000658c00000, 0x0000000658c00000|100%| E|CS|TAMS 0x0000000658800000| PB 0x0000000658800000| Complete 
| 355|0x0000000658c00000, 0x0000000659000000, 0x0000000659000000|100%| E|CS|TAMS 0x0000000658c00000| PB 0x0000000658c00000| Complete 
| 356|0x0000000659000000, 0x0000000659400000, 0x0000000659400000|100%| E|CS|TAMS 0x0000000659000000| PB 0x0000000659000000| Complete 
| 357|0x0000000659400000, 0x0000000659800000, 0x0000000659800000|100%| E|CS|TAMS 0x0000000659400000| PB 0x0000000659400000| Complete 
| 358|0x0000000659800000, 0x0000000659c00000, 0x0000000659c00000|100%| E|CS|TAMS 0x0000000659800000| PB 0x0000000659800000| Complete 
| 359|0x0000000659c00000, 0x000000065a000000, 0x000000065a000000|100%| E|CS|TAMS 0x0000000659c00000| PB 0x0000000659c00000| Complete 
| 360|0x000000065a000000, 0x000000065a400000, 0x000000065a400000|100%| E|CS|TAMS 0x000000065a000000| PB 0x000000065a000000| Complete 
| 361|0x000000065a400000, 0x000000065a800000, 0x000000065a800000|100%| E|CS|TAMS 0x000000065a400000| PB 0x000000065a400000| Complete 
| 362|0x000000065a800000, 0x000000065ac00000, 0x000000065ac00000|100%| E|CS|TAMS 0x000000065a800000| PB 0x000000065a800000| Complete 
| 363|0x000000065ac00000, 0x000000065b000000, 0x000000065b000000|100%| E|CS|TAMS 0x000000065ac00000| PB 0x000000065ac00000| Complete 
| 364|0x000000065b000000, 0x000000065b400000, 0x000000065b400000|100%| E|CS|TAMS 0x000000065b000000| PB 0x000000065b000000| Complete 
| 365|0x000000065b400000, 0x000000065b800000, 0x000000065b800000|100%| E|CS|TAMS 0x000000065b400000| PB 0x000000065b400000| Complete 
| 366|0x000000065b800000, 0x000000065bc00000, 0x000000065bc00000|100%| E|CS|TAMS 0x000000065b800000| PB 0x000000065b800000| Complete 
| 367|0x000000065bc00000, 0x000000065c000000, 0x000000065c000000|100%| E|CS|TAMS 0x000000065bc00000| PB 0x000000065bc00000| Complete 
| 368|0x000000065c000000, 0x000000065c400000, 0x000000065c400000|100%| E|CS|TAMS 0x000000065c000000| PB 0x000000065c000000| Complete 
| 369|0x000000065c400000, 0x000000065c800000, 0x000000065c800000|100%| E|CS|TAMS 0x000000065c400000| PB 0x000000065c400000| Complete 
| 370|0x000000065c800000, 0x000000065cc00000, 0x000000065cc00000|100%| E|CS|TAMS 0x000000065c800000| PB 0x000000065c800000| Complete 
| 371|0x000000065cc00000, 0x000000065d000000, 0x000000065d000000|100%| E|CS|TAMS 0x000000065cc00000| PB 0x000000065cc00000| Complete 
| 372|0x000000065d000000, 0x000000065d400000, 0x000000065d400000|100%| E|CS|TAMS 0x000000065d000000| PB 0x000000065d000000| Complete 
| 373|0x000000065d400000, 0x000000065d800000, 0x000000065d800000|100%| E|CS|TAMS 0x000000065d400000| PB 0x000000065d400000| Complete 
| 374|0x000000065d800000, 0x000000065dc00000, 0x000000065dc00000|100%| E|CS|TAMS 0x000000065d800000| PB 0x000000065d800000| Complete 
| 375|0x000000065dc00000, 0x000000065e000000, 0x000000065e000000|100%| E|CS|TAMS 0x000000065dc00000| PB 0x000000065dc00000| Complete 
| 376|0x000000065e000000, 0x000000065e400000, 0x000000065e400000|100%| E|CS|TAMS 0x000000065e000000| PB 0x000000065e000000| Complete 
| 377|0x000000065e400000, 0x000000065e800000, 0x000000065e800000|100%| E|CS|TAMS 0x000000065e400000| PB 0x000000065e400000| Complete 
| 378|0x000000065e800000, 0x000000065ec00000, 0x000000065ec00000|100%| E|CS|TAMS 0x000000065e800000| PB 0x000000065e800000| Complete 
| 379|0x000000065ec00000, 0x000000065f000000, 0x000000065f000000|100%| E|CS|TAMS 0x000000065ec00000| PB 0x000000065ec00000| Complete 
| 380|0x000000065f000000, 0x000000065f400000, 0x000000065f400000|100%| E|CS|TAMS 0x000000065f000000| PB 0x000000065f000000| Complete 
| 381|0x000000065f400000, 0x000000065f800000, 0x000000065f800000|100%| E|CS|TAMS 0x000000065f400000| PB 0x000000065f400000| Complete 
| 382|0x000000065f800000, 0x000000065fc00000, 0x000000065fc00000|100%| E|CS|TAMS 0x000000065f800000| PB 0x000000065f800000| Complete 
| 383|0x000000065fc00000, 0x0000000660000000, 0x0000000660000000|100%| E|CS|TAMS 0x000000065fc00000| PB 0x000000065fc00000| Complete 
| 384|0x0000000660000000, 0x0000000660400000, 0x0000000660400000|100%| E|CS|TAMS 0x0000000660000000| PB 0x0000000660000000| Complete 
| 385|0x0000000660400000, 0x0000000660800000, 0x0000000660800000|100%| E|CS|TAMS 0x0000000660400000| PB 0x0000000660400000| Complete 
| 386|0x0000000660800000, 0x0000000660c00000, 0x0000000660c00000|100%| E|CS|TAMS 0x0000000660800000| PB 0x0000000660800000| Complete 
| 387|0x0000000660c00000, 0x0000000661000000, 0x0000000661000000|100%| E|CS|TAMS 0x0000000660c00000| PB 0x0000000660c00000| Complete 
| 388|0x0000000661000000, 0x0000000661400000, 0x0000000661400000|100%| E|CS|TAMS 0x0000000661000000| PB 0x0000000661000000| Complete 
| 389|0x0000000661400000, 0x0000000661800000, 0x0000000661800000|100%| E|CS|TAMS 0x0000000661400000| PB 0x0000000661400000| Complete 
| 390|0x0000000661800000, 0x0000000661c00000, 0x0000000661c00000|100%| E|CS|TAMS 0x0000000661800000| PB 0x0000000661800000| Complete 
| 391|0x0000000661c00000, 0x0000000662000000, 0x0000000662000000|100%| E|CS|TAMS 0x0000000661c00000| PB 0x0000000661c00000| Complete 
| 392|0x0000000662000000, 0x0000000662400000, 0x0000000662400000|100%| E|CS|TAMS 0x0000000662000000| PB 0x0000000662000000| Complete 
| 393|0x0000000662400000, 0x0000000662800000, 0x0000000662800000|100%| E|CS|TAMS 0x0000000662400000| PB 0x0000000662400000| Complete 
| 394|0x0000000662800000, 0x0000000662c00000, 0x0000000662c00000|100%| E|CS|TAMS 0x0000000662800000| PB 0x0000000662800000| Complete 
| 395|0x0000000662c00000, 0x0000000663000000, 0x0000000663000000|100%| E|CS|TAMS 0x0000000662c00000| PB 0x0000000662c00000| Complete 
| 396|0x0000000663000000, 0x0000000663400000, 0x0000000663400000|100%| E|CS|TAMS 0x0000000663000000| PB 0x0000000663000000| Complete 
| 397|0x0000000663400000, 0x0000000663800000, 0x0000000663800000|100%| E|CS|TAMS 0x0000000663400000| PB 0x0000000663400000| Complete 
| 398|0x0000000663800000, 0x0000000663c00000, 0x0000000663c00000|100%| E|CS|TAMS 0x0000000663800000| PB 0x0000000663800000| Complete 
| 399|0x0000000663c00000, 0x0000000664000000, 0x0000000664000000|100%| E|CS|TAMS 0x0000000663c00000| PB 0x0000000663c00000| Complete 
| 400|0x0000000664000000, 0x0000000664400000, 0x0000000664400000|100%| E|CS|TAMS 0x0000000664000000| PB 0x0000000664000000| Complete 
| 401|0x0000000664400000, 0x0000000664800000, 0x0000000664800000|100%| E|CS|TAMS 0x0000000664400000| PB 0x0000000664400000| Complete 
| 402|0x0000000664800000, 0x0000000664c00000, 0x0000000664c00000|100%| E|CS|TAMS 0x0000000664800000| PB 0x0000000664800000| Complete 
| 403|0x0000000664c00000, 0x0000000665000000, 0x0000000665000000|100%| E|CS|TAMS 0x0000000664c00000| PB 0x0000000664c00000| Complete 
|2042|0x00000007fe800000, 0x00000007fec00000, 0x00000007fec00000|100%| E|CS|TAMS 0x00000007fe800000| PB 0x00000007fe800000| Complete 
|2043|0x00000007fec00000, 0x00000007ff000000, 0x00000007ff000000|100%| O|  |TAMS 0x00000007fec00000| PB 0x00000007fec00000| Untracked 
|2044|0x00000007ff000000, 0x00000007ff400000, 0x00000007ff400000|100%| O|  |TAMS 0x00000007ff000000| PB 0x00000007ff000000| Untracked 
|2045|0x00000007ff400000, 0x00000007ff800000, 0x00000007ff800000|100%| O|  |TAMS 0x00000007ff400000| PB 0x00000007ff400000| Untracked 
|2046|0x00000007ff800000, 0x00000007ffc00000, 0x00000007ffc00000|100%| O|  |TAMS 0x00000007ff800000| PB 0x00000007ff800000| Untracked 
|2047|0x00000007ffc00000, 0x0000000800000000, 0x0000000800000000|100%| O|  |TAMS 0x00000007ffc00000| PB 0x00000007ffc00000| Untracked 

Card table byte_map: [0x00007f8e14400000,0x00007f8e15400000] _byte_map_base: 0x00007f8e11400000

Marking Bits: (CMBitMap*) 0x00007f8e2805c6c0
 Bits: [0x00007f8e0c400000, 0x00007f8e14400000)

Polling page: 0x00007f8e2fcac000

Metaspace:

Usage:
  Non-class:     59.01 MB used.
      Class:      7.38 MB used.
       Both:     66.39 MB used.

Virtual space:
  Non-class space:       64.00 MB reserved,      59.75 MB ( 93%) committed,  1 nodes.
      Class space:        1.00 GB reserved,       7.94 MB ( <1%) committed,  1 nodes.
             Both:        1.06 GB reserved,      67.69 MB (  6%) committed. 

Chunk freelists:
   Non-Class:  3.99 MB
       Class:  7.94 MB
        Both:  11.93 MB

MaxMetaspaceSize: unlimited
CompressedClassSpaceSize: 1.00 GB
Initial GC threshold: 21.00 MB
Current GC threshold: 97.81 MB
CDS: off
 - commit_granule_bytes: 65536.
 - commit_granule_words: 8192.
 - virtual_space_node_default_size: 8388608.
 - enlarge_chunks_in_place: 1.
 - use_allocation_guard: 0.


Internal statistics:

num_allocs_failed_limit: 6.
num_arena_births: 3656.
num_arena_deaths: 1714.
num_vsnodes_births: 2.
num_vsnodes_deaths: 0.
num_space_committed: 1128.
num_space_uncommitted: 28.
num_chunks_returned_to_freelist: 3136.
num_chunks_taken_from_freelist: 7520.
num_chunk_merges: 1295.
num_chunk_splits: 4848.
num_chunks_enlarged: 2830.
num_inconsistent_stats: 0.

CodeHeap 'non-profiled nmethods': size=120028Kb used=10579Kb max_used=10579Kb free=109448Kb
 bounds [0x00007f8e1cec9000, 0x00007f8e1d929000, 0x00007f8e24400000]
CodeHeap 'profiled nmethods': size=120028Kb used=19858Kb max_used=19858Kb free=100169Kb
 bounds [0x00007f8e15400000, 0x00007f8e16770000, 0x00007f8e1c937000]
CodeHeap 'non-nmethods': size=5704Kb used=2790Kb max_used=2854Kb free=2913Kb
 bounds [0x00007f8e1c937000, 0x00007f8e1cc17000, 0x00007f8e1cec9000]
 total_blobs=11835 nmethods=10472 adapters=1267
 compilation: enabled
              stopped_count=0, restarted_count=0
 full_count=0

Compilation events (20 events):
Event: 23.093 Thread 0x00007f8e004b90b0 nmethod 12714 0x00007f8e1d911990 code [0x00007f8e1d911f60, 0x00007f8e1d916398]
Event: 23.093 Thread 0x00007f8e004b90b0 12780       4       com.bawnorton.mixinsquared.adjuster.tools.AdjustableAnnotationNode$KnownAnnotations::fromNode (56 bytes)
Event: 23.093 Thread 0x00007f8e281b6d10 nmethod 12777 0x00007f8e1d919110 code [0x00007f8e1d9192c0, 0x00007f8e1d9197d0]
Event: 23.093 Thread 0x00007f8e281b6d10 12783   !   4       java.util.WeakHashMap::expungeStaleEntries (139 bytes)
Event: 23.098 Thread 0x00007f8e004b90b0 nmethod 12780 0x00007f8e1d919b90 code [0x00007f8e1d919d40, 0x00007f8e1d91a160]
Event: 23.098 Thread 0x00007f8e004b90b0 12785       4       java.lang.invoke.LambdaForm$MH/0x000000080070b800::getInt (33 bytes)
Event: 23.098 Thread 0x00007f8e004b90b0 nmethod 12785 0x00007f8e1d91a410 code [0x00007f8e1d91a580, 0x00007f8e1d91a5f0]
Event: 23.098 Thread 0x00007f8e004b90b0 12786       4       java.lang.invoke.LambdaForm$MH/0x000000080070bc00::getInt (33 bytes)
Event: 23.098 Thread 0x00007f8e004b90b0 nmethod 12786 0x00007f8e1d91a710 code [0x00007f8e1d91a880, 0x00007f8e1d91a8f0]
Event: 23.098 Thread 0x00007f8e004b90b0 12787       4       java.lang.invoke.LambdaForm$MH/0x000000080070c000::getInt (33 bytes)
Event: 23.098 Thread 0x00007f8e004b90b0 nmethod 12787 0x00007f8e1d91aa10 code [0x00007f8e1d91ab80, 0x00007f8e1d91abf0]
Event: 23.098 Thread 0x00007f8e004b90b0 12788       4       java.lang.invoke.LambdaForm$MH/0x000000080070c400::getInt (33 bytes)
Event: 23.098 Thread 0x00007f8e004b90b0 nmethod 12788 0x00007f8e1d91ad10 code [0x00007f8e1d91ae80, 0x00007f8e1d91aef0]
Event: 23.098 Thread 0x00007f8e004b90b0 12789       4       java.lang.invoke.LambdaForm$MH/0x000000080070c800::getInt (33 bytes)
Event: 23.099 Thread 0x00007f8e2972ddd0 nmethod 12773 0x00007f8e1d91b010 code [0x00007f8e1d91b280, 0x00007f8e1d91c1e8]
Event: 23.099 Thread 0x00007f8e004b90b0 nmethod 12789 0x00007f8e1d91cb10 code [0x00007f8e1d91cc80, 0x00007f8e1d91ccf0]
Event: 23.099 Thread 0x00007f8e281c03a0 12790       3       cpw.mods.cl.JarModuleFinder$JarModuleReader::find (11 bytes)
Event: 23.099 Thread 0x00007f8e281c03a0 nmethod 12790 0x00007f8e16764590 code [0x00007f8e16764740, 0x00007f8e16764918]
Event: 23.101 Thread 0x00007f8e004b90b0 12791       4       java.util.HashSet::iterator (13 bytes)
Event: 23.101 Thread 0x00007f8e281b6d10 nmethod 12783 0x00007f8e1d91ce10 code [0x00007f8e1d91d060, 0x00007f8e1d91d8b0]

GC Heap History (20 events):
Event: 10.069 GC heap after
{Heap after GC invocations=28 (full 0):
 garbage-first heap   total 954368K, used 492216K [0x0000000600000000, 0x0000000800000000)
  region size 4096K, 6 young (24576K), 6 survivors (24576K)
 Metaspace       used 49646K, committed 50560K, reserved 1114112K
  class space    used 5361K, committed 5760K, reserved 1048576K
}
Event: 10.246 GC heap before
{Heap before GC invocations=28 (full 0):
 garbage-first heap   total 954368K, used 869048K [0x0000000600000000, 0x0000000800000000)
  region size 4096K, 99 young (405504K), 6 survivors (24576K)
 Metaspace       used 50417K, committed 51328K, reserved 1114112K
  class space    used 5435K, committed 5824K, reserved 1048576K
}
Event: 10.263 GC heap after
{Heap after GC invocations=29 (full 0):
 garbage-first heap   total 954368K, used 496817K [0x0000000600000000, 0x0000000800000000)
  region size 4096K, 7 young (28672K), 7 survivors (28672K)
 Metaspace       used 50417K, committed 51328K, reserved 1114112K
  class space    used 5435K, committed 5824K, reserved 1048576K
}
Event: 10.476 GC heap before
{Heap before GC invocations=29 (full 0):
 garbage-first heap   total 954368K, used 865457K [0x0000000600000000, 0x0000000800000000)
  region size 4096K, 98 young (401408K), 7 survivors (28672K)
 Metaspace       used 51387K, committed 52352K, reserved 1114112K
  class space    used 5536K, committed 5952K, reserved 1048576K
}
Event: 10.496 GC heap after
{Heap after GC invocations=30 (full 0):
 garbage-first heap   total 1892352K, used 500602K [0x0000000600000000, 0x0000000800000000)
  region size 4096K, 8 young (32768K), 8 survivors (32768K)
 Metaspace       used 51387K, committed 52352K, reserved 1114112K
  class space    used 5536K, committed 5952K, reserved 1048576K
}
Event: 11.281 GC heap before
{Heap before GC invocations=31 (full 0):
 garbage-first heap   total 1679360K, used 1471354K [0x0000000600000000, 0x0000000800000000)
  region size 4096K, 246 young (1007616K), 8 survivors (32768K)
 Metaspace       used 52279K, committed 53248K, reserved 1114112K
  class space    used 5609K, committed 6016K, reserved 1048576K
}
Event: 11.324 GC heap after
{Heap after GC invocations=32 (full 0):
 garbage-first heap   total 1679360K, used 514019K [0x0000000600000000, 0x0000000800000000)
  region size 4096K, 11 young (45056K), 11 survivors (45056K)
 Metaspace       used 52279K, committed 53248K, reserved 1114112K
  class space    used 5609K, committed 6016K, reserved 1048576K
}
Event: 11.888 GC heap before
{Heap before GC invocations=32 (full 0):
 garbage-first heap   total 1679360K, used 1484771K [0x0000000600000000, 0x0000000800000000)
  region size 4096K, 246 young (1007616K), 11 survivors (45056K)
 Metaspace       used 52454K, committed 53440K, reserved 1114112K
  class space    used 5630K, committed 6080K, reserved 1048576K
}
Event: 11.914 GC heap after
{Heap after GC invocations=33 (full 0):
 garbage-first heap   total 1679360K, used 528336K [0x0000000600000000, 0x0000000800000000)
  region size 4096K, 15 young (61440K), 15 survivors (61440K)
 Metaspace       used 52454K, committed 53440K, reserved 1114112K
  class space    used 5630K, committed 6080K, reserved 1048576K
}
Event: 12.376 GC heap before
{Heap before GC invocations=33 (full 0):
 garbage-first heap   total 1679360K, used 1470416K [0x0000000600000000, 0x0000000800000000)
  region size 4096K, 246 young (1007616K), 15 survivors (61440K)
 Metaspace       used 52519K, committed 53568K, reserved 1114112K
  class space    used 5637K, committed 6080K, reserved 1048576K
}
Event: 12.403 GC heap after
{Heap after GC invocations=34 (full 0):
 garbage-first heap   total 1679360K, used 535267K [0x0000000600000000, 0x0000000800000000)
  region size 4096K, 17 young (69632K), 17 survivors (69632K)
 Metaspace       used 52519K, committed 53568K, reserved 1114112K
  class space    used 5637K, committed 6080K, reserved 1048576K
}
Event: 12.906 GC heap before
{Heap before GC invocations=35 (full 0):
 garbage-first heap   total 1679360K, used 1469155K [0x0000000600000000, 0x0000000800000000)
  region size 4096K, 247 young (1011712K), 17 survivors (69632K)
 Metaspace       used 52545K, committed 53568K, reserved 1114112K
  class space    used 5637K, committed 6080K, reserved 1048576K
}
Event: 12.942 GC heap after
{Heap after GC invocations=36 (full 0):
 garbage-first heap   total 1679360K, used 553230K [0x0000000600000000, 0x0000000800000000)
  region size 4096K, 21 young (86016K), 21 survivors (86016K)
 Metaspace       used 52545K, committed 53568K, reserved 1114112K
  class space    used 5637K, committed 6080K, reserved 1048576K
}
Event: 14.313 GC heap before
{Heap before GC invocations=36 (full 0):
 garbage-first heap   total 1679360K, used 1474830K [0x0000000600000000, 0x0000000800000000)
  region size 4096K, 246 young (1007616K), 21 survivors (86016K)
 Metaspace       used 52587K, committed 53632K, reserved 1114112K
  class space    used 5637K, committed 6080K, reserved 1048576K
}
Event: 14.352 GC heap after
{Heap after GC invocations=37 (full 0):
 garbage-first heap   total 1679360K, used 554341K [0x0000000600000000, 0x0000000800000000)
  region size 4096K, 19 young (77824K), 19 survivors (77824K)
 Metaspace       used 52587K, committed 53632K, reserved 1114112K
  class space    used 5637K, committed 6080K, reserved 1048576K
}
Event: 18.189 GC heap before
{Heap before GC invocations=37 (full 0):
 garbage-first heap   total 1679360K, used 1484133K [0x0000000600000000, 0x0000000800000000)
  region size 4096K, 246 young (1007616K), 19 survivors (77824K)
 Metaspace       used 58969K, committed 60096K, reserved 1114112K
  class space    used 6462K, committed 6976K, reserved 1048576K
}
Event: 18.235 GC heap after
{Heap after GC invocations=38 (full 0):
 garbage-first heap   total 1679360K, used 598065K [0x0000000600000000, 0x0000000800000000)
  region size 4096K, 28 young (114688K), 28 survivors (114688K)
 Metaspace       used 58969K, committed 60096K, reserved 1114112K
  class space    used 6462K, committed 6976K, reserved 1048576K
}
Event: 20.453 GC heap before
{Heap before GC invocations=39 (full 0):
 garbage-first heap   total 1679360K, used 1474609K [0x0000000600000000, 0x0000000800000000)
  region size 4096K, 242 young (991232K), 28 survivors (114688K)
 Metaspace       used 59518K, committed 60608K, reserved 1114112K
  class space    used 6536K, committed 7040K, reserved 1048576K
}
Event: 20.530 GC heap after
{Heap after GC invocations=40 (full 0):
 garbage-first heap   total 1679360K, used 674115K [0x0000000600000000, 0x0000000800000000)
  region size 4096K, 31 young (126976K), 31 survivors (126976K)
 Metaspace       used 59518K, committed 60608K, reserved 1114112K
  class space    used 6536K, committed 7040K, reserved 1048576K
}
Event: 23.102 GC heap before
{Heap before GC invocations=40 (full 0):
 garbage-first heap   total 1679360K, used 1476931K [0x0000000600000000, 0x0000000800000000)
  region size 4096K, 224 young (917504K), 31 survivors (126976K)
 Metaspace       used 67981K, committed 69312K, reserved 1114112K
  class space    used 7555K, committed 8128K, reserved 1048576K
}

Dll operation events (15 events):
Event: 0.009 Loaded shared library /run/media/ashy/Shared/.minecraftx/jre/java-runtime-delta/lib/libjava.so
Event: 0.014 Loaded shared library /run/media/ashy/Shared/.minecraftx/jre/java-runtime-delta/lib/libzip.so
Event: 0.081 Loaded shared library /run/media/ashy/Shared/.minecraftx/jre/java-runtime-delta/lib/libjsvml.so
Event: 0.091 Loaded shared library /run/media/ashy/Shared/.minecraftx/jre/java-runtime-delta/lib/libnio.so
Event: 0.180 Loaded shared library /run/media/ashy/Shared/.minecraftx/jre/java-runtime-delta/lib/libzip.so
Event: 0.272 Loaded shared library /run/media/ashy/Shared/.minecraftx/jre/java-runtime-delta/lib/libinstrument.so
Event: 0.423 Loaded shared library /run/media/ashy/Shared/.minecraftx/jre/java-runtime-delta/lib/libnet.so
Event: 0.455 Loaded shared library /run/media/ashy/Shared/.minecraftx/jre/java-runtime-delta/lib/libjimage.so
Event: 0.518 Loaded shared library /run/media/ashy/Shared/.minecraftx/jre/java-runtime-delta/lib/libextnet.so
Event: 0.722 Loaded shared library /run/media/ashy/Shared/.minecraftx/jre/java-runtime-delta/lib/libverify.so
Event: 2.259 Loaded shared library /run/media/ashy/Shared/.minecraftx/jre/java-runtime-delta/lib/libmanagement.so
Event: 2.261 Loaded shared library /run/media/ashy/Shared/.minecraftx/jre/java-runtime-delta/lib/libmanagement_ext.so
Event: 3.187 Loaded shared library /run/media/ashy/Shared/.minecraftx/versions/neoforge-21.1.248/neoforge-21.1.248-natives/liblwjgl.so
Event: 4.226 Loaded shared library /run/media/ashy/Shared/.minecraftx/versions/neoforge-21.1.248/neoforge-21.1.248-natives/liblwjgl_opengl.so
Event: 4.763 Loaded shared library /run/media/ashy/Shared/.minecraftx/versions/neoforge-21.1.248/neoforge-21.1.248-natives/jna2004566963379439125.tmp

Deoptimization events (20 events):
Event: 22.951 Thread 0x00007f8e28031480 DEOPT PACKING pc=0x00007f8e1d131278 sp=0x00007f8e2e47a350
Event: 22.951 Thread 0x00007f8e28031480 DEOPT UNPACKING pc=0x00007f8e1c98e619 sp=0x00007f8e2e47a2a0 mode 2
Event: 22.951 Thread 0x00007f8e28031480 Uncommon trap: trap_request=0xffffff3d fr.pc=0x00007f8e1d00aae4 relative=0x0000000000000064
Event: 22.951 Thread 0x00007f8e28031480 Uncommon trap: reason=unstable_fused_if action=reinterpret pc=0x00007f8e1d00aae4 method=java.lang.CharacterDataLatin1.equalsIgnoreCase(BB)Z @ 16 c2
Event: 22.951 Thread 0x00007f8e28031480 DEOPT PACKING pc=0x00007f8e1d00aae4 sp=0x00007f8e2e47a2f0
Event: 22.951 Thread 0x00007f8e28031480 DEOPT UNPACKING pc=0x00007f8e1c98e619 sp=0x00007f8e2e47a2a0 mode 2
Event: 23.042 Thread 0x00007f8e28031480 Uncommon trap: trap_request=0xffffff45 fr.pc=0x00007f8e1d906228 relative=0x0000000000000108
Event: 23.042 Thread 0x00007f8e28031480 Uncommon trap: reason=unstable_if action=reinterpret pc=0x00007f8e1d906228 method=net.caffeinemc.mods.lithium.common.util.math.CompactSineLUT.lookup(I)F @ 3 c2
Event: 23.042 Thread 0x00007f8e28031480 DEOPT PACKING pc=0x00007f8e1d906228 sp=0x00007f8e2e47ad80
Event: 23.042 Thread 0x00007f8e28031480 DEOPT UNPACKING pc=0x00007f8e1c98e619 sp=0x00007f8e2e47ad20 mode 2
Event: 23.073 Thread 0x00007f8e28031480 Uncommon trap: trap_request=0xfffffff4 fr.pc=0x00007f8e1d0bc2a4 relative=0x0000000000000184
Event: 23.073 Thread 0x00007f8e28031480 Uncommon trap: reason=null_check action=make_not_entrant pc=0x00007f8e1d0bc2a4 method=java.lang.reflect.Array.newInstance(Ljava/lang/Class;I)Ljava/lang/Object; @ 2 c2
Event: 23.073 Thread 0x00007f8e28031480 DEOPT PACKING pc=0x00007f8e1d0bc2a4 sp=0x00007f8e2e47b600
Event: 23.073 Thread 0x00007f8e28031480 DEOPT UNPACKING pc=0x00007f8e1c98e619 sp=0x00007f8e2e47b5b8 mode 2
Event: 23.080 Thread 0x00007f8e28031480 Uncommon trap: trap_request=0xffffffde fr.pc=0x00007f8e1d198f58 relative=0x0000000000000098
Event: 23.080 Thread 0x00007f8e28031480 Uncommon trap: reason=class_check action=maybe_recompile pc=0x00007f8e1d198f58 method=java.lang.invoke.LambdaForm$MH/0x00000008000c2000.invoke(Ljava/lang/Object;Ljava/lang/Object;)Ljava/lang/Object; @ 16 c2
Event: 23.080 Thread 0x00007f8e28031480 DEOPT PACKING pc=0x00007f8e1d198f58 sp=0x00007f8e2e47b510
Event: 23.080 Thread 0x00007f8e28031480 DEOPT UNPACKING pc=0x00007f8e1c98e619 sp=0x00007f8e2e47b4b0 mode 2
Event: 23.086 Thread 0x00007f8e28031480 DEOPT PACKING pc=0x00007f8e15dc8045 sp=0x00007f8e2e47a220
Event: 23.086 Thread 0x00007f8e28031480 DEOPT UNPACKING pc=0x00007f8e1c98f14f sp=0x00007f8e2e479760 mode 0

Classes loaded (20 events):
Event: 22.597 Loading class java/time/format/DateTimeParseContext
Event: 22.598 Loading class java/time/format/DateTimeParseContext done
Event: 22.598 Loading class java/time/format/Parsed
Event: 22.598 Loading class java/time/format/Parsed done
Event: 22.599 Loading class java/time/LocalTime$1
Event: 22.599 Loading class java/time/LocalTime$1 done
Event: 22.849 Loading class java/util/concurrent/Executors$AutoShutdownDelegatedExecutorService
Event: 22.849 Loading class java/util/concurrent/Executors$DelegatedExecutorService
Event: 22.849 Loading class java/util/concurrent/Executors$DelegatedExecutorService done
Event: 22.849 Loading class java/util/concurrent/Executors$AutoShutdownDelegatedExecutorService done
Event: 22.915 Loading class sun/nio/fs/LinuxFileStore
Event: 22.916 Loading class sun/nio/fs/UnixFileStore
Event: 22.916 Loading class sun/nio/fs/UnixFileStore done
Event: 22.916 Loading class sun/nio/fs/LinuxFileStore done
Event: 22.967 Loading class sun/security/provider/MD5
Event: 22.967 Loading class sun/security/provider/MD5 done
Event: 22.968 Loading class java/lang/FdLibm$Asin
Event: 22.968 Loading class java/lang/FdLibm$Asin done
Event: 22.968 Loading class java/lang/FdLibm
Event: 22.968 Loading class java/lang/FdLibm done

Classes unloaded (20 events):
Event: 6.420 Thread 0x00007f8e281275f0 Unloading class 0x0000000800324400 'java/lang/invoke/LambdaForm$DMH+0x0000000800324400'
Event: 6.420 Thread 0x00007f8e281275f0 Unloading class 0x0000000800324000 'java/lang/invoke/LambdaForm$DMH+0x0000000800324000'
Event: 18.364 Thread 0x00007f8e281275f0 Unloading class 0x0000000800398000 'java/lang/invoke/LambdaForm$MH+0x0000000800398000'
Event: 18.364 Thread 0x00007f8e281275f0 Unloading class 0x0000000800397000 'java/lang/invoke/LambdaForm$MH+0x0000000800397000'
Event: 18.364 Thread 0x00007f8e281275f0 Unloading class 0x0000000800397400 'java/lang/invoke/LambdaForm$MH+0x0000000800397400'
Event: 18.364 Thread 0x00007f8e281275f0 Unloading class 0x0000000800396800 'java/lang/invoke/LambdaForm$DMH+0x0000000800396800'
Event: 18.364 Thread 0x00007f8e281275f0 Unloading class 0x0000000800396400 'java/lang/invoke/LambdaForm$MH+0x0000000800396400'
Event: 18.364 Thread 0x00007f8e281275f0 Unloading class 0x0000000800396000 'java/lang/invoke/LambdaForm$MH+0x0000000800396000'
Event: 18.364 Thread 0x00007f8e281275f0 Unloading class 0x0000000800395800 'java/lang/invoke/LambdaForm$MH+0x0000000800395800'
Event: 18.364 Thread 0x00007f8e281275f0 Unloading class 0x0000000800395000 'java/lang/invoke/LambdaForm$MH+0x0000000800395000'
Event: 18.364 Thread 0x00007f8e281275f0 Unloading class 0x0000000800394800 'java/lang/invoke/LambdaForm$MH+0x0000000800394800'
Event: 18.364 Thread 0x00007f8e281275f0 Unloading class 0x0000000800394400 'java/lang/invoke/LambdaForm$MH+0x0000000800394400'
Event: 18.364 Thread 0x00007f8e281275f0 Unloading class 0x0000000800394000 'java/lang/invoke/LambdaForm$MH+0x0000000800394000'
Event: 18.364 Thread 0x00007f8e281275f0 Unloading class 0x0000000800393800 'java/lang/invoke/LambdaForm$MH+0x0000000800393800'
Event: 18.364 Thread 0x00007f8e281275f0 Unloading class 0x0000000800393400 'java/lang/invoke/LambdaForm$MH+0x0000000800393400'
Event: 18.364 Thread 0x00007f8e281275f0 Unloading class 0x0000000800393000 'java/lang/invoke/LambdaForm$MH+0x0000000800393000'
Event: 18.364 Thread 0x00007f8e281275f0 Unloading class 0x0000000800392400 'java/lang/invoke/LambdaForm$MH+0x0000000800392400'
Event: 18.364 Thread 0x00007f8e281275f0 Unloading class 0x0000000800391c00 'java/lang/invoke/LambdaForm$MH+0x0000000800391c00'
Event: 18.364 Thread 0x00007f8e281275f0 Unloading class 0x0000000800391800 'java/lang/invoke/LambdaForm$MH+0x0000000800391800'
Event: 18.364 Thread 0x00007f8e281275f0 Unloading class 0x0000000800390800 'java/lang/invoke/LambdaForm$MH+0x0000000800390800'

Classes redefined (0 events):
No events

Internal exceptions (20 events):
Event: 22.301 Thread 0x00007f8e28031480 Exception <a 'java/lang/NoSuchMethodError'{0x000000063f4a7e90}: 'java.lang.Object java.lang.invoke.DirectMethodHandle$Holder.newInvokeSpecial(java.lang.Object, float, java.lang.Object)'> (0x000000063f4a7e90) 
thrown [src/hotspot/share/interpreter/linkResolver.cpp, line 772]
Event: 22.316 Thread 0x00007f8e28031480 Exception <a 'java/lang/NoSuchMethodError'{0x000000063f5f0958}: 'java.lang.Object java.lang.invoke.DirectMethodHandle$Holder.invokeStaticInit(java.lang.Object, int, int, java.lang.Object, java.lang.Object)'> (0x000000063f5f0958) 
thrown [src/hotspot/share/interpreter/linkResolver.cpp, line 772]
Event: 22.316 Thread 0x00007f8e28031480 Exception <a 'java/lang/NoSuchMethodError'{0x000000063f5f6e10}: 'java.lang.Object java.lang.invoke.DirectMethodHandle$Holder.newInvokeSpecial(java.lang.Object, int, int, java.lang.Object)'> (0x000000063f5f6e10) 
thrown [src/hotspot/share/interpreter/linkResolver.cpp, line 772]
Event: 22.317 Thread 0x00007f8e28031480 Exception <a 'java/lang/NoSuchMethodError'{0x000000063f5fab98}: 'java.lang.Object java.lang.invoke.DirectMethodHandle$Holder.invokeSpecial(java.lang.Object, java.lang.Object, int, int, java.lang.Object)'> (0x000000063f5fab98) 
thrown [src/hotspot/share/interpreter/linkResolver.cpp, line 772]
Event: 22.317 Thread 0x00007f8e28031480 Exception <a 'java/lang/NoSuchMethodError'{0x000000063f609348}: 'java.lang.Object java.lang.invoke.DirectMethodHandle$Holder.invokeStaticInit(java.lang.Object, float, float, java.lang.Object, java.lang.Object)'> (0x000000063f609348) 
thrown [src/hotspot/share/interpreter/linkResolver.cpp, line 772]
Event: 22.324 Thread 0x00007f8e28031480 Implicit null exception at 0x00007f8e1d6a4b88 to 0x00007f8e1d6a4c78
Event: 22.343 Thread 0x00007f8e28031480 Exception <a 'java/lang/NoSuchMethodError'{0x000000063f05a4e0}: 'java.lang.Object java.lang.invoke.DirectMethodHandle$Holder.invokeStatic(java.lang.Object, int, int, java.lang.Object)'> (0x000000063f05a4e0) 
thrown [src/hotspot/share/interpreter/linkResolver.cpp, line 772]
Event: 22.483 Thread 0x00007f8e28031480 Implicit null exception at 0x00007f8e1d773b9c to 0x00007f8e1d773e70
Event: 22.535 Thread 0x00007f8e28031480 Exception <a 'java/lang/NoSuchMethodError'{0x000000063c438298}: 'void java.lang.invoke.DirectMethodHandle$Holder.invokeStatic(java.lang.Object, java.lang.Object, java.lang.Object, java.lang.Object, java.lang.Object, java.lang.Object, java.lang.Object)'> (0x000000063c438298) 
thrown [src/hotspot/share/interpreter/linkResolver.cpp, line 772]
Event: 22.810 Thread 0x00007f8e28031480 Exception <a 'java/lang/NoSuchMethodError'{0x0000000637cebdb8}: 'java.lang.Object java.lang.invoke.DirectMethodHandle$Holder.newInvokeSpecial(java.lang.Object, int, java.lang.Object)'> (0x0000000637cebdb8) 
thrown [src/hotspot/share/interpreter/linkResolver.cpp, line 772]
Event: 22.898 Thread 0x00007f8e28031480 Exception <a 'java/io/IOException'{0x0000000636e86d18}> (0x0000000636e86d18) 
thrown [src/hotspot/share/prims/jni.cpp, line 520]
Event: 22.899 Thread 0x00007f8e28031480 Exception <a 'java/io/IOException'{0x0000000636e87f40}> (0x0000000636e87f40) 
thrown [src/hotspot/share/prims/jni.cpp, line 520]
Event: 22.904 Thread 0x00007f8e28031480 Exception <a 'java/io/IOException'{0x0000000636f0f330}> (0x0000000636f0f330) 
thrown [src/hotspot/share/prims/jni.cpp, line 520]
Event: 22.905 Thread 0x00007f8e28031480 Exception <a 'java/io/IOException'{0x0000000636f105e8}> (0x0000000636f105e8) 
thrown [src/hotspot/share/prims/jni.cpp, line 520]
Event: 22.910 Thread 0x00007f8e28031480 Exception <a 'java/io/IOException'{0x0000000636f4c388}> (0x0000000636f4c388) 
thrown [src/hotspot/share/prims/jni.cpp, line 520]
Event: 22.967 Thread 0x00007f8e28031480 Exception <a 'java/lang/NoSuchMethodError'{0x0000000636287be0}: 'long java.lang.invoke.DirectMethodHandle$Holder.invokeStatic(java.lang.Object, long)'> (0x0000000636287be0) 
thrown [src/hotspot/share/interpreter/linkResolver.cpp, line 772]
Event: 23.062 Thread 0x00007f8e28031480 Exception <a 'java/lang/NoSuchMethodError'{0x00000006362c4128}: 'java.lang.Object java.lang.invoke.DirectMethodHandle$Holder.invokeStaticInit(java.lang.Object, java.lang.Object, java.lang.Object, int, java.lang.Object)'> (0x00000006362c4128) 
thrown [src/hotspot/share/interpreter/linkResolver.cpp, line 772]
Event: 23.073 Thread 0x00007f8e28031480 Implicit null exception at 0x00007f8e1d0bc141 to 0x00007f8e1d0bc294
Event: 23.079 Thread 0x00007f8e28031480 Exception <a 'java/lang/NoSuchMethodError'{0x0000000635c99218}: 'void java.lang.invoke.Invokers$Holder.exactInvoker(java.lang.Object, java.lang.Object, java.lang.Object, java.lang.Object, java.lang.Object)'> (0x0000000635c99218) 
thrown [src/hotspot/share/interpreter/linkResolver.cpp, line 772]
Event: 23.081 Thread 0x00007f8e28031480 Exception <a 'java/lang/NoSuchMethodError'{0x0000000635cb91f0}: 'void java.lang.invoke.Invokers$Holder.invokeExact_MT(java.lang.Object, java.lang.Object, java.lang.Object, java.lang.Object, java.lang.Object)'> (0x0000000635cb91f0) 
thrown [src/hotspot/share/interpreter/linkResolver.cpp, line 772]

ZGC Phase Switch (0 events):
No events

VM Operations (20 events):
Event: 20.530 Executing VM operation: G1CollectForAllocation (G1 Evacuation Pause) done
Event: 20.941 Executing VM operation: HandshakeAllThreads (Deoptimize)
Event: 20.942 Executing VM operation: HandshakeAllThreads (Deoptimize) done
Event: 21.138 Executing VM operation: HandshakeAllThreads (Deoptimize)
Event: 21.138 Executing VM operation: HandshakeAllThreads (Deoptimize) done
Event: 21.141 Executing VM operation: HandshakeAllThreads (Deoptimize)
Event: 21.141 Executing VM operation: HandshakeAllThreads (Deoptimize) done
Event: 21.172 Executing VM operation: HandshakeAllThreads (Deoptimize)
Event: 21.172 Executing VM operation: HandshakeAllThreads (Deoptimize) done
Event: 21.213 Executing VM operation: ICBufferFull
Event: 21.213 Executing VM operation: ICBufferFull done
Event: 21.918 Executing VM operation: ICBufferFull
Event: 21.919 Executing VM operation: ICBufferFull done
Event: 21.942 Executing VM operation: HandshakeAllThreads (Deoptimize)
Event: 21.942 Executing VM operation: HandshakeAllThreads (Deoptimize) done
Event: 22.258 Executing VM operation: ICBufferFull
Event: 22.258 Executing VM operation: ICBufferFull done
Event: 22.351 Executing VM operation: HandshakeAllThreads (Deoptimize)
Event: 22.352 Executing VM operation: HandshakeAllThreads (Deoptimize) done
Event: 23.102 Executing VM operation: G1CollectForAllocation (G1 Evacuation Pause)

Memory protections (20 events):
Event: 1.890 Protecting memory [0x00007f8debdff000,0x00007f8debe03000] with protection modes 0
Event: 1.890 Protecting memory [0x00007f8debcfe000,0x00007f8debd02000] with protection modes 0
Event: 2.526 Protecting memory [0x00007f8deb8fa000,0x00007f8deb8fe000] with protection modes 0
Event: 2.537 Protecting memory [0x00007f8deb7f9000,0x00007f8deb7fd000] with protection modes 0
Event: 4.212 Protecting memory [0x00007f8dfcef8000,0x00007f8dfcefc000] with protection modes 0
Event: 4.233 Protecting memory [0x00007f8dfc620000,0x00007f8dfc624000] with protection modes 0
Event: 4.269 Protecting memory [0x00007f8deb7f9000,0x00007f8deb7fd000] with protection modes 0
Event: 4.300 Protecting memory [0x00007f8deb8fa000,0x00007f8deb8fe000] with protection modes 0
Event: 4.778 Protecting memory [0x00007f8de0900000,0x00007f8de0904000] with protection modes 0
Event: 7.916 Protecting memory [0x00007f8dfc620000,0x00007f8dfc624000] with protection modes 0
Event: 7.945 Protecting memory [0x00007f8deb7f9000,0x00007f8deb7fd000] with protection modes 0
Event: 9.055 Protecting memory [0x00007f8dfc51f000,0x00007f8dfc523000] with protection modes 0
Event: 9.057 Protecting memory [0x00007f8de03fe000,0x00007f8de0402000] with protection modes 0
Event: 9.057 Protecting memory [0x00007f8de02fd000,0x00007f8de0301000] with protection modes 0
Event: 9.057 Protecting memory [0x00007f8de01fc000,0x00007f8de0200000] with protection modes 0
Event: 9.057 Protecting memory [0x00007f8de00fb000,0x00007f8de00ff000] with protection modes 0
Event: 9.057 Protecting memory [0x00007f8ddfffa000,0x00007f8ddfffe000] with protection modes 0
Event: 9.058 Protecting memory [0x00007f8ddfef9000,0x00007f8ddfefd000] with protection modes 0
Event: 14.504 Protecting memory [0x00007f8deb7f9000,0x00007f8deb7fd000] with protection modes 0
Event: 22.083 Protecting memory [0x00007f8dfc51d000,0x00007f8dfc51e000] with protection modes 1

Nmethod flushes (20 events):
Event: 18.371 Thread 0x00007f8e281275f0 flushing  nmethod 0x00007f8e1d139910
Event: 18.371 Thread 0x00007f8e281275f0 flushing  nmethod 0x00007f8e1549bc90
Event: 18.371 Thread 0x00007f8e281275f0 flushing  nmethod 0x00007f8e15555610
Event: 18.371 Thread 0x00007f8e281275f0 flushing  nmethod 0x00007f8e1564d690
Event: 18.371 Thread 0x00007f8e281275f0 flushing  nmethod 0x00007f8e156c7590
Event: 18.371 Thread 0x00007f8e281275f0 flushing  nmethod 0x00007f8e156e7910
Event: 18.371 Thread 0x00007f8e281275f0 flushing  nmethod 0x00007f8e15ccd390
Event: 18.371 Thread 0x00007f8e281275f0 flushing  nmethod 0x00007f8e15febe90
Event: 18.371 Thread 0x00007f8e281275f0 flushing  nmethod 0x00007f8e15fec310
Event: 18.371 Thread 0x00007f8e281275f0 flushing  nmethod 0x00007f8e160acb10
Event: 18.371 Thread 0x00007f8e281275f0 flushing  nmethod 0x00007f8e160ace10
Event: 18.371 Thread 0x00007f8e281275f0 flushing  nmethod 0x00007f8e160ad190
Event: 18.371 Thread 0x00007f8e281275f0 flushing  nmethod 0x00007f8e160ad510
Event: 18.371 Thread 0x00007f8e281275f0 flushing  nmethod 0x00007f8e160ae290
Event: 18.371 Thread 0x00007f8e281275f0 flushing  nmethod 0x00007f8e160ae710
Event: 18.371 Thread 0x00007f8e281275f0 flushing  nmethod 0x00007f8e160af090
Event: 18.371 Thread 0x00007f8e281275f0 flushing  nmethod 0x00007f8e160b0d10
Event: 18.371 Thread 0x00007f8e281275f0 flushing  nmethod 0x00007f8e160b1410
Event: 18.371 Thread 0x00007f8e281275f0 flushing  nmethod 0x00007f8e160b1890
Event: 18.371 Thread 0x00007f8e281275f0 flushing  nmethod 0x00007f8e160b1c10

Events (20 events):
Event: 4.211 Thread 0x00007f8e283dc5a0 Thread exited: 0x00007f8e283dc5a0
Event: 4.212 Thread 0x00007f8e28031480 Thread added: 0x00007f8e2a137260
Event: 4.233 Thread 0x00007f8e281c03a0 Thread added: 0x00007f8e2a30ec10
Event: 4.269 Thread 0x00007f8e281c03a0 Thread added: 0x00007f8e2a390800
Event: 4.300 Thread 0x00007f8e28031480 Thread added: 0x00007f8e2a3fc5e0
Event: 4.778 Thread 0x00007f8e28031480 Thread added: 0x00007f8e2a557430
Event: 6.590 Thread 0x00007f8e2a390800 Thread exited: 0x00007f8e2a390800
Event: 6.766 Thread 0x00007f8e2a30ec10 Thread exited: 0x00007f8e2a30ec10
Event: 7.916 Thread 0x00007f8e281c03a0 Thread added: 0x00007f8e2972ddd0
Event: 7.945 Thread 0x00007f8e281c03a0 Thread added: 0x00007f8e2971d500
Event: 9.055 Thread 0x00007f8e28031480 Thread added: 0x00007f8e28a27b80
Event: 9.057 Thread 0x00007f8e28031480 Thread added: 0x00007f8e2b613c40
Event: 9.057 Thread 0x00007f8e28031480 Thread added: 0x00007f8e2b6151a0
Event: 9.057 Thread 0x00007f8e28031480 Thread added: 0x00007f8e2b6164e0
Event: 9.057 Thread 0x00007f8e28031480 Thread added: 0x00007f8e2b617830
Event: 9.057 Thread 0x00007f8e28031480 Thread added: 0x00007f8e2b618e50
Event: 9.058 Thread 0x00007f8e28031480 Thread added: 0x00007f8e2b61d8c0
Event: 14.495 Thread 0x00007f8e2971d500 Thread exited: 0x00007f8e2971d500
Event: 14.503 Thread 0x00007f8e2972ddd0 Thread added: 0x00007f8e004b90b0
Event: 15.533 Thread 0x00007f8e289416b0 Thread exited: 0x00007f8e289416b0


Dynamic libraries:
40d6f000-40e1e000 rw-p 00000000 00:00 0 
41e62000-41e64000 r-xs 00000000 00:01 65355                              /memfd:/.glXXXXXX (deleted)
600000000-665000000 rw-p 00000000 00:00 0 
665000000-7fe800000 ---p 00000000 00:00 0 
7fe800000-800040000 rw-p 00000000 00:00 0 
800040000-8000c0000 rw-p 00000000 00:00 0 
8000c0000-8000e0000 rw-p 00000000 00:00 0 
8000e0000-800140000 rw-p 00000000 00:00 0 
800140000-800180000 rw-p 00000000 00:00 0 
800180000-800200000 rw-p 00000000 00:00 0 
800200000-800240000 rw-p 00000000 00:00 0 
800240000-8002c0000 rw-p 00000000 00:00 0 
8002c0000-800300000 rw-p 00000000 00:00 0 
800300000-8003c0000 rw-p 00000000 00:00 0 
8003c0000-8003e0000 rw-p 00000000 00:00 0 
8003e0000-800400000 ---p 00000000 00:00 0 
800400000-8004c0000 rw-p 00000000 00:00 0 
8004c0000-800810000 rw-p 00000000 00:00 0 
800810000-840000000 ---p 00000000 00:00 0 
55babee41000-55babee42000 r-xp 00000000 103:07 449553                    /run/media/ashy/Shared/.minecraftx/jre/java-runtime-delta/bin/java
55babee43000-55babee44000 r--p 00001000 103:07 449553                    /run/media/ashy/Shared/.minecraftx/jre/java-runtime-delta/bin/java
55babee44000-55babee45000 rw-p 00002000 103:07 449553                    /run/media/ashy/Shared/.minecraftx/jre/java-runtime-delta/bin/java
55baf52f5000-55baf5934000 rw-p 00000000 00:00 0                          [heap]
7f8dd8000000-7f8dd8753000 rw-p 00000000 00:00 0 
7f8dd8753000-7f8ddc000000 ---p 00000000 00:00 0 
7f8ddfef8000-7f8ddfef9000 rw-p 00000000 00:00 0 
7f8ddfef9000-7f8ddfefd000 ---p 00000000 00:00 0 
7f8ddfefd000-7f8ddfffa000 rw-p 00000000 00:00 0 
7f8ddfffa000-7f8ddfffe000 ---p 00000000 00:00 0 
7f8ddfffe000-7f8de00fb000 rw-p 00000000 00:00 0 
7f8de00fb000-7f8de00ff000 ---p 00000000 00:00 0 
7f8de00ff000-7f8de01fc000 rw-p 00000000 00:00 0 
7f8de01fc000-7f8de0200000 ---p 00000000 00:00 0 
7f8de0200000-7f8de02fd000 rw-p 00000000 00:00 0 
7f8de02fd000-7f8de0301000 ---p 00000000 00:00 0 
7f8de0301000-7f8de03fe000 rw-p 00000000 00:00 0 
7f8de03fe000-7f8de0402000 ---p 00000000 00:00 0 
7f8de0402000-7f8de04fe000 rw-p 00000000 00:00 0 
7f8de04fe000-7f8de08ff000 rw-p 00000000 00:00 0 
7f8de08ff000-7f8de0900000 rw-p 00000000 00:00 0 
7f8de0900000-7f8de0904000 ---p 00000000 00:00 0 
7f8de0904000-7f8de0a00000 rw-p 00000000 00:00 0 
7f8de0a00000-7f8de0a1e000 r-xp 00000000 103:07 101419                    /run/media/ashy/Shared/.minecraftx/versions/neoforge-21.1.248/neoforge-21.1.248-natives/jna2004566963379439125.tmp (deleted)
7f8de0a1e000-7f8de0c1d000 ---p 0001e000 103:07 101419                    /run/media/ashy/Shared/.minecraftx/versions/neoforge-21.1.248/neoforge-21.1.248-natives/jna2004566963379439125.tmp (deleted)
7f8de0c1d000-7f8de0c1e000 rw-p 0001d000 103:07 101419                    /run/media/ashy/Shared/.minecraftx/versions/neoforge-21.1.248/neoforge-21.1.248-natives/jna2004566963379439125.tmp (deleted)
7f8de0c1e000-7f8de0c1f000 rw-p 00000000 00:00 0 
7f8de0c4b000-7f8de0ccb000 rw-s 00000000 00:07 1146                       /dev/nvidiactl
7f8de0ccb000-7f8de0cd0000 r--p 00000000 00:21 16953                      /usr/lib/libudev.so.1.7.14
7f8de0cd0000-7f8de0cfe000 r-xp 00005000 00:21 16953                      /usr/lib/libudev.so.1.7.14
7f8de0cfe000-7f8de0d15000 r--p 00033000 00:21 16953                      /usr/lib/libudev.so.1.7.14
7f8de0d15000-7f8de0d1a000 r--p 0004a000 00:21 16953                      /usr/lib/libudev.so.1.7.14
7f8de0d1a000-7f8de0d1b000 rw-p 0004f000 00:21 16953                      /usr/lib/libudev.so.1.7.14
7f8de0d1b000-7f8de147f000 rw-s 00000000 00:07 1146                       /dev/nvidiactl
7f8de147f000-7f8de167f000 rw-s 00000000 00:07 1146                       /dev/nvidiactl
7f8de167f000-7f8de177f000 rw-s 00000000 00:07 1146                       /dev/nvidiactl
7f8de177f000-7f8de17bf000 rw-s 00000000 00:07 1146                       /dev/nvidiactl
7f8de17bf000-7f8de17ff000 rw-s 00000000 00:07 1146                       /dev/nvidiactl
7f8de17ff000-7f8de2000000 rw-p 00000000 00:00 0 
7f8de2000000-7f8de2400000 rw-p 00000000 00:00 0 
7f8de240e000-7f8de2415000 r--s 00000000 00:21 139723                     /usr/lib/gconv/gconv-modules.cache
7f8de2415000-7f8de2b79000 rw-s 00000000 00:07 1146                       /dev/nvidiactl
7f8de2b79000-7f8de32dd000 rw-s 00000000 00:07 1146                       /dev/nvidiactl
7f8de32dd000-7f8de33dd000 rw-s 00000000 00:07 1146                       /dev/nvidiactl
7f8de33dd000-7f8de345d000 rw-s 00000000 00:07 1146                       /dev/nvidiactl
7f8de345d000-7f8de3470000 rw-s 00000000 00:07 1146                       /dev/nvidiactl
7f8de3470000-7f8de34b0000 rw-s 00000000 00:07 1146                       /dev/nvidiactl
7f8de34b0000-7f8de34d0000 rw-s 00000000 00:07 1146                       /dev/nvidiactl
7f8de34d0000-7f8de3510000 rw-s 00000000 00:07 1146                       /dev/nvidiactl
7f8de3510000-7f8de3530000 rw-s 00000000 00:07 1146                       /dev/nvidiactl
7f8de3530000-7f8de3570000 rw-s 00000000 00:07 1146                       /dev/nvidiactl
7f8de3573000-7f8de3574000 rw-p 00000000 00:00 0 
7f8de3574000-7f8de3575000 rw-p 00000000 00:00 0 
7f8de3575000-7f8de3579000 rw-s 00000000 00:07 1146                       /dev/nvidiactl
7f8de3579000-7f8de358c000 rw-s 00000000 00:07 1146                       /dev/nvidiactl
7f8de358c000-7f8de35ac000 rw-s 00000000 00:07 1146                       /dev/nvidiactl
7f8de35ac000-7f8de35cc000 rw-s 00000000 00:07 1146                       /dev/nvidiactl
7f8de35cc000-7f8de360c000 rw-s 00000000 00:07 1146                       /dev/nvidiactl
7f8de360c000-7f8de362c000 rw-s 00000000 00:07 1146                       /dev/nvidiactl
7f8de362c000-7f8de365f000 r--p 00000000 103:07 456406                    /run/media/ashy/Shared/.minecraftx/versions/neoforge-21.1.248/neoforge-21.1.248-natives/liblwjgl_opengl.so
7f8de365f000-7f8de3673000 r-xp 00033000 103:07 456406                    /run/media/ashy/Shared/.minecraftx/versions/neoforge-21.1.248/neoforge-21.1.248-natives/liblwjgl_opengl.so
7f8de3673000-7f8de3683000 r--p 00047000 103:07 456406                    /run/media/ashy/Shared/.minecraftx/versions/neoforge-21.1.248/neoforge-21.1.248-natives/liblwjgl_opengl.so
7f8de3683000-7f8de3684000 r--p 00056000 103:07 456406                    /run/media/ashy/Shared/.minecraftx/versions/neoforge-21.1.248/neoforge-21.1.248-natives/liblwjgl_opengl.so
7f8de3684000-7f8de3685000 rw-p 00057000 103:07 456406                    /run/media/ashy/Shared/.minecraftx/versions/neoforge-21.1.248/neoforge-21.1.248-natives/liblwjgl_opengl.so
7f8de3685000-7f8de3785000 rw-s 00000000 00:07 1146                       /dev/nvidiactl
7f8de3785000-7f8de3798000 rw-s 00000000 00:07 1146                       /dev/nvidiactl
7f8de3798000-7f8de37d8000 rw-s 00000000 00:07 1146                       /dev/nvidiactl
7f8de37d8000-7f8de37f8000 rw-s 00000000 00:07 1146                       /dev/nvidiactl
7f8de37f8000-7f8de3838000 rw-s 00000000 00:07 1146                       /dev/nvidiactl
7f8de3838000-7f8de3858000 rw-s 00000000 00:07 1146                       /dev/nvidiactl
7f8de3858000-7f8de3898000 rw-s 00000000 00:07 1146                       /dev/nvidiactl
7f8de38b8000-7f8de38cd000 r--p 00000000 00:21 16950                      /usr/lib/libsystemd.so.0.44.0
7f8de38cd000-7f8de39a6000 r-xp 00015000 00:21 16950                      /usr/lib/libsystemd.so.0.44.0
7f8de39a6000-7f8de39f5000 r--p 000ee000 00:21 16950                      /usr/lib/libsystemd.so.0.44.0
7f8de39f5000-7f8de39fe000 r--p 0013c000 00:21 16950                      /usr/lib/libsystemd.so.0.44.0
7f8de39fe000-7f8de39ff000 rw-p 00145000 00:21 16950                      /usr/lib/libsystemd.so.0.44.0
7f8de39ff000-7f8de3a00000 rw-p 00000000 00:00 0 
7f8de3a00000-7f8de3cab000 r--p 00000000 00:21 143551                     /usr/lib/libnvidia-gpucomp.so.580.173.02
7f8de3cab000-7f8de6d99000 r-xp 002ab000 00:21 143551                     /usr/lib/libnvidia-gpucomp.so.580.173.02
7f8de6d99000-7f8de7c09000 r--p 03399000 00:21 143551                     /usr/lib/libnvidia-gpucomp.so.580.173.02
7f8de7c09000-7f8de7c0a000 ---p 04209000 00:21 143551                     /usr/lib/libnvidia-gpucomp.so.580.173.02
7f8de7c0a000-7f8de7de1000 r--p 04209000 00:21 143551                     /usr/lib/libnvidia-gpucomp.so.580.173.02
7f8de7de1000-7f8de7eec000 rw-p 043e0000 00:21 143551                     /usr/lib/libnvidia-gpucomp.so.580.173.02
7f8de7eec000-7f8de7f8c000 rw-p 00000000 00:00 0 
7f8de7f8c000-7f8de7f8d000 rw-s 00000000 00:07 1148                       /dev/nvidia0
7f8de7f8d000-7f8de7f8f000 rw-s 00000000 00:07 1146                       /dev/nvidiactl
7f8de7f8f000-7f8de7f90000 rw-s 00000000 00:07 1148                       /dev/nvidia0
7f8de7f90000-7f8de7f91000 rw-s 00000000 00:07 1148                       /dev/nvidia0
7f8de7f91000-7f8de7f92000 rw-s 00000000 00:07 1148                       /dev/nvidia0
7f8de7f92000-7f8de7f93000 rw-s 00000000 00:07 1146                       /dev/nvidiactl
7f8de7f93000-7f8de7f94000 rw-s 00000000 00:07 1146                       /dev/nvidiactl
7f8de7f94000-7f8de7f98000 rw-s 00000000 00:07 1146                       /dev/nvidiactl
7f8de7f98000-7f8de7f99000 rw-s 00000000 00:07 1148                       /dev/nvidia0
7f8de7f99000-7f8de7f9b000 rw-s 00000000 00:07 1146                       /dev/nvidiactl
7f8de7fbb000-7f8de7fbf000 r--p 00000000 00:21 143530                     /usr/lib/libnvidia-allocator.so.580.173.02
7f8de7fbf000-7f8de7fd8000 r-xp 00004000 00:21 143530                     /usr/lib/libnvidia-allocator.so.580.173.02
7f8de7fd8000-7f8de7fe3000 r--p 0001d000 00:21 143530                     /usr/lib/libnvidia-allocator.so.580.173.02
7f8de7fe3000-7f8de7fe4000 r--p 00027000 00:21 143530                     /usr/lib/libnvidia-allocator.so.580.173.02
7f8de7fe4000-7f8de7fe5000 rw-p 00028000 00:21 143530                     /usr/lib/libnvidia-allocator.so.580.173.02
7f8de7fe5000-7f8de7fe7000 rw-p 00000000 00:00 0 
7f8de7fe7000-7f8de7fec000 r--p 00000000 00:21 63249                      /usr/lib/libdrm.so.2.134.0
7f8de7fec000-7f8de7ffa000 r-xp 00005000 00:21 63249                      /usr/lib/libdrm.so.2.134.0
7f8de7ffa000-7f8de7ffe000 r--p 00013000 00:21 63249                      /usr/lib/libdrm.so.2.134.0
7f8de7ffe000-7f8de7fff000 r--p 00017000 00:21 63249                      /usr/lib/libdrm.so.2.134.0
7f8de7fff000-7f8de8000000 rw-p 00018000 00:21 63249                      /usr/lib/libdrm.so.2.134.0
7f8de8000000-7f8de8259000 r-xp 00000000 00:21 143545                     /usr/lib/libnvidia-glcore.so.580.173.02
7f8de8259000-7f8de827a000 rwxp 00259000 00:21 143545                     /usr/lib/libnvidia-glcore.so.580.173.02
7f8de827a000-7f8de8400000 r-xp 0027a000 00:21 143545                     /usr/lib/libnvidia-glcore.so.580.173.02
7f8de8400000-7f8de9000000 r-xp 00400000 00:21 143545                     /usr/lib/libnvidia-glcore.so.580.173.02
7f8de9000000-7f8dea17b000 r-xp 01000000 00:21 143545                     /usr/lib/libnvidia-glcore.so.580.173.02
7f8dea17b000-7f8dea2f6000 r--p 0217a000 00:21 143545                     /usr/lib/libnvidia-glcore.so.580.173.02
7f8dea2f6000-7f8dea359000 rw-p 022f5000 00:21 143545                     /usr/lib/libnvidia-glcore.so.580.173.02
7f8dea359000-7f8dea379000 rw-p 00000000 00:00 0 
7f8dea379000-7f8dea37a000 rw-s 00000000 00:07 1148                       /dev/nvidia0
7f8dea37a000-7f8dea37b000 rw-s 00000000 00:07 1148                       /dev/nvidia0
7f8dea37b000-7f8dea37c000 rw-s 00000000 00:07 1148                       /dev/nvidia0
7f8dea37c000-7f8dea37d000 rw-s 00000000 00:07 1146                       /dev/nvidiactl
7f8dea37d000-7f8dea380000 rw-s 00000000 00:07 1146                       /dev/nvidiactl
7f8dea380000-7f8dea382000 rw-s 00000000 00:01 65355                      /memfd:/.glXXXXXX (deleted)
7f8dea382000-7f8dea383000 rw-s 00000000 00:07 1146                       /dev/nvidiactl
7f8dea383000-7f8dea387000 rw-s 00000000 00:07 1146                       /dev/nvidiactl
7f8dea387000-7f8dea388000 rw-s 00000000 00:07 1148                       /dev/nvidia0
7f8dea388000-7f8dea38a000 rw-s 00000000 00:07 1146                       /dev/nvidiactl
7f8dea38a000-7f8dea398000 r--p 00000000 00:21 26897                      /usr/lib/libdbus-1.so.3.38.3
7f8dea398000-7f8dea3cf000 r-xp 0000e000 00:21 26897                      /usr/lib/libdbus-1.so.3.38.3
7f8dea3cf000-7f8dea3e1000 r--p 00045000 00:21 26897                      /usr/lib/libdbus-1.so.3.38.3
7f8dea3e1000-7f8dea3e3000 r--p 00056000 00:21 26897                      /usr/lib/libdbus-1.so.3.38.3
7f8dea3e3000-7f8dea3e4000 rw-p 00058000 00:21 26897                      /usr/lib/libdbus-1.so.3.38.3
7f8dea3e4000-7f8dea3e7000 r--p 00000000 00:21 59406                      /usr/lib/libxcb-xfixes.so.0.0.0
7f8dea3e7000-7f8dea3ea000 r-xp 00003000 00:21 59406                      /usr/lib/libxcb-xfixes.so.0.0.0
7f8dea3ea000-7f8dea3eb000 r--p 00006000 00:21 59406                      /usr/lib/libxcb-xfixes.so.0.0.0
7f8dea3eb000-7f8dea3ec000 r--p 00007000 00:21 59406                      /usr/lib/libxcb-xfixes.so.0.0.0
7f8dea3ec000-7f8dea3ed000 rw-p 00008000 00:21 59406                      /usr/lib/libxcb-xfixes.so.0.0.0
7f8dea3ed000-7f8dea3f0000 r--p 00000000 00:21 59400                      /usr/lib/libxcb-sync.so.1.0.0
7f8dea3f0000-7f8dea3f3000 r-xp 00003000 00:21 59400                      /usr/lib/libxcb-sync.so.1.0.0
7f8dea3f3000-7f8dea3f4000 r--p 00006000 00:21 59400                      /usr/lib/libxcb-sync.so.1.0.0
7f8dea3f4000-7f8dea3f5000 r--p 00007000 00:21 59400                      /usr/lib/libxcb-sync.so.1.0.0
7f8dea3f5000-7f8dea3f6000 rw-p 00008000 00:21 59400                      /usr/lib/libxcb-sync.so.1.0.0
7f8dea3f6000-7f8dea3fd000 r--p 00000000 00:21 59379                      /usr/lib/libxcb-randr.so.0.1.0
7f8dea3fd000-7f8dea403000 r-xp 00007000 00:21 59379                      /usr/lib/libxcb-randr.so.0.1.0
7f8dea403000-7f8dea406000 r--p 0000d000 00:21 59379                      /usr/lib/libxcb-randr.so.0.1.0
7f8dea406000-7f8dea407000 r--p 00010000 00:21 59379                      /usr/lib/libxcb-randr.so.0.1.0
7f8dea407000-7f8dea408000 rw-p 00011000 00:21 59379                      /usr/lib/libxcb-randr.so.0.1.0
7f8dea408000-7f8dea414000 r--p 00000000 00:21 59373                      /usr/lib/libxcb-glx.so.0.0.0
7f8dea414000-7f8dea41d000 r-xp 0000c000 00:21 59373                      /usr/lib/libxcb-glx.so.0.0.0
7f8dea41d000-7f8dea422000 r--p 00015000 00:21 59373                      /usr/lib/libxcb-glx.so.0.0.0
7f8dea422000-7f8dea424000 r--p 0001a000 00:21 59373                      /usr/lib/libxcb-glx.so.0.0.0
7f8dea424000-7f8dea425000 rw-p 0001c000 00:21 59373                      /usr/lib/libxcb-glx.so.0.0.0
7f8dea425000-7f8dea435000 r--p 00000000 00:21 143547                     /usr/lib/libnvidia-glsi.so.580.173.02
7f8dea435000-7f8dea495000 r-xp 00010000 00:21 143547                     /usr/lib/libnvidia-glsi.so.580.173.02
7f8dea495000-7f8dea4b2000 r--p 00070000 00:21 143547                     /usr/lib/libnvidia-glsi.so.580.173.02
7f8dea4b2000-7f8dea4b8000 r--p 0008c000 00:21 143547                     /usr/lib/libnvidia-glsi.so.580.173.02
7f8dea4b8000-7f8dea4b9000 rw-p 00092000 00:21 143547                     /usr/lib/libnvidia-glsi.so.580.173.02
7f8dea4b9000-7f8dea4c1000 rw-p 00000000 00:00 0 
7f8dea4c1000-7f8dea512000 r--p 00000000 00:21 143518                     /usr/lib/libGLX_nvidia.so.580.173.02
7f8dea512000-7f8dea56f000 r-xp 00051000 00:21 143518                     /usr/lib/libGLX_nvidia.so.580.173.02
7f8dea56f000-7f8dea5a4000 rwxp 000ae000 00:21 143518                     /usr/lib/libGLX_nvidia.so.580.173.02
7f8dea5a4000-7f8dea5a5000 r-xp 000e3000 00:21 143518                     /usr/lib/libGLX_nvidia.so.580.173.02
7f8dea5a5000-7f8dea5c5000 r--p 000e4000 00:21 143518                     /usr/lib/libGLX_nvidia.so.580.173.02
7f8dea5c5000-7f8dea5e5000 r--p 00103000 00:21 143518                     /usr/lib/libGLX_nvidia.so.580.173.02
7f8dea5e5000-7f8dea5ea000 rw-p 00123000 00:21 143518                     /usr/lib/libGLX_nvidia.so.580.173.02
7f8dea5ea000-7f8dea5ec000 rw-p 00000000 00:00 0 
7f8dea5ec000-7f8dea5ee000 r--p 00000000 00:21 131477                     /usr/lib/libGLdispatch.so.0.0.0
7f8dea5ee000-7f8dea5f1000 r-xp 00002000 00:21 131477                     /usr/lib/libGLdispatch.so.0.0.0
7f8dea5f1000-7f8dea62c000 r-xp 00005000 00:21 131477                     /usr/lib/libGLdispatch.so.0.0.0
7f8dea62c000-7f8dea62d000 r-xp 00040000 00:21 131477                     /usr/lib/libGLdispatch.so.0.0.0
7f8dea62d000-7f8dea640000 r--p 00041000 00:21 131477                     /usr/lib/libGLdispatch.so.0.0.0
7f8dea640000-7f8dea65c000 r--p 00054000 00:21 131477                     /usr/lib/libGLdispatch.so.0.0.0
7f8dea65c000-7f8dea65d000 rw-p 00070000 00:21 131477                     /usr/lib/libGLdispatch.so.0.0.0
7f8dea65d000-7f8dea665000 rw-p 00000000 00:00 0 
7f8dea665000-7f8dea667000 r--p 00000000 00:21 131474                     /usr/lib/libGLX.so.0.0.0
7f8dea667000-7f8dea682000 r-xp 00002000 00:21 131474                     /usr/lib/libGLX.so.0.0.0
7f8dea682000-7f8dea685000 r--p 0001d000 00:21 131474                     /usr/lib/libGLX.so.0.0.0
7f8dea685000-7f8dea686000 r--p 00020000 00:21 131474                     /usr/lib/libGLX.so.0.0.0
7f8dea686000-7f8dea687000 rw-p 00021000 00:21 131474                     /usr/lib/libGLX.so.0.0.0
7f8dea687000-7f8dea697000 rw-p 00000000 00:00 0 
7f8dea697000-7f8dea6ae000 r--p 00000000 00:21 61792                      /usr/lib/libX11.so.6.4.0
7f8dea6ae000-7f8dea764000 r-xp 00017000 00:21 61792                      /usr/lib/libX11.so.6.4.0
7f8dea764000-7f8dea7f9000 r--p 000cd000 00:21 61792                      /usr/lib/libX11.so.6.4.0
7f8dea7f9000-7f8dea7fc000 r--p 00162000 00:21 61792                      /usr/lib/libX11.so.6.4.0
7f8dea7fc000-7f8dea7ff000 rw-p 00165000 00:21 61792                      /usr/lib/libX11.so.6.4.0
7f8dea7ff000-7f8dea800000 rw-p 00000000 00:00 0 
7f8dea800000-7f8deb000000 rw-p 00000000 00:00 0 
7f8deb000000-7f8deb004000 rw-s 00000000 00:07 1146                       /dev/nvidiactl
7f8deb004000-7f8deb005000 r--p 00000000 00:21 59376                      /usr/lib/libxcb-present.so.0.0.0
7f8deb005000-7f8deb006000 r-xp 00001000 00:21 59376                      /usr/lib/libxcb-present.so.0.0.0
7f8deb006000-7f8deb007000 r--p 00002000 00:21 59376                      /usr/lib/libxcb-present.so.0.0.0
7f8deb007000-7f8deb008000 r--p 00002000 00:21 59376                      /usr/lib/libxcb-present.so.0.0.0
7f8deb008000-7f8deb009000 rw-p 00003000 00:21 59376                      /usr/lib/libxcb-present.so.0.0.0
7f8deb009000-7f8deb00b000 r--p 00000000 00:21 59370                      /usr/lib/libxcb-dri3.so.0.1.0
7f8deb00b000-7f8deb00d000 r-xp 00002000 00:21 59370                      /usr/lib/libxcb-dri3.so.0.1.0
7f8deb00d000-7f8deb00e000 r--p 00004000 00:21 59370                      /usr/lib/libxcb-dri3.so.0.1.0
7f8deb00e000-7f8deb00f000 r--p 00004000 00:21 59370                      /usr/lib/libxcb-dri3.so.0.1.0
7f8deb00f000-7f8deb010000 rw-p 00005000 00:21 59370                      /usr/lib/libxcb-dri3.so.0.1.0
7f8deb010000-7f8deb012000 r--p 00000000 00:21 147988                     /usr/lib/libXfixes.so.3.1.0
7f8deb012000-7f8deb015000 r-xp 00002000 00:21 147988                     /usr/lib/libXfixes.so.3.1.0
7f8deb015000-7f8deb016000 r--p 00005000 00:21 147988                     /usr/lib/libXfixes.so.3.1.0
7f8deb016000-7f8deb017000 r--p 00006000 00:21 147988                     /usr/lib/libXfixes.so.3.1.0
7f8deb017000-7f8deb018000 rw-p 00007000 00:21 147988                     /usr/lib/libXfixes.so.3.1.0
7f8deb018000-7f8deb01b000 r--p 00000000 00:21 148001                     /usr/lib/libXi.so.6.1.0
7f8deb01b000-7f8deb02a000 r-xp 00003000 00:21 148001                     /usr/lib/libXi.so.6.1.0
7f8deb02a000-7f8deb02d000 r--p 00012000 00:21 148001                     /usr/lib/libXi.so.6.1.0
7f8deb02d000-7f8deb02e000 r--p 00014000 00:21 148001                     /usr/lib/libXi.so.6.1.0
7f8deb02e000-7f8deb02f000 rw-p 00015000 00:21 148001                     /usr/lib/libXi.so.6.1.0
7f8deb02f000-7f8deb037000 r--p 00000000 103:07 456404                    /run/media/ashy/Shared/.minecraftx/versions/neoforge-21.1.248/neoforge-21.1.248-natives/libjemalloc.so
7f8deb037000-7f8deb08c000 r-xp 00008000 103:07 456404                    /run/media/ashy/Shared/.minecraftx/versions/neoforge-21.1.248/neoforge-21.1.248-natives/libjemalloc.so
7f8deb08c000-7f8deb09c000 r--p 0005d000 103:07 456404                    /run/media/ashy/Shared/.minecraftx/versions/neoforge-21.1.248/neoforge-21.1.248-natives/libjemalloc.so
7f8deb09c000-7f8deb09d000 ---p 0006d000 103:07 456404                    /run/media/ashy/Shared/.minecraftx/versions/neoforge-21.1.248/neoforge-21.1.248-natives/libjemalloc.so
7f8deb09d000-7f8deb0a3000 r--p 0006d000 103:07 456404                    /run/media/ashy/Shared/.minecraftx/versions/neoforge-21.1.248/neoforge-21.1.248-natives/libjemalloc.so
7f8deb0a3000-7f8deb0a4000 rw-p 00073000 103:07 456404                    /run/media/ashy/Shared/.minecraftx/versions/neoforge-21.1.248/neoforge-21.1.248-natives/libjemalloc.so
7f8deb0a4000-7f8deb7f8000 rw-p 00000000 00:00 0 
7f8deb7f8000-7f8deb7f9000 rw-p 00000000 00:00 0 
7f8deb7f9000-7f8deb7fd000 ---p 00000000 00:00 0 
7f8deb7fd000-7f8deb8fa000 rw-p 00000000 00:00 0 
7f8deb8fa000-7f8deb8fe000 ---p 00000000 00:00 0 
7f8deb8fe000-7f8debcfe000 rw-p 00000000 00:00 0 
7f8debcfe000-7f8debd02000 ---p 00000000 00:00 0 
7f8debd02000-7f8debdff000 rw-p 00000000 00:00 0 
7f8debdff000-7f8debe03000 ---p 00000000 00:00 0 
7f8debe03000-7f8debf00000 rw-p 00000000 00:00 0 
7f8debf00000-7f8debf04000 ---p 00000000 00:00 0 
7f8debf04000-7f8dec000000 rw-p 00000000 00:00 0 
7f8dec000000-7f8dec500000 rw-p 00000000 00:00 0 
7f8dec500000-7f8dec520000 rw-p 00000000 00:00 0 
7f8dec520000-7f8dec540000 rw-p 00000000 00:00 0 
7f8dec540000-7f8dec580000 rw-p 00000000 00:00 0 
7f8dec580000-7f8dec700000 rw-p 00000000 00:00 0 
7f8dec700000-7f8dec720000 rw-p 00000000 00:00 0 
7f8dec720000-7f8dec740000 rw-p 00000000 00:00 0 
7f8dec740000-7f8dec780000 rw-p 00000000 00:00 0 
7f8dec780000-7f8deca00000 rw-p 00000000 00:00 0 
7f8deca00000-7f8decb00000 rw-p 00000000 00:00 0 
7f8decb00000-7f8decd00000 rw-p 00000000 00:00 0 
7f8decd00000-7f8decf00000 rw-p 00000000 00:00 0 
7f8decf00000-7f8ded000000 rw-p 00000000 00:00 0 
7f8ded000000-7f8ded100000 rw-p 00000000 00:00 0 
7f8ded100000-7f8ded200000 rw-p 00000000 00:00 0 
7f8ded200000-7f8ded280000 rw-p 00000000 00:00 0 
7f8ded280000-7f8ded300000 rw-p 00000000 00:00 0 
7f8ded300000-7f8ded440000 rw-p 00000000 00:00 0 
7f8ded440000-7f8ded480000 rw-p 00000000 00:00 0 
7f8ded480000-7f8ded500000 rw-p 00000000 00:00 0 
7f8ded500000-7f8ded700000 rw-p 00000000 00:00 0 
7f8ded700000-7f8ded800000 rw-p 00000000 00:00 0 
7f8ded800000-7f8ded900000 rw-p 00000000 00:00 0 
7f8ded900000-7f8deda00000 rw-p 00000000 00:00 0 
7f8deda00000-7f8deddc0000 rw-p 00000000 00:00 0 
7f8deddc0000-7f8dedde0000 rw-p 00000000 00:00 0 
7f8dedde0000-7f8dede40000 rw-p 00000000 00:00 0 
7f8dede40000-7f8dede60000 rw-p 00000000 00:00 0 
7f8dede60000-7f8dedf40000 rw-p 00000000 00:00 0 
7f8dedf40000-7f8dedf60000 rw-p 00000000 00:00 0 
7f8dedf60000-7f8dee300000 rw-p 00000000 00:00 0 
7f8dee300000-7f8dee400000 rw-p 00000000 00:00 0 
7f8dee400000-7f8dee500000 rw-p 00000000 00:00 0 
7f8dee500000-7f8dee600000 rw-p 00000000 00:00 0 
7f8dee600000-7f8dee700000 rw-p 00000000 00:00 0 
7f8dee700000-7f8dee800000 rw-p 00000000 00:00 0 
7f8dee800000-7f8deebc0000 rw-p 00000000 00:00 0 
7f8deebc0000-7f8deec00000 rw-p 00000000 00:00 0 
7f8deec00000-7f8deef00000 rw-p 00000000 00:00 0 
7f8deef00000-7f8deefb0000 rw-p 00000000 00:00 0 
7f8deefb0000-7f8def000000 ---p 00000000 00:00 0 
7f8def000000-7f8defc10000 rw-p 00000000 00:00 0 
7f8defc10000-7f8df0000000 ---p 00000000 00:00 0 
7f8df0000000-7f8df0f4f000 rw-p 00000000 00:00 0 
7f8df0f4f000-7f8df4000000 ---p 00000000 00:00 0 
7f8df4000000-7f8df5037000 rw-p 00000000 00:00 0 
7f8df5037000-7f8df8000000 ---p 00000000 00:00 0 
7f8df8000000-7f8df81f7000 rw-p 00000000 00:00 0 
7f8df81f7000-7f8dfc000000 ---p 00000000 00:00 0 
7f8dfc000000-7f8dfc001000 r--p 00000000 00:21 143581                     /usr/lib/libnvidia-tls.so.580.173.02
7f8dfc001000-7f8dfc003000 r-xp 00001000 00:21 143581                     /usr/lib/libnvidia-tls.so.580.173.02
7f8dfc003000-7f8dfc004000 r--p 00003000 00:21 143581                     /usr/lib/libnvidia-tls.so.580.173.02
7f8dfc004000-7f8dfc005000 r--p 00003000 00:21 143581                     /usr/lib/libnvidia-tls.so.580.173.02
7f8dfc005000-7f8dfc006000 rw-p 00004000 00:21 143581                     /usr/lib/libnvidia-tls.so.580.173.02
7f8dfc006000-7f8dfc009000 r--p 00000000 00:21 149779                     /usr/lib/libXcursor.so.1.0.2
7f8dfc009000-7f8dfc010000 r-xp 00003000 00:21 149779                     /usr/lib/libXcursor.so.1.0.2
7f8dfc010000-7f8dfc012000 r--p 0000a000 00:21 149779                     /usr/lib/libXcursor.so.1.0.2
7f8dfc012000-7f8dfc013000 r--p 0000c000 00:21 149779                     /usr/lib/libXcursor.so.1.0.2
7f8dfc013000-7f8dfc014000 rw-p 0000d000 00:21 149779                     /usr/lib/libXcursor.so.1.0.2
7f8dfc014000-7f8dfc018000 r--p 00000000 00:21 63035                      /usr/lib/libXext.so.6.4.0
7f8dfc018000-7f8dfc028000 r-xp 00004000 00:21 63035                      /usr/lib/libXext.so.6.4.0
7f8dfc028000-7f8dfc02c000 r--p 00014000 00:21 63035                      /usr/lib/libXext.so.6.4.0
7f8dfc02c000-7f8dfc02d000 r--p 00017000 00:21 63035                      /usr/lib/libXext.so.6.4.0
7f8dfc02d000-7f8dfc02e000 rw-p 00018000 00:21 63035                      /usr/lib/libXext.so.6.4.0
7f8dfc02e000-7f8dfc03c000 r--p 00000000 103:07 456405                    /run/media/ashy/Shared/.minecraftx/versions/neoforge-21.1.248/neoforge-21.1.248-natives/libglfw.so
7f8dfc03c000-7f8dfc05b000 r-xp 0000e000 103:07 456405                    /run/media/ashy/Shared/.minecraftx/versions/neoforge-21.1.248/neoforge-21.1.248-natives/libglfw.so
7f8dfc05b000-7f8dfc08e000 r--p 0002d000 103:07 456405                    /run/media/ashy/Shared/.minecraftx/versions/neoforge-21.1.248/neoforge-21.1.248-natives/libglfw.so
7f8dfc08e000-7f8dfc08f000 ---p 00060000 103:07 456405                    /run/media/ashy/Shared/.minecraftx/versions/neoforge-21.1.248/neoforge-21.1.248-natives/libglfw.so
7f8dfc08f000-7f8dfc092000 r--p 00060000 103:07 456405                    /run/media/ashy/Shared/.minecraftx/versions/neoforge-21.1.248/neoforge-21.1.248-natives/libglfw.so
7f8dfc092000-7f8dfc095000 rw-p 00063000 103:07 456405                    /run/media/ashy/Shared/.minecraftx/versions/neoforge-21.1.248/neoforge-21.1.248-natives/libglfw.so
7f8dfc095000-7f8dfc0b8000 rw-p 00000000 00:00 0 
7f8dfc0b8000-7f8dfc0b9000 rw-p 00000000 00:00 0 
7f8dfc0b9000-7f8dfc0bd000 ---p 00000000 00:00 0 
7f8dfc0bd000-7f8dfc1ba000 rw-p 00000000 00:00 0 
7f8dfc1ba000-7f8dfc1be000 ---p 00000000 00:00 0 
7f8dfc1be000-7f8dfc2bb000 rw-p 00000000 00:00 0 
7f8dfc2bb000-7f8dfc2bf000 ---p 00000000 00:00 0 
7f8dfc2bf000-7f8dfc3bc000 rw-p 00000000 00:00 0 
7f8dfc3bc000-7f8dfc3c0000 ---p 00000000 00:00 0 
7f8dfc3c0000-7f8dfc4bc000 rw-p 00000000 00:00 0 
7f8dfc51d000-7f8dfc51e000 r--p 00000000 00:00 0 
7f8dfc51e000-7f8dfc51f000 rw-p 00000000 00:00 0 
7f8dfc51f000-7f8dfc523000 ---p 00000000 00:00 0 
7f8dfc523000-7f8dfc620000 rw-p 00000000 00:00 0 
7f8dfc620000-7f8dfc624000 ---p 00000000 00:00 0 
7f8dfc624000-7f8dfc720000 rw-p 00000000 00:00 0 
7f8dfc720000-7f8dfc721000 rw-s 00000000 00:07 1148                       /dev/nvidia0
7f8dfc721000-7f8dfc722000 rw-s 00000000 00:07 1148                       /dev/nvidia0
7f8dfc722000-7f8dfc723000 rw-s 00000000 00:07 1148                       /dev/nvidia0
7f8dfc723000-7f8dfc724000 rw-s 00000000 00:07 1146                       /dev/nvidiactl
7f8dfc724000-7f8dfc74d000 r--p 00000000 103:07 456403                    /run/media/ashy/Shared/.minecraftx/versions/neoforge-21.1.248/neoforge-21.1.248-natives/liblwjgl.so
7f8dfc74d000-7f8dfc77f000 r-xp 00029000 103:07 456403                    /run/media/ashy/Shared/.minecraftx/versions/neoforge-21.1.248/neoforge-21.1.248-natives/liblwjgl.so
7f8dfc77f000-7f8dfc798000 r--p 0005b000 103:07 456403                    /run/media/ashy/Shared/.minecraftx/versions/neoforge-21.1.248/neoforge-21.1.248-natives/liblwjgl.so
7f8dfc798000-7f8dfc799000 r--p 00073000 103:07 456403                    /run/media/ashy/Shared/.minecraftx/versions/neoforge-21.1.248/neoforge-21.1.248-natives/liblwjgl.so
7f8dfc799000-7f8dfc79a000 rw-p 00074000 103:07 456403                    /run/media/ashy/Shared/.minecraftx/versions/neoforge-21.1.248/neoforge-21.1.248-natives/liblwjgl.so
7f8dfc79a000-7f8dfcca0000 rw-p 00000000 00:00 0 
7f8dfcca0000-7f8dfcca4000 ---p 00000000 00:00 0 
7f8dfcca4000-7f8dfcda0000 rw-p 00000000 00:00 0 
7f8dfcda0000-7f8dfcda3000 r--p 00000000 00:21 16946                      /usr/lib/libnss_resolve.so.2
7f8dfcda3000-7f8dfcdd6000 r-xp 00003000 00:21 16946                      /usr/lib/libnss_resolve.so.2
7f8dfcdd6000-7f8dfcdee000 r--p 00036000 00:21 16946                      /usr/lib/libnss_resolve.so.2
7f8dfcdee000-7f8dfcdf5000 r--p 0004e000 00:21 16946                      /usr/lib/libnss_resolve.so.2
7f8dfcdf5000-7f8dfcdf6000 rw-p 00055000 00:21 16946                      /usr/lib/libnss_resolve.so.2
7f8dfcdf6000-7f8dfcdf7000 rw-p 00000000 00:00 0 
7f8dfcdf7000-7f8dfcdfb000 ---p 00000000 00:00 0 
7f8dfcdfb000-7f8dfcef8000 rw-p 00000000 00:00 0 
7f8dfcef8000-7f8dfcefc000 ---p 00000000 00:00 0 
7f8dfcefc000-7f8dfcff9000 rw-p 00000000 00:00 0 
7f8dfcff9000-7f8dfcffd000 ---p 00000000 00:00 0 
7f8dfcffd000-7f8dfd0fa000 rw-p 00000000 00:00 0 
7f8dfd0fa000-7f8dfd0fe000 ---p 00000000 00:00 0 
7f8dfd0fe000-7f8dfd1fb000 rw-p 00000000 00:00 0 
7f8dfd1fb000-7f8dfd1ff000 ---p 00000000 00:00 0 
7f8dfd1ff000-7f8dfd2fc000 rw-p 00000000 00:00 0 
7f8dfd2fc000-7f8dfd300000 ---p 00000000 00:00 0 
7f8dfd300000-7f8dfd3fd000 rw-p 00000000 00:00 0 
7f8dfd3fd000-7f8dfd401000 ---p 00000000 00:00 0 
7f8dfd401000-7f8dfd4fe000 rw-p 00000000 00:00 0 
7f8dfd4fe000-7f8dfd502000 ---p 00000000 00:00 0 
7f8dfd502000-7f8dfd5ff000 rw-p 00000000 00:00 0 
7f8dfd5ff000-7f8dfd603000 ---p 00000000 00:00 0 
7f8dfd603000-7f8dfd700000 rw-p 00000000 00:00 0 
7f8dfd700000-7f8dfd704000 ---p 00000000 00:00 0 
7f8dfd704000-7f8dfd800000 rw-p 00000000 00:00 0 
7f8dfd800000-7f8dfdaed000 r--p 00000000 00:21 141812                     /usr/lib/locale/locale-archive
7f8dfdaed000-7f8dfdaef000 r--p 00000000 00:21 63113                      /usr/lib/libXrender.so.1.3.0
7f8dfdaef000-7f8dfdaf7000 r-xp 00002000 00:21 63113                      /usr/lib/libXrender.so.1.3.0
7f8dfdaf7000-7f8dfdaf9000 r--p 0000a000 00:21 63113                      /usr/lib/libXrender.so.1.3.0
7f8dfdaf9000-7f8dfdafa000 r--p 0000b000 00:21 63113                      /usr/lib/libXrender.so.1.3.0
7f8dfdafa000-7f8dfdafb000 rw-p 0000c000 00:21 63113                      /usr/lib/libXrender.so.1.3.0
7f8dfdafb000-7f8dfdeff000 rw-p 00000000 00:00 0 
7f8dfdeff000-7f8e016fc000 rw-p 00000000 00:00 0 
7f8e016fc000-7f8e04000000 ---p 00000000 00:00 0 
7f8e04000000-7f8e0411a000 rw-p 00000000 00:00 0 
7f8e0411a000-7f8e08000000 ---p 00000000 00:00 0 
7f8e08000000-7f8e0b447000 rw-p 00000000 00:00 0 
7f8e0b447000-7f8e0c000000 ---p 00000000 00:00 0 
7f8e0c000000-7f8e0c00c000 r--p 00000000 00:21 59427                      /usr/lib/libxcb.so.1.1.0
7f8e0c00c000-7f8e0c022000 r-xp 0000c000 00:21 59427                      /usr/lib/libxcb.so.1.1.0
7f8e0c022000-7f8e0c02b000 r--p 00022000 00:21 59427                      /usr/lib/libxcb.so.1.1.0
7f8e0c02b000-7f8e0c02c000 r--p 0002a000 00:21 59427                      /usr/lib/libxcb.so.1.1.0
7f8e0c02c000-7f8e0c02d000 rw-p 0002b000 00:21 59427                      /usr/lib/libxcb.so.1.1.0
7f8e0c02d000-7f8e0c0fb000 r-xp 00000000 103:07 449599                    /run/media/ashy/Shared/.minecraftx/jre/java-runtime-delta/lib/libjsvml.so
7f8e0c0fb000-7f8e0c0fc000 r--p 000cd000 103:07 449599                    /run/media/ashy/Shared/.minecraftx/jre/java-runtime-delta/lib/libjsvml.so
7f8e0c0fc000-7f8e0c0fd000 rw-p 000ce000 103:07 449599                    /run/media/ashy/Shared/.minecraftx/jre/java-runtime-delta/lib/libjsvml.so
7f8e0c0fd000-7f8e0dd40000 rw-p 00000000 00:00 0 
7f8e0dd40000-7f8e143a0000 ---p 00000000 00:00 0 
7f8e143a0000-7f8e14728000 rw-p 00000000 00:00 0 
7f8e14728000-7f8e153f4000 ---p 00000000 00:00 0 
7f8e153f4000-7f8e15400000 rw-p 00000000 00:00 0 
7f8e15400000-7f8e16770000 rwxp 00000000 00:00 0 
7f8e16770000-7f8e1c937000 ---p 00000000 00:00 0 
7f8e1c937000-7f8e1cc17000 rwxp 00000000 00:00 0 
7f8e1cc17000-7f8e1cec9000 ---p 00000000 00:00 0 
7f8e1cec9000-7f8e1d929000 rwxp 00000000 00:00 0 
7f8e1d929000-7f8e24400000 ---p 00000000 00:00 0 
7f8e24400000-7f8e24401000 r--p 00000000 00:21 61789                      /usr/lib/libX11-xcb.so.1.0.0
7f8e24401000-7f8e24402000 r-xp 00001000 00:21 61789                      /usr/lib/libX11-xcb.so.1.0.0
7f8e24402000-7f8e24403000 r--p 00002000 00:21 61789                      /usr/lib/libX11-xcb.so.1.0.0
7f8e24403000-7f8e24404000 r--p 00002000 00:21 61789                      /usr/lib/libX11-xcb.so.1.0.0
7f8e24404000-7f8e24405000 rw-p 00003000 00:21 61789                      /usr/lib/libX11-xcb.so.1.0.0
7f8e24405000-7f8e24407000 r--p 00000000 00:21 149878                     /usr/lib/libXrandr.so.2.2.0
7f8e24407000-7f8e24410000 r-xp 00002000 00:21 149878                     /usr/lib/libXrandr.so.2.2.0
7f8e24410000-7f8e24412000 r--p 0000b000 00:21 149878                     /usr/lib/libXrandr.so.2.2.0
7f8e24412000-7f8e24413000 r--p 0000c000 00:21 149878                     /usr/lib/libXrandr.so.2.2.0
7f8e24413000-7f8e24414000 rw-p 0000d000 00:21 149878                     /usr/lib/libXrandr.so.2.2.0
7f8e24414000-7f8e24415000 r--p 00000000 00:21 131164                     /usr/lib/libXxf86vm.so.1.0.0
7f8e24415000-7f8e24419000 r-xp 00001000 00:21 131164                     /usr/lib/libXxf86vm.so.1.0.0
7f8e24419000-7f8e2441a000 r--p 00005000 00:21 131164                     /usr/lib/libXxf86vm.so.1.0.0
7f8e2441a000-7f8e2441b000 r--p 00005000 00:21 131164                     /usr/lib/libXxf86vm.so.1.0.0
7f8e2441b000-7f8e2441c000 rw-p 00006000 00:21 131164                     /usr/lib/libXxf86vm.so.1.0.0
7f8e2441c000-7f8e2441e000 r--p 00000000 00:21 59289                      /usr/lib/libXdmcp.so.6.0.0
7f8e2441e000-7f8e24420000 r-xp 00002000 00:21 59289                      /usr/lib/libXdmcp.so.6.0.0
7f8e24420000-7f8e24422000 r--p 00004000 00:21 59289                      /usr/lib/libXdmcp.so.6.0.0
7f8e24422000-7f8e24423000 r--p 00005000 00:21 59289                      /usr/lib/libXdmcp.so.6.0.0
7f8e24423000-7f8e24424000 rw-p 00006000 00:21 59289                      /usr/lib/libXdmcp.so.6.0.0
7f8e24424000-7f8e24428000 r--p 00000000 00:21 16945                      /usr/lib/libnss_mymachines.so.2
7f8e24428000-7f8e24479000 r-xp 00004000 00:21 16945                      /usr/lib/libnss_mymachines.so.2
7f8e24479000-7f8e24493000 r--p 00055000 00:21 16945                      /usr/lib/libnss_mymachines.so.2
7f8e24493000-7f8e24496000 r--p 0006f000 00:21 16945                      /usr/lib/libnss_mymachines.so.2
7f8e24496000-7f8e24497000 rw-p 00072000 00:21 16945                      /usr/lib/libnss_mymachines.so.2
7f8e24497000-7f8e28000000 r--s 00000000 103:07 1993                      /run/media/ashy/Shared/.minecraftx/jre/java-runtime-delta/lib/modules
7f8e28000000-7f8e2bffd000 rw-p 00000000 00:00 0 
7f8e2bffd000-7f8e2c000000 ---p 00000000 00:00 0 
7f8e2c000000-7f8e2c001000 rw-s 00000000 00:07 1146                       /dev/nvidiactl
7f8e2c001000-7f8e2c002000 r--p 00000000 00:21 149862                     /usr/lib/libXinerama.so.1.0.0
7f8e2c002000-7f8e2c003000 r-xp 00001000 00:21 149862                     /usr/lib/libXinerama.so.1.0.0
7f8e2c003000-7f8e2c004000 r--p 00002000 00:21 149862                     /usr/lib/libXinerama.so.1.0.0
7f8e2c004000-7f8e2c005000 r--p 00002000 00:21 149862                     /usr/lib/libXinerama.so.1.0.0
7f8e2c005000-7f8e2c006000 rw-p 00003000 00:21 149862                     /usr/lib/libXinerama.so.1.0.0
7f8e2c006000-7f8e2c007000 r--p 00000000 00:21 59302                      /usr/lib/libXau.so.6.0.0
7f8e2c007000-7f8e2c008000 r-xp 00001000 00:21 59302                      /usr/lib/libXau.so.6.0.0
7f8e2c008000-7f8e2c009000 r--p 00002000 00:21 59302                      /usr/lib/libXau.so.6.0.0
7f8e2c009000-7f8e2c00a000 r--p 00002000 00:21 59302                      /usr/lib/libXau.so.6.0.0
7f8e2c00a000-7f8e2c00b000 rw-p 00003000 00:21 59302                      /usr/lib/libXau.so.6.0.0
7f8e2c00b000-7f8e2c00c000 r-xp 00059000 103:07 456403                    /run/media/ashy/Shared/.minecraftx/versions/neoforge-21.1.248/neoforge-21.1.248-natives/liblwjgl.so
7f8e2c00c000-7f8e2c00d000 rw-p 00000000 00:00 0 
7f8e2c00d000-7f8e2c01a000 r-xp 00000000 103:07 449616                    /run/media/ashy/Shared/.minecraftx/jre/java-runtime-delta/lib/libverify.so
7f8e2c01a000-7f8e2c01c000 r--p 0000c000 103:07 449616                    /run/media/ashy/Shared/.minecraftx/jre/java-runtime-delta/lib/libverify.so
7f8e2c01c000-7f8e2c01d000 rw-p 0000e000 103:07 449616                    /run/media/ashy/Shared/.minecraftx/jre/java-runtime-delta/lib/libverify.so
7f8e2c01d000-7f8e2c4fd000 rw-p 00000000 00:00 0 
7f8e2c4fd000-7f8e2c800000 rw-p 00000000 00:00 0 
7f8e2c800000-7f8e2cb28000 rw-p 00000000 00:00 0 
7f8e2cb28000-7f8e2d7f4000 ---p 00000000 00:00 0 
7f8e2d7f4000-7f8e2d800000 rw-p 00000000 00:00 0 
7f8e2d800000-7f8e2d801000 r--s 00000000 00:07 1146                       /dev/nvidiactl
7f8e2d801000-7f8e2d806000 r-xp 00000000 103:07 449604                    /run/media/ashy/Shared/.minecraftx/jre/java-runtime-delta/lib/libmanagement_ext.so
7f8e2d806000-7f8e2d807000 ---p 00005000 103:07 449604                    /run/media/ashy/Shared/.minecraftx/jre/java-runtime-delta/lib/libmanagement_ext.so
7f8e2d807000-7f8e2d808000 r--p 00005000 103:07 449604                    /run/media/ashy/Shared/.minecraftx/jre/java-runtime-delta/lib/libmanagement_ext.so
7f8e2d808000-7f8e2d809000 rw-p 00006000 103:07 449604                    /run/media/ashy/Shared/.minecraftx/jre/java-runtime-delta/lib/libmanagement_ext.so
7f8e2d809000-7f8e2d80d000 r-xp 00000000 103:07 449602                    /run/media/ashy/Shared/.minecraftx/jre/java-runtime-delta/lib/libmanagement.so
7f8e2d80d000-7f8e2d80e000 r--p 00003000 103:07 449602                    /run/media/ashy/Shared/.minecraftx/jre/java-runtime-delta/lib/libmanagement.so
7f8e2d80e000-7f8e2d80f000 rw-p 00004000 103:07 449602                    /run/media/ashy/Shared/.minecraftx/jre/java-runtime-delta/lib/libmanagement.so
7f8e2d80f000-7f8e2d813000 r--p 00000000 00:21 4965                       /usr/lib/libgcc_s.so.1
7f8e2d813000-7f8e2d83d000 r-xp 00004000 00:21 4965                       /usr/lib/libgcc_s.so.1
7f8e2d83d000-7f8e2d841000 r--p 0002e000 00:21 4965                       /usr/lib/libgcc_s.so.1
7f8e2d841000-7f8e2d842000 r--p 00032000 00:21 4965                       /usr/lib/libgcc_s.so.1
7f8e2d842000-7f8e2d843000 rw-p 00033000 00:21 4965                       /usr/lib/libgcc_s.so.1
7f8e2d843000-7f8e2d857000 r-xp 00000000 103:07 449606                    /run/media/ashy/Shared/.minecraftx/jre/java-runtime-delta/lib/libnio.so
7f8e2d857000-7f8e2d858000 r--p 00013000 103:07 449606                    /run/media/ashy/Shared/.minecraftx/jre/java-runtime-delta/lib/libnio.so
7f8e2d858000-7f8e2d859000 rw-p 00014000 103:07 449606                    /run/media/ashy/Shared/.minecraftx/jre/java-runtime-delta/lib/libnio.so
7f8e2d859000-7f8e2e1be000 rw-p 00000000 00:00 0 
7f8e2e1be000-7f8e2e294000 ---p 00000000 00:00 0 
7f8e2e294000-7f8e2e2bb000 rw-p 00000000 00:00 0 
7f8e2e2bb000-7f8e2e37f000 ---p 00000000 00:00 0 
7f8e2e37f000-7f8e2e383000 ---p 00000000 00:00 0 
7f8e2e383000-7f8e2e47f000 rw-p 00000000 00:00 0 
7f8e2e47f000-7f8e2f895000 r-xp 00000000 103:07 449621                    /run/media/ashy/Shared/.minecraftx/jre/java-runtime-delta/lib/server/libjvm.so
7f8e2f895000-7f8e2f896000 ---p 01416000 103:07 449621                    /run/media/ashy/Shared/.minecraftx/jre/java-runtime-delta/lib/server/libjvm.so
7f8e2f896000-7f8e2f96a000 r--p 01416000 103:07 449621                    /run/media/ashy/Shared/.minecraftx/jre/java-runtime-delta/lib/server/libjvm.so
7f8e2f96a000-7f8e2f99a000 rw-p 014ea000 103:07 449621                    /run/media/ashy/Shared/.minecraftx/jre/java-runtime-delta/lib/server/libjvm.so
7f8e2f99a000-7f8e2fa00000 rw-p 00000000 00:00 0 
7f8e2fa00000-7f8e2fa24000 r--p 00000000 00:21 4147                       /usr/lib/libc.so.6
7f8e2fa24000-7f8e2fbc3000 r-xp 00024000 00:21 4147                       /usr/lib/libc.so.6
7f8e2fbc3000-7f8e2fc3c000 r--p 001c3000 00:21 4147                       /usr/lib/libc.so.6
7f8e2fc3c000-7f8e2fc40000 r--p 0023c000 00:21 4147                       /usr/lib/libc.so.6
7f8e2fc40000-7f8e2fc42000 rw-p 00240000 00:21 4147                       /usr/lib/libc.so.6
7f8e2fc42000-7f8e2fc4b000 rw-p 00000000 00:00 0 
7f8e2fc4b000-7f8e2fc4d000 r-xp 00000000 103:07 449584                    /run/media/ashy/Shared/.minecraftx/jre/java-runtime-delta/lib/libextnet.so
7f8e2fc4d000-7f8e2fc4e000 r--p 00001000 103:07 449584                    /run/media/ashy/Shared/.minecraftx/jre/java-runtime-delta/lib/libextnet.so
7f8e2fc4e000-7f8e2fc4f000 rw-p 00002000 103:07 449584                    /run/media/ashy/Shared/.minecraftx/jre/java-runtime-delta/lib/libextnet.so
7f8e2fc4f000-7f8e2fc5b000 r-xp 00000000 103:07 449613                    /run/media/ashy/Shared/.minecraftx/jre/java-runtime-delta/lib/libnet.so
7f8e2fc5b000-7f8e2fc5c000 r--p 0000b000 103:07 449613                    /run/media/ashy/Shared/.minecraftx/jre/java-runtime-delta/lib/libnet.so
7f8e2fc5c000-7f8e2fc5d000 rw-p 0000c000 103:07 449613                    /run/media/ashy/Shared/.minecraftx/jre/java-runtime-delta/lib/libnet.so
7f8e2fc5d000-7f8e2fc64000 r-xp 00000000 103:07 449614                    /run/media/ashy/Shared/.minecraftx/jre/java-runtime-delta/lib/libzip.so
7f8e2fc64000-7f8e2fc65000 ---p 00007000 103:07 449614                    /run/media/ashy/Shared/.minecraftx/jre/java-runtime-delta/lib/libzip.so
7f8e2fc65000-7f8e2fc66000 r--p 00007000 103:07 449614                    /run/media/ashy/Shared/.minecraftx/jre/java-runtime-delta/lib/libzip.so
7f8e2fc66000-7f8e2fc67000 rw-p 00008000 103:07 449614                    /run/media/ashy/Shared/.minecraftx/jre/java-runtime-delta/lib/libzip.so
7f8e2fc67000-7f8e2fc6d000 rw-p 00000000 00:00 0 
7f8e2fc6d000-7f8e2fc73000 ---p 00000000 00:00 0 
7f8e2fc73000-7f8e2fc7b000 rw-s 00000000 00:38 20279                      /tmp/hsperfdata_ashy/1030372
7f8e2fc7b000-7f8e2fc9b000 r-xp 00000000 103:07 449590                    /run/media/ashy/Shared/.minecraftx/jre/java-runtime-delta/lib/libjava.so
7f8e2fc9b000-7f8e2fc9c000 ---p 00020000 103:07 449590                    /run/media/ashy/Shared/.minecraftx/jre/java-runtime-delta/lib/libjava.so
7f8e2fc9c000-7f8e2fc9d000 r--p 00020000 103:07 449590                    /run/media/ashy/Shared/.minecraftx/jre/java-runtime-delta/lib/libjava.so
7f8e2fc9d000-7f8e2fc9e000 rw-p 00021000 103:07 449590                    /run/media/ashy/Shared/.minecraftx/jre/java-runtime-delta/lib/libjava.so
7f8e2fc9e000-7f8e2fc9f000 rw-p 00000000 00:00 0 
7f8e2fc9f000-7f8e2fca9000 r-xp 00000000 103:07 449586                    /run/media/ashy/Shared/.minecraftx/jre/java-runtime-delta/lib/libinstrument.so
7f8e2fca9000-7f8e2fcaa000 ---p 0000a000 103:07 449586                    /run/media/ashy/Shared/.minecraftx/jre/java-runtime-delta/lib/libinstrument.so
7f8e2fcaa000-7f8e2fcab000 r--p 0000a000 103:07 449586                    /run/media/ashy/Shared/.minecraftx/jre/java-runtime-delta/lib/libinstrument.so
7f8e2fcab000-7f8e2fcac000 rw-p 0000b000 103:07 449586                    /run/media/ashy/Shared/.minecraftx/jre/java-runtime-delta/lib/libinstrument.so
7f8e2fcac000-7f8e2fcad000 ---p 00000000 00:00 0 
7f8e2fcad000-7f8e2fcae000 r--p 00000000 00:00 0 
7f8e2fcae000-7f8e2fcaf000 ---p 00000000 00:00 0 
7f8e2fcaf000-7f8e2fcca000 r-xp 00000000 103:07 449595                    /run/media/ashy/Shared/.minecraftx/jre/java-runtime-delta/lib/libjimage.so
7f8e2fcca000-7f8e2fccb000 ---p 0001b000 103:07 449595                    /run/media/ashy/Shared/.minecraftx/jre/java-runtime-delta/lib/libjimage.so
7f8e2fccb000-7f8e2fccd000 r--p 0001b000 103:07 449595                    /run/media/ashy/Shared/.minecraftx/jre/java-runtime-delta/lib/libjimage.so
7f8e2fccd000-7f8e2fcce000 rw-p 0001d000 103:07 449595                    /run/media/ashy/Shared/.minecraftx/jre/java-runtime-delta/lib/libjimage.so
7f8e2fcce000-7f8e2fcde000 r--p 00000000 00:21 4157                       /usr/lib/libm.so.6
7f8e2fcde000-7f8e2fd74000 r-xp 00010000 00:21 4157                       /usr/lib/libm.so.6
7f8e2fd74000-7f8e2fdd3000 r--p 000a6000 00:21 4157                       /usr/lib/libm.so.6
7f8e2fdd3000-7f8e2fdd4000 r--p 00105000 00:21 4157                       /usr/lib/libm.so.6
7f8e2fdd4000-7f8e2fdd5000 rw-p 00106000 00:21 4157                       /usr/lib/libm.so.6
7f8e2fdd5000-7f8e2fdd6000 r--p 00000000 00:21 4179                       /usr/lib/librt.so.1
7f8e2fdd6000-7f8e2fdd7000 r-xp 00001000 00:21 4179                       /usr/lib/librt.so.1
7f8e2fdd7000-7f8e2fdd8000 r--p 00002000 00:21 4179                       /usr/lib/librt.so.1
7f8e2fdd8000-7f8e2fdd9000 r--p 00002000 00:21 4179                       /usr/lib/librt.so.1
7f8e2fdd9000-7f8e2fdda000 rw-p 00003000 00:21 4179                       /usr/lib/librt.so.1
7f8e2fdda000-7f8e2fdde000 rw-p 00000000 00:00 0 
7f8e2fdde000-7f8e2fddf000 r--p 00000000 00:21 4152                       /usr/lib/libdl.so.2
7f8e2fddf000-7f8e2fde0000 r-xp 00001000 00:21 4152                       /usr/lib/libdl.so.2
7f8e2fde0000-7f8e2fde1000 r--p 00002000 00:21 4152                       /usr/lib/libdl.so.2
7f8e2fde1000-7f8e2fde2000 r--p 00002000 00:21 4152                       /usr/lib/libdl.so.2
7f8e2fde2000-7f8e2fde3000 rw-p 00003000 00:21 4152                       /usr/lib/libdl.so.2
7f8e2fde3000-7f8e2fde4000 r--p 00000000 00:21 4174                       /usr/lib/libpthread.so.0
7f8e2fde4000-7f8e2fde5000 r-xp 00001000 00:21 4174                       /usr/lib/libpthread.so.0
7f8e2fde5000-7f8e2fde6000 r--p 00002000 00:21 4174                       /usr/lib/libpthread.so.0
7f8e2fde6000-7f8e2fde7000 r--p 00002000 00:21 4174                       /usr/lib/libpthread.so.0
7f8e2fde7000-7f8e2fde8000 rw-p 00003000 00:21 4174                       /usr/lib/libpthread.so.0
7f8e2fde8000-7f8e2fdf6000 r-xp 00000000 103:07 449596                    /run/media/ashy/Shared/.minecraftx/jre/java-runtime-delta/lib/libjli.so
7f8e2fdf6000-7f8e2fdf7000 ---p 0000e000 103:07 449596                    /run/media/ashy/Shared/.minecraftx/jre/java-runtime-delta/lib/libjli.so
7f8e2fdf7000-7f8e2fdf8000 r--p 0000e000 103:07 449596                    /run/media/ashy/Shared/.minecraftx/jre/java-runtime-delta/lib/libjli.so
7f8e2fdf8000-7f8e2fdf9000 rw-p 0000f000 103:07 449596                    /run/media/ashy/Shared/.minecraftx/jre/java-runtime-delta/lib/libjli.so
7f8e2fdf9000-7f8e2fdfc000 r--p 00000000 00:21 161704                     /usr/lib/libz.so.1.3.1.zlib-ng
7f8e2fdfc000-7f8e2fe28000 r-xp 00003000 00:21 161704                     /usr/lib/libz.so.1.3.1.zlib-ng
7f8e2fe28000-7f8e2fe32000 r--p 0002f000 00:21 161704                     /usr/lib/libz.so.1.3.1.zlib-ng
7f8e2fe32000-7f8e2fe33000 r--p 00038000 00:21 161704                     /usr/lib/libz.so.1.3.1.zlib-ng
7f8e2fe33000-7f8e2fe34000 rw-p 00039000 00:21 161704                     /usr/lib/libz.so.1.3.1.zlib-ng
7f8e2fe34000-7f8e2fe36000 rw-p 00000000 00:00 0 
7f8e2fe36000-7f8e2fe67000 r--p 00000000 00:21 829807                     /etc/ld.so.cache
7f8e2fe67000-7f8e2fe6b000 r--p 00000000 00:00 0                          [vvar]
7f8e2fe6b000-7f8e2fe6d000 r--p 00000000 00:00 0                          [vvar_vclock]
7f8e2fe6d000-7f8e2fe6f000 r-xp 00000000 00:00 0                          [vdso]
7f8e2fe6f000-7f8e2fe70000 r--p 00000000 00:21 4138                       /usr/lib/ld-linux-x86-64.so.2
7f8e2fe70000-7f8e2fea2000 r-xp 00001000 00:21 4138                       /usr/lib/ld-linux-x86-64.so.2
7f8e2fea2000-7f8e2feb2000 r--p 00033000 00:21 4138                       /usr/lib/ld-linux-x86-64.so.2
7f8e2feb2000-7f8e2feb4000 r--p 00043000 00:21 4138                       /usr/lib/ld-linux-x86-64.so.2
7f8e2feb4000-7f8e2feb5000 rw-p 00045000 00:21 4138                       /usr/lib/ld-linux-x86-64.so.2
7f8e2feb5000-7f8e2feb6000 rw-p 00000000 00:00 0 
7ffcf4517000-7ffcf453b000 rw-p 00000000 00:00 0                          [stack]
ffffffffff600000-ffffffffff601000 --xp 00000000 00:00 0                  [vsyscall]
Total number of mappings: 551


VM Arguments:
jvm_args: -Xms256M -Xmx8192M -javaagent:/run/media/ashy/Shared/.minecraftx/libraries/org/to2mbn/authlibinjector/1.2.8/authlibinjector-1.2.8.jar=http://localhost:25555/yggdrasil -Dauthlibinjector.side=client -Djava.library.path=/run/media/ashy/Shared/.minecraftx/versions/neoforge-21.1.248/neoforge-21.1.248-natives -Djna.tmpdir=/run/media/ashy/Shared/.minecraftx/versions/neoforge-21.1.248/neoforge-21.1.248-natives -Dorg.lwjgl.system.SharedLibraryExtractPath=/run/media/ashy/Shared/.minecraftx/versions/neoforge-21.1.248/neoforge-21.1.248-natives -Dio.netty.native.workdir=/run/media/ashy/Shared/.minecraftx/versions/neoforge-21.1.248/neoforge-21.1.248-natives -Dminecraft.launcher.brand=X Minecraft Launcher (0.65.1) -Dminecraft.launcher.version=X Minecraft Launcher (0.65.1) -Djava.net.preferIPv6Addresses=system -DignoreList=client-extra,1.21.1.jar -DlibraryDirectory=/run/media/ashy/Shared/.minecraftx/libraries --module-path=/run/media/ashy/Shared/.minecraftx/libraries/cpw/mods/bootstraplauncher/2.0.2/bootstraplauncher-2.0.2.jar:/run/media/ashy/Shared/.minecraftx/libraries/cpw/mods/securejarhandler/3.0.8/securejarhandler-3.0.8.jar:/run/media/ashy/Shared/.minecraftx/libraries/org/ow2/asm/asm-commons/9.10.1/asm-commons-9.10.1.jar:/run/media/ashy/Shared/.minecraftx/libraries/org/ow2/asm/asm-util/9.10.1/asm-util-9.10.1.jar:/run/media/ashy/Shared/.minecraftx/libraries/org/ow2/asm/asm-analysis/9.10.1/asm-analysis-9.10.1.jar:/run/media/ashy/Shared/.minecraftx/libraries/org/ow2/asm/asm-tree/9.10.1/asm-tree-9.10.1.jar:/run/media/ashy/Shared/.minecraftx/libraries/org/ow2/asm/asm/9.10.1/asm-9.10.1.jar:/run/media/ashy/Shared/.minecraftx/libraries/net/neoforged/JarJarFileSystems/0.4.1/JarJarFileSystems-0.4.1.jar --add-modules=ALL-MODULE-PATH --add-opens=java.base/java.util.jar=cpw.mods.securejarhandler --add-opens=java.base/java.lang.invoke=cpw.mods.securejarhandler --add-exports=java.base/sun.security.util=cpw.mods.securejarhandler --add-exports=jdk.naming.dns/com.sun.jndi.dns=java.naming -Dauthlibinjector.debug 
java_command: cpw.mods.bootstraplauncher.BootstrapLauncher --username Ashy --version neoforge-21.1.248 --gameDir /run/media/ashy/Shared/.minecraftx/instances/Gearfall Dev --assetsDir /run/media/ashy/Shared/.minecraftx/assets --assetIndex 818f68d092986c6933366762f435889884c36a52 --uuid 68af5072-46a5-387f-ac5e-a6b3c47d6c3f --accessToken 4adda61364fd44718ade49f1b51e07fe --clientId ${clientid} --xuid ${auth_xuid} --userType msa --versionType release --fml.neoForgeVersion 21.1.248 --fml.fmlVersion 4.0.43 --fml.mcVersion 1.21.1 --fml.neoFormVersion 20240808.144430 --launchTarget forgeclient --fullscreen
java_class_path (initial): /run/media/ashy/Shared/.minecraftx/libraries/com/github/oshi/oshi-core/6.4.10/oshi-core-6.4.10.jar:/run/media/ashy/Shared/.minecraftx/libraries/com/google/code/gson/gson/2.10.1/gson-2.10.1.jar:/run/media/ashy/Shared/.minecraftx/libraries/com/google/guava/failureaccess/1.0.1/failureaccess-1.0.1.jar:/run/media/ashy/Shared/.minecraftx/libraries/com/google/guava/guava/32.1.2-jre/guava-32.1.2-jre.jar:/run/media/ashy/Shared/.minecraftx/libraries/com/ibm/icu/icu4j/73.2/icu4j-73.2.jar:/run/media/ashy/Shared/.minecraftx/libraries/com/mojang/authlib/6.0.54/authlib-6.0.54.jar:/run/media/ashy/Shared/.minecraftx/libraries/com/mojang/blocklist/1.0.10/blocklist-1.0.10.jar:/run/media/ashy/Shared/.minecraftx/libraries/com/mojang/brigadier/1.3.10/brigadier-1.3.10.jar:/run/media/ashy/Shared/.minecraftx/libraries/com/mojang/datafixerupper/8.0.16/datafixerupper-8.0.16.jar:/run/media/ashy/Shared/.minecraftx/libraries/com/mojang/logging/1.2.7/logging-1.2.7.jar:/run/media/ashy/Shared/.minecraftx/libraries/com/mojang/patchy/2.2.10/patchy-2.2.10.jar:/run/media/ashy/Shared/.minecraftx/libraries/com/mojang/text2speech/1.17.9/text2speech-1.17.9.jar:/run/media/ashy/Shared/.minecraftx/libraries/commons-codec/commons-codec/1.16.0/commons-codec-1.16.0.jar:/run/media/ashy/Shared/.minecraftx/libraries/commons-io/commons-io/2.15.1/commons-io-2.15.1.jar:/run/media/ashy/Shared/.minecraftx/libraries/commons-logging/commons-logging/1.2/commons-logging-1.2.jar:/run/media/ashy/Shared/.minecraftx/libraries/io/netty/netty-buffer/4.1.97.Final/netty-buffer-4.1.97.Final.jar:/run/media/ashy/Shared/.minecraftx/libraries/io/netty/netty-codec/4.1.97.Final/netty-codec-4.1.97.Final.jar:/run/media/ashy/Shared/.minecraftx/libraries/io/netty/netty-common/4.1.97.Final/netty-common-4.1.97.Final.jar:/run/media/ashy/Shared/.minecraftx/libraries/io/netty/netty-handler/4.1.97.Final/netty-handler-4.1.97.Final.jar:/run/media/ashy/Shared/.minecraftx/libraries/io/netty/netty-resolver/4.1.97.Final/netty-resolver-4.1.97.Final.jar:/run/media/ashy/Shared/.minecraftx/libraries/io/netty/netty-transport-classes-epoll/4.1.97.Final/netty-transport-classes-epoll-4.1.97.Final.jar:/run/media/ashy/Shared/.minecraftx/libraries/io/netty/netty-transport-native-epoll/4.1.97.Final/netty-transport-native-epoll-4.1.97.Final-linux-aarch_64.jar:/run/media/ashy/Shared/.minecraftx/libraries/io/netty/netty-transport-native-epoll/4.1.97.Final/netty-transport-native-epoll-4.1.97.Final-linux-x86_64.jar:/run/media/ashy/Shared/.minecraftx/libraries/io/netty/netty-transport-native-unix-common/4.1.97.Final/netty-transport-native-unix-common-4.1.97.Final.jar:/run/media/ashy/Shared/.minecraftx/libraries/io/netty/netty-transport/4.1.97.Final/netty-transport-4.1.97.Final.jar:/run/media/ashy/Shared/.minecraftx/libraries/it/unimi/dsi/fastutil/8.5.12/fastutil-8.5.12.jar:/run/media/ashy/Shared/.minecraftx/libraries/net/java/dev/jna/jna-platform/5.14.0/jna-platform-5.14.0.jar:/run/media/ashy/Shared/.minecraftx/libraries/net/java/dev/jna/jna/5.14.0/jna-5.14.0.jar:/run/media/ashy/Shared/.minecraftx/libraries/net/sf/jopt-simple/jopt-simple/5.0.4/jopt-simple-5.0.4.jar:/run/media/ashy/Shared/.minecraftx/libraries/org/apache/commons/commons-compress/1.26.0/commons-compress-1.26.0.jar:/run/media/ashy/Shared/.minecraftx/libraries/org/apache/commons/commons-lang3/3.14.0/commons-lang3-3.14.0.jar:/run/media/ashy/Shared/.minecraftx/libraries/org/apache/httpcomponents/httpclient/4.5.13/httpclient-4.5.13.jar:/run/media/ashy/Shared/.minecraftx/libraries/org/apache/httpcomponents/httpcore/4.4.16/httpcore-4.4.16.jar:/run/media/ashy/Shared/.minecraftx/libraries/org/apache/logging/log4j/log4j-api/2.22.1/log4j-api-2.22.1.jar:/run/media/ashy/Shared/.minecraftx/libraries/org/apache/logging/log4j/log4j-core/2.22.1/log4j-core-2.22.1.jar:/run/media/ashy/Shared/.minecraftx/libraries/org/apache/logging/log4j/log4j-slf4j2-impl/2.22.1/log4j-slf4j2-impl-2.22.1.jar:/run/media/ashy/Shared/.minecraftx/libraries/org/jcraft/jorbis/0.0.17/jorbis-0.0.17.jar:/run/media/ashy/Shared/.minecraftx/libraries/org/joml/joml/1.10.5/joml-1.10.5.jar:/run/media/ashy/Shared/.minecraftx/libraries/org/lwjgl/lwjgl-freetype/3.3.3/lwjgl-freetype-3.3.3.jar:/run/media/ashy/Shared/.minecraftx/libraries/org/lwjgl/lwjgl-freetype/3.3.3/lwjgl-freetype-3.3.3-natives-linux.jar:/run/media/ashy/Shared/.minecraftx/libraries/org/lwjgl/lwjgl-glfw/3.3.3/lwjgl-glfw-3.3.3.jar:/run/media/ashy/Shared/.minecraftx/libraries/org/lwjgl/lwjgl-glfw/3.3.3/lwjgl-glfw-3.3.3-natives-linux.jar:/run/media/ashy/Shared/.minecraftx/libraries/org/lwjgl/lwjgl-jemalloc/3.3.3/lwjgl-jemalloc-3.3.3.jar:/run/media/ashy/Shared/.minecraftx/libraries/org/lwjgl/lwjgl-jemalloc/3.3.3/lwjgl-jemalloc-3.3.3-natives-linux.jar:/run/media/ashy/Shared/.minecraftx/libraries/org/lwjgl/lwjgl-openal/3.3.3/lwjgl-openal-3.3.3.jar:/run/media/ashy/Shared/.minecraftx/libraries/org/lwjgl/lwjgl-openal/3.3.3/lwjgl-openal-3.3.3-natives-linux.jar:/run/media/ashy/Shared/.minecraftx/libraries/org/lwjgl/lwjgl-opengl/3.3.3/lwjgl-opengl-3.3.3.jar:/run/media/ashy/Shared/.minecraftx/libraries/org/lwjgl/lwjgl-opengl/3.3.3/lwjgl-opengl-3.3.3-natives-linux.jar:/run/media/ashy/Shared/.minecraftx/libraries/org/lwjgl/lwjgl-stb/3.3.3/lwjgl-stb-3.3.3.jar:/run/media/ashy/Shared/.minecraftx/libraries/org/lwjgl/lwjgl-stb/3.3.3/lwjgl-stb-3.3.3-natives-linux.jar:/run/media/ashy/Shared/.minecraftx/libraries/org/lwjgl/lwjgl-tinyfd/3.3.3/lwjgl-tinyfd-3.3.3.jar:/run/media/ashy/Shared/.minecraftx/libraries/org/lwjgl/lwjgl-tinyfd/3.3.3/lwjgl-tinyfd-3.3.3-natives-linux.jar:/run/media/ashy/Shared/.minecraftx/libraries/org/lwjgl/lwjgl/3.3.3/lwjgl-3.3.3.jar:/run/media/ashy/Shared/.minecraftx/libraries/org/lwjgl/lwjgl/3.3.3/lwjgl-3.3.3-natives-linux.jar:/run/media/ashy/Shared/.minecraftx/libraries/org/lz4/lz4-java/1.8.0/lz4-java-1.8.0.jar:/run/media/ashy/Shared/.minecraftx/libraries/org/slf4j/slf4j-api/2.0.9/slf4j-api-2.0.9.jar:/run/media/ashy/Shared/.minecraftx/libraries/net/neoforged/fancymodloader/earlydisplay/4.0.43/earlydisplay-4.0.43.jar:/run/media/ashy/Shared/.minecraftx/libraries/net/neoforged/fancymodloader/loader/4.0.43/loader-4.0.43.jar:/run/media/ashy/Shared/.minecraftx/libraries/net/neoforged/accesstransformers/at-modlauncher/10.0.1/at-modlauncher-10.0.1.jar:/run/media/ashy/Shared/.minecraftx/libraries/net/neoforged/accesstransformers/10.0.1/accesstransformers-10.0.1.jar:/run/media/ashy/Shared/.minecraftx/libraries/net/neoforged/bus/8.0.5/bus-8.0.5.jar:/run/media/ashy/Shared/.minecraftx/libraries/net/neoforged/coremods/7.0.3/coremods-7.0.3.jar:/run/media/ashy/Shared/.minecraftx/libraries/cpw/mods/modlauncher/11.0.5/modlauncher-11.0.5.jar:/run/media/ashy/Shared/.minecraftx/libraries/net/neoforged/mergetool/2.0.0/mergetool-2.0.0-api.jar:/run/media/ashy/Shared/.minecraftx/libraries/com/electronwill/night-config/toml/3.8.3/toml-3.8.3.jar:/run/media/ashy/Shared/.minecraftx/libraries/com/electronwill/night-config/core/3.8.3/core-3.8.3.jar:/run/media/ashy/Shared/.minecraftx/libraries/net/neoforged/JarJarSelector/0.4.1/JarJarSelector-0.4.1.jar:/run/media/ashy/Shared/.minecraftx/libraries/net/neoforged/JarJarMetadata/0.4.1/JarJarMetadata-0.4.1.jar:/run/media/ashy/Shared/.minecraftx/libraries/org/apache/maven/maven-artifact/3.8.5/maven-artifact-3.8.5.jar:/run/media/ashy/Shared/.minecraftx/libraries/net/jodah/typetools/0.6.3/typetools-0.6.3.jar:/run/media/ashy/Shared/.minecraftx/libraries/net/minecrell/terminalconsoleappender/1.3.0/terminalconsoleappender-1.3.0.jar:/run/media/ashy/Shared/.minecraftx/libraries/net/fabricmc/sponge-mixin/0.15.2+mixin.0.8.7/sponge-mixin-0.15.2+mixin.0.8.7.jar:/run/media/ashy/Shared/.minecraftx/libraries/org/openjdk/nashorn/nashorn-core/15.4/nashorn-core-15.4.jar:/run/media/ashy/Shared/.minecraftx/libraries/cpw/mods/bootstraplauncher/2.0.2/bootstraplauncher-2.0.2.jar:/run/media/ashy/Shared/.minecraftx/libraries/cpw/mods/securejarhandler/3.0.8/securejarhandler-3.0.8.jar:/run/media/ashy/Shared/.minecraftx/libraries/org/ow2/asm/asm-commons/9.10.1/asm-commons-9.10.1.jar:/run/media/ashy/Shared/.minecraftx/libraries/org/ow2/asm/asm-util/9.10.1/asm-util-9.10.1.jar:/run/media/ashy/Shared/.minecraftx/libraries/org/ow2/asm/asm-analysis/9.10.1/asm-analysis-9.10.1.jar:/run/media/ashy/Shared/.minecraftx/libraries/org/ow2/asm/asm-tree/9.10.1/asm-tree-9.10.1.jar:/run/media/ashy/Shared/.minecraftx/libraries/org/ow2/asm/asm/9.10.1/asm-9.10.1.jar:/run/media/ashy/Shared/.minecraftx/libraries/net/neoforged/JarJarFileSystems/0.4.1/JarJarFileSystems-0.4.1.jar:/run/media/ashy/Shared/.minecraftx/libraries/org/antlr/antlr4-runtime/4.13.1/antlr4-runtime-4.13.1.jar:/run/media/ashy/Shared/.minecraftx/libraries/org/jline/jline-reader/3.20.0/jline-reader-3.20.0.jar:/run/media/ashy/Shared/.minecraftx/libraries/org/jline/jline-terminal/3.20.0/jline-terminal-3.20.0.jar:/run/media/ashy/Shared/.minecraftx/libraries/net/minecraftforge/srgutils/0.4.15/srgutils-0.4.15.jar:/run/media/ashy/Shared/.minecraftx/libraries/com/google/guava/listenablefuture/9999.0-empty-to-avoid-conflict-with-guava/listenablefuture-9999.0-empty-to-avoid-conflict-with-guava.jar:/run/media/ashy/Shared/.minecraftx/libraries/com/google/code/findbugs/jsr305/3.0.2/jsr305-3.0.2.jar:/run/media/ashy/Shared/.minecraftx/libraries/org/checkerframework/checker-qual/3.33.0/checker-qual-3.33.0.jar:/run/media/ashy/Shared/.minecraftx/libraries/com/google/errorprone/error_prone_annotations/2.18.0/error_prone_annotations-2.18.0.jar:/run/media/ashy/Shared/.minecraftx/libraries/com/google/j2objc/j2objc-annotations/2.8/j2objc-annotations-2.8.jar:/run/media/ashy/Shared/.minecraftx/libraries/org/codehaus/plexus/plexus-utils/3.3.0/plexus-utils-3.3.0.jar:/run/media/ashy/Shared/.minecraftx/libraries/com/machinezoo/noexception/noexception/1.7.1/noexception-1.7.1.jar:/run/media/ashy/Shared/.minecraftx/versions/1.21.1/1.21.1.jar
Launcher Type: SUN_STANDARD

[Global flags]
     intx CICompilerCount                          = 4                                         {product} {ergonomic}
     uint ConcGCThreads                            = 2                                         {product} {ergonomic}
     uint G1ConcRefinementThreads                  = 8                                         {product} {ergonomic}
   size_t G1HeapRegionSize                         = 4194304                                   {product} {ergonomic}
    uintx GCDrainStackTargetSize                   = 64                                        {product} {ergonomic}
   size_t InitialHeapSize                          = 268435456                                 {product} {command line}
   size_t MarkStackSize                            = 4194304                                   {product} {ergonomic}
   size_t MaxHeapSize                              = 8589934592                                {product} {command line}
   size_t MaxNewSize                               = 5150605312                                {product} {ergonomic}
   size_t MinHeapDeltaBytes                        = 4194304                                   {product} {ergonomic}
   size_t MinHeapSize                              = 268435456                                 {product} {command line}
    uintx NonNMethodCodeHeapSize                   = 5839372                                {pd product} {ergonomic}
    uintx NonProfiledCodeHeapSize                  = 122909434                              {pd product} {ergonomic}
    uintx ProfiledCodeHeapSize                     = 122909434                              {pd product} {ergonomic}
    uintx ReservedCodeCacheSize                    = 251658240                              {pd product} {ergonomic}
     bool SegmentedCodeCache                       = true                                      {product} {ergonomic}
   size_t SoftMaxHeapSize                          = 8589934592                             {manageable} {ergonomic}
     bool UseCompressedOops                        = true                           {product lp64_product} {ergonomic}
     bool UseG1GC                                  = true                                      {product} {ergonomic}

Logging:
Log output configuration:
 #0: stdout all=warning uptime,level,tags foldmultilines=false
 #1: stderr all=off uptime,level,tags foldmultilines=false

Environment Variables:
PATH=/usr/bin:/usr/local/sbin:/usr/local/bin:/usr/bin:/opt/android-sdk/platform-tools:/opt/cuda/bin:/usr/bin/site_perl:/usr/bin/vendor_perl:/usr/bin/core_perl:/home/ashy/.local/share/JetBrains/Toolbox/scripts:/opt/android-sdk/platform-tools:/home/ashy/.local/share/JetBrains/Toolbox/scripts
XDG_CACHE_HOME=/home/ashy/.cache
XDG_CONFIG_HOME=/home/ashy/.config
SHELL=/bin/fish
DISPLAY=:0
LANG=en_US.UTF-8
LC_NUMERIC=en_US.UTF-8
LC_TIME=en_US.UTF-8

Active Locale:
LC_ALL=en_US.UTF-8
LC_COLLATE=en_US.UTF-8
LC_CTYPE=en_US.UTF-8
LC_MESSAGES=en_US.UTF-8
LC_MONETARY=en_US.UTF-8
LC_NUMERIC=en_US.UTF-8
LC_TIME=en_US.UTF-8

Signal Handlers:
   SIGSEGV: crash_handler in libjvm.so, mask=11100100010111111101111111111110, flags=SA_RESTART|SA_SIGINFO, unblocked
    SIGBUS: crash_handler in libjvm.so, mask=11100100010111111101111111111110, flags=SA_RESTART|SA_SIGINFO, unblocked
    SIGFPE: crash_handler in libjvm.so, mask=11100100010111111101111111111110, flags=SA_RESTART|SA_SIGINFO, unblocked
   SIGPIPE: javaSignalHandler in libjvm.so, mask=11100100010111111101111111111110, flags=SA_RESTART|SA_SIGINFO, blocked
   SIGXFSZ: javaSignalHandler in libjvm.so, mask=11100100010111111101111111111110, flags=SA_RESTART|SA_SIGINFO, blocked
    SIGILL: crash_handler in libjvm.so, mask=11100100010111111101111111111110, flags=SA_RESTART|SA_SIGINFO, unblocked
   SIGUSR2: SR_handler in libjvm.so, mask=00000000000000000000000000000000, flags=SA_RESTART|SA_SIGINFO, blocked
    SIGHUP: UserHandler in libjvm.so, mask=11100100010111111101111111111110, flags=SA_RESTART|SA_SIGINFO, blocked
    SIGINT: UserHandler in libjvm.so, mask=11100100010111111101111111111110, flags=SA_RESTART|SA_SIGINFO, blocked
   SIGTERM: UserHandler in libjvm.so, mask=11100100010111111101111111111110, flags=SA_RESTART|SA_SIGINFO, blocked
   SIGQUIT: UserHandler in libjvm.so, mask=11100100010111111101111111111110, flags=SA_RESTART|SA_SIGINFO, blocked
   SIGTRAP: crash_handler in libjvm.so, mask=11100100010111111101111111111110, flags=SA_RESTART|SA_SIGINFO, unblocked


Periodic native trim disabled

---------------  S Y S T E M  ---------------

OS:
DISTRIB_ID=cachyos
DISTRIB_RELEASE="rolling"
DISTRIB_DESCRIPTION="CachyOS"
uname: Linux 7.1.8-1-cachyos #1 SMP PREEMPT_DYNAMIC Tue, 11 Aug 2026 14:27:10 +0000 x86_64
OS uptime: 0 days 9:42 hours
libc: glibc 2.44 NPTL 2.44 
rlimit (soft/hard): STACK 8192k/infinity , CORE infinity/infinity , NPROC 45817/45817 , NOFILE 1048576/1048576 , AS infinity/infinity , CPU infinity/infinity , DATA infinity/infinity , FSIZE infinity/infinity , MEMLOCK 8192k/8192k
load average: 3.38 1.89 1.88

/proc/meminfo:
MemTotal:       12041768 kB
MemFree:         2100916 kB
MemAvailable:    4708272 kB
Buffers:           10460 kB
Cached:          4021408 kB
SwapCached:       112040 kB
Active:          2385584 kB
Inactive:        5040180 kB
Active(anon):    1977192 kB
Inactive(anon):  2671704 kB
Active(file):     408392 kB
Inactive(file):  2368476 kB
Unevictable:      440452 kB
Mlocked:           14124 kB
SwapTotal:      28818424 kB
SwapFree:       23975916 kB
Zswap:                 0 kB
Zswapped:              0 kB
Dirty:              3492 kB
Writeback:             0 kB
AnonPages:       3832044 kB
Mapped:           926380 kB
Shmem:            867160 kB
KReclaimable:     143144 kB
Slab:             412196 kB
SReclaimable:     143144 kB
SUnreclaim:       269052 kB
KernelStack:       29872 kB
PageTables:        78828 kB
SecPageTables:      2056 kB
NFS_Unstable:          0 kB
Bounce:                0 kB
WritebackTmp:          0 kB
CommitLimit:    34839308 kB
Committed_AS:   27319892 kB
VmallocTotal:   34359738367 kB
VmallocUsed:      293432 kB
VmallocChunk:          0 kB
Percpu:             7360 kB
HardwareCorrupted:     0 kB
AnonHugePages:    208896 kB
ShmemHugePages:   118784 kB
ShmemPmdMapped:        0 kB
FileHugePages:    186368 kB
FilePmdMapped:    169984 kB
CmaTotal:              0 kB
CmaFree:               0 kB
Unaccepted:            0 kB
Balloon:               0 kB
GPUActive:             0 kB
GPUReclaim:            0 kB
HugePages_Total:       0
HugePages_Free:        0
HugePages_Rsvd:        0
HugePages_Surp:        0
Hugepagesize:       2048 kB
Hugetlb:               0 kB
DirectMap4k:     6913812 kB
DirectMap2M:     5470208 kB
DirectMap1G:     2097152 kB

/sys/kernel/mm/transparent_hugepage/enabled: [always] madvise never
/sys/kernel/mm/transparent_hugepage/hpage_pmd_size: 2097152
/sys/kernel/mm/transparent_hugepage/defrag (defrag/compaction efforts parameter): always defer [defer+madvise] madvise never

Process Memory:
Virtual Size: 10819548K (peak: 10885080K)
Resident Set Size: 2111820K (peak: 2111820K) (anon: 2004244K, file: 107528K, shmem: 48K)
Swapped out: 0K
C-Heap outstanding allocations: 153747K, retained: 61376K
glibc malloc tunables: (default)

/proc/sys/kernel/threads-max (system-wide limit on the number of threads): 91634
/proc/sys/vm/max_map_count (maximum number of memory map areas a process may have): 1048576
/proc/sys/vm/swappiness (control to define how aggressively the kernel swaps out anonymous memory): 150
/proc/sys/kernel/pid_max (system-wide limit on number of process identifiers): 4194304

container information not found.
Steal ticks since vm start: 0
Steal ticks percentage since vm start:  0.000

CPU: total 8 (initial active 8) (4 cores per cpu, 2 threads per core) family 6 model 126 stepping 5 microcode 0xce, cx8, cmov, fxsr, ht, mmx, 3dnowpref, sse, sse2, sse3, ssse3, sse4.1, sse4.2, popcnt, lzcnt, tsc, tscinvbit, avx, avx2, aes, erms, clmul, bmi1, bmi2, adx, avx512f, avx512dq, avx512cd, avx512bw, avx512vl, sha, fma, vzeroupper, avx512_vpopcntdq, avx512_vpclmulqdq, avx512_vaes, avx512_vnni, clflush, clflushopt, avx512_vbmi2, avx512_vbmi, rdtscp, rdpid, fsrm, gfni, avx512_bitalg, f16c, pku, ospke, avx512_ifma
CPU Model and flags from /proc/cpuinfo:
model name	: Intel(R) Core(TM) i5-1035G1 CPU @ 1.00GHz
flags		: fpu vme de pse tsc msr pae mce cx8 apic sep mtrr pge mca cmov pat pse36 clflush dts acpi mmx fxsr sse sse2 ss ht tm pbe syscall nx pdpe1gb rdtscp lm constant_tsc art arch_perfmon pebs bts rep_good nopl xtopology nonstop_tsc cpuid aperfmperf tsc_known_freq pni pclmulqdq dtes64 monitor ds_cpl vmx est tm2 ssse3 sdbg fma cx16 xtpr pdcm pcid sse4_1 sse4_2 x2apic movbe popcnt tsc_deadline_timer aes xsave avx f16c rdrand lahf_lm abm 3dnowprefetch cpuid_fault epb ssbd ibrs ibpb stibp ibrs_enhanced tpr_shadow flexpriority ept vpid ept_ad fsgsbase tsc_adjust bmi1 avx2 smep bmi2 erms invpcid avx512f avx512dq rdseed adx smap avx512ifma clflushopt intel_pt avx512cd sha_ni avx512bw avx512vl xsaveopt xsavec xgetbv1 xsaves split_lock_detect dtherm ida arat pln pts hwp hwp_notify hwp_act_window hwp_epp hwp_pkg_req vnmi avx512vbmi umip pku ospke avx512_vbmi2 gfni vaes vpclmulqdq avx512_vnni avx512_bitalg avx512_vpopcntdq rdpid fsrm md_clear flush_l1d arch_capabilities

Online cpus: 0-7
Offline cpus: 
BIOS frequency limitation: <Not Available>
Frequency switch latency (ns): 0
Available cpu frequencies: <Not Available>
Current governor: powersave
Core performance/turbo boost: <Not Available>

Memory: 4k page, physical 12041768k(4708272k free), swap 28818424k(23975916k free)
Page Sizes: 4k

vm_info: OpenJDK 64-Bit Server VM (21.0.7+6-LTS) for linux-amd64 JRE (21.0.7+6-LTS), built on 2025-04-09T22:25:01Z by "MicrosoftCorporation" with gcc 11.3.0

END.
