#
# A fatal error has been detected by the Java Runtime Environment:
#
#  SIGBUS (0x7) at pc=0x00007f90c26e1d5b, pid=102249, tid=102810
#
# JRE version: OpenJDK Runtime Environment Microsoft-11369942 (21.0.7+6) (build 21.0.7+6-LTS)
# Java VM: OpenJDK 64-Bit Server VM Microsoft-11369942 (21.0.7+6-LTS, mixed mode, tiered, compressed oops, compressed class ptrs, g1 gc, linux-amd64)
# Problematic frame:
# C  [libnvidia-glcore.so.580.173.02+0xae1d5b]
#
# Core dump will be written. Default location: Core dumps may be processed with "/usr/lib/systemd/systemd-coredump %P %u %g %s %t %c %h %d %F %I" (or dumping to /run/media/ashy/Shared/.minecraftx/instances/Gearfall Dev/core.102249)
#
# If you would like to submit a bug report, please visit:
#   https://aka.ms/minecraftjavacrashes
# The crash happened outside the Java Virtual Machine in native code.
# See problematic frame for where to report the bug.
#

---------------  S U M M A R Y ------------

Command Line: -Xms256M -Xmx8192M -javaagent:/run/media/ashy/Shared/.minecraftx/libraries/org/to2mbn/authlibinjector/1.2.8/authlibinjector-1.2.8.jar=http://localhost:25555/yggdrasil -Dauthlibinjector.side=client -Djava.library.path=/run/media/ashy/Shared/.minecraftx/versions/neoforge-21.1.248/neoforge-21.1.248-natives -Djna.tmpdir=/run/media/ashy/Shared/.minecraftx/versions/neoforge-21.1.248/neoforge-21.1.248-natives -Dorg.lwjgl.system.SharedLibraryExtractPath=/run/media/ashy/Shared/.minecraftx/versions/neoforge-21.1.248/neoforge-21.1.248-natives -Dio.netty.native.workdir=/run/media/ashy/Shared/.minecraftx/versions/neoforge-21.1.248/neoforge-21.1.248-natives -Dminecraft.launcher.brand=X Minecraft Launcher (0.65.1) -Dminecraft.launcher.version=X Minecraft Launcher (0.65.1) -Djava.net.preferIPv6Addresses=system -DignoreList=client-extra,1.21.1.jar -DlibraryDirectory=/run/media/ashy/Shared/.minecraftx/libraries --module-path=/run/media/ashy/Shared/.minecraftx/libraries/cpw/mods/bootstraplauncher/2.0.2/bootstraplauncher-2.0.2.jar:/run/media/ashy/Shared/.minecraftx/libraries/cpw/mods/securejarhandler/3.0.8/securejarhandler-3.0.8.jar:/run/media/ashy/Shared/.minecraftx/libraries/org/ow2/asm/asm-commons/9.10.1/asm-commons-9.10.1.jar:/run/media/ashy/Shared/.minecraftx/libraries/org/ow2/asm/asm-util/9.10.1/asm-util-9.10.1.jar:/run/media/ashy/Shared/.minecraftx/libraries/org/ow2/asm/asm-analysis/9.10.1/asm-analysis-9.10.1.jar:/run/media/ashy/Shared/.minecraftx/libraries/org/ow2/asm/asm-tree/9.10.1/asm-tree-9.10.1.jar:/run/media/ashy/Shared/.minecraftx/libraries/org/ow2/asm/asm/9.10.1/asm-9.10.1.jar:/run/media/ashy/Shared/.minecraftx/libraries/net/neoforged/JarJarFileSystems/0.4.1/JarJarFileSystems-0.4.1.jar --add-modules=ALL-MODULE-PATH --add-opens=java.base/java.util.jar=cpw.mods.securejarhandler --add-opens=java.base/java.lang.invoke=cpw.mods.securejarhandler --add-exports=java.base/sun.security.util=cpw.mods.securejarhandler --add-exports=jdk.naming.dns/com.sun.jndi.dns=java.naming -Dauthlibinjector.debug cpw.mods.bootstraplauncher.BootstrapLauncher --username Ashy --version neoforge-21.1.248 --gameDir /run/media/ashy/Shared/.minecraftx/instances/Gearfall Dev --assetsDir /run/media/ashy/Shared/.minecraftx/assets --assetIndex 818f68d092986c6933366762f435889884c36a52 --uuid 68af5072-46a5-387f-ac5e-a6b3c47d6c3f --accessToken 312fe0f7e11246c0ad43c7ad38157740 --clientId ${clientid} --xuid ${auth_xuid} --userType msa --versionType release --fml.neoForgeVersion 21.1.248 --fml.fmlVersion 4.0.43 --fml.mcVersion 1.21.1 --fml.neoFormVersion 20240808.144430 --launchTarget forgeclient --fullscreen

Host: Intel(R) Core(TM) i5-1035G1 CPU @ 1.00GHz, 8 cores, 11G, CachyOS
Time: Thu Aug 27 15:01:44 2026 +0530 elapsed time: 2545.938737 seconds (0d 0h 42m 25s)

---------------  T H R E A D  ---------------

Current thread (0x00007f91049a85e0):  JavaThread "Render thread"        [_thread_in_native, id=102810, stack(0x00007f90b9d7a000,0x00007f90b9e7a000) (1024K)]

Stack: [0x00007f90b9d7a000,0x00007f90b9e7a000],  sp=0x00007f90b9e77710,  free space=1013k
Native frames: (J=compiled Java code, j=interpreted, Vv=VM code, C=native code)
C  [libnvidia-glcore.so.580.173.02+0xae1d5b]
Java frames: (J=compiled Java code, j=interpreted, Vv=VM code)
J 26001  org.lwjgl.opengl.GL11C.nglDrawElements(IIIJ)V org.lwjgl.opengl@3.3.3+5 (0 bytes) @ 0x00007f90f9e2d202 [0x00007f90f9e2d1a0+0x0000000000000062]
J 110538 c2 com.mojang.blaze3d.vertex.VertexBuffer._drawWithShader(Lorg/joml/Matrix4f;Lorg/joml/Matrix4f;Lnet/minecraft/client/renderer/ShaderInstance;)V minecraft@1.21.1 (29 bytes) @ 0x00007f90fba56500 [0x00007f90fba56340+0x00000000000001c0]
J 63356 c2 com.mojang.blaze3d.vertex.BufferUploader.drawWithShader(Lcom/mojang/blaze3d/vertex/MeshData;)V minecraft@1.21.1 (23 bytes) @ 0x00007f90f95e5258 [0x00007f90f95e5060+0x00000000000001f8]
J 115953 c2 net.minecraft.client.particle.ParticleEngine.render(Lnet/minecraft/client/renderer/LightTexture;Lnet/minecraft/client/Camera;FLnet/minecraft/client/renderer/culling/Frustum;Ljava/util/function/Predicate;)V minecraft@1.21.1 (367 bytes) @ 0x00007f90fba72974 [0x00007f90fba721c0+0x00000000000007b4]
J 116035 c2 net.minecraft.client.renderer.LevelRenderer.renderLevel(Lnet/minecraft/client/DeltaTracker;ZLnet/minecraft/client/Camera;Lnet/minecraft/client/renderer/GameRenderer;Lnet/minecraft/client/renderer/LightTexture;Lorg/joml/Matrix4f;Lorg/joml/Matrix4f;)V minecraft@1.21.1 (3839 bytes) @ 0x00007f90fc1a4c88 [0x00007f90fc1a1000+0x0000000000003c88]
J 78048 c2 net.minecraft.client.renderer.GameRenderer.renderLevel(Lnet/minecraft/client/DeltaTracker;)V minecraft@1.21.1 (776 bytes) @ 0x00007f90fb35e5d4 [0x00007f90fb35cc80+0x0000000000001954]
J 67281 c2 net.minecraft.client.renderer.GameRenderer.render(Lnet/minecraft/client/DeltaTracker;Z)V minecraft@1.21.1 (1231 bytes) @ 0x00007f90fae84518 [0x00007f90fae829c0+0x0000000000001b58]
J 115514 c2 net.minecraft.client.Minecraft.runTick(Z)V minecraft@1.21.1 (1253 bytes) @ 0x00007f90fa9d3894 [0x00007f90fa9d1960+0x0000000000001f34]
J 103377% c2 net.minecraft.client.Minecraft.run()V minecraft@1.21.1 (255 bytes) @ 0x00007f90f8f6dd54 [0x00007f90f8f6db00+0x0000000000000254]
j  me.decce.ixeris.RenderThreadStarter+0x00000008010dc000.run()V+13 ixeris@4.5.2+1.21.1-neoforge
j  java.lang.Thread.runWith(Ljava/lang/Object;Ljava/lang/Runnable;)V+5 java.base@21.0.7
j  java.lang.Thread.run()V+19 java.base@21.0.7
v  ~StubRoutines::call_stub 0x00007f90f8937cc6

siginfo: si_signo: 7 (SIGBUS), si_code: 2 (BUS_ADRERR), si_addr: 0x00007f90488c5000

Registers:
RAX=0x00007f908a562fc0, RBX=0x0000000000000000, RCX=0x00007f90488c4850, RDX=0x00007f90488c5010
RSP=0x00007f90b9e77710, RBP=0x00007f90488db850, RSI=0x00007f90488c5050, RDI=0x0000000041c9dfb0
R8 =0x00007f908a4fc000, R9 =0x000000000007e000, R10=0x0000000000000000, R11=0x0000000000000000
R12=0x000000000007d7ff, R13=0x000000000007d000, R14=0x00007f908a4fc000, R15=0x00007f90d0334ef0
RIP=0x00007f90c26e1d5b, EFLAGS=0x0000000000010206, CSGSFS=0x002b000000000033, ERR=0x0000000000000004
  TRAPNO=0x000000000000000e

XMM[0]=0x0000000000000000 0x0000000000000000
XMM[1]=0x0000000000000000 0x0000000000000000
XMM[2]=0x0000000000000000 0x0000000000000000
XMM[3]=0x00400000003fffe0 0x0000000000000000
XMM[4]=0x00007f903d5a0120 0x0000000000000000
XMM[5]=0x0000000000000000 0x0000000000000000
XMM[6]=0x0000000000000000 0x0000000000000000
XMM[7]=0x0000000000000054 0x0000000000000000
XMM[8]=0x0000000000000000 0x000000003f68a000
XMM[9]=0x0000000000000000 0x00000000bb903a64
XMM[10]=0x0000000000000000 0x000000003ffd5311
XMM[11]=0x0000000000000000 0x000000003c4c034f
XMM[12]=0x0000000000000000 0x000000003fff2d04
XMM[13]=0x0000000000000000 0x00000000bfa75907
XMM[14]=0x0000000000000000 0x00000000bfaa8915
XMM[15]=0x8000000080000000 0x800000003f45998d
  MXCSR=0x00001fbf


Register to memory mapping:

RAX=0x00007f908a562fc0 points into unknown readable memory: 0x0000000000000000 | 00 00 00 00 00 00 00 00
RBX=0x0 is null
RCX=0x00007f90488c4850 points into unknown readable memory: 0xff707070ff707070 | 70 70 70 ff 70 70 70 ff
RDX=0x00007f90488c5010 is an unknown value
RSP=0x00007f90b9e77710 is pointing into the stack for thread: 0x00007f91049a85e0
RBP=0x00007f90488db850 points into unknown readable memory: 0x00d0cc5f00d0cc5f | 5f cc d0 00 5f cc d0 00
RSI=0x00007f90488c5050 is an unknown value
RDI=0x0000000041c9dfb0 is an unknown value
R8 =0x00007f908a4fc000 points into unknown readable memory: 0xffb3b3b3ff414141 | 41 41 41 ff b3 b3 b3 ff
R9 =0x000000000007e000 is an unknown value
R10=0x0 is null
R11=0x0 is null
R12=0x000000000007d7ff is an unknown value
R13=0x000000000007d000 is an unknown value
R14=0x00007f908a4fc000 points into unknown readable memory: 0xffb3b3b3ff414141 | 41 41 41 ff b3 b3 b3 ff
R15=0x00007f90d0334ef0 points into unknown readable memory: 0x0000000000000400 | 00 04 00 00 00 00 00 00

Top of Stack: (sp=0x00007f90b9e77710)
0x00007f90b9e77710:   000000000000003f 000000000000003f
0x00007f90b9e77720:   00007f908a4fc000 000000000007e000
0x00007f90b9e77730:   0000000000002000 00007f90c262e84e
0x00007f90b9e77740:   0000000000000000 0000000000000000
0x00007f90b9e77750:   00007f90b9e777b0 0000000000000000
0x00007f90b9e77760:   00007f908a4fc000 000003d10000042f
0x00007f90b9e77770:   0000200000000001 0000000000000800
0x00007f90b9e77780:   0000003f00000000 00007f90d033bb88
0x00007f90b9e77790:   0000000000000010 0000000000000010
0x00007f90b9e777a0:   0000000f00000000 0000000100000000
0x00007f90b9e777b0:   000000000ae00000 0000080000000000
0x00007f90b9e777c0:   0000000100000800 0000000000000002
0x00007f90b9e777d0:   0000080000000800 0000000000000001
0x00007f90b9e777e0:   0000000000000004 0000000000000001
0x00007f90b9e777f0:   0000000000000000 0000000000000000
0x00007f90b9e77800:   0000000000000000 0000000000000000
0x00007f90b9e77810:   0000000000000000 0000000000000000
0x00007f90b9e77820:   0000000000000000 0000000000000000
0x00007f90b9e77830:   0000000000000000 0000000000000004
0x00007f90b9e77840:   0000000000000006 0000000000000000
0x00007f90b9e77850:   0000000000000000 0000000000000000
0x00007f90b9e77860:   0000000000000000 0000000000000000
0x00007f90b9e77870:   0000000000000000 0000000000000000
0x00007f90b9e77880:   0000000000000000 0000000000000091
0x00007f90b9e77890:   000000000c572070 0000000000002000
0x00007f90b9e778a0:   0000000000000000 0000000000000001
0x00007f90b9e778b0:   0000000000000000 0000000000000000
0x00007f90b9e778c0:   0000000000000000 0000000000000000
0x00007f90b9e778d0:   0000000000000000 0000000000000000
0x00007f90b9e778e0:   0000000000000000 0000000000000000
0x00007f90b9e778f0:   0000000000000000 0000000000000000
0x00007f90b9e77900:   0000000000000000 0000000000000000 

Instructions: (pc=0x00007f90c26e1d5b)
0x00007f90c26e1c5b:   49 8d 50 f0 48 89 ce 48 29 ca 48 85 c0 74 17 66
0x00007f90c26e1c6b:   0f 1f 44 00 00 0f 10 06 48 83 c6 10 0f 11 04 32
0x00007f90c26e1c7b:   48 83 e8 01 75 ef 49 01 d8 48 01 d9 4d 85 db 74
0x00007f90c26e1c8b:   80 e9 51 ff ff ff 0f 1f 80 00 00 00 00 0f 10 12
0x00007f90c26e1c9b:   0f 10 4a 10 48 83 c2 40 48 83 c0 40 0f 10 42 e0
0x00007f90c26e1cab:   0f 10 62 f0 0f 29 50 c0 0f 29 60 f0 0f 29 48 d0
0x00007f90c26e1cbb:   0f 29 40 e0 48 39 d6 75 d4 e9 a3 fe ff ff 48 85
0x00007f90c26e1ccb:   d2 0f 84 a7 00 00 00 48 85 c0 74 aa 49 8d 50 f0
0x00007f90c26e1cdb:   48 89 ce 48 29 ca 0f 1f 80 00 00 00 00 0f 28 06
0x00007f90c26e1ceb:   48 83 c6 10 0f 11 04 32 48 83 e8 01 75 ef eb 86
0x00007f90c26e1cfb:   0f 1f 44 00 00 48 85 d2 48 89 ca 74 40 0f 1f 84
0x00007f90c26e1d0b:   00 00 00 00 00 0f 28 12 0f 28 4a 10 48 83 c2 40
0x00007f90c26e1d1b:   48 83 c0 40 0f 28 42 e0 0f 28 6a f0 0f 11 50 c0
0x00007f90c26e1d2b:   0f 11 68 f0 0f 11 48 d0 0f 11 40 e0 48 39 d6 75
0x00007f90c26e1d3b:   d4 e9 2b fe ff ff 0f 1f 80 00 00 00 00 0f 28 12
0x00007f90c26e1d4b:   0f 28 4a 10 48 83 c2 40 48 83 c0 40 0f 28 42 e0
0x00007f90c26e1d5b:   0f 28 72 f0 0f 29 50 c0 0f 29 70 f0 0f 29 48 d0
0x00007f90c26e1d6b:   0f 29 40 e0 48 39 d6 75 d4 e9 f3 fd ff ff 48 85
0x00007f90c26e1d7b:   c0 0f 84 ff fe ff ff 49 8d 50 f0 48 89 ce 48 29
0x00007f90c26e1d8b:   ca 0f 1f 40 00 0f 28 06 48 83 c6 10 0f 29 04 32
0x00007f90c26e1d9b:   48 83 e8 01 75 ef e9 db fe ff ff 48 85 c0 0f 84
0x00007f90c26e1dab:   d2 fe ff ff 49 8d 50 f0 48 89 ce 48 29 ca 0f 1f
0x00007f90c26e1dbb:   80 00 00 00 00 0f 10 06 48 83 c6 10 0f 29 04 32
0x00007f90c26e1dcb:   48 83 e8 01 75 ef e9 ab fe ff ff 66 2e 0f 1f 84
0x00007f90c26e1ddb:   00 00 00 00 00 48 89 f9 53 83 e1 0f 0f 85 93 01
0x00007f90c26e1deb:   00 00 40 f6 c6 0f 0f 84 a9 00 00 00 48 83 fa 3f
0x00007f90c26e1dfb:   0f 86 3f 02 00 00 48 8d 42 c0 48 83 e0 c0 48 8d
0x00007f90c26e1e0b:   48 40 48 89 f0 4c 8d 14 0f 0f 1f 40 00 0f 10 50
0x00007f90c26e1e1b:   10 0f 10 48 20 48 83 c7 40 48 83 c0 40 0f 10 40
0x00007f90c26e1e2b:   f0 0f 10 58 c0 0f 2b 57 d0 0f 2b 5f c0 0f 2b 4f
0x00007f90c26e1e3b:   e0 0f 2b 47 f0 4c 39 d7 75 d3 48 01 ce 83 e2 3f
0x00007f90c26e1e4b:   48 83 fa 0f 76 3a 48 89 f7 4c 89 d1 4d 8d 04 12 


Stack slot to memory mapping:

stack at sp + 0 slots: 0x000000000000003f is an unknown value
stack at sp + 1 slots: 0x000000000000003f is an unknown value
stack at sp + 2 slots: 0x00007f908a4fc000 points into unknown readable memory: 0xffb3b3b3ff414141 | 41 41 41 ff b3 b3 b3 ff
stack at sp + 3 slots: 0x000000000007e000 is an unknown value
stack at sp + 4 slots: 8192 is a compressed pointer to class: 0x0000000800002000
jdk.internal.module.ModuleInfo {0x0000000800002000}
 - instance size:     3
 - klass size:        64
 - access:            public final synchronized 
 - flags:             rewritten has_nonstatic_fields has_localvariable_table 
 - state:             fully_initialized
 - name:              'jdk/internal/module/ModuleInfo'
 - super:             'java/lang/Object'
 - sub:               
 - arrays:            null
 - methods:           Array<T>(0x00007f90c4567bf0)
 - method ordering:   Array<T>(0x00007f90c4000018)
 - local interfaces:  Array<T>(0x00007f90c4000058)
 - trans. interfaces: Array<T>(0x00007f90c4000058)
 - constants:         constant pool [665] {0x00007f90c4566560} for 'jdk/internal/module/ModuleInfo' cache=0x00007f90c456a0b0
 - class loader data:  loader data: 0x00007f91040d5d70 of 'bootstrap'
 - source file:       'ModuleInfo.java'
 - inner classes:     Array<T>(0x00007f90c4569fc8)
 - nest members:     Array<T>(0x00007f90c456a058)
 - permitted subclasses:     Array<T>(0x00007f90c4000028)
 - java mirror:       a 'java/lang/Class'{0x000000060f559278} = 'jdk/internal/module/ModuleInfo'
 - vtable length      5  (start addr: 0x00000008000021c0)
 - itable length      2 (start addr: 0x00000008000021e8)
 - ---- static fields (2 words):
 - private static final 'JLMA' 'Ljdk/internal/access/JavaLangModuleAccess;' @112 
 - private static volatile 'predefinedNotAllowed' 'Ljava/util/Set;' @116 
 - static final synthetic '$assertionsDisabled' 'Z' @120 
 - ---- non-static fields (2 words):
 - private final 'parseHashes' 'Z' @12 
 - private final 'packageFinder' 'Ljava/util/function/Supplier;' @16 
 - non-static oop maps: 16-16 
stack at sp + 5 slots: 0x00007f90c262e84e: <offset 0x0000000000a2e84e> in /usr/lib/libnvidia-glcore.so.580.173.02 at 0x00007f90c1c00000
stack at sp + 6 slots: 0x0 is null
stack at sp + 7 slots: 0x0 is null


Compiled method (n/a) 2545973 26001     n 0       org.lwjgl.opengl.GL11C::nglDrawElements (native)
 total in heap  [0x00007f90f9e2d010,0x00007f90f9e2d380] = 880
 relocation     [0x00007f90f9e2d168,0x00007f90f9e2d1a0] = 56
 main code      [0x00007f90f9e2d1a0,0x00007f90f9e2d376] = 470
 stub code      [0x00007f90f9e2d376,0x00007f90f9e2d378] = 2
 oops           [0x00007f90f9e2d378,0x00007f90f9e2d380] = 8

[Constant Pool (empty)]

[MachCode]
[Entry Point]
  # {method} {0x00007f90c62b8848} 'nglDrawElements' '(IIIJ)V' in 'org/lwjgl/opengl/GL11C'
  # parm0:    rsi       = int
  # parm1:    rdx       = int
  # parm2:    rcx       = int
  # parm3:    r8:r8     = long
  #           [sp+0x50]  (sp of caller)
  0x00007f90f9e2d1a0: 448b 5608 | 49bb 0000 | 0000 0800 | 0000 4d03 | d349 3bc2 | 0f84 0600 

  0x00007f90f9e2d1b8: ;   {runtime_call ic_miss_stub}
  0x00007f90f9e2d1b8: 0000 e9c1 | 80b5 fe90 
[Verified Entry Point]
  0x00007f90f9e2d1c0: 8984 2400 | c0fe ff55 | 488b ec48 | 83ec 4090 | 4181 7f20 | d100 0000 

  0x00007f90f9e2d1d8: ;   {runtime_call StubRoutines (final stubs)}
  0x00007f90f9e2d1d8: 7405 e841 | 00b4 fe4d | 8bc8 4c8b | c148 8bca 

  0x00007f90f9e2d1e8: ;   {oop(a 'java/lang/Class'{0x000000061843d9f8} = 'org/lwjgl/opengl/GL11C')}
  0x00007f90f9e2d1e8: 488b d649 | bef8 d943 | 1806 0000 | 004c 8974 | 2430 4c8d | 7424 3049 | 8bf6 c5f8 

  0x00007f90f9e2d204: ;   {internal_word}
  0x00007f90f9e2d204: 7749 ba02 | d2e2 f990 | 7f00 004d | 8997 a003 | 0000 4989 | a798 0300 

  0x00007f90f9e2d21c: ;   {external_word}
  0x00007f90f9e2d21c: 0080 3d69 | 2d18 1000 | 0f84 3c00 | 0000 5652 | 5141 5041 

  0x00007f90f9e2d230: ;   {metadata({method} {0x00007f90c62b8848} 'nglDrawElements' '(IIIJ)V' in 'org/lwjgl/opengl/GL11C')}
  0x00007f90f9e2d230: 5148 be48 | 882b c690 | 7f00 0049 | 8bff 40f6 | c40f 0f84 | 1200 0000 | 4883 ec08 

  0x00007f90f9e2d24c: ;   {runtime_call SharedRuntime::dtrace_method_entry(JavaThread*, Method*)}
  0x00007f90f9e2d24c: e82f 90a1 | 0f48 83c4 | 08e9 0500 

  0x00007f90f9e2d258: ;   {runtime_call SharedRuntime::dtrace_method_entry(JavaThread*, Method*)}
  0x00007f90f9e2d258: 0000 e821 | 90a1 0f41 | 5941 5859 | 5a5e 498d | bfb8 0300 | 0041 c787 | 4404 0000 | 0400 0000 
  0x00007f90f9e2d278: ;   {runtime_call Java_org_lwjgl_opengl_GL11C_nglDrawElements}
  0x00007f90f9e2d278: e813 7885 | d2c5 f877 | 41c7 8744 | 0400 0005 | 0000 00f0 | 8344 24c0 | 0049 3baf | 4804 0000 
  0x00007f90f9e2d298: 0f87 0e00 | 0000 4183 | bf40 0400 | 0000 0f84 | 1c00 0000 | c5f8 7749 | 8bff 4c8b | e448 83ec 
  0x00007f90f9e2d2b8: 0048 83e4 

  0x00007f90f9e2d2bc: ;   {runtime_call JavaThread::check_special_condition_for_native_trans(JavaThread*)}
  0x00007f90f9e2d2bc: f0e8 def6 | 570f 498b | e44d 33e4 | 41c7 8744 | 0400 0008 | 0000 0041 | 83bf c004 | 0000 020f 
  0x00007f90f9e2d2dc: 8477 0000 

  0x00007f90f9e2d2e0: ;   {external_word}
  0x00007f90f9e2d2e0: 0080 3da5 | 2c18 1000 | 0f84 2e00 

  0x00007f90f9e2d2ec: ;   {metadata({method} {0x00007f90c62b8848} 'nglDrawElements' '(IIIJ)V' in 'org/lwjgl/opengl/GL11C')}
  0x00007f90f9e2d2ec: 0000 48be | 4888 2bc6 | 907f 0000 | 498b ff40 | f6c4 0f0f | 8412 0000 | 0048 83ec 

  0x00007f90f9e2d308: ;   {runtime_call SharedRuntime::dtrace_method_exit(JavaThread*, Method*)}
  0x00007f90f9e2d308: 08e8 6290 | a10f 4883 | c408 e905 

  0x00007f90f9e2d314: ;   {runtime_call SharedRuntime::dtrace_method_exit(JavaThread*, Method*)}
  0x00007f90f9e2d314: 0000 00e8 | 5490 a10f | 49c7 8798 | 0300 0000 | 0000 0049 | c787 a003 | 0000 0000 | 0000 c5f8 
  0x00007f90f9e2d334: 7749 8b8f | 2804 0000 | c781 0001 | 0000 0000 | 0000 c949 | 837f 0800 | 0f85 0100 

  0x00007f90f9e2d350: ;   {runtime_call StubRoutines (initial stubs)}
  0x00007f90f9e2d350: 0000 c3e9 | a8a8 b0fe | c5f8 774c | 8be4 4883 | ec00 4883 

  0x00007f90f9e2d364: ;   {runtime_call SharedRuntime::reguard_yellow_pages()}
  0x00007f90f9e2d364: e4f0 e8e5 | 9fa1 0f49 | 8be4 4d33 | e4e9 6bff | ffff f4f4 
[/MachCode]


Compiled method (c2) 2545985 110538       4       com.mojang.blaze3d.vertex.VertexBuffer::_drawWithShader (29 bytes)
 total in heap  [0x00007f90fba56010,0x00007f90fba58180] = 8560
 relocation     [0x00007f90fba56168,0x00007f90fba56340] = 472
 main code      [0x00007f90fba56340,0x00007f90fba571b8] = 3704
 stub code      [0x00007f90fba571b8,0x00007f90fba57278] = 192
 oops           [0x00007f90fba57278,0x00007f90fba572a8] = 48
 metadata       [0x00007f90fba572a8,0x00007f90fba57480] = 472
 scopes data    [0x00007f90fba57480,0x00007f90fba57b58] = 1752
 scopes pcs     [0x00007f90fba57b58,0x00007f90fba57ee8] = 912
 dependencies   [0x00007f90fba57ee8,0x00007f90fba57f70] = 136
 handler table  [0x00007f90fba57f70,0x00007f90fba58108] = 408
 nul chk table  [0x00007f90fba58108,0x00007f90fba58180] = 120

[Constant Pool (empty)]

[MachCode]
[Entry Point]
  # {method} {0x00007f90a94b1870} '_drawWithShader' '(Lorg/joml/Matrix4f;Lorg/joml/Matrix4f;Lnet/minecraft/client/renderer/ShaderInstance;)V' in 'com/mojang/blaze3d/vertex/VertexBuffer'
  # this:     rsi:rsi   = 'com/mojang/blaze3d/vertex/VertexBuffer'
  # parm0:    rdx:rdx   = 'org/joml/Matrix4f'
  # parm1:    rcx:rcx   = 'org/joml/Matrix4f'
  # parm2:    r8:r8     = 'net/minecraft/client/renderer/ShaderInstance'
  #           [sp+0x50]  (sp of caller)
  0x00007f90fba56340: 448b 5608 | 49bb 0000 | 0000 0800 | 0000 4d03 | d349 3bc2 

  0x00007f90fba56354: ;   {runtime_call ic_miss_stub}
  0x00007f90fba56354: 0f85 26ef | f2fc 6690 | 0f1f 4000 
[Verified Entry Point]
  0x00007f90fba56360: 8984 2400 | c0fe ff55 | 4883 ec40 | 4181 7f20 | d100 0000 | 0f85 2e0e | 0000 4c8b | d148 8bca 
  0x00007f90fba56380: ;   {oop(a 'java/lang/Class'{0x000000061f5476e8} = 'net/minecraft/client/Minecraft')}
  0x00007f90fba56380: 49bb e876 | 541f 0600 | 0000 458b | 5b70 478b | 8cdc a400 | 0000 8b6e | 3445 8b58 | 0844 895c 
  0x00007f90fba563a0: 2410 4889 | 7424 084c | 8904 2449 | c1e1 0348 | 8bd5 48c1 | e203 4d8b | 9f80 0300 | 0049 8b2b 
  0x00007f90fba563c0: 498b f04d 

  0x00007f90fba563c4: ;   {optimized virtual_call}
  0x00007f90fba563c4: 8bc2 90e8 

  0x00007f90fba563c8: ; ImmutableOopMap {rbp=Oop [0]=Oop [8]=Oop }
                      ;*invokevirtual setDefaultUniforms {reexecute=0 rethrow=0 return_oop=0}
                      ; - com.mojang.blaze3d.vertex.VertexBuffer::_drawWithShader@13 (line 137)
  0x00007f90fba563c8: 14a1 95fe 

  0x00007f90fba563cc: ;   {other}
  0x00007f90fba563cc: 0f1f 8400 | bc03 0000 | 448b 5c24 

  0x00007f90fba563d8: ;   {metadata('net/minecraft/client/renderer/ShaderInstance')}
  0x00007f90fba563d8: 1041 81fb | 7027 0b01 | 0f85 3706 | 0000 488b | 3424 4889 

  0x00007f90fba563ec: ;   {optimized virtual_call}
  0x00007f90fba563ec: 7424 10e8 

  0x00007f90fba563f0: ; ImmutableOopMap {rbp=Oop [0]=Oop [8]=Oop [16]=Oop }
                      ;*invokevirtual apply {reexecute=0 rethrow=0 return_oop=0}
                      ; - com.mojang.blaze3d.vertex.VertexBuffer::_drawWithShader@17 (line 138)
  0x00007f90fba563f0: cc3e 03ff 

  0x00007f90fba563f4: ;   {other}
  0x00007f90fba563f4: 0f1f 8400 | e403 0001 | 4c8b 4424 | 0845 8b50 

  0x00007f90fba56404: ;   {oop(a 'com/mojang/blaze3d/vertex/VertexFormat$Mode'{0x0000000600cddcf8})}
  0x00007f90fba56404: 3441 81fa | 9fbb 19c0 | 0f85 9a06 

  0x00007f90fba56410: ;   {oop(a 'java/lang/Class'{0x0000000605c66160} = 'com/mojang/blaze3d/systems/RenderSystem')}
  0x00007f90fba56410: 0000 49ba | 6061 c605 | 0600 0000 | 458b 527c | 49c1 e203 | 488b cd49 | 3bea 0f85 | 080a 0000 
  0x00007f90fba56430: ;   {oop(a 'java/lang/Class'{0x0000000605c66160} = 'com/mojang/blaze3d/systems/RenderSystem')}
  0x00007f90fba56430: 49ba 6061 | c605 0600 | 0000 458b | 9ac0 0000 | 0047 8b4c 

  0x00007f90fba56444: ;   {metadata('foundry/veil/impl/client/render/shader/program/ShaderProgramImpl$Wrapper')}
  0x00007f90fba56444: dc08 4181 | f978 ad0c | 0175 134f | 8d14 dc41 | 8baa 9000 | 0000 85ed | 0f85 db05 | 0000 458b 
  0x00007f90fba56464: 5034 478b | 54d4 1845 | 8b58 2c45 | 85db 0f84 | 7a05 0000 | 478b 4cdc | 2043 8b7c | cc18 458b 
  0x00007f90fba56484: ;   {oop(a 'java/lang/Class'{0x0000000605c66160} = 'com/mojang/blaze3d/systems/RenderSystem')}
  0x00007f90fba56484: 4818 49bb | 6061 c605 | 0600 0000 | 458b 5b7c | 49c1 e303 | 493b cb0f | 854f 0900 

  0x00007f90fba564a0: ;   {oop(a 'java/lang/Class'{0x0000000605c66160} = 'com/mojang/blaze3d/systems/RenderSystem')}
  0x00007f90fba564a0: 0049 bb60 | 61c6 0506 | 0000 0045 | 8b9b c000 | 0000 438b 

  0x00007f90fba564b4: ;   {metadata('foundry/veil/impl/client/render/shader/program/ShaderProgramImpl$Wrapper')}
  0x00007f90fba564b4: 5cdc 0881 | fb78 ad0c | 0175 1349 | c1e3 0341 | 8bab 9000 | 0000 85ed | 0f85 3c07 

  0x00007f90fba564d0: ;   {oop(a 'java/lang/Class'{0x0000000605c66160} = 'com/mojang/blaze3d/systems/RenderSystem')}
  0x00007f90fba564d0: 0000 49bb | 6061 c605 | 0600 0000 | 458b 5b7c | 49c1 e303 | 493b cb0f | 8527 0900 | 0048 8be9 
  0x00007f90fba564f0: 4533 c041 | 8bf2 418b 

  0x00007f90fba564f8: ;   {static_call}
  0x00007f90fba564f8: d18b cfe8 

  0x00007f90fba564fc: ; ImmutableOopMap {rbp=Oop [0]=Oop }
                      ;*invokestatic nglDrawElements {reexecute=0 rethrow=0 return_oop=0}
                      ; - org.lwjgl.opengl.GL11C::glDrawElements@4 (line 543)
                      ; - org.lwjgl.opengl.GL11::glDrawElements@4 (line 1870)
                      ; - com.mojang.blaze3d.platform.GlStateManager::_drawElements@7 (line 713)
                      ; - com.mojang.blaze3d.systems.RenderSystem::drawElements@7 (line 440)
                      ; - com.mojang.blaze3d.vertex.VertexBuffer::draw@54 (line 118)
                      ; - com.mojang.blaze3d.vertex.VertexBuffer::_drawWithShader@21 (line 139)
  0x00007f90fba564fc: c06c 3dfe 

  0x00007f90fba56500: ;   {other}
  0x00007f90fba56500: 0f1f 8400 | f004 0002 | 4c8b 1c24 | 458b 5308 

  0x00007f90fba56510: ;   {metadata('net/minecraft/client/renderer/ShaderInstance')}
  0x00007f90fba56510: 4181 fa70 | 270b 010f | 85de 0400 

  0x00007f90fba5651c: ;   {oop(a 'java/lang/Class'{0x0000000605c66160} = 'com/mojang/blaze3d/systems/RenderSystem')}
  0x00007f90fba5651c: 0049 ba60 | 61c6 0506 | 0000 0045 | 8b52 7c49 | c1e2 034c | 8bc5 4d3b | c20f 8515 | 0900 0049 
  0x00007f90fba5653c: 8beb 4c89 | 0424 33f6 

  0x00007f90fba56544: ;   {static_call}
  0x00007f90fba56544: 6666 90e8 

  0x00007f90fba56548: ; ImmutableOopMap {rbp=Oop [0]=Oop }
                      ;*invokestatic glUseProgram {reexecute=0 rethrow=0 return_oop=0}
                      ; - org.lwjgl.opengl.GL20::glUseProgram@1 (line 398)
                      ; - com.mojang.blaze3d.platform.GlStateManager::_glUseProgram@4 (line 179)
                      ; - com.mojang.blaze3d.shaders.ProgramManager::glUseProgram@4 (line 16)
                      ; - net.minecraft.client.renderer.ShaderInstance::clear@4 (line 236)
                      ; - com.mojang.blaze3d.vertex.VertexBuffer::_drawWithShader@25 (line 140)
  0x00007f90fba56548: 74f0 ebfd 

  0x00007f90fba5654c: ;   {other}
  0x00007f90fba5654c: 0f1f 8400 | 3c05 0003 

  0x00007f90fba56554: ;   {oop(a 'java/lang/Class'{0x0000000600ce6690} = 'net/minecraft/client/renderer/ShaderInstance')}
  0x00007f90fba56554: 48bb 9066 | ce00 0600 | 0000 4180 | 7f40 000f | 856b 0600 | 0044 89a3 | 8400 0000 | c783 9400 
  0x00007f90fba56574: 0000 ffff | ffff 488b | fd8b 6f20 

  0x00007f90fba56580: ;   {oop(a 'java/lang/Class'{0x000000063bf92048} = 'dev/engine_room/flywheel/backend/gl/GlStateTracker')}
  0x00007f90fba56580: 49ba 4820 | f93b 0600 | 0000 4589 | 6278 458b 

  0x00007f90fba56590: ;   {oop(a 'java/lang/Class'{0x000000060e039488} = 'com/mojang/blaze3d/platform/GlStateManager')}
  0x00007f90fba56590: 5cec 0849 | ba88 9403 | 0e06 0000 | 0041 8b9a | 9800 0000 | 8d8b c084 

  0x00007f90fba565a8: ;   {metadata('java/util/ArrayList')}
  0x00007f90fba565a8: 0000 4181 | fb38 5905 | 000f 85b1 | 0800 004d | 8d14 ec45 | 8b5a 1045 | 85db 7f5f | 488b 1424 
  0x00007f90fba565c8: ;   {oop(a 'java/lang/Class'{0x0000000605c66160} = 'com/mojang/blaze3d/systems/RenderSystem')}
  0x00007f90fba565c8: 49ba 6061 | c605 0600 | 0000 458b | 527c 49c1 | e203 493b | d20f 85a1 

  0x00007f90fba565e0: ;   {oop(a 'java/lang/Class'{0x000000060e039488} = 'com/mojang/blaze3d/platform/GlStateManager')}
  0x00007f90fba565e0: 0800 0049 | ba88 9403 | 0e06 0000 | 0045 8b9a | 9800 0000 | 443b db74 | 1741 899a | 9800 0000 
  0x00007f90fba56600: ;   {static_call}
  0x00007f90fba56600: 8bf1 90e8 

  0x00007f90fba56604: ; ImmutableOopMap {}
                      ;*invokestatic glActiveTexture {reexecute=0 rethrow=0 return_oop=0}
                      ; - org.lwjgl.opengl.GL13::glActiveTexture@1 (line 570)
                      ; - com.mojang.blaze3d.platform.GlStateManager::glActiveTexture@4 (line 398)
                      ; - com.mojang.blaze3d.platform.GlStateManager::_activeTexture@23 (line 492)
                      ; - net.minecraft.client.renderer.ShaderInstance::clear@75 (line 248)
                      ; - com.mojang.blaze3d.vertex.VertexBuffer::_drawWithShader@25 (line 140)
  0x00007f90fba56604: 38f1 e0fd 

  0x00007f90fba56608: ;   {other}
  0x00007f90fba56608: 0f1f 8400 | f805 0004 | 4883 c440 

  0x00007f90fba56614: ;   {poll_return}
  0x00007f90fba56614: 5d49 3ba7 | 4804 0000 | 0f87 700b | 0000 c345 | 33d2 e9c1 | 0000 0048 | 8b7c 2408 | 8b5c 2410 
  0x00007f90fba56634: 8b4c 2414 | 448b 5c24 | 1844 8b4c | 241c 448b | 5424 208b | 4424 2441 | 8b54 c418 | 85d2 7459 
  0x00007f90fba56654: 418b 74c4 

  0x00007f90fba56658: ;   {metadata('java/util/HashMap$TreeNode')}
  0x00007f90fba56658: 0881 fe18 | 4806 000f | 854f 0400 | 0044 895c | 2418 894c | 2414 895c | 2410 4889 | 7c24 0848 
  0x00007f90fba56678: 8bf5 498b | c948 c1e1 | 0341 8bd2 

  0x00007f90fba56684: ;   {optimized virtual_call}
  0x00007f90fba56684: 488b efe8 

  0x00007f90fba56688: ; ImmutableOopMap {rbp=Oop [0]=Oop [8]=Oop }
                      ;*invokevirtual getTreeNode {reexecute=0 rethrow=0 return_oop=1}
                      ; - java.util.HashMap::getNode@95 (line 582)
                      ; - java.util.HashMap::get@2 (line 564)
                      ; - net.minecraft.client.renderer.ShaderInstance::clear@48 (line 242)
                      ; - com.mojang.blaze3d.vertex.VertexBuffer::_drawWithShader@25 (line 140)
  0x00007f90fba56688: f4f0 f2fc 

  0x00007f90fba5668c: ;   {other}
  0x00007f90fba5668c: 0f1f 8400 | 7c06 0005 | 4885 c00f | 851c 0300 | 0048 8bfd | 8b5c 2410 | 8b4c 2414 | 448b 5c24 
  0x00007f90fba566ac: 1848 8b14 | 244d 8b87 | 5004 0000 | 448b 5720 

  0x00007f90fba566bc: ; ImmutableOopMap {r10=NarrowOop rdi=Oop rdx=Oop }
                      ;*goto {reexecute=1 rethrow=0 return_oop=0}
                      ; - (reexecute) net.minecraft.client.renderer.ShaderInstance::clear@71 (line 241)
                      ; - com.mojang.blaze3d.vertex.VertexBuffer::_drawWithShader@25 (line 140)
                      ;   {poll}
  0x00007f90fba566bc: 41ff c341 | 8500 478b 

  0x00007f90fba566c4: ;   {metadata('java/util/ArrayList')}
  0x00007f90fba566c4: 44d4 0841 | 81f8 3859 | 0500 0f85 | f806 0000 | 49c1 e203 | 458b 4210 | 453b d80f | 8de3 feff 
  0x00007f90fba566e4: ff45 8bd3 | 4889 1424 | 448b 4f1c 

  0x00007f90fba566f0: ; implicit exception: dispatches to 0x00007f90fba56ff4
  0x00007f90fba566f0: 478b 5ccc | 0844 8b47 

  0x00007f90fba566f8: ;   {metadata('java/util/ArrayList')}
  0x00007f90fba566f8: 1841 81fb | 3859 0500 | 0f85 4606 | 0000 4f8d | 1ccc 418b | 6b10 85ed | 0f8c 5e06 | 0000 443b 
  0x00007f90fba56718: d50f 83d2 | 0500 0041 | 8b53 1445 | 8bda 418b | 74d4 0c44 | 3bde 0f83 | ec05 0000 | 4d8d 14d4 
  0x00007f90fba56738: 478b 4c9a | 1047 8b54 

  0x00007f90fba56740: ;   {metadata('java/util/HashMap')}
  0x00007f90fba56740: c408 4181 | fa00 3806 | 000f 8555 | 0600 004f | 8d14 c441 | 8b52 2485 | d20f 844e | ffff ff45 
  0x00007f90fba56760: 8b54 d40c | 4585 d20f | 862b 0700 | 0049 8d2c | d445 85c9 | 0f84 6c05 | 0000 478b | 44cc 0841 
  0x00007f90fba56780: ffca 4b8d | 34cc 48ba | 0000 0000 | 0800 0000 | 4903 d04c | 8b82 d801 

  0x00007f90fba56798: ;   {metadata({method} {0x00007f90c40007a8} 'hashCode' '()I' in 'java/lang/Object')}
  0x00007f90fba56798: 0000 48ba | a807 00c4 | 907f 0000 | 4c3b c20f | 85cc 0300 | 004c 8b06 | 498b d048 | 83e2 0348 
  0x00007f90fba567b8: 83fa 010f | 85b8 0300 | 0049 c1e8 | 0841 8bc0 | 25ff ffff | 7f85 c00f | 84a4 0300 | 008b d0c1 
  0x00007f90fba567d8: ea10 33d0 | 448b c245 | 23c2 448b | d242 8b44 | 8510 85c0 | 0f84 bbfe | ffff 418b | 54c4 0c49 
  0x00007f90fba567f8: 8d2c c441 | 3bd2 0f85 | 47fe ffff | 458b 44c4 | 1045 3bc1 | 7468 4585 | c90f 8425 | 0700 0089 
  0x00007f90fba56818: 4424 2444 | 8954 2420 | 4489 5c24 | 1889 4c24 | 1489 5c24 | 1048 897c | 2408 498b | d048 c1e2 
  0x00007f90fba56838: 034b 8d34 | cc44 894c | 241c 6666 | 9048 b8ff | ffff ffff 

  0x00007f90fba5684c: ;   {virtual_call}
  0x00007f90fba5684c: ffff ffe8 

  0x00007f90fba56850: ; ImmutableOopMap {rbp=Oop [0]=Oop [8]=Oop [28]=NarrowOop [36]=NarrowOop }
                      ;*invokevirtual equals {reexecute=0 rethrow=0 return_oop=0}
                      ; - java.util.HashMap::getNode@63 (line 578)
                      ; - java.util.HashMap::get@2 (line 564)
                      ; - net.minecraft.client.renderer.ShaderInstance::clear@48 (line 242)
                      ; - com.mojang.blaze3d.vertex.VertexBuffer::_drawWithShader@25 (line 140)
  0x00007f90fba56850: 2cf4 f2fc 

  0x00007f90fba56854: ;   {other}
  0x00007f90fba56854: 0f1f 8400 | 4408 0007 | 85c0 0f84 | c7fd ffff | 488b 7c24 | 088b 5c24 | 108b 4c24 | 1444 8b5c 
  0x00007f90fba56874: ;   {oop(a 'java/lang/Class'{0x0000000605c66160} = 'com/mojang/blaze3d/systems/RenderSystem')}
  0x00007f90fba56874: 2418 49ba | 6061 c605 | 0600 0000 | 458b 527c 

  0x00007f90fba56884: ;   {oop(a 'java/lang/Class'{0x000000060e039488} = 'com/mojang/blaze3d/platform/GlStateManager')}
  0x00007f90fba56884: 49b8 8894 | 030e 0600 | 0000 458b | 8898 0000 | 0044 3b65 | 140f 840e | feff ff49 | 8bf2 48c1 
  0x00007f90fba568a4: e603 458d | 83c0 8400 | 0048 8b14 | 2448 3bd6 | 0f85 3e06 | 0000 453b | cb74 5789 | 4c24 0c89 
  0x00007f90fba568c4: 5c24 0848 | 893c 2448 

  0x00007f90fba568cc: ;   {oop(a 'java/lang/Class'{0x000000060e039488} = 'com/mojang/blaze3d/platform/GlStateManager')}
  0x00007f90fba568cc: 8bea 49ba | 8894 030e | 0600 0000 | 4589 9a98 | 0000 0044 | 895c 2410 

  0x00007f90fba568e4: ;   {static_call}
  0x00007f90fba568e4: 418b f0e8 

  0x00007f90fba568e8: ; ImmutableOopMap {rbp=Oop [0]=Oop }
                      ;*invokestatic glActiveTexture {reexecute=0 rethrow=0 return_oop=0}
                      ; - org.lwjgl.opengl.GL13::glActiveTexture@1 (line 570)
                      ; - com.mojang.blaze3d.platform.GlStateManager::glActiveTexture@4 (line 398)
                      ; - com.mojang.blaze3d.platform.GlStateManager::_activeTexture@23 (line 492)
                      ; - net.minecraft.client.renderer.ShaderInstance::clear@61 (line 243)
                      ; - com.mojang.blaze3d.vertex.VertexBuffer::_drawWithShader@25 (line 140)
  0x00007f90fba568e8: 54ee e0fd 

  0x00007f90fba568ec: ;   {other}
  0x00007f90fba568ec: 0f1f 8400 | dc08 0008 

  0x00007f90fba568f4: ;   {oop(a 'java/lang/Class'{0x0000000605c66160} = 'com/mojang/blaze3d/systems/RenderSystem')}
  0x00007f90fba568f4: 49ba 6061 | c605 0600 | 0000 458b | 527c 488b | d548 8b3c | 248b 5c24 | 088b 4c24 | 0c44 8b5c 
  0x00007f90fba56914: ;   {oop(a 'java/lang/Class'{0x0000000605c66160} = 'com/mojang/blaze3d/systems/RenderSystem')}
  0x00007f90fba56914: 2410 49b8 | 6061 c605 | 0600 0000 | 450f b680 | 1c01 0000 | 4585 c075 | 0d49 c1e2 | 0349 3bd2 
  0x00007f90fba56934: 0f85 e205 

  0x00007f90fba56938: ;   {oop(a 'java/lang/Class'{0x000000060e039488} = 'com/mojang/blaze3d/platform/GlStateManager')}
  0x00007f90fba56938: 0000 49ba | 8894 030e | 0600 0000 | 418b aa98 | 0000 0083 | fd0c 0f83 | 8505 0000 

  0x00007f90fba56954: ;   {oop(a 'com/mojang/blaze3d/platform/GlStateManager$TextureState'[12] {0x000000060e039548})}
  0x00007f90fba56954: 49ba 4895 | 030e 0600 | 0000 458b | 44aa 1047 | 8b54 c40c | 4585 d20f | 8440 fdff | ff44 895c 
  0x00007f90fba56974: 2410 894c | 240c 895c | 2408 4889 | 3c24 488b | ea47 8964 | c40c bee1 | 0d00 0033 

  0x00007f90fba56990: ;   {static_call}
  0x00007f90fba56990: d266 90e8 

  0x00007f90fba56994: ; ImmutableOopMap {rbp=Oop [0]=Oop }
                      ;*invokestatic glBindTexture {reexecute=0 rethrow=0 return_oop=0}
                      ; - org.lwjgl.opengl.GL11::glBindTexture@2 (line 854)
                      ; - com.mojang.blaze3d.platform.GlStateManager::_bindTexture@32 (line 549)
                      ; - net.minecraft.client.renderer.ShaderInstance::clear@65 (line 244)
                      ; - com.mojang.blaze3d.vertex.VertexBuffer::_drawWithShader@25 (line 140)
  0x00007f90fba56994: a836 32fe 

  0x00007f90fba56998: ;   {other}
  0x00007f90fba56998: 0f1f 8400 | 8809 0009 | 488b d548 | 8b3c 248b | 5c24 088b | 4c24 0c44 | 8b5c 2410 | e9f8 fcff 
  0x00007f90fba569b8: ;   {oop(a 'java/lang/Class'{0x0000000605c66160} = 'com/mojang/blaze3d/systems/RenderSystem')}
  0x00007f90fba569b8: ff49 ba60 | 61c6 0506 | 0000 0045 

  0x00007f90fba569c4: ;   {oop(a 'java/lang/Class'{0x000000060e039488} = 'com/mojang/blaze3d/platform/GlStateManager')}
  0x00007f90fba569c4: 8b52 7c49 | bb88 9403 | 0e06 0000 | 0045 8b8b | 9800 0000 | 488b e848 | 8b7c 2408 | 8b5c 2410 
  0x00007f90fba569e4: 8b4c 2414 | 448b 5c24 | 18e9 a3fe | ffff 458b | 4830 e982 | faff ff49 | 8bf3 6666 | 9048 b8ff 
  0x00007f90fba56a04: ffff ffff 

  0x00007f90fba56a08: ;   {virtual_call}
  0x00007f90fba56a08: ffff ffe8 

  0x00007f90fba56a0c: ; ImmutableOopMap {}
                      ;*invokevirtual clear {reexecute=0 rethrow=0 return_oop=0}
                      ; - com.mojang.blaze3d.vertex.VertexBuffer::_drawWithShader@25 (line 140)
  0x00007f90fba56a0c: 40db 04fd 

  0x00007f90fba56a10: ;   {other}
  0x00007f90fba56a10: 0f1f 8400 | 000a 000a | e9f3 fbff | ff48 8b34 | 2448 b8ff | ffff ffff 

  0x00007f90fba56a28: ;   {virtual_call}
  0x00007f90fba56a28: ffff ffe8 

  0x00007f90fba56a2c: ; ImmutableOopMap {rbp=Oop [0]=Oop [8]=Oop }
                      ;*invokevirtual apply {reexecute=0 rethrow=0 return_oop=0}
                      ; - com.mojang.blaze3d.vertex.VertexBuffer::_drawWithShader@17 (line 138)
  0x00007f90fba56a2c: e0db 04fd 

  0x00007f90fba56a30: ;   {other}
  0x00007f90fba56a30: 0f1f 8400 | 200a 000b | e9bf f9ff | ff45 8b5c 

  0x00007f90fba56a40: ;   {metadata('foundry/veil/impl/client/render/shader/program/ShaderProgramImpl')}
  0x00007f90fba56a40: ec08 4181 | fbe8 4779 | 040f 8519 | 0500 004d | 8d1c ec45 | 8b53 3843 | 8b6c d414 

  0x00007f90fba56a5c: ; implicit exception: dispatches to 0x00007f90fba57110
  0x00007f90fba56a5c: 458b 54ec 

  0x00007f90fba56a60: ;   {metadata('it/unimi/dsi/fastutil/ints/Int2ObjectArrayMap')}
  0x00007f90fba56a60: 0841 81fa | 0016 c303 | 0f85 0e05 | 0000 4c89 | 5c24 1848 | 894c 2410 | 4d8d 14ec | 498b eaba 
  0x00007f90fba56a80: 888e 0000 

  0x00007f90fba56a84: ;   {optimized virtual_call}
  0x00007f90fba56a84: 498b f2e8 

  0x00007f90fba56a88: ; ImmutableOopMap {rbp=Oop [0]=Oop [8]=Oop [16]=Oop [24]=Oop }
                      ;*invokespecial findKey {reexecute=0 rethrow=0 return_oop=0}
                      ; - it.unimi.dsi.fastutil.ints.Int2ObjectArrayMap::containsKey@2 (line 346)
                      ; - foundry.veil.api.client.render.shader.program.ShaderProgram::hasTesselation@10 (line 203)
                      ; - com.mojang.blaze3d.vertex.VertexBuffer::handler$zpp000$veil$drawPatches@20 (line 1572)
                      ; - com.mojang.blaze3d.vertex.VertexBuffer::draw@13
                      ; - com.mojang.blaze3d.vertex.VertexBuffer::_drawWithShader@21 (line 139)
  0x00007f90fba56a88: 3434 1900 

  0x00007f90fba56a8c: ;   {other}
  0x00007f90fba56a8c: 0f1f 8400 | 7c0a 000c | 83f8 ff0f | 85f7 0400 | 004c 8b44 | 2408 488b | 4c24 10e9 | b6f9 ffff 
  0x00007f90fba56aac: 488b cde9 | aef9 ffff | 498d 2cd4 | 0f1f 8400 | 0000 0000 | 448b 450c | 453b c20f | 858d 0000 
  0x00007f90fba56acc: 008b 5510 | 413b d174 | 6145 85c9 | 0f84 ca04 | 0000 4489 | 5424 2044 | 895c 2418 | 894c 2414 
  0x00007f90fba56aec: 895c 2410 | 4889 7c24 | 084b 8d34 | cc44 894c | 241c 48c1 | e203 6666 | 9048 b8ff | ffff ffff 
  0x00007f90fba56b0c: ;   {virtual_call}
  0x00007f90fba56b0c: ffff ffe8 

  0x00007f90fba56b10: ; ImmutableOopMap {rbp=Oop [0]=Oop [8]=Oop [28]=NarrowOop }
                      ;*invokevirtual equals {reexecute=0 rethrow=0 return_oop=0}
                      ; - java.util.HashMap::getNode@128 (line 585)
                      ; - java.util.HashMap::get@2 (line 564)
                      ; - net.minecraft.client.renderer.ShaderInstance::clear@48 (line 242)
                      ; - com.mojang.blaze3d.vertex.VertexBuffer::_drawWithShader@25 (line 140)
  0x00007f90fba56b10: 6cf1 f2fc 

  0x00007f90fba56b14: ;   {other}
  0x00007f90fba56b14: 0f1f 8400 | 040b 000d | 85c0 0f84 | a101 0000 | 488b 7c24 | 088b 5c24 | 108b 4c24 | 1444 8b5c 
  0x00007f90fba56b34: ;   {oop(a 'java/lang/Class'{0x000000060e039488} = 'com/mojang/blaze3d/platform/GlStateManager')}
  0x00007f90fba56b34: 2418 49ba | 8894 030e | 0600 0000 | 458b 8a98 

  0x00007f90fba56b44: ;   {oop(a 'java/lang/Class'{0x0000000605c66160} = 'com/mojang/blaze3d/systems/RenderSystem')}
  0x00007f90fba56b44: 0000 0049 | ba60 61c6 | 0506 0000 | 0045 8b52 | 7ce9 3bfd | ffff 4d8b | af50 0400 

  0x00007f90fba56b60: ; ImmutableOopMap {r9=NarrowOop rdi=Oop rax=NarrowOop [0]=Oop }
                      ;*ifnonnull {reexecute=1 rethrow=0 return_oop=0}
                      ; - (reexecute) java.util.HashMap::getNode@145 (line 587)
                      ; - java.util.HashMap::get@2 (line 564)
                      ; - net.minecraft.client.renderer.ShaderInstance::clear@48 (line 242)
                      ; - com.mojang.blaze3d.vertex.VertexBuffer::_drawWithShader@25 (line 140)
  0x00007f90fba56b60: 008b 4518 

  0x00007f90fba56b64: ;   {poll}
  0x00007f90fba56b64: 4185 4500 | 85c0 0f84 | 3dfb ffff | 498d 2cc4 | e947 ffff | ff48 896c | 2420 4489 | 5424 1844 
  0x00007f90fba56b84: 894c 2414 | 4489 5c24 | 1089 4c24 | 0c89 5c24 | 0848 8bef | 9048 b8d0 | 1c04 0008 

  0x00007f90fba56ba0: ;   {virtual_call}
  0x00007f90fba56ba0: 0000 00e8 

  0x00007f90fba56ba4: ; ImmutableOopMap {rbp=Oop [0]=Oop [20]=NarrowOop [32]=Oop }
                      ;*invokevirtual hashCode {reexecute=0 rethrow=0 return_oop=0}
                      ; - java.util.HashMap::hash@9 (line 338)
                      ; - java.util.HashMap::getNode@23 (line 576)
                      ; - java.util.HashMap::get@2 (line 564)
                      ; - net.minecraft.client.renderer.ShaderInstance::clear@48 (line 242)
                      ; - com.mojang.blaze3d.vertex.VertexBuffer::_drawWithShader@25 (line 140)
  0x00007f90fba56ba4: b877 59fd 

  0x00007f90fba56ba8: ;   {other}
  0x00007f90fba56ba8: 0f1f 8400 | 980b 000f | 488b fd8b | 5c24 088b | 4c24 0c44 | 8b5c 2410 | 448b 4c24 | 1444 8b54 
  0x00007f90fba56bc8: 2418 488b | 6c24 20e9 | 01fc ffff | 448b 9384 | 0000 0045 | 85d2 0f84 | 85f9 ffff | 4d8b 5f28 
  0x00007f90fba56be8: 498b fa48 | c1e7 034d | 85db 0f84 | c402 0000 | 4d8b 5738 | 4b89 7c1a | f849 83c3 | f84d 895f 
  0x00007f90fba56c08: 28e9 5bf9 | ffff 458b 

  0x00007f90fba56c10: ;   {metadata('foundry/veil/impl/client/render/shader/program/ShaderProgramImpl')}
  0x00007f90fba56c10: 44ec 0841 | 81f8 e847 | 7904 0f85 | b403 0000 | 4489 4c24 | 1889 7c24 | 1444 8954 | 2410 4889 
  0x00007f90fba56c30: 4c24 084d | 8d14 ec49 | 8bea 498b 

  0x00007f90fba56c3c: ;   {optimized virtual_call}
  0x00007f90fba56c3c: f266 90e8 

  0x00007f90fba56c40: ; ImmutableOopMap {rbp=Oop [0]=Oop [8]=Oop }
                      ;*invokeinterface hasTesselation {reexecute=0 rethrow=0 return_oop=0}
                      ; - com.mojang.blaze3d.vertex.VertexBuffer::veil$getDrawMode@9 (line 1588)
                      ; - com.mojang.blaze3d.vertex.VertexBuffer::modify$zpp000$veil$modifyDrawMode@2 (line 1582)
                      ; - com.mojang.blaze3d.vertex.VertexBuffer::draw@48 (line 118)
                      ; - com.mojang.blaze3d.vertex.VertexBuffer::_drawWithShader@21 (line 139)
  0x00007f90fba56c40: fcff 1900 

  0x00007f90fba56c44: ;   {other}
  0x00007f90fba56c44: 0f1f 8400 | 340c 0010 | 85c0 7444 | 488b f548 

  0x00007f90fba56c54: ;   {optimized virtual_call}
  0x00007f90fba56c54: 8b2c 24e8 

  0x00007f90fba56c58: ; ImmutableOopMap {rbp=Oop [0]=Oop [8]=Oop }
                      ;*invokeinterface getProgram {reexecute=0 rethrow=0 return_oop=0}
                      ; - com.mojang.blaze3d.vertex.VertexBuffer::veil$getDrawMode@18 (line 1588)
                      ; - com.mojang.blaze3d.vertex.VertexBuffer::modify$zpp000$veil$modifyDrawMode@2 (line 1582)
                      ; - com.mojang.blaze3d.vertex.VertexBuffer::draw@48 (line 118)
                      ; - com.mojang.blaze3d.vertex.VertexBuffer::_drawWithShader@21 (line 139)
  0x00007f90fba56c58: 24eb f2fc 

  0x00007f90fba56c5c: ;   {other}
  0x00007f90fba56c5c: 0f1f 8400 | 4c0c 0011 | 8be8 be8d 

  0x00007f90fba56c68: ;   {static_call}
  0x00007f90fba56c68: 8b00 00e8 

  0x00007f90fba56c6c: ; ImmutableOopMap {[0]=Oop [8]=Oop }
                      ;*invokestatic glGetInteger {reexecute=0 rethrow=0 return_oop=0}
                      ; - com.mojang.blaze3d.vertex.VertexBuffer::veil$getDrawMode@26 (line 1588)
                      ; - com.mojang.blaze3d.vertex.VertexBuffer::modify$zpp000$veil$modifyDrawMode@2 (line 1582)
                      ; - com.mojang.blaze3d.vertex.VertexBuffer::draw@48 (line 118)
                      ; - com.mojang.blaze3d.vertex.VertexBuffer::_drawWithShader@21 (line 139)
  0x00007f90fba56c6c: 10f5 f2fc 

  0x00007f90fba56c70: ;   {other}
  0x00007f90fba56c70: 0f1f 8400 | 600c 0012 | 3be8 7430 | 488b 4c24 | 0844 8b54 | 2410 8b7c | 2414 448b | 4c24 18e9 
  0x00007f90fba56c90: 3ef8 ffff | 488b 4c24 | 0844 8b54 | 2410 8b7c | 2414 448b | 4c24 18e9 | 26f8 ffff | 41ba 0e00 
  0x00007f90fba56cb0: 0000 488b | 4c24 088b | 7c24 1444 | 8b4c 2418 | e90d f8ff | ff48 8b7c | 2408 8b5c | 2410 8b4c 
  0x00007f90fba56cd0: 2414 448b | 5c24 1844 | 8b4c 241c | 448b 5424 | 20e9 74fe | ffff 4533 | c045 33d2 | e9f4 faff 
  0x00007f90fba56cf0: ffbe e4ff | ffff 4889 | 3c24 4489 | 5424 0c44 | 8954 2410 | 894c 2414 | 4489 4424 | 184c 895c 
  0x00007f90fba56d10: ;   {runtime_call UncommonTrapBlob}
  0x00007f90fba56d10: 2420 90e8 

  0x00007f90fba56d14: ; ImmutableOopMap {[0]=Oop [24]=NarrowOop [32]=Oop }
                      ;*invokestatic checkIndex {reexecute=0 rethrow=0 return_oop=0}
                      ; - java.util.Objects::checkIndex@3 (line 385)
                      ; - java.util.ArrayList::get@5 (line 427)
                      ; - net.minecraft.client.renderer.ShaderInstance::clear@43 (line 242)
                      ; - com.mojang.blaze3d.vertex.VertexBuffer::_drawWithShader@25 (line 140)
  0x00007f90fba56d14: 6878 f3fc 

  0x00007f90fba56d18: ;   {other}
  0x00007f90fba56d18: 0f1f 8400 | 080d 0013 | bee4 ffff | ff48 8bef | 4489 1424 | 4489 5c24 | 0489 4c24 | 0844 8944 
  0x00007f90fba56d38: 240c 8954 

  0x00007f90fba56d3c: ;   {runtime_call UncommonTrapBlob}
  0x00007f90fba56d3c: 2410 90e8 

  0x00007f90fba56d40: ; ImmutableOopMap {rbp=Oop [12]=NarrowOop [16]=NarrowOop }
                      ;*aaload {reexecute=0 rethrow=0 return_oop=0}
                      ; - java.util.ArrayList::elementData@5 (line 411)
                      ; - java.util.ArrayList::get@11 (line 428)
                      ; - net.minecraft.client.renderer.ShaderInstance::clear@43 (line 242)
                      ; - com.mojang.blaze3d.vertex.VertexBuffer::_drawWithShader@25 (line 140)
  0x00007f90fba56d40: 3c78 f3fc 

  0x00007f90fba56d44: ;   {other}
  0x00007f90fba56d44: 0f1f 8400 | 340d 0014 | bede ffff | ff48 8bef | 4489 4c24 | 0444 8954 | 2408 894c | 240c 4489 
  0x00007f90fba56d64: ;   {runtime_call UncommonTrapBlob}
  0x00007f90fba56d64: 4424 10e8 

  0x00007f90fba56d68: ; ImmutableOopMap {rbp=Oop [4]=NarrowOop [16]=NarrowOop }
                      ;*invokeinterface get {reexecute=0 rethrow=0 return_oop=0}
                      ; - net.minecraft.client.renderer.ShaderInstance::clear@43 (line 242)
                      ; - com.mojang.blaze3d.vertex.VertexBuffer::_drawWithShader@25 (line 140)
  0x00007f90fba56d68: 1478 f3fc 

  0x00007f90fba56d6c: ;   {other}
  0x00007f90fba56d6c: 0f1f 8400 | 5c0d 0015 | becc ffff | ff48 893c | 2444 8954 | 240c 4489 | 5424 1089 | 4c24 1444 
  0x00007f90fba56d8c: 8944 2418 | 4c89 5c24 

  0x00007f90fba56d94: ;   {runtime_call UncommonTrapBlob}
  0x00007f90fba56d94: 2066 90e8 

  0x00007f90fba56d98: ; ImmutableOopMap {[0]=Oop [24]=NarrowOop [32]=Oop }
                      ;*invokestatic checkIndex {reexecute=0 rethrow=0 return_oop=0}
                      ; - java.util.Objects::checkIndex@3 (line 385)
                      ; - java.util.ArrayList::get@5 (line 427)
                      ; - net.minecraft.client.renderer.ShaderInstance::clear@43 (line 242)
                      ; - com.mojang.blaze3d.vertex.VertexBuffer::_drawWithShader@25 (line 140)
  0x00007f90fba56d98: e477 f3fc 

  0x00007f90fba56d9c: ;   {other}
  0x00007f90fba56d9c: 0f1f 8400 | 8c0d 0016 | bede ffff | ff48 8bef | 4489 1c24 | 894c 2404 | 4489 4424 | 0844 894c 
  0x00007f90fba56dbc: ;   {runtime_call UncommonTrapBlob}
  0x00007f90fba56dbc: 240c 90e8 

  0x00007f90fba56dc0: ; ImmutableOopMap {rbp=Oop [8]=NarrowOop [12]=NarrowOop }
                      ;*invokeinterface get {reexecute=0 rethrow=0 return_oop=0}
                      ; - net.minecraft.client.renderer.ShaderInstance::clear@48 (line 242)
                      ; - com.mojang.blaze3d.vertex.VertexBuffer::_drawWithShader@25 (line 140)
  0x00007f90fba56dc0: bc77 f3fc 

  0x00007f90fba56dc4: ;   {other}
  0x00007f90fba56dc4: 0f1f 8400 | b40d 0017 | bede ffff | ff48 8bef | 4489 5c24 | 0489 4c24 | 0844 8954 

  0x00007f90fba56de0: ;   {runtime_call UncommonTrapBlob}
  0x00007f90fba56de0: 240c 90e8 

  0x00007f90fba56de4: ; ImmutableOopMap {rbp=Oop [12]=NarrowOop }
                      ;*invokeinterface size {reexecute=0 rethrow=0 return_oop=0}
                      ; - net.minecraft.client.renderer.ShaderInstance::clear@26 (line 241)
                      ; - com.mojang.blaze3d.vertex.VertexBuffer::_drawWithShader@25 (line 140)
  0x00007f90fba56de4: 9877 f3fc 

  0x00007f90fba56de8: ;   {other}
  0x00007f90fba56de8: 0f1f 8400 | d80d 0018 | be45 ffff | ff48 8b2c | 2444 890c | 2489 7c24 | 0444 8954 

  0x00007f90fba56e04: ;   {runtime_call UncommonTrapBlob}
  0x00007f90fba56e04: 2408 90e8 

  0x00007f90fba56e08: ; ImmutableOopMap {rbp=Oop }
                      ;*ifne {reexecute=1 rethrow=0 return_oop=0}
                      ; - (reexecute) com.mojang.blaze3d.systems.RenderSystem::assertOnRenderThread@3 (line 118)
                      ; - com.mojang.blaze3d.systems.RenderSystem::getShader@0 (line 710)
                      ; - foundry.veil.api.client.render.VeilRenderSystem::getShader@0 (line 1101)
                      ; - com.mojang.blaze3d.vertex.VertexBuffer::veil$getDrawMode@0 (line 1587)
                      ; - com.mojang.blaze3d.vertex.VertexBuffer::modify$zpp000$veil$modifyDrawMode@2 (line 1582)
                      ; - com.mojang.blaze3d.vertex.VertexBuffer::draw@48 (line 118)
                      ; - com.mojang.blaze3d.vertex.VertexBuffer::_drawWithShader@21 (line 139)
  0x00007f90fba56e08: 7477 f3fc 

  0x00007f90fba56e0c: ;   {other}
  0x00007f90fba56e0c: 0f1f 8400 | fc0d 0019 | be45 ffff | ff48 8b2c | 2444 8914 | 2444 894c | 2404 897c 

  0x00007f90fba56e28: ;   {runtime_call UncommonTrapBlob}
  0x00007f90fba56e28: 2408 90e8 

  0x00007f90fba56e2c: ; ImmutableOopMap {rbp=Oop }
                      ;*ifne {reexecute=1 rethrow=0 return_oop=0}
                      ; - (reexecute) com.mojang.blaze3d.systems.RenderSystem::assertOnRenderThread@3 (line 118)
                      ; - com.mojang.blaze3d.systems.RenderSystem::drawElements@0 (line 439)
                      ; - com.mojang.blaze3d.vertex.VertexBuffer::draw@54 (line 118)
                      ; - com.mojang.blaze3d.vertex.VertexBuffer::_drawWithShader@21 (line 139)
  0x00007f90fba56e2c: 5077 f3fc 

  0x00007f90fba56e30: ;   {other}
  0x00007f90fba56e30: 0f1f 8400 | 200e 001a | be45 ffff | ff48 8b2c 

  0x00007f90fba56e40: ;   {runtime_call UncommonTrapBlob}
  0x00007f90fba56e40: 2466 90e8 

  0x00007f90fba56e44: ; ImmutableOopMap {rbp=Oop [8]=Oop }
                      ;*ifne {reexecute=1 rethrow=0 return_oop=0}
                      ; - (reexecute) com.mojang.blaze3d.systems.RenderSystem::assertOnRenderThread@3 (line 118)
                      ; - com.mojang.blaze3d.systems.RenderSystem::getShader@0 (line 710)
                      ; - foundry.veil.api.client.render.VeilRenderSystem::getShader@0 (line 1101)
                      ; - com.mojang.blaze3d.vertex.VertexBuffer::handler$zpp000$veil$drawPatches@11 (line 1571)
                      ; - com.mojang.blaze3d.vertex.VertexBuffer::draw@13
                      ; - com.mojang.blaze3d.vertex.VertexBuffer::_drawWithShader@21 (line 139)
  0x00007f90fba56e44: 3877 f3fc 

  0x00007f90fba56e48: ;   {other}
  0x00007f90fba56e48: 0f1f 8400 | 380e 001b | be45 ffff | ff49 8beb 

  0x00007f90fba56e58: ;   {runtime_call UncommonTrapBlob}
  0x00007f90fba56e58: 6666 90e8 

  0x00007f90fba56e5c: ; ImmutableOopMap {rbp=Oop }
                      ;*ifne {reexecute=1 rethrow=0 return_oop=0}
                      ; - (reexecute) com.mojang.blaze3d.systems.RenderSystem::assertOnRenderThread@3 (line 118)
                      ; - net.minecraft.client.renderer.ShaderInstance::clear@0 (line 235)
                      ; - com.mojang.blaze3d.vertex.VertexBuffer::_drawWithShader@25 (line 140)
  0x00007f90fba56e5c: 2077 f3fc 

  0x00007f90fba56e60: ;   {other}
  0x00007f90fba56e60: 0f1f 8400 | 500e 001c | bede ffff | ff48 893c | 2489 4c24 

  0x00007f90fba56e74: ;   {runtime_call UncommonTrapBlob}
  0x00007f90fba56e74: 0866 90e8 

  0x00007f90fba56e78: ; ImmutableOopMap {rbp=NarrowOop [0]=Oop }
                      ;*invokeinterface size {reexecute=0 rethrow=0 return_oop=0}
                      ; - net.minecraft.client.renderer.ShaderInstance::clear@26 (line 241)
                      ; - com.mojang.blaze3d.vertex.VertexBuffer::_drawWithShader@25 (line 140)
  0x00007f90fba56e78: 0477 f3fc 

  0x00007f90fba56e7c: ;   {other}
  0x00007f90fba56e7c: 0f1f 8400 | 6c0e 001d | be45 ffff 

  0x00007f90fba56e88: ;   {runtime_call UncommonTrapBlob}
  0x00007f90fba56e88: ff8b e9e8 

  0x00007f90fba56e8c: ; ImmutableOopMap {}
                      ;*ifne {reexecute=1 rethrow=0 return_oop=0}
                      ; - (reexecute) com.mojang.blaze3d.systems.RenderSystem::assertOnRenderThread@3 (line 118)
                      ; - com.mojang.blaze3d.platform.GlStateManager::_activeTexture@0 (line 489)
                      ; - net.minecraft.client.renderer.ShaderInstance::clear@75 (line 248)
                      ; - com.mojang.blaze3d.vertex.VertexBuffer::_drawWithShader@25 (line 140)
  0x00007f90fba56e8c: f076 f3fc 

  0x00007f90fba56e90: ;   {other}
  0x00007f90fba56e90: 0f1f 8400 | 800e 001e | be45 ffff | ff48 8bef | 4489 1c24 | 894c 2404 | 4489 5424 

  0x00007f90fba56eac: ;   {runtime_call UncommonTrapBlob}
  0x00007f90fba56eac: 0866 90e8 

  0x00007f90fba56eb0: ; ImmutableOopMap {rbp=Oop }
                      ;*ifle {reexecute=1 rethrow=0 return_oop=0}
                      ; - (reexecute) java.util.HashMap::getNode@14 (line 575)
                      ; - java.util.HashMap::get@2 (line 564)
                      ; - net.minecraft.client.renderer.ShaderInstance::clear@48 (line 242)
                      ; - com.mojang.blaze3d.vertex.VertexBuffer::_drawWithShader@25 (line 140)
  0x00007f90fba56eb0: cc76 f3fc 

  0x00007f90fba56eb4: ;   {other}
  0x00007f90fba56eb4: 0f1f 8400 | a40e 001f | 498b f749 | bad0 0e24 | 0991 7f00 | 0041 ffd2 

  0x00007f90fba56ecc: ;   {other}
  0x00007f90fba56ecc: 0f1f 8400 | 0000 0000 | e990 f6ff | ffbe e4ff | ffff 4889 | 3c24 4489 | 5c24 0889 

  0x00007f90fba56ee8: ;   {runtime_call UncommonTrapBlob}
  0x00007f90fba56ee8: 4c24 0ce8 

  0x00007f90fba56eec: ; ImmutableOopMap {[0]=Oop }
                      ;*aaload {reexecute=0 rethrow=0 return_oop=0}
                      ; - com.mojang.blaze3d.platform.GlStateManager::_bindTexture@10 (line 547)
                      ; - net.minecraft.client.renderer.ShaderInstance::clear@65 (line 244)
                      ; - com.mojang.blaze3d.vertex.VertexBuffer::_drawWithShader@25 (line 140)
  0x00007f90fba56eec: 9076 f3fc 

  0x00007f90fba56ef0: ;   {other}
  0x00007f90fba56ef0: 0f1f 8400 | e00e 0020 | be45 ffff | ff48 8bef | 4489 1c24 | 894c 2404 | 4489 4424 

  0x00007f90fba56f0c: ;   {runtime_call UncommonTrapBlob}
  0x00007f90fba56f0c: 0866 90e8 

  0x00007f90fba56f10: ; ImmutableOopMap {rbp=Oop }
                      ;*ifne {reexecute=1 rethrow=0 return_oop=0}
                      ; - (reexecute) com.mojang.blaze3d.systems.RenderSystem::assertOnRenderThread@3 (line 118)
                      ; - com.mojang.blaze3d.platform.GlStateManager::_activeTexture@0 (line 489)
                      ; - net.minecraft.client.renderer.ShaderInstance::clear@61 (line 243)
                      ; - com.mojang.blaze3d.vertex.VertexBuffer::_drawWithShader@25 (line 140)
  0x00007f90fba56f10: 6c76 f3fc 

  0x00007f90fba56f14: ;   {other}
  0x00007f90fba56f14: 0f1f 8400 | 040f 0021 | be45 ffff | ff48 8bef | 4489 1c24 | 894c 2404 

  0x00007f90fba56f2c: ;   {runtime_call UncommonTrapBlob}
  0x00007f90fba56f2c: 6666 90e8 

  0x00007f90fba56f30: ; ImmutableOopMap {rbp=Oop }
                      ;*ifne {reexecute=1 rethrow=0 return_oop=0}
                      ; - (reexecute) com.mojang.blaze3d.systems.RenderSystem::assertOnRenderThreadOrInit@9 (line 112)
                      ; - com.mojang.blaze3d.platform.GlStateManager::_bindTexture@0 (line 546)
                      ; - net.minecraft.client.renderer.ShaderInstance::clear@65 (line 244)
                      ; - com.mojang.blaze3d.vertex.VertexBuffer::_drawWithShader@25 (line 140)
  0x00007f90fba56f30: 4c76 f3fc 

  0x00007f90fba56f34: ;   {other}
  0x00007f90fba56f34: 0f1f 8400 | 240f 0022 | be45 ffff | ff48 8bef | 4489 1c24 | 894c 2404 | 8944 240c | 4489 5424 
  0x00007f90fba56f54: 1044 894c 

  0x00007f90fba56f58: ;   {runtime_call UncommonTrapBlob}
  0x00007f90fba56f58: 2414 90e8 

  0x00007f90fba56f5c: ; ImmutableOopMap {rbp=Oop [12]=NarrowOop [20]=NarrowOop }
                      ;*ifnull {reexecute=1 rethrow=0 return_oop=0}
                      ; - (reexecute) java.util.HashMap::getNode@57 (line 577)
                      ; - java.util.HashMap::get@2 (line 564)
                      ; - net.minecraft.client.renderer.ShaderInstance::clear@48 (line 242)
                      ; - com.mojang.blaze3d.vertex.VertexBuffer::_drawWithShader@25 (line 140)
  0x00007f90fba56f5c: 2076 f3fc 

  0x00007f90fba56f60: ;   {other}
  0x00007f90fba56f60: 0f1f 8400 | 500f 0023 | bede ffff 

  0x00007f90fba56f6c: ;   {runtime_call UncommonTrapBlob}
  0x00007f90fba56f6c: ff66 90e8 

  0x00007f90fba56f70: ; ImmutableOopMap {rbp=NarrowOop [0]=Oop [8]=Oop }
                      ;*invokeinterface hasTesselation {reexecute=0 rethrow=0 return_oop=0}
                      ; - com.mojang.blaze3d.vertex.VertexBuffer::handler$zpp000$veil$drawPatches@20 (line 1572)
                      ; - com.mojang.blaze3d.vertex.VertexBuffer::draw@13
                      ; - com.mojang.blaze3d.vertex.VertexBuffer::_drawWithShader@21 (line 139)
  0x00007f90fba56f70: 0c76 f3fc 

  0x00007f90fba56f74: ;   {other}
  0x00007f90fba56f74: 0f1f 8400 | 640f 0024 | bede ffff | ff4c 895c 

  0x00007f90fba56f84: ;   {runtime_call UncommonTrapBlob}
  0x00007f90fba56f84: 2418 90e8 

  0x00007f90fba56f88: ; ImmutableOopMap {rbp=NarrowOop [0]=Oop [8]=Oop [24]=Oop }
                      ;*invokeinterface containsKey {reexecute=0 rethrow=0 return_oop=0}
                      ; - foundry.veil.api.client.render.shader.program.ShaderProgram::hasTesselation@10 (line 203)
                      ; - com.mojang.blaze3d.vertex.VertexBuffer::handler$zpp000$veil$drawPatches@20 (line 1572)
                      ; - com.mojang.blaze3d.vertex.VertexBuffer::draw@13
                      ; - com.mojang.blaze3d.vertex.VertexBuffer::_drawWithShader@21 (line 139)
  0x00007f90fba56f88: f475 f3fc 

  0x00007f90fba56f8c: ;   {other}
  0x00007f90fba56f8c: 0f1f 8400 | 7c0f 0025 | be45 ffff 

  0x00007f90fba56f98: ;   {runtime_call UncommonTrapBlob}
  0x00007f90fba56f98: ff66 90e8 

  0x00007f90fba56f9c: ; ImmutableOopMap {rbp=Oop [0]=Oop [8]=Oop [24]=Oop }
                      ;*ifeq {reexecute=1 rethrow=0 return_oop=0}
                      ; - (reexecute) foundry.veil.api.client.render.shader.program.ShaderProgram::hasTesselation@15 (line 203)
                      ; - com.mojang.blaze3d.vertex.VertexBuffer::handler$zpp000$veil$drawPatches@20 (line 1572)
                      ; - com.mojang.blaze3d.vertex.VertexBuffer::draw@13
                      ; - com.mojang.blaze3d.vertex.VertexBuffer::_drawWithShader@21 (line 139)
  0x00007f90fba56f9c: e075 f3fc 

  0x00007f90fba56fa0: ;   {other}
  0x00007f90fba56fa0: 0f1f 8400 | 900f 0026 | be45 ffff | ff48 893c | 2444 895c | 2408 894c | 240c 4489 | 5424 1444 
  0x00007f90fba56fc0: 894c 2418 

  0x00007f90fba56fc4: ;   {runtime_call UncommonTrapBlob}
  0x00007f90fba56fc4: 6666 90e8 

  0x00007f90fba56fc8: ; ImmutableOopMap {rbp=Oop [0]=Oop [24]=NarrowOop }
                      ;*ifnull {reexecute=1 rethrow=0 return_oop=0}
                      ; - (reexecute) java.util.HashMap::getNode@122 (line 584)
                      ; - java.util.HashMap::get@2 (line 564)
                      ; - net.minecraft.client.renderer.ShaderInstance::clear@48 (line 242)
                      ; - com.mojang.blaze3d.vertex.VertexBuffer::_drawWithShader@25 (line 140)
  0x00007f90fba56fc8: b475 f3fc 

  0x00007f90fba56fcc: ;   {other}
  0x00007f90fba56fcc: 0f1f 8400 | bc0f 0027 | bede ffff | ff44 894c | 2408 897c | 240c 4489 

  0x00007f90fba56fe4: ;   {runtime_call UncommonTrapBlob}
  0x00007f90fba56fe4: 5424 10e8 

  0x00007f90fba56fe8: ; ImmutableOopMap {rbp=NarrowOop [0]=Oop }
                      ;*invokeinterface hasTesselation {reexecute=0 rethrow=0 return_oop=0}
                      ; - com.mojang.blaze3d.vertex.VertexBuffer::veil$getDrawMode@9 (line 1588)
                      ; - com.mojang.blaze3d.vertex.VertexBuffer::modify$zpp000$veil$modifyDrawMode@2 (line 1582)
                      ; - com.mojang.blaze3d.vertex.VertexBuffer::draw@48 (line 118)
                      ; - com.mojang.blaze3d.vertex.VertexBuffer::_drawWithShader@21 (line 139)
  0x00007f90fba56fe8: 9475 f3fc 

  0x00007f90fba56fec: ;   {other}
  0x00007f90fba56fec: 0f1f 8400 | dc0f 0028 | bef6 ffff | ff41 8bea 

  0x00007f90fba56ffc: ;   {runtime_call UncommonTrapBlob}
  0x00007f90fba56ffc: 6666 90e8 

  0x00007f90fba57000: ; ImmutableOopMap {}
                      ;*invokeinterface get {reexecute=0 rethrow=0 return_oop=0}
                      ; - net.minecraft.client.renderer.ShaderInstance::clear@43 (line 242)
                      ; - com.mojang.blaze3d.vertex.VertexBuffer::_drawWithShader@25 (line 140)
  0x00007f90fba57000: 7c75 f3fc 

  0x00007f90fba57004: ;   {other}
  0x00007f90fba57004: 0f1f 8400 | f40f 0029 | bef6 ffff | ff41 8beb 

  0x00007f90fba57014: ;   {runtime_call UncommonTrapBlob}
  0x00007f90fba57014: 6666 90e8 

  0x00007f90fba57018: ; ImmutableOopMap {}
                      ;*aaload {reexecute=0 rethrow=0 return_oop=0}
                      ; - java.util.ArrayList::elementData@5 (line 411)
                      ; - java.util.ArrayList::get@11 (line 428)
                      ; - net.minecraft.client.renderer.ShaderInstance::clear@43 (line 242)
                      ; - com.mojang.blaze3d.vertex.VertexBuffer::_drawWithShader@25 (line 140)
  0x00007f90fba57018: 6475 f3fc 

  0x00007f90fba5701c: ;   {other}
  0x00007f90fba5701c: 0f1f 8400 | 0c10 002a | bef6 ffff | ff41 8be9 

  0x00007f90fba5702c: ;   {runtime_call UncommonTrapBlob}
  0x00007f90fba5702c: 6666 90e8 

  0x00007f90fba57030: ; ImmutableOopMap {rbp=NarrowOop }
                      ;*invokeinterface get {reexecute=0 rethrow=0 return_oop=0}
                      ; - net.minecraft.client.renderer.ShaderInstance::clear@48 (line 242)
                      ; - com.mojang.blaze3d.vertex.VertexBuffer::_drawWithShader@25 (line 140)
  0x00007f90fba57030: 4c75 f3fc 

  0x00007f90fba57034: ;   {other}
  0x00007f90fba57034: 0f1f 8400 | 2410 002b | bef6 ffff 

  0x00007f90fba57040: ;   {runtime_call UncommonTrapBlob}
  0x00007f90fba57040: ff66 90e8 

  0x00007f90fba57044: ; ImmutableOopMap {}
                      ;*invokeinterface size {reexecute=0 rethrow=0 return_oop=0}
                      ; - net.minecraft.client.renderer.ShaderInstance::clear@26 (line 241)
                      ; - com.mojang.blaze3d.vertex.VertexBuffer::_drawWithShader@25 (line 140)
  0x00007f90fba57044: 3875 f3fc 

  0x00007f90fba57048: ;   {other}
  0x00007f90fba57048: 0f1f 8400 | 3810 002c | bef6 ffff 

  0x00007f90fba57054: ;   {runtime_call UncommonTrapBlob}
  0x00007f90fba57054: ff66 90e8 

  0x00007f90fba57058: ; ImmutableOopMap {}
                      ;*invokevirtual getWindow {reexecute=0 rethrow=0 return_oop=0}
                      ; - com.mojang.blaze3d.vertex.VertexBuffer::_drawWithShader@10 (line 137)
  0x00007f90fba57058: 2475 f3fc 

  0x00007f90fba5705c: ;   {other}
  0x00007f90fba5705c: 0f1f 8400 | 4c10 002d | bef6 ffff | ff48 8914 | 244c 8954 | 2408 4489 

  0x00007f90fba57074: ;   {runtime_call UncommonTrapBlob}
  0x00007f90fba57074: 4c24 10e8 

  0x00007f90fba57078: ; ImmutableOopMap {rbp=NarrowOop [0]=Oop [8]=Oop [16]=NarrowOop }
                      ;*invokevirtual setDefaultUniforms {reexecute=0 rethrow=0 return_oop=0}
                      ; - com.mojang.blaze3d.vertex.VertexBuffer::_drawWithShader@13 (line 137)
  0x00007f90fba57078: 0475 f3fc 

  0x00007f90fba5707c: ;   {other}
  0x00007f90fba5707c: 0f1f 8400 | 6c10 002e | bef6 ffff 

  0x00007f90fba57088: ;   {runtime_call UncommonTrapBlob}
  0x00007f90fba57088: ff66 90e8 

  0x00007f90fba5708c: ; ImmutableOopMap {}
                      ;*getfield asGLMode {reexecute=1 rethrow=0 return_oop=0}
                      ; - (reexecute) com.mojang.blaze3d.vertex.VertexBuffer::draw@28 (line 118)
                      ; - com.mojang.blaze3d.vertex.VertexBuffer::_drawWithShader@21 (line 139)
  0x00007f90fba5708c: f074 f3fc 

  0x00007f90fba57090: ;   {other}
  0x00007f90fba57090: 0f1f 8400 | 8010 002f | bef6 ffff 

  0x00007f90fba5709c: ;   {runtime_call UncommonTrapBlob}
  0x00007f90fba5709c: ff66 90e8 

  0x00007f90fba570a0: ; ImmutableOopMap {}
                      ;*getfield asGLType {reexecute=1 rethrow=0 return_oop=0}
                      ; - (reexecute) com.mojang.blaze3d.vertex.VertexBuffer::draw@39 (line 118)
                      ; - com.mojang.blaze3d.vertex.VertexBuffer::_drawWithShader@21 (line 139)
  0x00007f90fba570a0: dc74 f3fc 

  0x00007f90fba570a4: ;   {other}
  0x00007f90fba570a4: 0f1f 8400 | 9410 0030 | bef4 ffff | ff48 8b2c | 2444 890c | 2489 7c24 | 0444 8954 

  0x00007f90fba570c0: ;   {runtime_call UncommonTrapBlob}
  0x00007f90fba570c0: 2408 90e8 

  0x00007f90fba570c4: ; ImmutableOopMap {rbp=Oop }
                      ;*instanceof {reexecute=0 rethrow=0 return_oop=0}
                      ; - foundry.veil.api.client.render.VeilRenderSystem::getShader@5 (line 1102)
                      ; - com.mojang.blaze3d.vertex.VertexBuffer::veil$getDrawMode@0 (line 1587)
                      ; - com.mojang.blaze3d.vertex.VertexBuffer::modify$zpp000$veil$modifyDrawMode@2 (line 1582)
                      ; - com.mojang.blaze3d.vertex.VertexBuffer::draw@48 (line 118)
                      ; - com.mojang.blaze3d.vertex.VertexBuffer::_drawWithShader@21 (line 139)
  0x00007f90fba570c4: b874 f3fc 

  0x00007f90fba570c8: ;   {other}
  0x00007f90fba570c8: 0f1f 8400 | b810 0031 | bef4 ffff | ff48 8b2c 

  0x00007f90fba570d8: ;   {runtime_call UncommonTrapBlob}
  0x00007f90fba570d8: 2466 90e8 

  0x00007f90fba570dc: ; ImmutableOopMap {rbp=Oop [8]=Oop }
                      ;*instanceof {reexecute=0 rethrow=0 return_oop=0}
                      ; - foundry.veil.api.client.render.VeilRenderSystem::getShader@5 (line 1102)
                      ; - com.mojang.blaze3d.vertex.VertexBuffer::handler$zpp000$veil$drawPatches@11 (line 1571)
                      ; - com.mojang.blaze3d.vertex.VertexBuffer::draw@13
                      ; - com.mojang.blaze3d.vertex.VertexBuffer::_drawWithShader@21 (line 139)
  0x00007f90fba570dc: a074 f3fc 

  0x00007f90fba570e0: ;   {other}
  0x00007f90fba570e0: 0f1f 8400 | d010 0032 | bef6 ffff 

  0x00007f90fba570ec: ;   {runtime_call UncommonTrapBlob}
  0x00007f90fba570ec: ff66 90e8 

  0x00007f90fba570f0: ; ImmutableOopMap {}
                      ;*invokeinterface size {reexecute=0 rethrow=0 return_oop=0}
                      ; - net.minecraft.client.renderer.ShaderInstance::clear@26 (line 241)
                      ; - com.mojang.blaze3d.vertex.VertexBuffer::_drawWithShader@25 (line 140)
  0x00007f90fba570f0: 8c74 f3fc 

  0x00007f90fba570f4: ;   {other}
  0x00007f90fba570f4: 0f1f 8400 | e410 0033 | bef6 ffff 

  0x00007f90fba57100: ;   {runtime_call UncommonTrapBlob}
  0x00007f90fba57100: ff66 90e8 

  0x00007f90fba57104: ; ImmutableOopMap {}
                      ;*getfield binding {reexecute=1 rethrow=0 return_oop=0}
                      ; - (reexecute) com.mojang.blaze3d.platform.GlStateManager::_bindTexture@11 (line 547)
                      ; - net.minecraft.client.renderer.ShaderInstance::clear@65 (line 244)
                      ; - com.mojang.blaze3d.vertex.VertexBuffer::_drawWithShader@25 (line 140)
  0x00007f90fba57104: 7874 f3fc 

  0x00007f90fba57108: ;   {other}
  0x00007f90fba57108: 0f1f 8400 | f810 0034 | bef6 ffff 

  0x00007f90fba57114: ;   {runtime_call UncommonTrapBlob}
  0x00007f90fba57114: ff66 90e8 

  0x00007f90fba57118: ; ImmutableOopMap {}
                      ;*invokeinterface containsKey {reexecute=0 rethrow=0 return_oop=0}
                      ; - foundry.veil.api.client.render.shader.program.ShaderProgram::hasTesselation@10 (line 203)
                      ; - com.mojang.blaze3d.vertex.VertexBuffer::handler$zpp000$veil$drawPatches@20 (line 1572)
                      ; - com.mojang.blaze3d.vertex.VertexBuffer::draw@13
                      ; - com.mojang.blaze3d.vertex.VertexBuffer::_drawWithShader@21 (line 139)
  0x00007f90fba57118: 6474 f3fc 

  0x00007f90fba5711c: ;   {other}
  0x00007f90fba5711c: 0f1f 8400 | 0c11 0035 | be45 ffff | ff48 8b2c | 244c 895c | 2410 4489 

  0x00007f90fba57134: ;   {runtime_call UncommonTrapBlob}
  0x00007f90fba57134: 5424 18e8 

  0x00007f90fba57138: ; ImmutableOopMap {rbp=Oop [8]=Oop [16]=Oop [24]=NarrowOop }
                      ;*ifnull {reexecute=1 rethrow=0 return_oop=0}
                      ; - (reexecute) foundry.veil.impl.client.render.shader.program.ShaderProgramImpl::getShaders@4 (line 310)
                      ; - foundry.veil.api.client.render.shader.program.ShaderProgram::hasTesselation@1 (line 202)
                      ; - com.mojang.blaze3d.vertex.VertexBuffer::handler$zpp000$veil$drawPatches@20 (line 1572)
                      ; - com.mojang.blaze3d.vertex.VertexBuffer::draw@13
                      ; - com.mojang.blaze3d.vertex.VertexBuffer::_drawWithShader@21 (line 139)
  0x00007f90fba57138: 4474 f3fc 

  0x00007f90fba5713c: ;   {other}
  0x00007f90fba5713c: 0f1f 8400 | 2c11 0036 | eb02 eb00 | 488b f0eb | 3beb 18eb | 1648 8bf0 | eb32 488b | f0eb 2d48 
  0x00007f90fba5715c: 8bf0 eb28 | 488b f0eb | 23eb 0048 | 8bf0 eb1c | 488b f0eb | 1748 8bf0 | eb12 488b | f0eb 0d48 
  0x00007f90fba5717c: 8bf0 eb08 | 488b f0eb | 0348 8bf0 | 4883 c440 

  0x00007f90fba5718c: ;   {runtime_call _rethrow_Java}
  0x00007f90fba5718c: 5de9 eec5 

  0x00007f90fba57190: ;   {internal_word}
  0x00007f90fba57190: 00fd 49ba | 1566 a5fb | 907f 0000 | 4d89 9760 

  0x00007f90fba571a0: ;   {runtime_call SafepointBlob}
  0x00007f90fba571a0: 0400 00e9 | 5862 f3fc 

  0x00007f90fba571a8: ;   {runtime_call StubRoutines (final stubs)}
  0x00007f90fba571a8: e873 60f1 | fce9 c8f1 | ffff f4f4 | f4f4 f4f4 
[Stub Code]
  0x00007f90fba571b8: ;   {no_reloc}
  0x00007f90fba571b8: 48bb 0000 | 0000 0000 

  0x00007f90fba571c0: ;   {runtime_call nmethod}
  0x00007f90fba571c0: 0000 e9fb 

  0x00007f90fba571c4: ;   {static_stub}
  0x00007f90fba571c4: ffff ff48 | bb00 0000 | 0000 0000 

  0x00007f90fba571d0: ;   {runtime_call nmethod}
  0x00007f90fba571d0: 00e9 fbff 

  0x00007f90fba571d4: ;   {static_stub}
  0x00007f90fba571d4: ffff 48bb | 0000 0000 | 0000 0000 

  0x00007f90fba571e0: ;   {runtime_call nmethod}
  0x00007f90fba571e0: e9fb ffff 

  0x00007f90fba571e4: ;   {static_stub}
  0x00007f90fba571e4: ff48 bb00 | 0000 0000 

  0x00007f90fba571ec: ;   {runtime_call nmethod}
  0x00007f90fba571ec: 0000 00e9 | fbff ffff 

  0x00007f90fba571f4: ;   {static_stub}
  0x00007f90fba571f4: 48bb 0000 | 0000 0000 

  0x00007f90fba571fc: ;   {runtime_call nmethod}
  0x00007f90fba571fc: 0000 e9fb 

  0x00007f90fba57200: ;   {static_stub}
  0x00007f90fba57200: ffff ff48 | bb00 0000 | 0000 0000 

  0x00007f90fba5720c: ;   {runtime_call nmethod}
  0x00007f90fba5720c: 00e9 fbff 

  0x00007f90fba57210: ;   {static_stub}
  0x00007f90fba57210: ffff 48bb | 0000 0000 | 0000 0000 

  0x00007f90fba5721c: ;   {runtime_call nmethod}
  0x00007f90fba5721c: e9fb ffff 

  0x00007f90fba57220: ;   {static_stub}
  0x00007f90fba57220: ff48 bb00 | 0000 0000 

  0x00007f90fba57228: ;   {runtime_call nmethod}
  0x00007f90fba57228: 0000 00e9 | fbff ffff 

  0x00007f90fba57230: ;   {static_stub}
  0x00007f90fba57230: 48bb 0000 | 0000 0000 

  0x00007f90fba57238: ;   {runtime_call nmethod}
  0x00007f90fba57238: 0000 e9fb 

  0x00007f90fba5723c: ;   {static_stub}
  0x00007f90fba5723c: ffff ff48 | bb00 0000 | 0000 0000 

  0x00007f90fba57248: ;   {runtime_call nmethod}
  0x00007f90fba57248: 00e9 fbff 

  0x00007f90fba5724c: ;   {static_stub}
  0x00007f90fba5724c: ffff 48bb | 0000 0000 | 0000 0000 

  0x00007f90fba57258: ;   {runtime_call nmethod}
  0x00007f90fba57258: e9fb ffff 

  0x00007f90fba5725c: ;   {runtime_call ExceptionBlob}
  0x00007f90fba5725c: ffe9 1e20 | 00fd e800 | 0000 0048 | 832c 2405 

  0x00007f90fba5726c: ;   {runtime_call DeoptimizationBlob}
  0x00007f90fba5726c: e92f 76f3 | fcf4 f4f4 | f4f4 f4f4 
[/MachCode]


Compiled method (c2) 2546023 63356       4       com.mojang.blaze3d.vertex.BufferUploader::drawWithShader (23 bytes)
 total in heap  [0x00007f90f95e4e10,0x00007f90f95e5c70] = 3680
 relocation     [0x00007f90f95e4f68,0x00007f90f95e5048] = 224
 main code      [0x00007f90f95e5060,0x00007f90f95e56d0] = 1648
 stub code      [0x00007f90f95e56d0,0x00007f90f95e5760] = 144
 oops           [0x00007f90f95e5760,0x00007f90f95e5778] = 24
 metadata       [0x00007f90f95e5778,0x00007f90f95e5870] = 248
 scopes data    [0x00007f90f95e5870,0x00007f90f95e59d0] = 352
 scopes pcs     [0x00007f90f95e59d0,0x00007f90f95e5b10] = 320
 dependencies   [0x00007f90f95e5b10,0x00007f90f95e5b60] = 80
 handler table  [0x00007f90f95e5b60,0x00007f90f95e5c50] = 240
 nul chk table  [0x00007f90f95e5c50,0x00007f90f95e5c70] = 32

[Constant Pool (empty)]

[MachCode]
[Verified Entry Point]
  # {method} {0x00007f90a3d91028} 'drawWithShader' '(Lcom/mojang/blaze3d/vertex/MeshData;)V' in 'com/mojang/blaze3d/vertex/BufferUploader'
  # parm0:    rsi:rsi   = 'com/mojang/blaze3d/vertex/MeshData'
  #           [sp+0x50]  (sp of caller)
  0x00007f90f95e5060: 8984 2400 | c0fe ff55 | 4883 ec40 | 4181 7f20 | d100 0000 | 0f85 4906 | 0000 488b 

  0x00007f90f95e507c: ;   {oop(a 'java/lang/Class'{0x0000000605c66160} = 'com/mojang/blaze3d/systems/RenderSystem')}
  0x00007f90f95e507c: ee49 ba60 | 61c6 0506 | 0000 0045 | 0fb6 921c | 0100 0045 | 85d2 0f85 | 4c04 0000 

  0x00007f90f95e5098: ;   {oop(a 'java/lang/Class'{0x0000000605c66160} = 'com/mojang/blaze3d/systems/RenderSystem')}
  0x00007f90f95e5098: 49ba 6061 | c605 0600 | 0000 458b | 6a7c 4d8b | d549 c1e2 | 034d 8b9f | 8003 0000 | 4d8b 034d 
  0x00007f90f95e50b8: 3bc2 0f85 | fb03 0000 

  0x00007f90f95e50c0: ;   {oop(a 'java/lang/Class'{0x000000063c238708} = 'net/raphimc/immediatelyfast/feature/batching/BatchingBuffers')}
  0x00007f90f95e50c0: 49ba 0887 | 233c 0600 | 0000 450f | b652 7845 | 85d2 0f85 | 9b01 0000 | 4c8b d545 | 8b5a 1447 
  0x00007f90f95e50e0: 8b4c dc14 

  0x00007f90f95e50e4: ; implicit exception: dispatches to 0x00007f90f95e5674
  0x00007f90f95e50e4: 478b 5ccc | 2445 85db | 0f84 8602 | 0000 4b8d 

  0x00007f90f95e50f4: ;   {oop(a 'java/lang/Class'{0x000000063bf92170} = 'com/mojang/blaze3d/vertex/BufferUploader')}
  0x00007f90f95e50f4: 1cdc 48bd | 7021 f93b | 0600 0000 | 448b 5d70 | 49c1 e303 | 493b db0f | 84c0 0000 | 0041 807f 
  0x00007f90f95e5114: 4000 0f85 | 9c01 0000 | 4489 6570 

  0x00007f90f95e5120: ;   {oop(a 'java/lang/Class'{0x0000000605c66160} = 'com/mojang/blaze3d/systems/RenderSystem')}
  0x00007f90f95e5120: 49bb 6061 | c605 0600 | 0000 410f | b68b 1c01 | 0000 448b | 5b14 85c9 | 7510 4d8b | cd49 c1e1 
  0x00007f90f95e5140: 034d 3bc1 | 0f85 b203 | 0000 4489 | 5c24 1848 | 895c 2410 | 4c89 4424 | 084c 8914 | 2441 8bf3 
  0x00007f90f95e5160: ;   {static_call}
  0x00007f90f95e5160: 6666 90e8 

  0x00007f90f95e5164: ; ImmutableOopMap {rbp=Oop [0]=Oop [8]=Oop [16]=Oop }
                      ;*invokestatic glBindVertexArray {reexecute=0 rethrow=0 return_oop=0}
                      ; - org.lwjgl.opengl.GL30::glBindVertexArray@1 (line 2283)
                      ; - com.mojang.blaze3d.platform.GlStateManager::_glBindVertexArray@4 (line 289)
                      ; - com.mojang.blaze3d.vertex.VertexBuffer::bind@7 (line 109)
                      ; - com.mojang.blaze3d.vertex.BufferUploader::bindImmediateBuffer@8 (line 55)
                      ; - com.mojang.blaze3d.vertex.BufferUploader::bindImmediateBuffer@6 (line 49)
                      ; - com.mojang.blaze3d.vertex.BufferUploader::upload@10 (line 42)
                      ; - com.mojang.blaze3d.vertex.BufferUploader::_drawWithShader@5 (line 31)
                      ; - com.mojang.blaze3d.vertex.BufferUploader::drawWithShader@19 (line 26)
  0x00007f90f95e5164: 58ab a100 

  0x00007f90f95e5168: ;   {other}
  0x00007f90f95e5168: 0f1f 8400 | 5803 0000 | 4180 7f40 | 000f 8574 | 0100 004c | 8bd5 488b | 5c24 104c | 8bc3 49c1 
  0x00007f90f95e5188: e803 4489 | 4570 4c8b | db4d 33da | 49c1 eb16 

  0x00007f90f95e5198: ;   {oop(a 'java/lang/Class'{0x000000063bf92048} = 'dev/engine_room/flywheel/backend/gl/GlStateTracker')}
  0x00007f90f95e5198: 49b8 4820 | f93b 0600 | 0000 448b | 4c24 1845 | 8948 744d | 85db 741b | 49c1 ea09 | 49b8 0000 
  0x00007f90f95e51b8: 20ec 907f | 0000 4d03 | c241 8038 | 020f 855b | 0100 004c | 8b14 24eb | 054c 8944 | 2408 488b 
  0x00007f90f95e51d8: eb49 8bd2 

  0x00007f90f95e51dc: ;   {optimized virtual_call}
  0x00007f90f95e51dc: 488b f3e8 

  0x00007f90f95e51e0: ; ImmutableOopMap {rbp=Oop [8]=Oop }
                      ;*invokevirtual upload {reexecute=0 rethrow=0 return_oop=0}
                      ; - com.mojang.blaze3d.vertex.BufferUploader::upload@16 (line 43)
                      ; - com.mojang.blaze3d.vertex.BufferUploader::_drawWithShader@5 (line 31)
                      ; - com.mojang.blaze3d.vertex.BufferUploader::drawWithShader@19 (line 26)
  0x00007f90f95e51e0: 5cba 7602 

  0x00007f90f95e51e4: ;   {other}
  0x00007f90f95e51e4: 0f1f 8400 | d403 0001 

  0x00007f90f95e51ec: ;   {oop(a 'java/lang/Class'{0x0000000605c66160} = 'com/mojang/blaze3d/systems/RenderSystem')}
  0x00007f90f95e51ec: 49ba 6061 | c605 0600 | 0000 458b | 5a7c 4d8b | d349 c1e2 | 034c 8b5c | 2408 4d3b | da0f 85c1 
  0x00007f90f95e520c: ;   {oop(a 'java/lang/Class'{0x0000000605c66160} = 'com/mojang/blaze3d/systems/RenderSystem')}
  0x00007f90f95e520c: 0200 0049 | ba60 61c6 | 0506 0000 | 0045 8b92 | c000 0000 

  0x00007f90f95e5220: ;   {oop(a 'java/lang/Class'{0x0000000605c66160} = 'com/mojang/blaze3d/systems/RenderSystem')}
  0x00007f90f95e5220: 49bb 6061 | c605 0600 | 0000 458b | 8ba0 0000 | 0045 8b9b | 8c00 0000 | 4d8b c249 | c1e0 0349 
  0x00007f90f95e5240: 8bcb 48c1 | e103 498b | d148 c1e2 | 0348 8bf5 

  0x00007f90f95e5250: ;   {optimized virtual_call}
  0x00007f90f95e5250: 6666 90e8 

  0x00007f90f95e5254: ; ImmutableOopMap {}
                      ;*invokevirtual _drawWithShader {reexecute=0 rethrow=0 return_oop=0}
                      ; - com.mojang.blaze3d.vertex.VertexBuffer::drawWithShader@25 (line 132)
                      ; - com.mojang.blaze3d.vertex.BufferUploader::_drawWithShader@19 (line 32)
                      ; - com.mojang.blaze3d.vertex.BufferUploader::drawWithShader@19 (line 26)
  0x00007f90f95e5254: 0811 4702 

  0x00007f90f95e5258: ;   {other}
  0x00007f90f95e5258: 0f1f 8400 | 4804 0002 | 4883 c440 

  0x00007f90f95e5264: ;   {poll_return}
  0x00007f90f95e5264: 5d49 3ba7 | 4804 0000 | 0f87 3b04 | 0000 c34c 

  0x00007f90f95e5274: ;   {static_call}
  0x00007f90f95e5274: 8904 24e8 

  0x00007f90f95e5278: ; ImmutableOopMap {rbp=Oop [0]=Oop }
                      ;*invokestatic tryForceDrawHudBuffers {reexecute=0 rethrow=0 return_oop=0}
                      ; - com.mojang.blaze3d.vertex.BufferUploader::handler$dpp000$immediatelyfast$checkForDrawCallWhileBatching@6 (line 534)
                      ; - com.mojang.blaze3d.vertex.BufferUploader::_drawWithShader@1
                      ; - com.mojang.blaze3d.vertex.BufferUploader::drawWithShader@19 (line 26)
  0x00007f90f95e5278: 249d ffff 

  0x00007f90f95e527c: ;   {other}
  0x00007f90f95e527c: 0f1f 8400 | 6c04 0003 

  0x00007f90f95e5284: ;   {oop(a 'java/lang/Class'{0x0000000605c66160} = 'com/mojang/blaze3d/systems/RenderSystem')}
  0x00007f90f95e5284: 49ba 6061 | c605 0600 | 0000 458b | 6a7c 4d8b | d549 c1e2 | 034c 8b04 | 244d 3bc2 | 0f84 32fe 
  0x00007f90f95e52a4: ffff be45 

  0x00007f90f95e52a8: ;   {runtime_call UncommonTrapBlob}
  0x00007f90f95e52a8: ffff ffe8 

  0x00007f90f95e52ac: ; ImmutableOopMap {rbp=Oop }
                      ;*ifne {reexecute=1 rethrow=0 return_oop=0}
                      ; - (reexecute) com.mojang.blaze3d.systems.RenderSystem::assertOnRenderThread@3 (line 118)
                      ; - com.mojang.blaze3d.vertex.BufferUploader::upload@0 (line 41)
                      ; - com.mojang.blaze3d.vertex.BufferUploader::_drawWithShader@5 (line 31)
                      ; - com.mojang.blaze3d.vertex.BufferUploader::drawWithShader@19 (line 26)
  0x00007f90f95e52ac: d092 3aff 

  0x00007f90f95e52b0: ;   {other}
  0x00007f90f95e52b0: 0f1f 8400 | a004 0004 | 448b 5d70 | 4585 db0f | 8457 feff | ff4d 8b4f | 2849 8bfb | 48c1 e703 
  0x00007f90f95e52d0: 4d85 c90f | 84d3 0200 | 004d 8b5f | 384b 897c | 0bf8 4983 | c1f8 4d89 | 4f28 e92d | feff ff44 
  0x00007f90f95e52f0: 8b55 7045 | 85d2 0f84 | 7ffe ffff | 4d8b 5f28 | 498b fa48 | c1e7 034d | 85db 0f84 | cd02 0000 
  0x00007f90f95e5310: 4d8b 5738 | 4b89 7c1a | f849 83c3 | f84d 895f | 28e9 55fe | ffff 4d8b | 5748 4d8b | 5f58 f083 
  0x00007f90f95e5330: 4424 c000 | 4180 3800 | 0f84 8dfe | ffff 4588 | 204d 85d2 | 7520 498b | f849 8bf7 | 49ba f00e 
  0x00007f90f95e5350: 2409 917f | 0000 41ff 

  0x00007f90f95e5358: ;   {other}
  0x00007f90f95e5358: d20f 1f84 | 0000 0000 | 00e9 65fe | ffff 4f89 | 4413 f849 | 83c2 f84d | 8957 48e9 | 53fe ffff 
  0x00007f90f95e5378: 498b 87b8 | 0100 004c | 8bd8 4983 | c338 4b8d | 14cc 4d3b | 9fc8 0100 | 000f 8363 | 0200 004d 
  0x00007f90f95e5398: 899f b801 | 0000 410f | 0d8b c000 | 0000 48c7 | 0001 0000 | 004c 8bd8 | 4983 c328 

  0x00007f90f95e53b4: ;   {metadata('com/mojang/blaze3d/vertex/VertexBuffer')}
  0x00007f90f95e53b4: c740 08d0 | 289b 0348 | 8bc8 4883 | c110 4489 | 600c c5fd | efc0 62f1 | fe08 7f01 | 4489 6020 
  0x00007f90f95e53d4: c5fd efc0 | 62d1 fe08 | 7f03 4c89 | 1424 4c89 | 4424 0844 | 894c 2410 | 4889 5424 

  0x00007f90f95e53f0: ;   {oop(a 'com/mojang/blaze3d/vertex/VertexBuffer$Usage'{0x000000063be5c628})}
  0x00007f90f95e53f0: 18c7 4024 | c5b8 7cc7 

  0x00007f90f95e53f8: ;   {static_call}
  0x00007f90f95e53f8: 488b e8e8 

  0x00007f90f95e53fc: ; ImmutableOopMap {rbp=Oop [0]=Oop [8]=Oop [16]=NarrowOop [24]=Oop }
                      ;*invokestatic assertOnRenderThread {reexecute=0 rethrow=0 return_oop=0}
                      ; - com.mojang.blaze3d.vertex.VertexBuffer::<init>@9 (line 30)
                      ; - com.mojang.blaze3d.vertex.VertexFormat::getImmediateDrawVertexBuffer@17 (line 156)
                      ; - com.mojang.blaze3d.vertex.BufferUploader::bindImmediateBuffer@1 (line 48)
                      ; - com.mojang.blaze3d.vertex.BufferUploader::upload@10 (line 42)
                      ; - com.mojang.blaze3d.vertex.BufferUploader::_drawWithShader@5 (line 31)
                      ; - com.mojang.blaze3d.vertex.BufferUploader::drawWithShader@19 (line 26)
  0x00007f90f95e53fc: 0079 a900 

  0x00007f90f95e5400: ;   {other}
  0x00007f90f95e5400: 0f1f 8400 | f005 0005 

  0x00007f90f95e5408: ;   {static_call}
  0x00007f90f95e5408: 6666 90e8 

  0x00007f90f95e540c: ; ImmutableOopMap {rbp=Oop [0]=Oop [8]=Oop [16]=NarrowOop [24]=Oop }
                      ;*invokestatic _glGenBuffers {reexecute=0 rethrow=0 return_oop=0}
                      ; - com.mojang.blaze3d.vertex.VertexBuffer::<init>@13 (line 31)
                      ; - com.mojang.blaze3d.vertex.VertexFormat::getImmediateDrawVertexBuffer@17 (line 156)
                      ; - com.mojang.blaze3d.vertex.BufferUploader::bindImmediateBuffer@1 (line 48)
                      ; - com.mojang.blaze3d.vertex.BufferUploader::upload@10 (line 42)
                      ; - com.mojang.blaze3d.vertex.BufferUploader::_drawWithShader@5 (line 31)
                      ; - com.mojang.blaze3d.vertex.BufferUploader::drawWithShader@19 (line 26)
  0x00007f90f95e540c: 700d 3aff 

  0x00007f90f95e5410: ;   {other}
  0x00007f90f95e5410: 0f1f 8400 | 0006 0006 

  0x00007f90f95e5418: ;   {static_call}
  0x00007f90f95e5418: 8945 0ce8 

  0x00007f90f95e541c: ; ImmutableOopMap {rbp=Oop [0]=Oop [8]=Oop [16]=NarrowOop [24]=Oop }
                      ;*invokestatic _glGenBuffers {reexecute=0 rethrow=0 return_oop=0}
                      ; - com.mojang.blaze3d.vertex.VertexBuffer::<init>@20 (line 32)
                      ; - com.mojang.blaze3d.vertex.VertexFormat::getImmediateDrawVertexBuffer@17 (line 156)
                      ; - com.mojang.blaze3d.vertex.BufferUploader::bindImmediateBuffer@1 (line 48)
                      ; - com.mojang.blaze3d.vertex.BufferUploader::upload@10 (line 42)
                      ; - com.mojang.blaze3d.vertex.BufferUploader::_drawWithShader@5 (line 31)
                      ; - com.mojang.blaze3d.vertex.BufferUploader::drawWithShader@19 (line 26)
  0x00007f90f95e541c: 600d 3aff 

  0x00007f90f95e5420: ;   {other}
  0x00007f90f95e5420: 0f1f 8400 | 1006 0007 

  0x00007f90f95e5428: ;   {static_call}
  0x00007f90f95e5428: 8945 10e8 

  0x00007f90f95e542c: ; ImmutableOopMap {rbp=Oop [0]=Oop [8]=Oop [16]=NarrowOop [24]=Oop }
                      ;*invokestatic _glGenVertexArrays {reexecute=0 rethrow=0 return_oop=0}
                      ; - com.mojang.blaze3d.vertex.VertexBuffer::<init>@27 (line 33)
                      ; - com.mojang.blaze3d.vertex.VertexFormat::getImmediateDrawVertexBuffer@17 (line 156)
                      ; - com.mojang.blaze3d.vertex.BufferUploader::bindImmediateBuffer@1 (line 48)
                      ; - com.mojang.blaze3d.vertex.BufferUploader::upload@10 (line 42)
                      ; - com.mojang.blaze3d.vertex.BufferUploader::_drawWithShader@5 (line 31)
                      ; - com.mojang.blaze3d.vertex.BufferUploader::drawWithShader@19 (line 26)
  0x00007f90f95e542c: eb02 0000 

  0x00007f90f95e5430: ;   {other}
  0x00007f90f95e5430: 0f1f 8400 | 2006 0008 | 8945 1441 | 807f 4000 | 0f85 d600 | 0000 448b | 4424 104c | 8b4c 2418 
  0x00007f90f95e5450: 4d8b d14c | 8bdd 4d33 | da48 8bcd | 48c1 e903 | 4389 4cc4 | 2449 c1eb | 164d 85db | 741a 49c1 
  0x00007f90f95e5470: ea09 48bf | 0000 20ec | 907f 0000 | 4903 fa80 | 3f02 0f85 | d100 0000 | 498b f133 

  0x00007f90f95e548c: ;   {optimized virtual_call}
  0x00007f90f95e548c: d266 90e8 

  0x00007f90f95e5490: ; ImmutableOopMap {rbp=Oop [0]=Oop [8]=Oop }
                      ;*invokevirtual handler$zoi000$veil$nameImmediateDrawVertexBuffer {reexecute=0 rethrow=0 return_oop=0}
                      ; - com.mojang.blaze3d.vertex.VertexFormat::getImmediateDrawVertexBuffer@27 (line 156)
                      ; - com.mojang.blaze3d.vertex.BufferUploader::bindImmediateBuffer@1 (line 48)
                      ; - com.mojang.blaze3d.vertex.BufferUploader::upload@10 (line 42)
                      ; - com.mojang.blaze3d.vertex.BufferUploader::_drawWithShader@5 (line 31)
                      ; - com.mojang.blaze3d.vertex.BufferUploader::drawWithShader@19 (line 26)
  0x00007f90f95e5490: 4b02 0000 

  0x00007f90f95e5494: ;   {other}
  0x00007f90f95e5494: 0f1f 8400 | 8406 0009 

  0x00007f90f95e549c: ;   {oop(a 'java/lang/Class'{0x0000000605c66160} = 'com/mojang/blaze3d/systems/RenderSystem')}
  0x00007f90f95e549c: 49ba 6061 | c605 0600 | 0000 458b | 6a7c 488b | dd4c 8b14 | 244c 8b44 | 2408 e93b | fcff ffbe 
  0x00007f90f95e54bc: 45ff ffff 

  0x00007f90f95e54c0: ;   {runtime_call UncommonTrapBlob}
  0x00007f90f95e54c0: 6666 90e8 

  0x00007f90f95e54c4: ; ImmutableOopMap {rbp=Oop }
                      ;*ifeq {reexecute=1 rethrow=0 return_oop=0}
                      ; - (reexecute) com.mojang.blaze3d.systems.RenderSystem::isOnRenderThreadOrInit@9 (line 108)
                      ; - com.mojang.blaze3d.vertex.BufferUploader::drawWithShader@0 (line 23)
  0x00007f90f95e54c4: b890 3aff 

  0x00007f90f95e54c8: ;   {other}
  0x00007f90f95e54c8: 0f1f 8400 | b806 000a | be45 ffff 

  0x00007f90f95e54d4: ;   {runtime_call UncommonTrapBlob}
  0x00007f90f95e54d4: ff66 90e8 

  0x00007f90f95e54d8: ; ImmutableOopMap {rbp=Oop }
                      ;*ifne {reexecute=1 rethrow=0 return_oop=0}
                      ; - (reexecute) com.mojang.blaze3d.systems.RenderSystem::assertOnRenderThread@3 (line 118)
                      ; - com.mojang.blaze3d.systems.RenderSystem::getModelViewMatrix@0 (line 820)
                      ; - com.mojang.blaze3d.vertex.BufferUploader::_drawWithShader@10 (line 32)
                      ; - com.mojang.blaze3d.vertex.BufferUploader::drawWithShader@19 (line 26)
  0x00007f90f95e54d8: a490 3aff 

  0x00007f90f95e54dc: ;   {other}
  0x00007f90f95e54dc: 0f1f 8400 | cc06 000b | be45 ffff | ff44 8914 

  0x00007f90f95e54ec: ;   {runtime_call UncommonTrapBlob}
  0x00007f90f95e54ec: 2466 90e8 

  0x00007f90f95e54f0: ; ImmutableOopMap {rbp=Oop }
                      ;*ifne {reexecute=1 rethrow=0 return_oop=0}
                      ; - (reexecute) com.mojang.blaze3d.systems.RenderSystem::isOnRenderThreadOrInit@3 (line 108)
                      ; - com.mojang.blaze3d.vertex.BufferUploader::drawWithShader@0 (line 23)
  0x00007f90f95e54f0: 8c90 3aff 

  0x00007f90f95e54f4: ;   {other}
  0x00007f90f95e54f4: 0f1f 8400 | e406 000c | be45 ffff | ff49 8bea | 4889 5c24 | 0844 895c 

  0x00007f90f95e550c: ;   {runtime_call UncommonTrapBlob}
  0x00007f90f95e550c: 2410 90e8 

  0x00007f90f95e5510: ; ImmutableOopMap {rbp=Oop [8]=Oop }
                      ;*ifne {reexecute=1 rethrow=0 return_oop=0}
                      ; - (reexecute) com.mojang.blaze3d.systems.RenderSystem::assertOnRenderThreadOrInit@9 (line 112)
                      ; - com.mojang.blaze3d.platform.GlStateManager::_glBindVertexArray@0 (line 288)
                      ; - com.mojang.blaze3d.vertex.VertexBuffer::bind@7 (line 109)
                      ; - com.mojang.blaze3d.vertex.BufferUploader::bindImmediateBuffer@8 (line 55)
                      ; - com.mojang.blaze3d.vertex.BufferUploader::bindImmediateBuffer@6 (line 49)
                      ; - com.mojang.blaze3d.vertex.BufferUploader::upload@10 (line 42)
                      ; - com.mojang.blaze3d.vertex.BufferUploader::_drawWithShader@5 (line 31)
                      ; - com.mojang.blaze3d.vertex.BufferUploader::drawWithShader@19 (line 26)
  0x00007f90f95e5510: 6c90 3aff 

  0x00007f90f95e5514: ;   {other}
  0x00007f90f95e5514: 0f1f 8400 | 0407 000d | 448b 4424 | 1047 8b54 | c424 4585 | d20f 841c | ffff ff4d | 8b5f 2849 
  0x00007f90f95e5534: 8bfa 48c1 | e703 4d85 | db0f 84e6 | 0000 004d | 8b57 384b | 897c 1af8 | 4983 c3f8 | 4d89 5f28 
  0x00007f90f95e5554: e9f2 feff | ff4d 8b57 | 484d 8b5f | 58f0 8344 | 24c0 0080 | 3f00 0f84 | 18ff ffff | 4488 274d 
  0x00007f90f95e5574: 85d2 7522 | 498b f749 | baf0 0e24 | 0991 7f00 | 0041 ffd2 

  0x00007f90f95e5588: ;   {other}
  0x00007f90f95e5588: 0f1f 8400 | 0000 0000 | 4c8b 4c24 | 18e9 eefe | ffff 4b89 | 7c13 f849 | 83c2 f84d | 8957 48e9 
  0x00007f90f95e55a8: dcfe ffff | 4889 1c24 | 4d8b f049 | 8bda 498b | f749 bad0 | 0e24 0991 | 7f00 0041 

  0x00007f90f95e55c4: ;   {other}
  0x00007f90f95e55c4: ffd2 0f1f | 8400 0000 | 0000 4c8b | d34d 8bc6 | 488b 1c24 | e93f fbff | ff49 8bf7 | 49ba d00e 
  0x00007f90f95e55e4: 2409 917f | 0000 41ff 

  0x00007f90f95e55ec: ;   {other}
  0x00007f90f95e55ec: d20f 1f84 | 0000 0000 | 00e9 81fb | ffff 4889 | 5424 1844 | 894c 2410 | 4c89 4424 | 084c 8914 
  0x00007f90f95e560c: ;   {metadata('com/mojang/blaze3d/vertex/VertexBuffer')}
  0x00007f90f95e560c: 2448 bed0 | 289b 0308 

  0x00007f90f95e5614: ;   {runtime_call _new_instance_Java}
  0x00007f90f95e5614: 0000 00e8 

  0x00007f90f95e5618: ; ImmutableOopMap {rbp=Oop [0]=Oop [8]=Oop [16]=NarrowOop [24]=Oop }
                      ;*new {reexecute=0 rethrow=0 return_oop=1}
                      ; - com.mojang.blaze3d.vertex.VertexFormat::getImmediateDrawVertexBuffer@10 (line 156)
                      ; - com.mojang.blaze3d.vertex.BufferUploader::bindImmediateBuffer@1 (line 48)
                      ; - com.mojang.blaze3d.vertex.BufferUploader::upload@10 (line 42)
                      ; - com.mojang.blaze3d.vertex.BufferUploader::_drawWithShader@5 (line 31)
                      ; - com.mojang.blaze3d.vertex.BufferUploader::drawWithShader@19 (line 26)
  0x00007f90f95e5618: e432 47ff 

  0x00007f90f95e561c: ;   {other}
  0x00007f90f95e561c: 0f1f 8400 | 0c08 000e | e9c8 fdff | ff49 8bf7 | 49ba d00e | 2409 917f | 0000 41ff 

  0x00007f90f95e5638: ;   {other}
  0x00007f90f95e5638: d20f 1f84 | 0000 0000 | 0044 8b44 | 2410 e900 | feff ffbe | f6ff ffff 

  0x00007f90f95e5650: ;   {runtime_call UncommonTrapBlob}
  0x00007f90f95e5650: 6666 90e8 

  0x00007f90f95e5654: ; ImmutableOopMap {}
                      ;*invokevirtual drawState {reexecute=0 rethrow=0 return_oop=0}
                      ; - com.mojang.blaze3d.vertex.BufferUploader::upload@4 (line 42)
                      ; - com.mojang.blaze3d.vertex.BufferUploader::_drawWithShader@5 (line 31)
                      ; - com.mojang.blaze3d.vertex.BufferUploader::drawWithShader@19 (line 26)
  0x00007f90f95e5654: 288f 3aff 

  0x00007f90f95e5658: ;   {other}
  0x00007f90f95e5658: 0f1f 8400 | 4808 000f | bef6 ffff 

  0x00007f90f95e5664: ;   {runtime_call UncommonTrapBlob}
  0x00007f90f95e5664: ff66 90e8 

  0x00007f90f95e5668: ; ImmutableOopMap {}
                      ;*invokevirtual format {reexecute=0 rethrow=0 return_oop=0}
                      ; - com.mojang.blaze3d.vertex.BufferUploader::upload@7 (line 42)
                      ; - com.mojang.blaze3d.vertex.BufferUploader::_drawWithShader@5 (line 31)
                      ; - com.mojang.blaze3d.vertex.BufferUploader::drawWithShader@19 (line 26)
  0x00007f90f95e5668: 148f 3aff 

  0x00007f90f95e566c: ;   {other}
  0x00007f90f95e566c: 0f1f 8400 | 5c08 0010 | bef6 ffff 

  0x00007f90f95e5678: ;   {runtime_call UncommonTrapBlob}
  0x00007f90f95e5678: ff66 90e8 

  0x00007f90f95e567c: ; ImmutableOopMap {}
                      ;*invokevirtual getImmediateDrawVertexBuffer {reexecute=0 rethrow=0 return_oop=0}
                      ; - com.mojang.blaze3d.vertex.BufferUploader::bindImmediateBuffer@1 (line 48)
                      ; - com.mojang.blaze3d.vertex.BufferUploader::upload@10 (line 42)
                      ; - com.mojang.blaze3d.vertex.BufferUploader::_drawWithShader@5 (line 31)
                      ; - com.mojang.blaze3d.vertex.BufferUploader::drawWithShader@19 (line 26)
  0x00007f90f95e567c: 008f 3aff 

  0x00007f90f95e5680: ;   {other}
  0x00007f90f95e5680: 0f1f 8400 | 7008 0011 | eb11 eb0f | eb0d eb0b | eb09 eb07 | 488b f0eb | 0aeb 0048 | 8bf0 eb03 
  0x00007f90f95e56a0: 488b f048 | 83c4 405d 

  0x00007f90f95e56a8: ;   {runtime_call _rethrow_Java}
  0x00007f90f95e56a8: e9d3 e047 

  0x00007f90f95e56ac: ;   {internal_word}
  0x00007f90f95e56ac: ff49 ba65 | 525e f990 | 7f00 004d | 8997 6004 

  0x00007f90f95e56bc: ;   {runtime_call SafepointBlob}
  0x00007f90f95e56bc: 0000 e93d 

  0x00007f90f95e56c0: ;   {runtime_call StubRoutines (final stubs)}
  0x00007f90f95e56c0: 7d3a ffe8 | 587b 38ff | e9ad f9ff | fff4 f4f4 
[Stub Code]
  0x00007f90f95e56d0: ;   {no_reloc}
  0x00007f90f95e56d0: 48bb 080c | 4ba9 907f 

  0x00007f90f95e56d8: ;   {runtime_call I2C/C2I adapters}
  0x00007f90f95e56d8: 0000 e928 

  0x00007f90f95e56dc: ;   {static_stub}
  0x00007f90f95e56dc: 613a ff48 | bb28 94d9 | b190 7f00 

  0x00007f90f95e56e8: ;   {runtime_call I2C/C2I adapters}
  0x00007f90f95e56e8: 00e9 1961 

  0x00007f90f95e56ec: ;   {static_stub}
  0x00007f90f95e56ec: 3aff 48bb | 7018 4ba9 | 907f 0000 

  0x00007f90f95e56f8: ;   {runtime_call I2C/C2I adapters}
  0x00007f90f95e56f8: e912 1639 

  0x00007f90f95e56fc: ;   {static_stub}
  0x00007f90f95e56fc: ff48 bb00 | 0000 0000 

  0x00007f90f95e5704: ;   {runtime_call nmethod}
  0x00007f90f95e5704: 0000 00e9 | fbff ffff 

  0x00007f90f95e570c: ;   {static_stub}
  0x00007f90f95e570c: 48bb 0000 | 0000 0000 

  0x00007f90f95e5714: ;   {runtime_call nmethod}
  0x00007f90f95e5714: 0000 e9fb 

  0x00007f90f95e5718: ;   {static_stub}
  0x00007f90f95e5718: ffff ff48 | bb00 5632 | b290 7f00 

  0x00007f90f95e5724: ;   {runtime_call I2C/C2I adapters}
  0x00007f90f95e5724: 00e9 d5f0 

  0x00007f90f95e5728: ;   {static_stub}
  0x00007f90f95e5728: 39ff 48bb | 0000 0000 | 0000 0000 

  0x00007f90f95e5734: ;   {runtime_call nmethod}
  0x00007f90f95e5734: e9fb ffff 

  0x00007f90f95e5738: ;   {static_stub}
  0x00007f90f95e5738: ff48 bb00 | 0000 0000 

  0x00007f90f95e5740: ;   {runtime_call nmethod}
  0x00007f90f95e5740: 0000 00e9 | fbff ffff 
[Exception Handler]
  0x00007f90f95e5748: ;   {runtime_call ExceptionBlob}
  0x00007f90f95e5748: e933 3b47 | ffe8 0000 | 0000 4883 

  0x00007f90f95e5754: ;   {runtime_call DeoptimizationBlob}
  0x00007f90f95e5754: 2c24 05e9 | 4491 3aff | f4f4 f4f4 
[/MachCode]


---------------  P R O C E S S  ---------------

Threads class SMR info:
_java_thread_list=0x000055c7d5ff27a0, length=80, elements={
0x00007f9104031480, 0x00007f91041a0010, 0x00007f91041b1180, 0x00007f91041b2a60,
0x00007f91041b3fc0, 0x00007f91041b5550, 0x00007f91041b6d30, 0x00007f91041c03c0,
0x00007f91042afad0, 0x00007f91049ba970, 0x00007f91063a2e50, 0x00007f9106491eb0,
0x00007f90b4117bc0, 0x00007f91049a85e0, 0x00007f90d0138680, 0x00007f90d01491e0,
0x00007f90d01c06d0, 0x00007f90d01ca3b0, 0x00007f90d02ebb70, 0x00007f90d09992d0,
0x00007f90d099a470, 0x00007f90d80ef9f0, 0x000055c7d4c68690, 0x000055c7d4f0b160,
0x00007f90dc3b1da0, 0x00007f90d1163f40, 0x00007f90dc227a80, 0x00007f90dc087920,
0x000055c7d58ef280, 0x00007f90d1a69340, 0x00007f90d377c0b0, 0x00007f90d38bcc30,
0x00007f90d38c2290, 0x00007f90d3a35f90, 0x00007f90d3a38e10, 0x00007f90d3d34ab0,
0x00007f90d8725b60, 0x00007f907589aa50, 0x00007f907589be70, 0x00007f9049bd56c0,
0x00007f9049c7e660, 0x00007f90e1a76ea0, 0x00007f9049d889d0, 0x00007f90e0c786a0,
0x00007f9049fba720, 0x00007f90b6dade00, 0x00007f90b6e17830, 0x00007f90c974aa10,
0x00007f90b644fb30, 0x00007f90b6a80390, 0x00007f90c819ecc0, 0x00007f90d4f99d30,
0x00007f90b76adc10, 0x00007f90d3b9b110, 0x00007f90d3bac950, 0x00007f90d3bde410,
0x00007f90c82f25c0, 0x00007f9049fcb280, 0x00007f90c82b5190, 0x00007f90d154a4e0,
0x00007f904a9064c0, 0x00007f904a907830, 0x00007f904a932db0, 0x00007f904aa491d0,
0x00007f904aa49e80, 0x00007f904a1ac9f0, 0x00007f90b76a4dc0, 0x00007f90b7b43d10,
0x00007f90c8982b00, 0x00007f90c8e92a90, 0x00007f904bb376a0, 0x00007f90c8cc5cf0,
0x000055c7d65934a0, 0x000055c7d4d318c0, 0x00007f90b7fefc40, 0x00007f90d3ae1910,
0x000055c7d61d23f0, 0x00007f90e300de70, 0x00007f90e0532500, 0x000055c7d633c710
}

Java Threads: ( => current thread )
  0x00007f9104031480 JavaThread "Ixeris Event Polling Thread"        [_thread_blocked, id=102250, stack(0x00007f910897f000,0x00007f9108a7f000) (1024K)]
  0x00007f91041a0010 JavaThread "Reference Handler"          daemon [_thread_blocked, id=102258, stack(0x00007f90e40f4000,0x00007f90e41f4000) (1024K)]
  0x00007f91041b1180 JavaThread "Finalizer"                  daemon [_thread_blocked, id=102259, stack(0x00007f90cff00000,0x00007f90d0000000) (1024K)]
  0x00007f91041b2a60 JavaThread "Signal Dispatcher"          daemon [_thread_blocked, id=102260, stack(0x00007f90cfb00000,0x00007f90cfc00000) (1024K)]
  0x00007f91041b3fc0 JavaThread "Service Thread"             daemon [_thread_blocked, id=102261, stack(0x00007f90cf9ff000,0x00007f90cfaff000) (1024K)]
  0x00007f91041b5550 JavaThread "Monitor Deflation Thread"   daemon [_thread_blocked, id=102262, stack(0x00007f90cf8fe000,0x00007f90cf9fe000) (1024K)]
  0x00007f91041b6d30 JavaThread "C2 CompilerThread0"         daemon [_thread_blocked, id=102263, stack(0x00007f90cf7fd000,0x00007f90cf8fd000) (1024K)]
  0x00007f91041c03c0 JavaThread "C1 CompilerThread0"         daemon [_thread_blocked, id=102264, stack(0x00007f90cf6fc000,0x00007f90cf7fc000) (1024K)]
  0x00007f91042afad0 JavaThread "Common-Cleaner"             daemon [_thread_blocked, id=102265, stack(0x00007f90cf5fb000,0x00007f90cf6fb000) (1024K)]
  0x00007f91049ba970 JavaThread "Notification Thread"        daemon [_thread_blocked, id=102274, stack(0x00007f90cf2a2000,0x00007f90cf3a2000) (1024K)]
  0x00007f91063a2e50 JavaThread "LauncherLogger-Worker"      daemon [_thread_blocked, id=102364, stack(0x00007f90cc1da000,0x00007f90cc2da000) (1024K)]
  0x00007f9106491eb0 JavaThread "JNA Cleaner"                daemon [_thread_blocked, id=102370, stack(0x00007f90bc638000,0x00007f90bc738000) (1024K)]
  0x00007f90b4117bc0 JavaThread "Timer hack thread"          daemon [_thread_blocked, id=102809, stack(0x00007f90cec22000,0x00007f90ced22000) (1024K)]
=>0x00007f91049a85e0 JavaThread "Render thread"                     [_thread_in_native, id=102810, stack(0x00007f90b9d7a000,0x00007f90b9e7a000) (1024K)]
  0x00007f90d0138680 JavaThread "WaterConfig-Worker"         daemon [_thread_blocked, id=102813, stack(0x00007f90b9c79000,0x00007f90b9d79000) (1024K)]
  0x00007f90d01491e0 JavaThread "WaterConfig-IO"             daemon [_thread_blocked, id=102814, stack(0x00007f90b9700000,0x00007f90b9800000) (1024K)]
  0x00007f90d01c06d0 JavaThread "NanoHttpd Main Listener"    daemon [_thread_in_native, id=102826, stack(0x00007f90b94fe000,0x00007f90b95fe000) (1024K)]
  0x00007f90d01ca3b0 JavaThread "Yggdrasil Key Fetcher"      daemon [_thread_blocked, id=102827, stack(0x00007f90b93fd000,0x00007f90b94fd000) (1024K)]
  0x00007f90d02ebb70 JavaThread "Cleaner-0"                  daemon [_thread_blocked, id=102836, stack(0x00007f90b8cf6000,0x00007f90b8df6000) (1024K)]
  0x00007f90d09992d0 JavaThread "FileSystemWatchService"     daemon [_thread_in_native, id=102878, stack(0x00007f90bc9be000,0x00007f90bcabe000) (1024K)]
  0x00007f90d099a470 JavaThread "config-file-watcher-0-0"    daemon [_thread_blocked, id=102879, stack(0x00007f90bc8bd000,0x00007f90bc9bd000) (1024K)]
  0x00007f90d80ef9f0 JavaThread "FileWatcher-1-thread-1"     daemon [_thread_blocked, id=102880, stack(0x00007f90bc7bc000,0x00007f90bc8bc000) (1024K)]
  0x000055c7d4c68690 JavaThread "FileSystemWatchService"     daemon [_thread_in_native, id=102899, stack(0x00007f90b90fa000,0x00007f90b91fa000) (1024K)]
  0x000055c7d4f0b160 JavaThread "JEI Config File Watcher"    daemon [_thread_blocked, id=102900, stack(0x00007f90b8ef8000,0x00007f90b8ff8000) (1024K)]
  0x00007f90dc3b1da0 JavaThread "FileSystemWatchService"     daemon [_thread_in_native, id=102914, stack(0x00007f90b92fc000,0x00007f90b93fc000) (1024K)]
  0x00007f90d1163f40 JavaThread "kubejs-background-thread"   daemon [_thread_blocked, id=102917, stack(0x00007f90bb020000,0x00007f90bb120000) (1024K)]
  0x00007f90dc227a80 JavaThread "FileSystemWatchService"     daemon [_thread_in_native, id=102926, stack(0x00007f90bad1d000,0x00007f90bae1d000) (1024K)]
  0x00007f90dc087920 JavaThread "config-file-watcher-1-0"    daemon [_thread_blocked, id=102927, stack(0x00007f90bac1c000,0x00007f90bad1c000) (1024K)]
  0x000055c7d58ef280 JavaThread "Tween thread"               daemon [_thread_blocked, id=102933, stack(0x00007f90b810b000,0x00007f90b820b000) (1024K)]
  0x00007f90d1a69340 JavaThread "modloading-sync-worker"     daemon [_thread_blocked, id=102943, stack(0x00007f90afdff000,0x00007f90afeff000) (1024K)]
  0x00007f90d377c0b0 JavaThread "FancyMenu-JsonPlaceholder-Cleanup" daemon [_thread_blocked, id=103049, stack(0x00007f909a900000,0x00007f909aa00000) (1024K)]
  0x00007f90d38bcc30 JavaThread "pool-17-thread-1"                  [_thread_blocked, id=103052, stack(0x00007f90afcfe000,0x00007f90afdfe000) (1024K)]
  0x00007f90d38c2290 JavaThread "pool-18-thread-1"                  [_thread_blocked, id=103053, stack(0x00007f90b95ff000,0x00007f90b96ff000) (1024K)]
  0x00007f90d3a35f90 JavaThread "Thread-16"                         [_thread_blocked, id=103056, stack(0x00007f909a0fe000,0x00007f909a1fe000) (1024K)]
  0x00007f90d3a38e10 JavaThread "Thread-17"                         [_thread_blocked, id=103057, stack(0x00007f9099ffd000,0x00007f909a0fd000) (1024K)]
  0x00007f90d3d34ab0 JavaThread "CullThread"                 daemon [_thread_blocked, id=104073, stack(0x00007f9091eff000,0x00007f9091fff000) (1024K)]
  0x00007f90d8725b60 JavaThread "Thread-19"                  daemon [_thread_blocked, id=104076, stack(0x00007f90ce5ba000,0x00007f90ce6ba000) (1024K)]
  0x00007f907589aa50 JavaThread "KubeJS 2101.7.2-build.374"  daemon [_thread_in_native, id=104088, stack(0x00007f90ce8bd000,0x00007f90ce9bd000) (1024K)]
  0x00007f907589be70 JavaThread "WSKeepAliveThread-/api/updates" daemon [_thread_blocked, id=104089, stack(0x00007f9091900000,0x00007f9091a00000) (1024K)]
  0x00007f9049bd56c0 JavaThread "Cleaner-1"                  daemon [_thread_blocked, id=104215, stack(0x00007f90aef2d000,0x00007f90af02d000) (1024K)]
  0x00007f9049c7e660 JavaThread "ForkJoinPool-5-worker-5"    daemon [_thread_blocked, id=104216, stack(0x00007f90ae069000,0x00007f90ae169000) (1024K)]
  0x00007f90e1a76ea0 JavaThread "VirtualThread-unparker"     daemon [_thread_blocked, id=104217, stack(0x00007f909bd00000,0x00007f909be00000) (1024K)]
  0x00007f9049d889d0 JavaThread "pool-21-thread-1"                  [_thread_blocked, id=104228, stack(0x00007f90b820c000,0x00007f90b830c000) (1024K)]
  0x00007f90e0c786a0 JavaThread "ForkJoinPool-5-worker-6"    daemon [_thread_blocked, id=104242, stack(0x00007f90b91fb000,0x00007f90b92fb000) (1024K)]
  0x00007f9049fba720 JavaThread "Server thread"                     [_thread_blocked, id=104275, stack(0x00007f90cdfb4000,0x00007f90ce0b4000) (1024K)]
  0x00007f90b6dade00 JavaThread "Train Worker"                      [_thread_blocked, id=104276, stack(0x00007f909a1ff000,0x00007f909a2ff000) (1024K)]
  0x00007f90b6e17830 JavaThread "ComputerCraft-Network-0"    daemon [_thread_blocked, id=104277, stack(0x00007f909bafe000,0x00007f909bbfe000) (1024K)]
  0x00007f90c974aa10 JavaThread "ComputerCraft-Network-1"    daemon [_thread_blocked, id=104278, stack(0x00007f909bbff000,0x00007f909bcff000) (1024K)]
  0x00007f90b644fb30 JavaThread "Thread-28"                         [_thread_blocked, id=104279, stack(0x00007f908ee80000,0x00007f908ef80000) (1024K)]
  0x00007f90b6a80390 JavaThread "Immersive Optimization Worker" daemon [_thread_blocked, id=104280, stack(0x00007f9090280000,0x00007f9090380000) (1024K)]
  0x00007f90c819ecc0 JavaThread "ComputerCraft-Network-2"    daemon [_thread_blocked, id=104283, stack(0x00007f908d8b1000,0x00007f908d9b1000) (1024K)]
  0x00007f90d4f99d30 JavaThread "ComputerCraft-Network-3"    daemon [_thread_blocked, id=104308, stack(0x00007f908d6af000,0x00007f908d7af000) (1024K)]
  0x00007f90b76adc10 JavaThread "ModernFix integrated server watchdog" daemon [_thread_blocked, id=104309, stack(0x00007f908d5ae000,0x00007f908d6ae000) (1024K)]
  0x00007f90d3b9b110 JavaThread "Netty Server IO #0"         daemon [_thread_in_native, id=104326, stack(0x00007f908c8ff000,0x00007f908c9ff000) (1024K)]
  0x00007f90d3bac950 JavaThread "Netty Server IO #1"         daemon [_thread_in_native, id=104327, stack(0x00007f908b8ff000,0x00007f908b9ff000) (1024K)]
  0x00007f90d3bde410 JavaThread "Netty Local Client IO #0"   daemon [_thread_blocked, id=104328, stack(0x00007f908a8fd000,0x00007f908a9fd000) (1024K)]
  0x00007f90c82f25c0 JavaThread "Netty Server IO #2"         daemon [_thread_in_native, id=104329, stack(0x00007f9089efe000,0x00007f9089ffe000) (1024K)]
  0x00007f9049fcb280 JavaThread "Netty Local Client IO #1"   daemon [_thread_blocked, id=104330, stack(0x00007f90854ff000,0x00007f90855ff000) (1024K)]
  0x00007f90c82b5190 JavaThread "Netty Server IO #3"         daemon [_thread_in_native, id=104331, stack(0x00007f9084afe000,0x00007f9084bfe000) (1024K)]
  0x00007f90d154a4e0 JavaThread "Sound engine"               daemon [_thread_blocked, id=104360, stack(0x00007f90849fd000,0x00007f9084afd000) (1024K)]
  0x00007f904a9064c0 JavaThread "Chunk Render Task Executor #0"        [_thread_blocked, id=104363, stack(0x00007f909c729000,0x00007f909c829000) (1024K)]
  0x00007f904a907830 JavaThread "Chunk Render Task Executor #1"        [_thread_blocked, id=104364, stack(0x00007f90848fc000,0x00007f90849fc000) (1024K)]
  0x00007f904a932db0 JavaThread "HttpClient-3-SelectorManager" daemon [_thread_in_native, id=104365, stack(0x00007f90847fb000,0x00007f90848fb000) (1024K)]
  0x00007f904aa491d0 JavaThread "Flywheel Task Executor #0"         [_thread_blocked, id=104367, stack(0x00007f90845f9000,0x00007f90846f9000) (1024K)]
  0x00007f904aa49e80 JavaThread "Flywheel Task Executor #1"         [_thread_blocked, id=104368, stack(0x00007f90844f8000,0x00007f90845f8000) (1024K)]
  0x00007f904a1ac9f0 JavaThread "JEI Delayed Executor 0"            [_thread_blocked, id=104387, stack(0x00007f90829ff000,0x00007f9082aff000) (1024K)]
  0x00007f90b76a4dc0 JavaThread "IO-Worker-51"                      [_thread_blocked, id=121341, stack(0x00007f90b9f7c000,0x00007f90ba07c000) (1024K)]
  0x00007f90b7b43d10 JavaThread "Worker-Main-12"             daemon [_thread_blocked, id=121655, stack(0x00007f90826fc000,0x00007f90827fc000) (1024K)]
  0x00007f90c8982b00 JavaThread "Worker-Main-13"             daemon [_thread_blocked, id=121656, stack(0x00007f9092000000,0x00007f9092100000) (1024K)]
  0x00007f90c8e92a90 JavaThread "Worker-Main-14"             daemon [_thread_blocked, id=121657, stack(0x00007f908d3ac000,0x00007f908d4ac000) (1024K)]
  0x00007f904bb376a0 JavaThread "Worker-Main-15"             daemon [_thread_blocked, id=121658, stack(0x00007f9091300000,0x00007f9091400000) (1024K)]
  0x00007f90c8cc5cf0 JavaThread "Worker-Main-16"             daemon [_thread_blocked, id=121659, stack(0x00007f90b8df7000,0x00007f90b8ef7000) (1024K)]
  0x000055c7d65934a0 JavaThread "IO-Worker-52"                      [_thread_blocked, id=121673, stack(0x00007f90842f6000,0x00007f90843f6000) (1024K)]
  0x000055c7d4d318c0 JavaThread "IO-Worker-53"                      [_thread_blocked, id=121674, stack(0x00007f90cf4fa000,0x00007f90cf5fa000) (1024K)]
  0x00007f90b7fefc40 JavaThread "IO-Worker-54"                      [_thread_blocked, id=122785, stack(0x00007f90ba27f000,0x00007f90ba37f000) (1024K)]
  0x00007f90d3ae1910 JavaThread "Download-39"                daemon [_thread_blocked, id=122810, stack(0x00007f9099080000,0x00007f9099180000) (1024K)]
  0x000055c7d61d23f0 JavaThread "IO-Worker-55"                      [_thread_blocked, id=122846, stack(0x00007f9099bf9000,0x00007f9099cf9000) (1024K)]
  0x00007f90e300de70 JavaThread "IO-Worker-56"                      [_thread_blocked, id=122848, stack(0x00007f90af87d000,0x00007f90af97d000) (1024K)]
  0x00007f90e0532500 JavaThread "IO-Worker-57"                      [_thread_blocked, id=123359, stack(0x00007f90b9e7b000,0x00007f90b9f7b000) (1024K)]
  0x000055c7d633c710 JavaThread "IO-Worker-58"                      [_thread_blocked, id=123633, stack(0x00007f909c92b000,0x00007f909ca2b000) (1024K)]
Total: 80

Other Threads:
  0x00007f9104127540 VMThread "VM Thread"                           [id=102257, stack(0x00007f90e41f5000,0x00007f90e42f5000) (1024K)]
  0x00007f91040dc5d0 WatcherThread "VM Periodic Task Thread"        [id=102256, stack(0x00007f90e42f6000,0x00007f90e43f6000) (1024K)]
  0x00007f910405bba0 WorkerThread "GC Thread#0"                     [id=102251, stack(0x00007f90e7100000,0x00007f90e7200000) (1024K)]
  0x000055c7d4ab5380 WorkerThread "GC Thread#1"                     [id=102284, stack(0x00007f90cf1a1000,0x00007f90cf2a1000) (1024K)]
  0x000055c7d4ab5e90 WorkerThread "GC Thread#2"                     [id=102285, stack(0x00007f90cf0a0000,0x00007f90cf1a0000) (1024K)]
  0x000055c7d4ab69a0 WorkerThread "GC Thread#3"                     [id=102286, stack(0x00007f90cef9f000,0x00007f90cf09f000) (1024K)]
  0x000055c7d4ab74b0 WorkerThread "GC Thread#4"                     [id=102287, stack(0x00007f90cee9e000,0x00007f90cef9e000) (1024K)]
  0x000055c7d4ab7fc0 WorkerThread "GC Thread#5"                     [id=102288, stack(0x00007f90ced9d000,0x00007f90cee9d000) (1024K)]
  0x000055c7d4ad7d80 WorkerThread "GC Thread#6"                     [id=102302, stack(0x00007f90ce2b7000,0x00007f90ce3b7000) (1024K)]
  0x000055c7d4abae60 WorkerThread "GC Thread#7"                     [id=102305, stack(0x00007f90ce1b6000,0x00007f90ce2b6000) (1024K)]
  0x00007f910406d1b0 ConcurrentGCThread "G1 Main Marker"            [id=102252, stack(0x00007f90e6fff000,0x00007f90e70ff000) (1024K)]
  0x00007f910406e150 WorkerThread "G1 Conc#0"                       [id=102253, stack(0x00007f90e6efe000,0x00007f90e6ffe000) (1024K)]
  0x00007f90d8006800 WorkerThread "G1 Conc#1"                       [id=102306, stack(0x00007f90ce0b5000,0x00007f90ce1b5000) (1024K)]
  0x00007f91040cb250 ConcurrentGCThread "G1 Refine#0"               [id=102254, stack(0x00007f90e44f8000,0x00007f90e45f8000) (1024K)]
  0x00007f91040cc200 ConcurrentGCThread "G1 Service"                [id=102255, stack(0x00007f90e43f7000,0x00007f90e44f7000) (1024K)]
Total: 15

Threads with active compile tasks:
Total: 0

VM state: not at safepoint (normal execution)

VM Mutex/Monitor currently owned by a thread: None

Heap address: 0x0000000600000000, size: 8192 MB, Compressed Oops mode: Zero based, Oop shift amount: 3

CDS archive(s) not mapped
Compressed class space mapped at: 0x0000000800000000-0x0000000840000000, reserved size: 1073741824
Narrow klass base: 0x0000000800000000, Narrow klass shift: 0, Narrow klass range: 0x40000000

GC Precious Log:
 CardTable entry size: 512
 Card Set container configuration: InlinePtr #cards 4 size 8 Array Of Cards #cards 32 size 80 Howl #buckets 8 coarsen threshold 7372 Howl Bitmap #cards 1024 size 144 coarsen threshold 921 Card regions per heap region 1 cards per card region 8192
 CPUs: 8 total, 8 available
 Memory: 11759M
 Large Page Support: Disabled
 NUMA Support: Disabled
 Compressed Oops: Enabled (Zero based)
 Heap Region Size: 4M
 Heap Min Capacity: 256M
 Heap Initial Capacity: 256M
 Heap Max Capacity: 8G
 Pre-touch: Disabled
 Parallel Workers: 8
 Concurrent Workers: 2
 Concurrent Refinement Workers: 8
 Periodic GC: Disabled

Heap:
 garbage-first heap   total 3665920K, used 2171426K [0x0000000600000000, 0x0000000800000000)
  region size 4096K, 23 young (94208K), 3 survivors (12288K)
 Metaspace       used 553363K, committed 559616K, reserved 1572864K
  class space    used 98684K, committed 101568K, reserved 1048576K

Heap Regions: E=young(eden), S=young(survivor), O=old, HS=humongous(starts), HC=humongous(continues), CS=collection set, F=free, TAMS=top-at-mark-start, PB=parsable bottom
|   0|0x0000000600000000, 0x0000000600400000, 0x0000000600400000|100%| O|  |TAMS 0x0000000600000000| PB 0x0000000600000000| Untracked 
|   1|0x0000000600400000, 0x0000000600800000, 0x0000000600800000|100%| O|  |TAMS 0x0000000600400000| PB 0x0000000600400000| Untracked 
|   2|0x0000000600800000, 0x0000000600c00000, 0x0000000600c00000|100%| O|  |TAMS 0x0000000600800000| PB 0x0000000600800000| Untracked 
|   3|0x0000000600c00000, 0x0000000601000000, 0x0000000601000000|100%| O|  |TAMS 0x0000000600c00000| PB 0x0000000600c00000| Untracked 
|   4|0x0000000601000000, 0x0000000601400000, 0x0000000601400000|100%| O|  |TAMS 0x0000000601000000| PB 0x0000000601000000| Untracked 
|   5|0x0000000601400000, 0x0000000601800000, 0x0000000601800000|100%| O|  |TAMS 0x0000000601400000| PB 0x0000000601400000| Untracked 
|   6|0x0000000601800000, 0x0000000601c00000, 0x0000000601c00000|100%| O|  |TAMS 0x0000000601800000| PB 0x0000000601800000| Untracked 
|   7|0x0000000601c00000, 0x0000000602000000, 0x0000000602000000|100%| O|  |TAMS 0x0000000601c00000| PB 0x0000000601c00000| Untracked 
|   8|0x0000000602000000, 0x0000000602400000, 0x0000000602400000|100%| O|  |TAMS 0x0000000602000000| PB 0x0000000602000000| Untracked 
|   9|0x0000000602400000, 0x0000000602800000, 0x0000000602800000|100%| O|  |TAMS 0x0000000602400000| PB 0x0000000602400000| Untracked 
|  10|0x0000000602800000, 0x0000000602c00000, 0x0000000602c00000|100%| O|  |TAMS 0x0000000602800000| PB 0x0000000602800000| Untracked 
|  11|0x0000000602c00000, 0x0000000603000000, 0x0000000603000000|100%| O|  |TAMS 0x0000000602c00000| PB 0x0000000602c00000| Untracked 
|  12|0x0000000603000000, 0x0000000603400000, 0x0000000603400000|100%| O|  |TAMS 0x0000000603000000| PB 0x0000000603000000| Untracked 
|  13|0x0000000603400000, 0x0000000603800000, 0x0000000603800000|100%| O|  |TAMS 0x0000000603400000| PB 0x0000000603400000| Untracked 
|  14|0x0000000603800000, 0x0000000603c00000, 0x0000000603c00000|100%|HS|  |TAMS 0x0000000603800000| PB 0x0000000603800000| Complete 
|  15|0x0000000603c00000, 0x0000000604000000, 0x0000000604000000|100%|HC|  |TAMS 0x0000000603c00000| PB 0x0000000603c00000| Complete 
|  16|0x0000000604000000, 0x0000000604400000, 0x0000000604400000|100%| O|  |TAMS 0x0000000604000000| PB 0x0000000604000000| Untracked 
|  17|0x0000000604400000, 0x0000000604800000, 0x0000000604800000|100%| O|  |TAMS 0x0000000604400000| PB 0x0000000604400000| Untracked 
|  18|0x0000000604800000, 0x0000000604c00000, 0x0000000604c00000|100%| O|  |TAMS 0x0000000604800000| PB 0x0000000604800000| Untracked 
|  19|0x0000000604c00000, 0x0000000605000000, 0x0000000605000000|100%| O|  |TAMS 0x0000000604c00000| PB 0x0000000604c00000| Untracked 
|  20|0x0000000605000000, 0x0000000605400000, 0x0000000605400000|100%| O|  |TAMS 0x0000000605000000| PB 0x0000000605000000| Untracked 
|  21|0x0000000605400000, 0x0000000605800000, 0x0000000605800000|100%| O|  |TAMS 0x0000000605400000| PB 0x0000000605400000| Untracked 
|  22|0x0000000605800000, 0x0000000605c00000, 0x0000000605c00000|100%| O|  |TAMS 0x0000000605800000| PB 0x0000000605800000| Untracked 
|  23|0x0000000605c00000, 0x0000000606000000, 0x0000000606000000|100%| O|  |TAMS 0x0000000605c00000| PB 0x0000000605c00000| Untracked 
|  24|0x0000000606000000, 0x0000000606400000, 0x0000000606400000|100%| O|  |TAMS 0x0000000606000000| PB 0x0000000606000000| Untracked 
|  25|0x0000000606400000, 0x0000000606800000, 0x0000000606800000|100%| O|  |TAMS 0x0000000606400000| PB 0x0000000606400000| Untracked 
|  26|0x0000000606800000, 0x0000000606c00000, 0x0000000606c00000|100%| O|  |TAMS 0x0000000606800000| PB 0x0000000606800000| Untracked 
|  27|0x0000000606c00000, 0x0000000607000000, 0x0000000607000000|100%| O|  |TAMS 0x0000000606c00000| PB 0x0000000606c00000| Untracked 
|  28|0x0000000607000000, 0x0000000607400000, 0x0000000607400000|100%| O|  |TAMS 0x0000000607000000| PB 0x0000000607000000| Untracked 
|  29|0x0000000607400000, 0x0000000607800000, 0x0000000607800000|100%| O|  |TAMS 0x0000000607400000| PB 0x0000000607400000| Untracked 
|  30|0x0000000607800000, 0x0000000607c00000, 0x0000000607c00000|100%| O|  |TAMS 0x0000000607800000| PB 0x0000000607800000| Untracked 
|  31|0x0000000607c00000, 0x0000000608000000, 0x0000000608000000|100%| O|  |TAMS 0x0000000607c00000| PB 0x0000000607c00000| Untracked 
|  32|0x0000000608000000, 0x0000000608400000, 0x0000000608400000|100%| O|  |TAMS 0x0000000608000000| PB 0x0000000608000000| Untracked 
|  33|0x0000000608400000, 0x0000000608800000, 0x0000000608800000|100%| O|  |TAMS 0x0000000608400000| PB 0x0000000608400000| Untracked 
|  34|0x0000000608800000, 0x0000000608c00000, 0x0000000608c00000|100%| O|  |TAMS 0x0000000608800000| PB 0x0000000608800000| Untracked 
|  35|0x0000000608c00000, 0x0000000609000000, 0x0000000609000000|100%| O|  |TAMS 0x0000000608c00000| PB 0x0000000608c00000| Untracked 
|  36|0x0000000609000000, 0x0000000609400000, 0x0000000609400000|100%| O|  |TAMS 0x0000000609000000| PB 0x0000000609000000| Untracked 
|  37|0x0000000609400000, 0x0000000609800000, 0x0000000609800000|100%| O|  |TAMS 0x0000000609400000| PB 0x0000000609400000| Untracked 
|  38|0x0000000609800000, 0x0000000609c00000, 0x0000000609c00000|100%| O|  |TAMS 0x0000000609800000| PB 0x0000000609800000| Untracked 
|  39|0x0000000609c00000, 0x000000060a000000, 0x000000060a000000|100%| O|  |TAMS 0x0000000609c00000| PB 0x0000000609c00000| Untracked 
|  40|0x000000060a000000, 0x000000060a400000, 0x000000060a400000|100%| O|  |TAMS 0x000000060a000000| PB 0x000000060a000000| Untracked 
|  41|0x000000060a400000, 0x000000060a800000, 0x000000060a800000|100%| O|  |TAMS 0x000000060a400000| PB 0x000000060a400000| Untracked 
|  42|0x000000060a800000, 0x000000060ac00000, 0x000000060ac00000|100%| O|  |TAMS 0x000000060a800000| PB 0x000000060a800000| Untracked 
|  43|0x000000060ac00000, 0x000000060b000000, 0x000000060b000000|100%| O|  |TAMS 0x000000060ac00000| PB 0x000000060ac00000| Untracked 
|  44|0x000000060b000000, 0x000000060b400000, 0x000000060b400000|100%| O|  |TAMS 0x000000060b000000| PB 0x000000060b000000| Untracked 
|  45|0x000000060b400000, 0x000000060b800000, 0x000000060b800000|100%| O|  |TAMS 0x000000060b400000| PB 0x000000060b400000| Untracked 
|  46|0x000000060b800000, 0x000000060bc00000, 0x000000060bc00000|100%| O|  |TAMS 0x000000060b800000| PB 0x000000060b800000| Untracked 
|  47|0x000000060bc00000, 0x000000060c000000, 0x000000060c000000|100%| O|  |TAMS 0x000000060bc00000| PB 0x000000060bc00000| Untracked 
|  48|0x000000060c000000, 0x000000060c400000, 0x000000060c400000|100%| O|  |TAMS 0x000000060c000000| PB 0x000000060c000000| Untracked 
|  49|0x000000060c400000, 0x000000060c800000, 0x000000060c800000|100%| O|  |TAMS 0x000000060c400000| PB 0x000000060c400000| Untracked 
|  50|0x000000060c800000, 0x000000060cc00000, 0x000000060cc00000|100%| O|  |TAMS 0x000000060c800000| PB 0x000000060c800000| Untracked 
|  51|0x000000060cc00000, 0x000000060d000000, 0x000000060d000000|100%| O|  |TAMS 0x000000060cc00000| PB 0x000000060cc00000| Untracked 
|  52|0x000000060d000000, 0x000000060d400000, 0x000000060d400000|100%| O|  |TAMS 0x000000060d000000| PB 0x000000060d000000| Untracked 
|  53|0x000000060d400000, 0x000000060d800000, 0x000000060d800000|100%| O|  |TAMS 0x000000060d400000| PB 0x000000060d400000| Untracked 
|  54|0x000000060d800000, 0x000000060dc00000, 0x000000060dc00000|100%| O|  |TAMS 0x000000060d800000| PB 0x000000060d800000| Untracked 
|  55|0x000000060dc00000, 0x000000060e000000, 0x000000060e000000|100%| O|  |TAMS 0x000000060dc00000| PB 0x000000060dc00000| Untracked 
|  56|0x000000060e000000, 0x000000060e400000, 0x000000060e400000|100%| O|  |TAMS 0x000000060e000000| PB 0x000000060e000000| Untracked 
|  57|0x000000060e400000, 0x000000060e800000, 0x000000060e800000|100%| O|  |TAMS 0x000000060e400000| PB 0x000000060e400000| Untracked 
|  58|0x000000060e800000, 0x000000060ec00000, 0x000000060ec00000|100%| O|  |TAMS 0x000000060e800000| PB 0x000000060e800000| Untracked 
|  59|0x000000060ec00000, 0x000000060f000000, 0x000000060f000000|100%| O|  |TAMS 0x000000060ec00000| PB 0x000000060ec00000| Untracked 
|  60|0x000000060f000000, 0x000000060f400000, 0x000000060f400000|100%| O|  |TAMS 0x000000060f000000| PB 0x000000060f000000| Untracked 
|  61|0x000000060f400000, 0x000000060f800000, 0x000000060f800000|100%| O|  |TAMS 0x000000060f400000| PB 0x000000060f400000| Untracked 
|  62|0x000000060f800000, 0x000000060fc00000, 0x000000060fc00000|100%| O|  |TAMS 0x000000060f800000| PB 0x000000060f800000| Untracked 
|  63|0x000000060fc00000, 0x0000000610000000, 0x0000000610000000|100%| O|  |TAMS 0x000000060fc00000| PB 0x000000060fc00000| Untracked 
|  64|0x0000000610000000, 0x0000000610400000, 0x0000000610400000|100%| O|  |TAMS 0x0000000610000000| PB 0x0000000610000000| Untracked 
|  65|0x0000000610400000, 0x0000000610800000, 0x0000000610800000|100%| O|  |TAMS 0x0000000610400000| PB 0x0000000610400000| Untracked 
|  66|0x0000000610800000, 0x0000000610c00000, 0x0000000610c00000|100%| O|  |TAMS 0x0000000610800000| PB 0x0000000610800000| Untracked 
|  67|0x0000000610c00000, 0x0000000611000000, 0x0000000611000000|100%| O|  |TAMS 0x0000000610c00000| PB 0x0000000610c00000| Untracked 
|  68|0x0000000611000000, 0x0000000611400000, 0x0000000611400000|100%| O|  |TAMS 0x0000000611000000| PB 0x0000000611000000| Untracked 
|  69|0x0000000611400000, 0x0000000611800000, 0x0000000611800000|100%| O|  |TAMS 0x0000000611400000| PB 0x0000000611400000| Untracked 
|  70|0x0000000611800000, 0x0000000611c00000, 0x0000000611c00000|100%| O|  |TAMS 0x0000000611800000| PB 0x0000000611800000| Untracked 
|  71|0x0000000611c00000, 0x0000000612000000, 0x0000000612000000|100%| O|  |TAMS 0x0000000611c00000| PB 0x0000000611c00000| Untracked 
|  72|0x0000000612000000, 0x0000000612400000, 0x0000000612400000|100%| O|  |TAMS 0x0000000612000000| PB 0x0000000612000000| Untracked 
|  73|0x0000000612400000, 0x0000000612800000, 0x0000000612800000|100%| O|  |TAMS 0x0000000612400000| PB 0x0000000612400000| Untracked 
|  74|0x0000000612800000, 0x0000000612c00000, 0x0000000612c00000|100%| O|  |TAMS 0x0000000612800000| PB 0x0000000612800000| Untracked 
|  75|0x0000000612c00000, 0x0000000613000000, 0x0000000613000000|100%| O|  |TAMS 0x0000000612c00000| PB 0x0000000612c00000| Untracked 
|  76|0x0000000613000000, 0x0000000613400000, 0x0000000613400000|100%| O|  |TAMS 0x0000000613000000| PB 0x0000000613000000| Untracked 
|  77|0x0000000613400000, 0x0000000613800000, 0x0000000613800000|100%| O|  |TAMS 0x0000000613400000| PB 0x0000000613400000| Untracked 
|  78|0x0000000613800000, 0x0000000613c00000, 0x0000000613c00000|100%| O|  |TAMS 0x0000000613800000| PB 0x0000000613800000| Untracked 
|  79|0x0000000613c00000, 0x0000000614000000, 0x0000000614000000|100%| O|  |TAMS 0x0000000613c00000| PB 0x0000000613c00000| Untracked 
|  80|0x0000000614000000, 0x0000000614400000, 0x0000000614400000|100%| O|  |TAMS 0x0000000614000000| PB 0x0000000614000000| Untracked 
|  81|0x0000000614400000, 0x0000000614800000, 0x0000000614800000|100%| O|  |TAMS 0x0000000614400000| PB 0x0000000614400000| Untracked 
|  82|0x0000000614800000, 0x0000000614c00000, 0x0000000614c00000|100%| O|  |TAMS 0x0000000614800000| PB 0x0000000614800000| Untracked 
|  83|0x0000000614c00000, 0x0000000615000000, 0x0000000615000000|100%| O|  |TAMS 0x0000000614c00000| PB 0x0000000614c00000| Untracked 
|  84|0x0000000615000000, 0x0000000615400000, 0x0000000615400000|100%| O|  |TAMS 0x0000000615000000| PB 0x0000000615000000| Untracked 
|  85|0x0000000615400000, 0x0000000615800000, 0x0000000615800000|100%| O|  |TAMS 0x0000000615400000| PB 0x0000000615400000| Untracked 
|  86|0x0000000615800000, 0x0000000615c00000, 0x0000000615c00000|100%| O|  |TAMS 0x0000000615800000| PB 0x0000000615800000| Untracked 
|  87|0x0000000615c00000, 0x0000000616000000, 0x0000000616000000|100%| O|  |TAMS 0x0000000615c00000| PB 0x0000000615c00000| Untracked 
|  88|0x0000000616000000, 0x0000000616400000, 0x0000000616400000|100%| O|  |TAMS 0x0000000616000000| PB 0x0000000616000000| Untracked 
|  89|0x0000000616400000, 0x0000000616800000, 0x0000000616800000|100%| O|  |TAMS 0x0000000616400000| PB 0x0000000616400000| Untracked 
|  90|0x0000000616800000, 0x0000000616c00000, 0x0000000616c00000|100%| O|  |TAMS 0x0000000616800000| PB 0x0000000616800000| Untracked 
|  91|0x0000000616c00000, 0x0000000617000000, 0x0000000617000000|100%| O|  |TAMS 0x0000000616c00000| PB 0x0000000616c00000| Untracked 
|  92|0x0000000617000000, 0x0000000617400000, 0x0000000617400000|100%| O|  |TAMS 0x0000000617000000| PB 0x0000000617000000| Untracked 
|  93|0x0000000617400000, 0x0000000617800000, 0x0000000617800000|100%| O|  |TAMS 0x0000000617400000| PB 0x0000000617400000| Untracked 
|  94|0x0000000617800000, 0x0000000617c00000, 0x0000000617c00000|100%| O|  |TAMS 0x0000000617800000| PB 0x0000000617800000| Untracked 
|  95|0x0000000617c00000, 0x0000000618000000, 0x0000000618000000|100%| O|  |TAMS 0x0000000617c00000| PB 0x0000000617c00000| Untracked 
|  96|0x0000000618000000, 0x0000000618400000, 0x0000000618400000|100%| O|  |TAMS 0x0000000618000000| PB 0x0000000618000000| Untracked 
|  97|0x0000000618400000, 0x0000000618800000, 0x0000000618800000|100%| O|  |TAMS 0x0000000618400000| PB 0x0000000618400000| Untracked 
|  98|0x0000000618800000, 0x0000000618c00000, 0x0000000618c00000|100%| O|  |TAMS 0x0000000618800000| PB 0x0000000618800000| Untracked 
|  99|0x0000000618c00000, 0x0000000619000000, 0x0000000619000000|100%| O|  |TAMS 0x0000000618c00000| PB 0x0000000618c00000| Untracked 
| 100|0x0000000619000000, 0x0000000619400000, 0x0000000619400000|100%| O|  |TAMS 0x0000000619000000| PB 0x0000000619000000| Untracked 
| 101|0x0000000619400000, 0x0000000619800000, 0x0000000619800000|100%| O|  |TAMS 0x0000000619400000| PB 0x0000000619400000| Untracked 
| 102|0x0000000619800000, 0x0000000619c00000, 0x0000000619c00000|100%| O|  |TAMS 0x0000000619800000| PB 0x0000000619800000| Untracked 
| 103|0x0000000619c00000, 0x000000061a000000, 0x000000061a000000|100%| O|  |TAMS 0x0000000619c00000| PB 0x0000000619c00000| Untracked 
| 104|0x000000061a000000, 0x000000061a400000, 0x000000061a400000|100%| O|  |TAMS 0x000000061a000000| PB 0x000000061a000000| Untracked 
| 105|0x000000061a400000, 0x000000061a800000, 0x000000061a800000|100%| O|  |TAMS 0x000000061a400000| PB 0x000000061a400000| Untracked 
| 106|0x000000061a800000, 0x000000061ac00000, 0x000000061ac00000|100%| O|  |TAMS 0x000000061a800000| PB 0x000000061a800000| Untracked 
| 107|0x000000061ac00000, 0x000000061b000000, 0x000000061b000000|100%| O|  |TAMS 0x000000061ac00000| PB 0x000000061ac00000| Untracked 
| 108|0x000000061b000000, 0x000000061b400000, 0x000000061b400000|100%| O|  |TAMS 0x000000061b000000| PB 0x000000061b000000| Untracked 
| 109|0x000000061b400000, 0x000000061b800000, 0x000000061b800000|100%| O|  |TAMS 0x000000061b400000| PB 0x000000061b400000| Untracked 
| 110|0x000000061b800000, 0x000000061bc00000, 0x000000061bc00000|100%| O|  |TAMS 0x000000061b800000| PB 0x000000061b800000| Untracked 
| 111|0x000000061bc00000, 0x000000061c000000, 0x000000061c000000|100%| O|  |TAMS 0x000000061bc00000| PB 0x000000061bc00000| Untracked 
| 112|0x000000061c000000, 0x000000061c400000, 0x000000061c400000|100%| O|  |TAMS 0x000000061c000000| PB 0x000000061c000000| Untracked 
| 113|0x000000061c400000, 0x000000061c800000, 0x000000061c800000|100%| O|  |TAMS 0x000000061c400000| PB 0x000000061c400000| Untracked 
| 114|0x000000061c800000, 0x000000061cc00000, 0x000000061cc00000|100%| O|  |TAMS 0x000000061c800000| PB 0x000000061c800000| Untracked 
| 115|0x000000061cc00000, 0x000000061d000000, 0x000000061d000000|100%| O|  |TAMS 0x000000061cc00000| PB 0x000000061cc00000| Untracked 
| 116|0x000000061d000000, 0x000000061d400000, 0x000000061d400000|100%| O|  |TAMS 0x000000061d000000| PB 0x000000061d000000| Untracked 
| 117|0x000000061d400000, 0x000000061d800000, 0x000000061d800000|100%| O|  |TAMS 0x000000061d400000| PB 0x000000061d400000| Untracked 
| 118|0x000000061d800000, 0x000000061dc00000, 0x000000061dc00000|100%| O|  |TAMS 0x000000061d800000| PB 0x000000061d800000| Untracked 
| 119|0x000000061dc00000, 0x000000061e000000, 0x000000061e000000|100%| O|  |TAMS 0x000000061dc00000| PB 0x000000061dc00000| Untracked 
| 120|0x000000061e000000, 0x000000061e400000, 0x000000061e400000|100%| O|  |TAMS 0x000000061e000000| PB 0x000000061e000000| Untracked 
| 121|0x000000061e400000, 0x000000061e800000, 0x000000061e800000|100%| O|  |TAMS 0x000000061e400000| PB 0x000000061e400000| Untracked 
| 122|0x000000061e800000, 0x000000061ec00000, 0x000000061ec00000|100%| O|  |TAMS 0x000000061e800000| PB 0x000000061e800000| Untracked 
| 123|0x000000061ec00000, 0x000000061f000000, 0x000000061f000000|100%| O|  |TAMS 0x000000061ec00000| PB 0x000000061ec00000| Untracked 
| 124|0x000000061f000000, 0x000000061f400000, 0x000000061f400000|100%| O|  |TAMS 0x000000061f000000| PB 0x000000061f000000| Untracked 
| 125|0x000000061f400000, 0x000000061f800000, 0x000000061f800000|100%| O|  |TAMS 0x000000061f400000| PB 0x000000061f400000| Untracked 
| 126|0x000000061f800000, 0x000000061fc00000, 0x000000061fc00000|100%| O|  |TAMS 0x000000061f800000| PB 0x000000061f800000| Untracked 
| 127|0x000000061fc00000, 0x0000000620000000, 0x0000000620000000|100%| O|  |TAMS 0x000000061fc00000| PB 0x000000061fc00000| Untracked 
| 128|0x0000000620000000, 0x0000000620400000, 0x0000000620400000|100%| O|  |TAMS 0x0000000620000000| PB 0x0000000620000000| Untracked 
| 129|0x0000000620400000, 0x0000000620800000, 0x0000000620800000|100%| O|  |TAMS 0x0000000620400000| PB 0x0000000620400000| Untracked 
| 130|0x0000000620800000, 0x0000000620c00000, 0x0000000620c00000|100%| O|  |TAMS 0x0000000620800000| PB 0x0000000620800000| Untracked 
| 131|0x0000000620c00000, 0x0000000621000000, 0x0000000621000000|100%| O|  |TAMS 0x0000000620c00000| PB 0x0000000620c00000| Untracked 
| 132|0x0000000621000000, 0x0000000621400000, 0x0000000621400000|100%| O|  |TAMS 0x0000000621000000| PB 0x0000000621000000| Untracked 
| 133|0x0000000621400000, 0x0000000621800000, 0x0000000621800000|100%| O|  |TAMS 0x0000000621400000| PB 0x0000000621400000| Untracked 
| 134|0x0000000621800000, 0x0000000621c00000, 0x0000000621c00000|100%| O|  |TAMS 0x0000000621800000| PB 0x0000000621800000| Untracked 
| 135|0x0000000621c00000, 0x0000000622000000, 0x0000000622000000|100%| O|  |TAMS 0x0000000621c00000| PB 0x0000000621c00000| Untracked 
| 136|0x0000000622000000, 0x0000000622400000, 0x0000000622400000|100%| O|  |TAMS 0x0000000622000000| PB 0x0000000622000000| Untracked 
| 137|0x0000000622400000, 0x0000000622800000, 0x0000000622800000|100%| O|  |TAMS 0x0000000622400000| PB 0x0000000622400000| Untracked 
| 138|0x0000000622800000, 0x0000000622c00000, 0x0000000622c00000|100%| O|  |TAMS 0x0000000622800000| PB 0x0000000622800000| Untracked 
| 139|0x0000000622c00000, 0x0000000623000000, 0x0000000623000000|100%| O|  |TAMS 0x0000000622c00000| PB 0x0000000622c00000| Untracked 
| 140|0x0000000623000000, 0x0000000623400000, 0x0000000623400000|100%| O|  |TAMS 0x0000000623000000| PB 0x0000000623000000| Untracked 
| 141|0x0000000623400000, 0x0000000623800000, 0x0000000623800000|100%| O|  |TAMS 0x0000000623400000| PB 0x0000000623400000| Untracked 
| 142|0x0000000623800000, 0x0000000623c00000, 0x0000000623c00000|100%| O|  |TAMS 0x0000000623800000| PB 0x0000000623800000| Untracked 
| 143|0x0000000623c00000, 0x0000000624000000, 0x0000000624000000|100%| O|  |TAMS 0x0000000623c00000| PB 0x0000000623c00000| Untracked 
| 144|0x0000000624000000, 0x0000000624400000, 0x0000000624400000|100%| O|  |TAMS 0x0000000624000000| PB 0x0000000624000000| Untracked 
| 145|0x0000000624400000, 0x0000000624800000, 0x0000000624800000|100%| O|  |TAMS 0x0000000624400000| PB 0x0000000624400000| Untracked 
| 146|0x0000000624800000, 0x0000000624c00000, 0x0000000624c00000|100%| O|  |TAMS 0x0000000624800000| PB 0x0000000624800000| Untracked 
| 147|0x0000000624c00000, 0x0000000625000000, 0x0000000625000000|100%| O|  |TAMS 0x0000000624c00000| PB 0x0000000624c00000| Untracked 
| 148|0x0000000625000000, 0x0000000625400000, 0x0000000625400000|100%| O|  |TAMS 0x0000000625000000| PB 0x0000000625000000| Untracked 
| 149|0x0000000625400000, 0x0000000625800000, 0x0000000625800000|100%| O|  |TAMS 0x0000000625400000| PB 0x0000000625400000| Untracked 
| 150|0x0000000625800000, 0x0000000625c00000, 0x0000000625c00000|100%| O|  |TAMS 0x0000000625800000| PB 0x0000000625800000| Untracked 
| 151|0x0000000625c00000, 0x0000000626000000, 0x0000000626000000|100%| O|  |TAMS 0x0000000625c00000| PB 0x0000000625c00000| Untracked 
| 152|0x0000000626000000, 0x0000000626400000, 0x0000000626400000|100%| O|  |TAMS 0x0000000626000000| PB 0x0000000626000000| Untracked 
| 153|0x0000000626400000, 0x0000000626800000, 0x0000000626800000|100%| O|  |TAMS 0x0000000626400000| PB 0x0000000626400000| Untracked 
| 154|0x0000000626800000, 0x0000000626c00000, 0x0000000626c00000|100%| O|  |TAMS 0x0000000626800000| PB 0x0000000626800000| Untracked 
| 155|0x0000000626c00000, 0x0000000627000000, 0x0000000627000000|100%| O|  |TAMS 0x0000000626c00000| PB 0x0000000626c00000| Untracked 
| 156|0x0000000627000000, 0x0000000627400000, 0x0000000627400000|100%| O|  |TAMS 0x0000000627000000| PB 0x0000000627000000| Untracked 
| 157|0x0000000627400000, 0x0000000627800000, 0x0000000627800000|100%| O|  |TAMS 0x0000000627400000| PB 0x0000000627400000| Untracked 
| 158|0x0000000627800000, 0x0000000627c00000, 0x0000000627c00000|100%| O|  |TAMS 0x0000000627800000| PB 0x0000000627800000| Untracked 
| 159|0x0000000627c00000, 0x0000000628000000, 0x0000000628000000|100%| O|  |TAMS 0x0000000627c00000| PB 0x0000000627c00000| Untracked 
| 160|0x0000000628000000, 0x0000000628400000, 0x0000000628400000|100%| O|  |TAMS 0x0000000628000000| PB 0x0000000628000000| Untracked 
| 161|0x0000000628400000, 0x0000000628800000, 0x0000000628800000|100%| O|  |TAMS 0x0000000628400000| PB 0x0000000628400000| Untracked 
| 162|0x0000000628800000, 0x0000000628c00000, 0x0000000628c00000|100%| O|  |TAMS 0x0000000628800000| PB 0x0000000628800000| Untracked 
| 163|0x0000000628c00000, 0x0000000629000000, 0x0000000629000000|100%| O|  |TAMS 0x0000000628c00000| PB 0x0000000628c00000| Untracked 
| 164|0x0000000629000000, 0x0000000629400000, 0x0000000629400000|100%| O|  |TAMS 0x0000000629000000| PB 0x0000000629000000| Untracked 
| 165|0x0000000629400000, 0x0000000629800000, 0x0000000629800000|100%| O|  |TAMS 0x0000000629400000| PB 0x0000000629400000| Untracked 
| 166|0x0000000629800000, 0x0000000629c00000, 0x0000000629c00000|100%| O|  |TAMS 0x0000000629800000| PB 0x0000000629800000| Untracked 
| 167|0x0000000629c00000, 0x000000062a000000, 0x000000062a000000|100%| O|  |TAMS 0x0000000629c00000| PB 0x0000000629c00000| Untracked 
| 168|0x000000062a000000, 0x000000062a400000, 0x000000062a400000|100%| O|  |TAMS 0x000000062a000000| PB 0x000000062a000000| Untracked 
| 169|0x000000062a400000, 0x000000062a800000, 0x000000062a800000|100%| O|  |TAMS 0x000000062a400000| PB 0x000000062a400000| Untracked 
| 170|0x000000062a800000, 0x000000062ac00000, 0x000000062ac00000|100%| O|  |TAMS 0x000000062a800000| PB 0x000000062a800000| Untracked 
| 171|0x000000062ac00000, 0x000000062b000000, 0x000000062b000000|100%|HS|  |TAMS 0x000000062ac00000| PB 0x000000062ac00000| Complete 
| 172|0x000000062b000000, 0x000000062b400000, 0x000000062b400000|100%|HS|  |TAMS 0x000000062b000000| PB 0x000000062b000000| Complete 
| 173|0x000000062b400000, 0x000000062b800000, 0x000000062b800000|100%|HC|  |TAMS 0x000000062b400000| PB 0x000000062b400000| Complete 
| 174|0x000000062b800000, 0x000000062bc00000, 0x000000062bc00000|100%|HS|  |TAMS 0x000000062b800000| PB 0x000000062b800000| Complete 
| 175|0x000000062bc00000, 0x000000062c000000, 0x000000062c000000|100%|HC|  |TAMS 0x000000062bc00000| PB 0x000000062bc00000| Complete 
| 176|0x000000062c000000, 0x000000062c400000, 0x000000062c400000|100%| O|  |TAMS 0x000000062c000000| PB 0x000000062c000000| Untracked 
| 177|0x000000062c400000, 0x000000062c800000, 0x000000062c800000|100%| O|  |TAMS 0x000000062c400000| PB 0x000000062c400000| Untracked 
| 178|0x000000062c800000, 0x000000062cc00000, 0x000000062cc00000|100%| O|  |TAMS 0x000000062c800000| PB 0x000000062c800000| Untracked 
| 179|0x000000062cc00000, 0x000000062d000000, 0x000000062d000000|100%| O|  |TAMS 0x000000062cc00000| PB 0x000000062cc00000| Untracked 
| 180|0x000000062d000000, 0x000000062d400000, 0x000000062d400000|100%| O|  |TAMS 0x000000062d000000| PB 0x000000062d000000| Untracked 
| 181|0x000000062d400000, 0x000000062d800000, 0x000000062d800000|100%| O|  |TAMS 0x000000062d400000| PB 0x000000062d400000| Untracked 
| 182|0x000000062d800000, 0x000000062dc00000, 0x000000062dc00000|100%| O|  |TAMS 0x000000062d800000| PB 0x000000062d800000| Untracked 
| 183|0x000000062dc00000, 0x000000062e000000, 0x000000062e000000|100%| O|  |TAMS 0x000000062dc00000| PB 0x000000062dc00000| Untracked 
| 184|0x000000062e000000, 0x000000062e400000, 0x000000062e400000|100%| O|  |TAMS 0x000000062e000000| PB 0x000000062e000000| Untracked 
| 185|0x000000062e400000, 0x000000062e800000, 0x000000062e800000|100%| O|  |TAMS 0x000000062e400000| PB 0x000000062e400000| Untracked 
| 186|0x000000062e800000, 0x000000062ec00000, 0x000000062ec00000|100%| O|  |TAMS 0x000000062e800000| PB 0x000000062e800000| Untracked 
| 187|0x000000062ec00000, 0x000000062f000000, 0x000000062f000000|100%| O|  |TAMS 0x000000062ec00000| PB 0x000000062ec00000| Untracked 
| 188|0x000000062f000000, 0x000000062f400000, 0x000000062f400000|100%| O|  |TAMS 0x000000062f000000| PB 0x000000062f000000| Untracked 
| 189|0x000000062f400000, 0x000000062f800000, 0x000000062f800000|100%| O|  |TAMS 0x000000062f400000| PB 0x000000062f400000| Untracked 
| 190|0x000000062f800000, 0x000000062fc00000, 0x000000062fc00000|100%| O|  |TAMS 0x000000062f800000| PB 0x000000062f800000| Untracked 
| 191|0x000000062fc00000, 0x0000000630000000, 0x0000000630000000|100%| O|  |TAMS 0x000000062fc00000| PB 0x000000062fc00000| Untracked 
| 192|0x0000000630000000, 0x0000000630400000, 0x0000000630400000|100%| O|  |TAMS 0x0000000630000000| PB 0x0000000630000000| Untracked 
| 193|0x0000000630400000, 0x0000000630800000, 0x0000000630800000|100%| O|  |TAMS 0x0000000630400000| PB 0x0000000630400000| Untracked 
| 194|0x0000000630800000, 0x0000000630c00000, 0x0000000630c00000|100%| O|  |TAMS 0x0000000630800000| PB 0x0000000630800000| Untracked 
| 195|0x0000000630c00000, 0x0000000631000000, 0x0000000631000000|100%| O|  |TAMS 0x0000000630c00000| PB 0x0000000630c00000| Untracked 
| 196|0x0000000631000000, 0x0000000631400000, 0x0000000631400000|100%| O|  |TAMS 0x0000000631000000| PB 0x0000000631000000| Untracked 
| 197|0x0000000631400000, 0x0000000631800000, 0x0000000631800000|100%| O|  |TAMS 0x0000000631400000| PB 0x0000000631400000| Untracked 
| 198|0x0000000631800000, 0x0000000631c00000, 0x0000000631c00000|100%| O|  |TAMS 0x0000000631800000| PB 0x0000000631800000| Untracked 
| 199|0x0000000631c00000, 0x0000000632000000, 0x0000000632000000|100%| O|  |TAMS 0x0000000631c00000| PB 0x0000000631c00000| Untracked 
| 200|0x0000000632000000, 0x0000000632400000, 0x0000000632400000|100%| O|  |TAMS 0x0000000632000000| PB 0x0000000632000000| Untracked 
| 201|0x0000000632400000, 0x0000000632800000, 0x0000000632800000|100%| O|  |TAMS 0x0000000632400000| PB 0x0000000632400000| Untracked 
| 202|0x0000000632800000, 0x0000000632c00000, 0x0000000632c00000|100%| O|  |TAMS 0x0000000632800000| PB 0x0000000632800000| Untracked 
| 203|0x0000000632c00000, 0x0000000633000000, 0x0000000633000000|100%| O|  |TAMS 0x0000000632c00000| PB 0x0000000632c00000| Untracked 
| 204|0x0000000633000000, 0x0000000633400000, 0x0000000633400000|100%| O|  |TAMS 0x0000000633000000| PB 0x0000000633000000| Untracked 
| 205|0x0000000633400000, 0x0000000633800000, 0x0000000633800000|100%| O|  |TAMS 0x0000000633400000| PB 0x0000000633400000| Untracked 
| 206|0x0000000633800000, 0x0000000633c00000, 0x0000000633c00000|100%| O|  |TAMS 0x0000000633800000| PB 0x0000000633800000| Untracked 
| 207|0x0000000633c00000, 0x0000000634000000, 0x0000000634000000|100%| O|  |TAMS 0x0000000633c00000| PB 0x0000000633c00000| Untracked 
| 208|0x0000000634000000, 0x0000000634400000, 0x0000000634400000|100%| O|  |TAMS 0x0000000634000000| PB 0x0000000634000000| Untracked 
| 209|0x0000000634400000, 0x0000000634800000, 0x0000000634800000|100%| O|  |TAMS 0x0000000634400000| PB 0x0000000634400000| Untracked 
| 210|0x0000000634800000, 0x0000000634c00000, 0x0000000634c00000|100%| O|  |TAMS 0x0000000634800000| PB 0x0000000634800000| Untracked 
| 211|0x0000000634c00000, 0x0000000635000000, 0x0000000635000000|100%| O|  |TAMS 0x0000000634c00000| PB 0x0000000634c00000| Untracked 
| 212|0x0000000635000000, 0x0000000635400000, 0x0000000635400000|100%| O|  |TAMS 0x0000000635000000| PB 0x0000000635000000| Untracked 
| 213|0x0000000635400000, 0x0000000635800000, 0x0000000635800000|100%| O|  |TAMS 0x0000000635400000| PB 0x0000000635400000| Untracked 
| 214|0x0000000635800000, 0x0000000635c00000, 0x0000000635c00000|100%| O|  |TAMS 0x0000000635800000| PB 0x0000000635800000| Untracked 
| 215|0x0000000635c00000, 0x0000000636000000, 0x0000000636000000|100%| O|  |TAMS 0x0000000635c00000| PB 0x0000000635c00000| Untracked 
| 216|0x0000000636000000, 0x0000000636400000, 0x0000000636400000|100%| O|  |TAMS 0x0000000636000000| PB 0x0000000636000000| Untracked 
| 217|0x0000000636400000, 0x0000000636800000, 0x0000000636800000|100%| O|  |TAMS 0x0000000636400000| PB 0x0000000636400000| Untracked 
| 218|0x0000000636800000, 0x0000000636c00000, 0x0000000636c00000|100%| O|  |TAMS 0x0000000636800000| PB 0x0000000636800000| Untracked 
| 219|0x0000000636c00000, 0x0000000637000000, 0x0000000637000000|100%| O|  |TAMS 0x0000000636c00000| PB 0x0000000636c00000| Untracked 
| 220|0x0000000637000000, 0x0000000637400000, 0x0000000637400000|100%| O|  |TAMS 0x0000000637000000| PB 0x0000000637000000| Untracked 
| 221|0x0000000637400000, 0x0000000637800000, 0x0000000637800000|100%| O|  |TAMS 0x0000000637400000| PB 0x0000000637400000| Untracked 
| 222|0x0000000637800000, 0x0000000637c00000, 0x0000000637c00000|100%| O|  |TAMS 0x0000000637800000| PB 0x0000000637800000| Untracked 
| 223|0x0000000637c00000, 0x0000000638000000, 0x0000000638000000|100%| O|  |TAMS 0x0000000637c00000| PB 0x0000000637c00000| Untracked 
| 224|0x0000000638000000, 0x0000000638400000, 0x0000000638400000|100%| O|  |TAMS 0x0000000638000000| PB 0x0000000638000000| Untracked 
| 225|0x0000000638400000, 0x0000000638800000, 0x0000000638800000|100%| O|  |TAMS 0x0000000638400000| PB 0x0000000638400000| Untracked 
| 226|0x0000000638800000, 0x0000000638c00000, 0x0000000638c00000|100%| O|  |TAMS 0x0000000638800000| PB 0x0000000638800000| Untracked 
| 227|0x0000000638c00000, 0x0000000639000000, 0x0000000639000000|100%| O|  |TAMS 0x0000000638c00000| PB 0x0000000638c00000| Untracked 
| 228|0x0000000639000000, 0x0000000639400000, 0x0000000639400000|100%| O|  |TAMS 0x0000000639000000| PB 0x0000000639000000| Untracked 
| 229|0x0000000639400000, 0x0000000639800000, 0x0000000639800000|100%| O|  |TAMS 0x0000000639400000| PB 0x0000000639400000| Untracked 
| 230|0x0000000639800000, 0x0000000639c00000, 0x0000000639c00000|100%| O|  |TAMS 0x0000000639800000| PB 0x0000000639800000| Untracked 
| 231|0x0000000639c00000, 0x000000063a000000, 0x000000063a000000|100%| O|  |TAMS 0x0000000639c00000| PB 0x0000000639c00000| Untracked 
| 232|0x000000063a000000, 0x000000063a400000, 0x000000063a400000|100%| O|  |TAMS 0x000000063a000000| PB 0x000000063a000000| Untracked 
| 233|0x000000063a400000, 0x000000063a800000, 0x000000063a800000|100%| O|  |TAMS 0x000000063a400000| PB 0x000000063a400000| Untracked 
| 234|0x000000063a800000, 0x000000063ac00000, 0x000000063ac00000|100%| O|  |TAMS 0x000000063a800000| PB 0x000000063a800000| Untracked 
| 235|0x000000063ac00000, 0x000000063b000000, 0x000000063b000000|100%| O|  |TAMS 0x000000063ac00000| PB 0x000000063ac00000| Untracked 
| 236|0x000000063b000000, 0x000000063b400000, 0x000000063b400000|100%| O|  |TAMS 0x000000063b000000| PB 0x000000063b000000| Untracked 
| 237|0x000000063b400000, 0x000000063b800000, 0x000000063b800000|100%| O|  |TAMS 0x000000063b400000| PB 0x000000063b400000| Untracked 
| 238|0x000000063b800000, 0x000000063bc00000, 0x000000063bc00000|100%| O|  |TAMS 0x000000063b800000| PB 0x000000063b800000| Untracked 
| 239|0x000000063bc00000, 0x000000063c000000, 0x000000063c000000|100%| O|  |TAMS 0x000000063bc00000| PB 0x000000063bc00000| Untracked 
| 240|0x000000063c000000, 0x000000063c400000, 0x000000063c400000|100%| O|  |TAMS 0x000000063c000000| PB 0x000000063c000000| Untracked 
| 241|0x000000063c400000, 0x000000063c800000, 0x000000063c800000|100%|HS|  |TAMS 0x000000063c400000| PB 0x000000063c400000| Complete 
| 242|0x000000063c800000, 0x000000063cc00000, 0x000000063cc00000|100%|HC|  |TAMS 0x000000063c800000| PB 0x000000063c800000| Complete 
| 243|0x000000063cc00000, 0x000000063d000000, 0x000000063d000000|100%|HS|  |TAMS 0x000000063cc00000| PB 0x000000063cc00000| Complete 
| 244|0x000000063d000000, 0x000000063d400000, 0x000000063d400000|100%|HC|  |TAMS 0x000000063d000000| PB 0x000000063d000000| Complete 
| 245|0x000000063d400000, 0x000000063d800000, 0x000000063d800000|100%|HS|  |TAMS 0x000000063d400000| PB 0x000000063d400000| Complete 
| 246|0x000000063d800000, 0x000000063dc00000, 0x000000063dc00000|100%|HC|  |TAMS 0x000000063d800000| PB 0x000000063d800000| Complete 
| 247|0x000000063dc00000, 0x000000063e000000, 0x000000063e000000|100%| O|  |TAMS 0x000000063dc00000| PB 0x000000063dc00000| Untracked 
| 248|0x000000063e000000, 0x000000063e400000, 0x000000063e400000|100%| O|  |TAMS 0x000000063e000000| PB 0x000000063e000000| Untracked 
| 249|0x000000063e400000, 0x000000063e800000, 0x000000063e800000|100%| O|  |TAMS 0x000000063e400000| PB 0x000000063e400000| Untracked 
| 250|0x000000063e800000, 0x000000063ec00000, 0x000000063ec00000|100%| O|  |TAMS 0x000000063e800000| PB 0x000000063e800000| Untracked 
| 251|0x000000063ec00000, 0x000000063f000000, 0x000000063f000000|100%| O|  |TAMS 0x000000063ec00000| PB 0x000000063ec00000| Untracked 
| 252|0x000000063f000000, 0x000000063f400000, 0x000000063f400000|100%| O|  |TAMS 0x000000063f000000| PB 0x000000063f000000| Untracked 
| 253|0x000000063f400000, 0x000000063f800000, 0x000000063f800000|100%| O|  |TAMS 0x000000063f400000| PB 0x000000063f400000| Untracked 
| 254|0x000000063f800000, 0x000000063fc00000, 0x000000063fc00000|100%| O|  |TAMS 0x000000063f800000| PB 0x000000063f800000| Untracked 
| 255|0x000000063fc00000, 0x0000000640000000, 0x0000000640000000|100%| O|  |TAMS 0x000000063fc00000| PB 0x000000063fc00000| Untracked 
| 256|0x0000000640000000, 0x0000000640400000, 0x0000000640400000|100%| O|  |TAMS 0x0000000640000000| PB 0x0000000640000000| Untracked 
| 257|0x0000000640400000, 0x0000000640800000, 0x0000000640800000|100%| O|  |TAMS 0x0000000640400000| PB 0x0000000640400000| Untracked 
| 258|0x0000000640800000, 0x0000000640c00000, 0x0000000640c00000|100%| O|  |TAMS 0x0000000640800000| PB 0x0000000640800000| Untracked 
| 259|0x0000000640c00000, 0x0000000641000000, 0x0000000641000000|100%| O|  |TAMS 0x0000000640c00000| PB 0x0000000640c00000| Untracked 
| 260|0x0000000641000000, 0x0000000641400000, 0x0000000641400000|100%| O|  |TAMS 0x0000000641000000| PB 0x0000000641000000| Untracked 
| 261|0x0000000641400000, 0x0000000641800000, 0x0000000641800000|100%| O|  |TAMS 0x0000000641400000| PB 0x0000000641400000| Untracked 
| 262|0x0000000641800000, 0x0000000641c00000, 0x0000000641c00000|100%| O|  |TAMS 0x0000000641800000| PB 0x0000000641800000| Untracked 
| 263|0x0000000641c00000, 0x0000000642000000, 0x0000000642000000|100%| O|  |TAMS 0x0000000641c00000| PB 0x0000000641c00000| Untracked 
| 264|0x0000000642000000, 0x0000000642400000, 0x0000000642400000|100%| O|  |TAMS 0x0000000642000000| PB 0x0000000642000000| Untracked 
| 265|0x0000000642400000, 0x0000000642800000, 0x0000000642800000|100%| O|  |TAMS 0x0000000642400000| PB 0x0000000642400000| Untracked 
| 266|0x0000000642800000, 0x0000000642c00000, 0x0000000642c00000|100%| O|  |TAMS 0x0000000642800000| PB 0x0000000642800000| Untracked 
| 267|0x0000000642c00000, 0x0000000643000000, 0x0000000643000000|100%| O|  |TAMS 0x0000000642c00000| PB 0x0000000642c00000| Untracked 
| 268|0x0000000643000000, 0x0000000643400000, 0x0000000643400000|100%| O|  |TAMS 0x0000000643000000| PB 0x0000000643000000| Untracked 
| 269|0x0000000643400000, 0x0000000643800000, 0x0000000643800000|100%| O|  |TAMS 0x0000000643400000| PB 0x0000000643400000| Untracked 
| 270|0x0000000643800000, 0x0000000643c00000, 0x0000000643c00000|100%| O|  |TAMS 0x0000000643800000| PB 0x0000000643800000| Untracked 
| 271|0x0000000643c00000, 0x0000000644000000, 0x0000000644000000|100%| O|  |TAMS 0x0000000643c00000| PB 0x0000000643c00000| Untracked 
| 272|0x0000000644000000, 0x0000000644400000, 0x0000000644400000|100%| O|  |TAMS 0x0000000644000000| PB 0x0000000644000000| Untracked 
| 273|0x0000000644400000, 0x0000000644800000, 0x0000000644800000|100%| O|  |TAMS 0x0000000644400000| PB 0x0000000644400000| Untracked 
| 274|0x0000000644800000, 0x0000000644c00000, 0x0000000644c00000|100%| O|  |TAMS 0x0000000644800000| PB 0x0000000644800000| Untracked 
| 275|0x0000000644c00000, 0x0000000645000000, 0x0000000645000000|100%| O|  |TAMS 0x0000000644c00000| PB 0x0000000644c00000| Untracked 
| 276|0x0000000645000000, 0x0000000645400000, 0x0000000645400000|100%| O|  |TAMS 0x0000000645000000| PB 0x0000000645000000| Untracked 
| 277|0x0000000645400000, 0x0000000645800000, 0x0000000645800000|100%| O|  |TAMS 0x0000000645400000| PB 0x0000000645400000| Untracked 
| 278|0x0000000645800000, 0x0000000645c00000, 0x0000000645c00000|100%| O|  |TAMS 0x0000000645800000| PB 0x0000000645800000| Untracked 
| 279|0x0000000645c00000, 0x0000000646000000, 0x0000000646000000|100%| O|  |TAMS 0x0000000645c00000| PB 0x0000000645c00000| Untracked 
| 280|0x0000000646000000, 0x0000000646400000, 0x0000000646400000|100%| O|  |TAMS 0x0000000646000000| PB 0x0000000646000000| Untracked 
| 281|0x0000000646400000, 0x0000000646800000, 0x0000000646800000|100%| O|  |TAMS 0x0000000646400000| PB 0x0000000646400000| Untracked 
| 282|0x0000000646800000, 0x0000000646c00000, 0x0000000646c00000|100%| O|  |TAMS 0x0000000646800000| PB 0x0000000646800000| Untracked 
| 283|0x0000000646c00000, 0x0000000647000000, 0x0000000647000000|100%| O|  |TAMS 0x0000000646c00000| PB 0x0000000646c00000| Untracked 
| 284|0x0000000647000000, 0x0000000647400000, 0x0000000647400000|100%| O|  |TAMS 0x0000000647000000| PB 0x0000000647000000| Untracked 
| 285|0x0000000647400000, 0x0000000647800000, 0x0000000647800000|100%| O|  |TAMS 0x0000000647400000| PB 0x0000000647400000| Untracked 
| 286|0x0000000647800000, 0x0000000647c00000, 0x0000000647c00000|100%|HS|  |TAMS 0x0000000647800000| PB 0x0000000647800000| Complete 
| 287|0x0000000647c00000, 0x0000000648000000, 0x0000000648000000|100%|HC|  |TAMS 0x0000000647c00000| PB 0x0000000647c00000| Complete 
| 288|0x0000000648000000, 0x0000000648400000, 0x0000000648400000|100%| O|  |TAMS 0x0000000648000000| PB 0x0000000648000000| Untracked 
| 289|0x0000000648400000, 0x0000000648800000, 0x0000000648800000|100%| O|  |TAMS 0x0000000648400000| PB 0x0000000648400000| Untracked 
| 290|0x0000000648800000, 0x0000000648c00000, 0x0000000648c00000|100%| O|  |TAMS 0x0000000648800000| PB 0x0000000648800000| Untracked 
| 291|0x0000000648c00000, 0x0000000649000000, 0x0000000649000000|100%| O|  |TAMS 0x0000000648c00000| PB 0x0000000648c00000| Untracked 
| 292|0x0000000649000000, 0x0000000649400000, 0x0000000649400000|100%| O|  |TAMS 0x0000000649000000| PB 0x0000000649000000| Untracked 
| 293|0x0000000649400000, 0x0000000649800000, 0x0000000649800000|100%| O|  |TAMS 0x0000000649400000| PB 0x0000000649400000| Untracked 
| 294|0x0000000649800000, 0x0000000649c00000, 0x0000000649c00000|100%| O|  |TAMS 0x0000000649800000| PB 0x0000000649800000| Untracked 
| 295|0x0000000649c00000, 0x000000064a000000, 0x000000064a000000|100%| O|  |TAMS 0x0000000649c00000| PB 0x0000000649c00000| Untracked 
| 296|0x000000064a000000, 0x000000064a400000, 0x000000064a400000|100%| O|  |TAMS 0x000000064a000000| PB 0x000000064a000000| Untracked 
| 297|0x000000064a400000, 0x000000064a800000, 0x000000064a800000|100%| O|  |TAMS 0x000000064a400000| PB 0x000000064a400000| Untracked 
| 298|0x000000064a800000, 0x000000064ac00000, 0x000000064ac00000|100%| O|  |TAMS 0x000000064a800000| PB 0x000000064a800000| Untracked 
| 299|0x000000064ac00000, 0x000000064b000000, 0x000000064b000000|100%| O|  |TAMS 0x000000064ac00000| PB 0x000000064ac00000| Untracked 
| 300|0x000000064b000000, 0x000000064b400000, 0x000000064b400000|100%| O|  |TAMS 0x000000064b000000| PB 0x000000064b000000| Untracked 
| 301|0x000000064b400000, 0x000000064b800000, 0x000000064b800000|100%| O|  |TAMS 0x000000064b400000| PB 0x000000064b400000| Untracked 
| 302|0x000000064b800000, 0x000000064bc00000, 0x000000064bc00000|100%| O|  |TAMS 0x000000064b800000| PB 0x000000064b800000| Untracked 
| 303|0x000000064bc00000, 0x000000064c000000, 0x000000064c000000|100%| O|  |TAMS 0x000000064bc00000| PB 0x000000064bc00000| Untracked 
| 304|0x000000064c000000, 0x000000064c400000, 0x000000064c400000|100%| O|  |TAMS 0x000000064c000000| PB 0x000000064c000000| Untracked 
| 305|0x000000064c400000, 0x000000064c800000, 0x000000064c800000|100%| O|  |TAMS 0x000000064c400000| PB 0x000000064c400000| Untracked 
| 306|0x000000064c800000, 0x000000064cc00000, 0x000000064cc00000|100%| O|  |TAMS 0x000000064c800000| PB 0x000000064c800000| Untracked 
| 307|0x000000064cc00000, 0x000000064d000000, 0x000000064d000000|100%| O|  |TAMS 0x000000064cc00000| PB 0x000000064cc00000| Untracked 
| 308|0x000000064d000000, 0x000000064d400000, 0x000000064d400000|100%| O|  |TAMS 0x000000064d000000| PB 0x000000064d000000| Untracked 
| 309|0x000000064d400000, 0x000000064d800000, 0x000000064d800000|100%| O|  |TAMS 0x000000064d400000| PB 0x000000064d400000| Untracked 
| 310|0x000000064d800000, 0x000000064dc00000, 0x000000064dc00000|100%| O|  |TAMS 0x000000064d800000| PB 0x000000064d800000| Untracked 
| 311|0x000000064dc00000, 0x000000064e000000, 0x000000064e000000|100%| O|  |TAMS 0x000000064dc00000| PB 0x000000064dc00000| Untracked 
| 312|0x000000064e000000, 0x000000064e400000, 0x000000064e400000|100%| O|  |TAMS 0x000000064e000000| PB 0x000000064e000000| Untracked 
| 313|0x000000064e400000, 0x000000064e800000, 0x000000064e800000|100%| O|  |TAMS 0x000000064e400000| PB 0x000000064e400000| Untracked 
| 314|0x000000064e800000, 0x000000064ec00000, 0x000000064ec00000|100%| O|  |TAMS 0x000000064e800000| PB 0x000000064e800000| Untracked 
| 315|0x000000064ec00000, 0x000000064f000000, 0x000000064f000000|100%| O|  |TAMS 0x000000064ec00000| PB 0x000000064ec00000| Untracked 
| 316|0x000000064f000000, 0x000000064f400000, 0x000000064f400000|100%| O|  |TAMS 0x000000064f000000| PB 0x000000064f000000| Untracked 
| 317|0x000000064f400000, 0x000000064f800000, 0x000000064f800000|100%| O|  |TAMS 0x000000064f400000| PB 0x000000064f400000| Untracked 
| 318|0x000000064f800000, 0x000000064fc00000, 0x000000064fc00000|100%| O|  |TAMS 0x000000064f800000| PB 0x000000064f800000| Untracked 
| 319|0x000000064fc00000, 0x0000000650000000, 0x0000000650000000|100%| O|  |TAMS 0x000000064fc00000| PB 0x000000064fc00000| Untracked 
| 320|0x0000000650000000, 0x0000000650400000, 0x0000000650400000|100%| O|  |TAMS 0x0000000650000000| PB 0x0000000650000000| Untracked 
| 321|0x0000000650400000, 0x0000000650800000, 0x0000000650800000|100%| O|  |TAMS 0x0000000650400000| PB 0x0000000650400000| Untracked 
| 322|0x0000000650800000, 0x0000000650c00000, 0x0000000650c00000|100%| O|  |TAMS 0x0000000650800000| PB 0x0000000650800000| Untracked 
| 323|0x0000000650c00000, 0x0000000651000000, 0x0000000651000000|100%| O|  |TAMS 0x0000000650c00000| PB 0x0000000650c00000| Untracked 
| 324|0x0000000651000000, 0x0000000651400000, 0x0000000651400000|100%| O|  |TAMS 0x0000000651000000| PB 0x0000000651000000| Untracked 
| 325|0x0000000651400000, 0x0000000651800000, 0x0000000651800000|100%| O|  |TAMS 0x0000000651400000| PB 0x0000000651400000| Untracked 
| 326|0x0000000651800000, 0x0000000651c00000, 0x0000000651c00000|100%| O|  |TAMS 0x0000000651800000| PB 0x0000000651800000| Untracked 
| 327|0x0000000651c00000, 0x0000000652000000, 0x0000000652000000|100%| O|  |TAMS 0x0000000651c00000| PB 0x0000000651c00000| Untracked 
| 328|0x0000000652000000, 0x0000000652400000, 0x0000000652400000|100%| O|  |TAMS 0x0000000652000000| PB 0x0000000652000000| Untracked 
| 329|0x0000000652400000, 0x0000000652800000, 0x0000000652800000|100%| O|  |TAMS 0x0000000652400000| PB 0x0000000652400000| Untracked 
| 330|0x0000000652800000, 0x0000000652c00000, 0x0000000652c00000|100%| O|  |TAMS 0x0000000652800000| PB 0x0000000652800000| Untracked 
| 331|0x0000000652c00000, 0x0000000653000000, 0x0000000653000000|100%| O|  |TAMS 0x0000000652c00000| PB 0x0000000652c00000| Untracked 
| 332|0x0000000653000000, 0x0000000653400000, 0x0000000653400000|100%| O|  |TAMS 0x0000000653000000| PB 0x0000000653000000| Untracked 
| 333|0x0000000653400000, 0x0000000653800000, 0x0000000653800000|100%| O|  |TAMS 0x0000000653400000| PB 0x0000000653400000| Untracked 
| 334|0x0000000653800000, 0x0000000653c00000, 0x0000000653c00000|100%| O|  |TAMS 0x0000000653800000| PB 0x0000000653800000| Untracked 
| 335|0x0000000653c00000, 0x0000000654000000, 0x0000000654000000|100%| O|  |TAMS 0x0000000653c00000| PB 0x0000000653c00000| Untracked 
| 336|0x0000000654000000, 0x0000000654400000, 0x0000000654400000|100%| O|  |TAMS 0x0000000654000000| PB 0x0000000654000000| Untracked 
| 337|0x0000000654400000, 0x0000000654800000, 0x0000000654800000|100%| O|  |TAMS 0x0000000654400000| PB 0x0000000654400000| Untracked 
| 338|0x0000000654800000, 0x0000000654c00000, 0x0000000654c00000|100%| O|  |TAMS 0x0000000654800000| PB 0x0000000654800000| Untracked 
| 339|0x0000000654c00000, 0x0000000655000000, 0x0000000655000000|100%| O|  |TAMS 0x0000000654c00000| PB 0x0000000654c00000| Untracked 
| 340|0x0000000655000000, 0x0000000655400000, 0x0000000655400000|100%| O|  |TAMS 0x0000000655000000| PB 0x0000000655000000| Untracked 
| 341|0x0000000655400000, 0x0000000655800000, 0x0000000655800000|100%| O|  |TAMS 0x0000000655400000| PB 0x0000000655400000| Untracked 
| 342|0x0000000655800000, 0x0000000655c00000, 0x0000000655c00000|100%| O|  |TAMS 0x0000000655800000| PB 0x0000000655800000| Untracked 
| 343|0x0000000655c00000, 0x0000000656000000, 0x0000000656000000|100%| O|  |TAMS 0x0000000655c00000| PB 0x0000000655c00000| Untracked 
| 344|0x0000000656000000, 0x0000000656400000, 0x0000000656400000|100%| O|  |TAMS 0x0000000656000000| PB 0x0000000656000000| Untracked 
| 345|0x0000000656400000, 0x0000000656800000, 0x0000000656800000|100%| O|  |TAMS 0x0000000656400000| PB 0x0000000656400000| Untracked 
| 346|0x0000000656800000, 0x0000000656c00000, 0x0000000656c00000|100%| O|  |TAMS 0x0000000656800000| PB 0x0000000656800000| Untracked 
| 347|0x0000000656c00000, 0x0000000657000000, 0x0000000657000000|100%| O|  |TAMS 0x0000000656c00000| PB 0x0000000656c00000| Untracked 
| 348|0x0000000657000000, 0x0000000657400000, 0x0000000657400000|100%| O|  |TAMS 0x0000000657000000| PB 0x0000000657000000| Untracked 
| 349|0x0000000657400000, 0x0000000657800000, 0x0000000657800000|100%| O|  |TAMS 0x0000000657400000| PB 0x0000000657400000| Untracked 
| 350|0x0000000657800000, 0x0000000657c00000, 0x0000000657c00000|100%| O|  |TAMS 0x0000000657800000| PB 0x0000000657800000| Untracked 
| 351|0x0000000657c00000, 0x0000000658000000, 0x0000000658000000|100%| O|  |TAMS 0x0000000657c00000| PB 0x0000000657c00000| Untracked 
| 352|0x0000000658000000, 0x0000000658400000, 0x0000000658400000|100%| O|  |TAMS 0x0000000658000000| PB 0x0000000658000000| Untracked 
| 353|0x0000000658400000, 0x0000000658800000, 0x0000000658800000|100%| O|  |TAMS 0x0000000658400000| PB 0x0000000658400000| Untracked 
| 354|0x0000000658800000, 0x0000000658c00000, 0x0000000658c00000|100%| O|  |TAMS 0x0000000658800000| PB 0x0000000658800000| Untracked 
| 355|0x0000000658c00000, 0x0000000659000000, 0x0000000659000000|100%| O|  |TAMS 0x0000000658c00000| PB 0x0000000658c00000| Untracked 
| 356|0x0000000659000000, 0x0000000659400000, 0x0000000659400000|100%|HS|  |TAMS 0x0000000659000000| PB 0x0000000659000000| Complete 
| 357|0x0000000659400000, 0x0000000659800000, 0x0000000659800000|100%|HC|  |TAMS 0x0000000659400000| PB 0x0000000659400000| Complete 
| 358|0x0000000659800000, 0x0000000659c00000, 0x0000000659c00000|100%|HC|  |TAMS 0x0000000659800000| PB 0x0000000659800000| Complete 
| 359|0x0000000659c00000, 0x000000065a000000, 0x000000065a000000|100%|HS|  |TAMS 0x0000000659c00000| PB 0x0000000659c00000| Complete 
| 360|0x000000065a000000, 0x000000065a400000, 0x000000065a400000|100%|HC|  |TAMS 0x000000065a000000| PB 0x000000065a000000| Complete 
| 361|0x000000065a400000, 0x000000065a800000, 0x000000065a800000|100%| O|  |TAMS 0x000000065a400000| PB 0x000000065a400000| Untracked 
| 362|0x000000065a800000, 0x000000065ac00000, 0x000000065ac00000|100%| O|  |TAMS 0x000000065a800000| PB 0x000000065a800000| Untracked 
| 363|0x000000065ac00000, 0x000000065b000000, 0x000000065b000000|100%| O|  |TAMS 0x000000065ac00000| PB 0x000000065ac00000| Untracked 
| 364|0x000000065b000000, 0x000000065b400000, 0x000000065b400000|100%| O|  |TAMS 0x000000065b000000| PB 0x000000065b000000| Untracked 
| 365|0x000000065b400000, 0x000000065b800000, 0x000000065b800000|100%| O|  |TAMS 0x000000065b400000| PB 0x000000065b400000| Untracked 
| 366|0x000000065b800000, 0x000000065bc00000, 0x000000065bc00000|100%| O|  |TAMS 0x000000065b800000| PB 0x000000065b800000| Untracked 
| 367|0x000000065bc00000, 0x000000065c000000, 0x000000065c000000|100%| O|  |TAMS 0x000000065bc00000| PB 0x000000065bc00000| Untracked 
| 368|0x000000065c000000, 0x000000065c400000, 0x000000065c400000|100%| O|  |TAMS 0x000000065c000000| PB 0x000000065c000000| Untracked 
| 369|0x000000065c400000, 0x000000065c800000, 0x000000065c800000|100%| O|  |TAMS 0x000000065c400000| PB 0x000000065c400000| Untracked 
| 370|0x000000065c800000, 0x000000065cc00000, 0x000000065cc00000|100%| O|  |TAMS 0x000000065c800000| PB 0x000000065c800000| Untracked 
| 371|0x000000065cc00000, 0x000000065d000000, 0x000000065d000000|100%| O|  |TAMS 0x000000065cc00000| PB 0x000000065cc00000| Untracked 
| 372|0x000000065d000000, 0x000000065d400000, 0x000000065d400000|100%| O|  |TAMS 0x000000065d000000| PB 0x000000065d000000| Untracked 
| 373|0x000000065d400000, 0x000000065d800000, 0x000000065d800000|100%| O|  |TAMS 0x000000065d400000| PB 0x000000065d400000| Untracked 
| 374|0x000000065d800000, 0x000000065dc00000, 0x000000065dc00000|100%| O|  |TAMS 0x000000065d800000| PB 0x000000065d800000| Untracked 
| 375|0x000000065dc00000, 0x000000065e000000, 0x000000065e000000|100%| O|  |TAMS 0x000000065dc00000| PB 0x000000065dc00000| Untracked 
| 376|0x000000065e000000, 0x000000065e400000, 0x000000065e400000|100%| O|  |TAMS 0x000000065e000000| PB 0x000000065e000000| Untracked 
| 377|0x000000065e400000, 0x000000065e800000, 0x000000065e800000|100%| O|  |TAMS 0x000000065e400000| PB 0x000000065e400000| Untracked 
| 378|0x000000065e800000, 0x000000065ec00000, 0x000000065ec00000|100%| O|  |TAMS 0x000000065e800000| PB 0x000000065e800000| Untracked 
| 379|0x000000065ec00000, 0x000000065f000000, 0x000000065f000000|100%| O|  |TAMS 0x000000065ec00000| PB 0x000000065ec00000| Untracked 
| 380|0x000000065f000000, 0x000000065f400000, 0x000000065f400000|100%| O|  |TAMS 0x000000065f000000| PB 0x000000065f000000| Untracked 
| 381|0x000000065f400000, 0x000000065f800000, 0x000000065f800000|100%| O|  |TAMS 0x000000065f400000| PB 0x000000065f400000| Untracked 
| 382|0x000000065f800000, 0x000000065fc00000, 0x000000065fc00000|100%| O|  |TAMS 0x000000065f800000| PB 0x000000065f800000| Untracked 
| 383|0x000000065fc00000, 0x0000000660000000, 0x0000000660000000|100%| O|  |TAMS 0x000000065fc00000| PB 0x000000065fc00000| Untracked 
| 384|0x0000000660000000, 0x0000000660400000, 0x0000000660400000|100%| O|  |TAMS 0x0000000660000000| PB 0x0000000660000000| Untracked 
| 385|0x0000000660400000, 0x0000000660800000, 0x0000000660800000|100%| O|  |TAMS 0x0000000660400000| PB 0x0000000660400000| Untracked 
| 386|0x0000000660800000, 0x0000000660c00000, 0x0000000660c00000|100%| O|  |TAMS 0x0000000660800000| PB 0x0000000660800000| Untracked 
| 387|0x0000000660c00000, 0x0000000661000000, 0x0000000661000000|100%| O|  |TAMS 0x0000000660c00000| PB 0x0000000660c00000| Untracked 
| 388|0x0000000661000000, 0x0000000661400000, 0x0000000661400000|100%| O|  |TAMS 0x0000000661000000| PB 0x0000000661000000| Untracked 
| 389|0x0000000661400000, 0x0000000661800000, 0x0000000661800000|100%| O|  |TAMS 0x0000000661400000| PB 0x0000000661400000| Untracked 
| 390|0x0000000661800000, 0x0000000661c00000, 0x0000000661c00000|100%| O|  |TAMS 0x0000000661800000| PB 0x0000000661800000| Untracked 
| 391|0x0000000661c00000, 0x0000000662000000, 0x0000000662000000|100%| O|  |TAMS 0x0000000661c00000| PB 0x0000000661c00000| Untracked 
| 392|0x0000000662000000, 0x0000000662400000, 0x0000000662400000|100%| O|  |TAMS 0x0000000662000000| PB 0x0000000662000000| Untracked 
| 393|0x0000000662400000, 0x0000000662800000, 0x0000000662800000|100%| O|  |TAMS 0x0000000662400000| PB 0x0000000662400000| Untracked 
| 394|0x0000000662800000, 0x0000000662c00000, 0x0000000662c00000|100%| O|  |TAMS 0x0000000662800000| PB 0x0000000662800000| Untracked 
| 395|0x0000000662c00000, 0x0000000663000000, 0x0000000663000000|100%| O|  |TAMS 0x0000000662c00000| PB 0x0000000662c00000| Untracked 
| 396|0x0000000663000000, 0x0000000663400000, 0x0000000663400000|100%| O|  |TAMS 0x0000000663000000| PB 0x0000000663000000| Untracked 
| 397|0x0000000663400000, 0x0000000663800000, 0x0000000663800000|100%| O|  |TAMS 0x0000000663400000| PB 0x0000000663400000| Untracked 
| 398|0x0000000663800000, 0x0000000663c00000, 0x0000000663c00000|100%| O|  |TAMS 0x0000000663800000| PB 0x0000000663800000| Untracked 
| 399|0x0000000663c00000, 0x0000000664000000, 0x0000000664000000|100%| O|  |TAMS 0x0000000663c00000| PB 0x0000000663c00000| Untracked 
| 400|0x0000000664000000, 0x0000000664400000, 0x0000000664400000|100%| O|  |TAMS 0x0000000664000000| PB 0x0000000664000000| Untracked 
| 401|0x0000000664400000, 0x0000000664800000, 0x0000000664800000|100%| O|  |TAMS 0x0000000664400000| PB 0x0000000664400000| Untracked 
| 402|0x0000000664800000, 0x0000000664c00000, 0x0000000664c00000|100%| O|  |TAMS 0x0000000664800000| PB 0x0000000664800000| Untracked 
| 403|0x0000000664c00000, 0x0000000665000000, 0x0000000665000000|100%| O|  |TAMS 0x0000000664c00000| PB 0x0000000664c00000| Untracked 
| 404|0x0000000665000000, 0x0000000665400000, 0x0000000665400000|100%| O|  |TAMS 0x0000000665000000| PB 0x0000000665000000| Untracked 
| 405|0x0000000665400000, 0x0000000665800000, 0x0000000665800000|100%| O|  |TAMS 0x0000000665400000| PB 0x0000000665400000| Untracked 
| 406|0x0000000665800000, 0x0000000665c00000, 0x0000000665c00000|100%| O|  |TAMS 0x0000000665800000| PB 0x0000000665800000| Untracked 
| 407|0x0000000665c00000, 0x0000000666000000, 0x0000000666000000|100%| O|  |TAMS 0x0000000665c00000| PB 0x0000000665c00000| Untracked 
| 408|0x0000000666000000, 0x0000000666400000, 0x0000000666400000|100%| O|  |TAMS 0x0000000666000000| PB 0x0000000666000000| Untracked 
| 409|0x0000000666400000, 0x0000000666800000, 0x0000000666800000|100%| O|  |TAMS 0x0000000666400000| PB 0x0000000666400000| Untracked 
| 410|0x0000000666800000, 0x0000000666c00000, 0x0000000666c00000|100%| O|  |TAMS 0x0000000666800000| PB 0x0000000666800000| Untracked 
| 411|0x0000000666c00000, 0x0000000667000000, 0x0000000667000000|100%| O|  |TAMS 0x0000000666c00000| PB 0x0000000666c00000| Untracked 
| 412|0x0000000667000000, 0x0000000667400000, 0x0000000667400000|100%| O|  |TAMS 0x0000000667000000| PB 0x0000000667000000| Untracked 
| 413|0x0000000667400000, 0x0000000667800000, 0x0000000667800000|100%| O|  |TAMS 0x0000000667400000| PB 0x0000000667400000| Untracked 
| 414|0x0000000667800000, 0x0000000667c00000, 0x0000000667c00000|100%| O|  |TAMS 0x0000000667800000| PB 0x0000000667800000| Untracked 
| 415|0x0000000667c00000, 0x0000000668000000, 0x0000000668000000|100%| O|  |TAMS 0x0000000667c00000| PB 0x0000000667c00000| Untracked 
| 416|0x0000000668000000, 0x0000000668400000, 0x0000000668400000|100%| O|  |TAMS 0x0000000668000000| PB 0x0000000668000000| Untracked 
| 417|0x0000000668400000, 0x0000000668800000, 0x0000000668800000|100%| O|  |TAMS 0x0000000668400000| PB 0x0000000668400000| Untracked 
| 418|0x0000000668800000, 0x0000000668c00000, 0x0000000668c00000|100%| O|  |TAMS 0x0000000668800000| PB 0x0000000668800000| Untracked 
| 419|0x0000000668c00000, 0x0000000669000000, 0x0000000669000000|100%| O|  |TAMS 0x0000000668c00000| PB 0x0000000668c00000| Untracked 
| 420|0x0000000669000000, 0x0000000669400000, 0x0000000669400000|100%|HS|  |TAMS 0x0000000669000000| PB 0x0000000669000000| Complete 
| 421|0x0000000669400000, 0x0000000669800000, 0x0000000669800000|100%|HC|  |TAMS 0x0000000669400000| PB 0x0000000669400000| Complete 
| 422|0x0000000669800000, 0x0000000669c00000, 0x0000000669c00000|100%|HS|  |TAMS 0x0000000669800000| PB 0x0000000669800000| Complete 
| 423|0x0000000669c00000, 0x000000066a000000, 0x000000066a000000|100%|HC|  |TAMS 0x0000000669c00000| PB 0x0000000669c00000| Complete 
| 424|0x000000066a000000, 0x000000066a400000, 0x000000066a400000|100%|HS|  |TAMS 0x000000066a000000| PB 0x000000066a000000| Complete 
| 425|0x000000066a400000, 0x000000066a800000, 0x000000066a800000|100%|HC|  |TAMS 0x000000066a400000| PB 0x000000066a400000| Complete 
| 426|0x000000066a800000, 0x000000066ac00000, 0x000000066ac00000|100%| O|  |TAMS 0x000000066a800000| PB 0x000000066a800000| Untracked 
| 427|0x000000066ac00000, 0x000000066b000000, 0x000000066b000000|100%| O|  |TAMS 0x000000066ac00000| PB 0x000000066ac00000| Untracked 
| 428|0x000000066b000000, 0x000000066b400000, 0x000000066b400000|100%| O|  |TAMS 0x000000066b000000| PB 0x000000066b000000| Untracked 
| 429|0x000000066b400000, 0x000000066b800000, 0x000000066b800000|100%| O|  |TAMS 0x000000066b400000| PB 0x000000066b400000| Untracked 
| 430|0x000000066b800000, 0x000000066bc00000, 0x000000066bc00000|100%| O|  |TAMS 0x000000066b800000| PB 0x000000066b800000| Untracked 
| 431|0x000000066bc00000, 0x000000066c000000, 0x000000066c000000|100%| O|  |TAMS 0x000000066bc00000| PB 0x000000066bc00000| Untracked 
| 432|0x000000066c000000, 0x000000066c400000, 0x000000066c400000|100%| O|  |TAMS 0x000000066c000000| PB 0x000000066c000000| Untracked 
| 433|0x000000066c400000, 0x000000066c800000, 0x000000066c800000|100%| O|  |TAMS 0x000000066c400000| PB 0x000000066c400000| Untracked 
| 434|0x000000066c800000, 0x000000066cc00000, 0x000000066cc00000|100%| O|  |TAMS 0x000000066c800000| PB 0x000000066c800000| Untracked 
| 435|0x000000066cc00000, 0x000000066d000000, 0x000000066d000000|100%| O|  |TAMS 0x000000066cc00000| PB 0x000000066cc00000| Untracked 
| 436|0x000000066d000000, 0x000000066d400000, 0x000000066d400000|100%| O|  |TAMS 0x000000066d000000| PB 0x000000066d000000| Untracked 
| 437|0x000000066d400000, 0x000000066d800000, 0x000000066d800000|100%| O|  |TAMS 0x000000066d400000| PB 0x000000066d400000| Untracked 
| 438|0x000000066d800000, 0x000000066dc00000, 0x000000066dc00000|100%| O|  |TAMS 0x000000066d800000| PB 0x000000066d800000| Untracked 
| 439|0x000000066dc00000, 0x000000066e000000, 0x000000066e000000|100%| O|  |TAMS 0x000000066dc00000| PB 0x000000066dc00000| Untracked 
| 440|0x000000066e000000, 0x000000066e400000, 0x000000066e400000|100%| O|  |TAMS 0x000000066e000000| PB 0x000000066e000000| Untracked 
| 441|0x000000066e400000, 0x000000066e800000, 0x000000066e800000|100%| O|  |TAMS 0x000000066e400000| PB 0x000000066e400000| Untracked 
| 442|0x000000066e800000, 0x000000066ec00000, 0x000000066ec00000|100%| O|  |TAMS 0x000000066e800000| PB 0x000000066e800000| Untracked 
| 443|0x000000066ec00000, 0x000000066f000000, 0x000000066f000000|100%| O|  |TAMS 0x000000066ec00000| PB 0x000000066ec00000| Untracked 
| 444|0x000000066f000000, 0x000000066f400000, 0x000000066f400000|100%| O|  |TAMS 0x000000066f000000| PB 0x000000066f000000| Untracked 
| 445|0x000000066f400000, 0x000000066f800000, 0x000000066f800000|100%| O|  |TAMS 0x000000066f400000| PB 0x000000066f400000| Untracked 
| 446|0x000000066f800000, 0x000000066fc00000, 0x000000066fc00000|100%| O|  |TAMS 0x000000066f800000| PB 0x000000066f800000| Untracked 
| 447|0x000000066fc00000, 0x0000000670000000, 0x0000000670000000|100%| O|  |TAMS 0x000000066fc00000| PB 0x000000066fc00000| Untracked 
| 448|0x0000000670000000, 0x0000000670400000, 0x0000000670400000|100%| O|  |TAMS 0x0000000670000000| PB 0x0000000670000000| Untracked 
| 449|0x0000000670400000, 0x0000000670800000, 0x0000000670800000|100%| O|  |TAMS 0x0000000670400000| PB 0x0000000670400000| Untracked 
| 450|0x0000000670800000, 0x0000000670c00000, 0x0000000670c00000|100%| O|  |TAMS 0x0000000670800000| PB 0x0000000670800000| Untracked 
| 451|0x0000000670c00000, 0x0000000671000000, 0x0000000671000000|100%| O|  |TAMS 0x0000000670c00000| PB 0x0000000670c00000| Untracked 
| 452|0x0000000671000000, 0x0000000671400000, 0x0000000671400000|100%| O|  |TAMS 0x0000000671000000| PB 0x0000000671000000| Untracked 
| 453|0x0000000671400000, 0x0000000671800000, 0x0000000671800000|100%| O|  |TAMS 0x0000000671400000| PB 0x0000000671400000| Untracked 
| 454|0x0000000671800000, 0x0000000671c00000, 0x0000000671c00000|100%| O|  |TAMS 0x0000000671800000| PB 0x0000000671800000| Untracked 
| 455|0x0000000671c00000, 0x0000000672000000, 0x0000000672000000|100%| O|  |TAMS 0x0000000671c00000| PB 0x0000000671c00000| Untracked 
| 456|0x0000000672000000, 0x0000000672400000, 0x0000000672400000|100%| O|  |TAMS 0x0000000672000000| PB 0x0000000672000000| Untracked 
| 457|0x0000000672400000, 0x0000000672800000, 0x0000000672800000|100%| O|  |TAMS 0x0000000672400000| PB 0x0000000672400000| Untracked 
| 458|0x0000000672800000, 0x0000000672c00000, 0x0000000672c00000|100%| O|  |TAMS 0x0000000672800000| PB 0x0000000672800000| Untracked 
| 459|0x0000000672c00000, 0x0000000673000000, 0x0000000673000000|100%| O|  |TAMS 0x0000000672c00000| PB 0x0000000672c00000| Untracked 
| 460|0x0000000673000000, 0x0000000673400000, 0x0000000673400000|100%| O|  |TAMS 0x0000000673000000| PB 0x0000000673000000| Untracked 
| 461|0x0000000673400000, 0x0000000673800000, 0x0000000673800000|100%| O|  |TAMS 0x0000000673400000| PB 0x0000000673400000| Untracked 
| 462|0x0000000673800000, 0x0000000673c00000, 0x0000000673c00000|100%| O|  |TAMS 0x0000000673800000| PB 0x0000000673800000| Untracked 
| 463|0x0000000673c00000, 0x0000000674000000, 0x0000000674000000|100%| O|  |TAMS 0x0000000673c00000| PB 0x0000000673c00000| Untracked 
| 464|0x0000000674000000, 0x0000000674400000, 0x0000000674400000|100%| O|  |TAMS 0x0000000674000000| PB 0x0000000674000000| Untracked 
| 465|0x0000000674400000, 0x0000000674800000, 0x0000000674800000|100%| O|  |TAMS 0x0000000674400000| PB 0x0000000674400000| Untracked 
| 466|0x0000000674800000, 0x0000000674c00000, 0x0000000674c00000|100%|HS|  |TAMS 0x0000000674800000| PB 0x0000000674800000| Complete 
| 467|0x0000000674c00000, 0x0000000675000000, 0x0000000675000000|100%|HC|  |TAMS 0x0000000674c00000| PB 0x0000000674c00000| Complete 
| 468|0x0000000675000000, 0x0000000675400000, 0x0000000675400000|100%| O|  |TAMS 0x0000000675000000| PB 0x0000000675000000| Untracked 
| 469|0x0000000675400000, 0x0000000675800000, 0x0000000675800000|100%| O|  |TAMS 0x0000000675400000| PB 0x0000000675400000| Untracked 
| 470|0x0000000675800000, 0x0000000675c00000, 0x0000000675c00000|100%| O|  |TAMS 0x0000000675800000| PB 0x0000000675800000| Untracked 
| 471|0x0000000675c00000, 0x0000000676000000, 0x0000000676000000|100%| O|  |TAMS 0x0000000675c00000| PB 0x0000000675c00000| Untracked 
| 472|0x0000000676000000, 0x0000000676400000, 0x0000000676400000|100%| O|  |TAMS 0x0000000676000000| PB 0x0000000676000000| Untracked 
| 473|0x0000000676400000, 0x0000000676800000, 0x0000000676800000|100%| O|  |TAMS 0x0000000676400000| PB 0x0000000676400000| Untracked 
| 474|0x0000000676800000, 0x0000000676c00000, 0x0000000676c00000|100%| O|  |TAMS 0x0000000676800000| PB 0x0000000676800000| Untracked 
| 475|0x0000000676c00000, 0x0000000677000000, 0x0000000677000000|100%| O|  |TAMS 0x0000000676c00000| PB 0x0000000676c00000| Untracked 
| 476|0x0000000677000000, 0x0000000677400000, 0x0000000677400000|100%| O|  |TAMS 0x0000000677000000| PB 0x0000000677000000| Untracked 
| 477|0x0000000677400000, 0x0000000677800000, 0x0000000677800000|100%| O|  |TAMS 0x0000000677400000| PB 0x0000000677400000| Untracked 
| 478|0x0000000677800000, 0x0000000677c00000, 0x0000000677c00000|100%| O|  |TAMS 0x0000000677800000| PB 0x0000000677800000| Untracked 
| 479|0x0000000677c00000, 0x0000000678000000, 0x0000000678000000|100%|HS|  |TAMS 0x0000000677c00000| PB 0x0000000677c00000| Complete 
| 480|0x0000000678000000, 0x0000000678400000, 0x0000000678400000|100%| O|  |TAMS 0x0000000678000000| PB 0x0000000678000000| Untracked 
| 481|0x0000000678400000, 0x0000000678800000, 0x0000000678800000|100%|HS|  |TAMS 0x0000000678400000| PB 0x0000000678400000| Complete 
| 482|0x0000000678800000, 0x0000000678c00000, 0x0000000678c00000|100%|HS|  |TAMS 0x0000000678800000| PB 0x0000000678800000| Complete 
| 483|0x0000000678c00000, 0x0000000679000000, 0x0000000679000000|100%| O|  |TAMS 0x0000000678c00000| PB 0x0000000678c00000| Untracked 
| 484|0x0000000679000000, 0x0000000679400000, 0x0000000679400000|100%|HS|  |TAMS 0x0000000679000000| PB 0x0000000679000000| Complete 
| 485|0x0000000679400000, 0x0000000679400000, 0x0000000679800000|  0%| F|  |TAMS 0x0000000679400000| PB 0x0000000679400000| Untracked 
| 486|0x0000000679800000, 0x0000000679c00000, 0x0000000679c00000|100%| O|  |TAMS 0x0000000679800000| PB 0x0000000679800000| Untracked 
| 487|0x0000000679c00000, 0x0000000679eb0ba0, 0x000000067a000000| 67%| O|  |TAMS 0x0000000679c00000| PB 0x0000000679c00000| Untracked 
| 488|0x000000067a000000, 0x000000067a400000, 0x000000067a400000|100%| O|  |TAMS 0x000000067a000000| PB 0x000000067a000000| Untracked 
| 489|0x000000067a400000, 0x000000067a800000, 0x000000067a800000|100%|HS|  |TAMS 0x000000067a400000| PB 0x000000067a400000| Complete 
| 490|0x000000067a800000, 0x000000067ac00000, 0x000000067ac00000|100%|HS|  |TAMS 0x000000067a800000| PB 0x000000067a800000| Complete 
| 491|0x000000067ac00000, 0x000000067b000000, 0x000000067b000000|100%| O|  |TAMS 0x000000067ac00000| PB 0x000000067ac00000| Untracked 
| 492|0x000000067b000000, 0x000000067b000000, 0x000000067b400000|  0%| F|  |TAMS 0x000000067b000000| PB 0x000000067b000000| Untracked 
| 493|0x000000067b400000, 0x000000067b400000, 0x000000067b800000|  0%| F|  |TAMS 0x000000067b400000| PB 0x000000067b400000| Untracked 
| 494|0x000000067b800000, 0x000000067bc00000, 0x000000067bc00000|100%| O|  |TAMS 0x000000067b800000| PB 0x000000067b800000| Untracked 
| 495|0x000000067bc00000, 0x000000067bc00000, 0x000000067c000000|  0%| F|  |TAMS 0x000000067bc00000| PB 0x000000067bc00000| Untracked 
| 496|0x000000067c000000, 0x000000067c400000, 0x000000067c400000|100%| O|  |TAMS 0x000000067c000000| PB 0x000000067c000000| Untracked 
| 497|0x000000067c400000, 0x000000067c800000, 0x000000067c800000|100%| O|  |TAMS 0x000000067c400000| PB 0x000000067c400000| Untracked 
| 498|0x000000067c800000, 0x000000067cc00000, 0x000000067cc00000|100%| O|  |TAMS 0x000000067c800000| PB 0x000000067c800000| Untracked 
| 499|0x000000067cc00000, 0x000000067d000000, 0x000000067d000000|100%| O|  |TAMS 0x000000067cc00000| PB 0x000000067cc00000| Untracked 
| 500|0x000000067d000000, 0x000000067d000000, 0x000000067d400000|  0%| F|  |TAMS 0x000000067d000000| PB 0x000000067d000000| Untracked 
| 501|0x000000067d400000, 0x000000067d400000, 0x000000067d800000|  0%| F|  |TAMS 0x000000067d400000| PB 0x000000067d400000| Untracked 
| 502|0x000000067d800000, 0x000000067d800000, 0x000000067dc00000|  0%| F|  |TAMS 0x000000067d800000| PB 0x000000067d800000| Untracked 
| 503|0x000000067dc00000, 0x000000067dc00000, 0x000000067e000000|  0%| F|  |TAMS 0x000000067dc00000| PB 0x000000067dc00000| Untracked 
| 504|0x000000067e000000, 0x000000067e000000, 0x000000067e400000|  0%| F|  |TAMS 0x000000067e000000| PB 0x000000067e000000| Untracked 
| 505|0x000000067e400000, 0x000000067e400000, 0x000000067e800000|  0%| F|  |TAMS 0x000000067e400000| PB 0x000000067e400000| Untracked 
| 506|0x000000067e800000, 0x000000067e800000, 0x000000067ec00000|  0%| F|  |TAMS 0x000000067e800000| PB 0x000000067e800000| Untracked 
| 507|0x000000067ec00000, 0x000000067ec00000, 0x000000067f000000|  0%| F|  |TAMS 0x000000067ec00000| PB 0x000000067ec00000| Untracked 
| 508|0x000000067f000000, 0x000000067f000000, 0x000000067f400000|  0%| F|  |TAMS 0x000000067f000000| PB 0x000000067f000000| Untracked 
| 509|0x000000067f400000, 0x000000067f800000, 0x000000067f800000|100%| O|  |TAMS 0x000000067f400000| PB 0x000000067f400000| Untracked 
| 510|0x000000067f800000, 0x000000067fc00000, 0x000000067fc00000|100%| O|  |TAMS 0x000000067f800000| PB 0x000000067f800000| Untracked 
| 511|0x000000067fc00000, 0x0000000680000000, 0x0000000680000000|100%| O|  |TAMS 0x000000067fc00000| PB 0x000000067fc00000| Untracked 
| 512|0x0000000680000000, 0x0000000680400000, 0x0000000680400000|100%| O|  |TAMS 0x0000000680000000| PB 0x0000000680000000| Untracked 
| 513|0x0000000680400000, 0x0000000680400000, 0x0000000680800000|  0%| F|  |TAMS 0x0000000680400000| PB 0x0000000680400000| Untracked 
| 514|0x0000000680800000, 0x0000000680c00000, 0x0000000680c00000|100%| O|  |TAMS 0x0000000680800000| PB 0x0000000680800000| Untracked 
| 515|0x0000000680c00000, 0x0000000680c00000, 0x0000000681000000|  0%| F|  |TAMS 0x0000000680c00000| PB 0x0000000680c00000| Untracked 
| 516|0x0000000681000000, 0x0000000681000000, 0x0000000681400000|  0%| F|  |TAMS 0x0000000681000000| PB 0x0000000681000000| Untracked 
| 517|0x0000000681400000, 0x0000000681400000, 0x0000000681800000|  0%| F|  |TAMS 0x0000000681400000| PB 0x0000000681400000| Untracked 
| 518|0x0000000681800000, 0x0000000681800000, 0x0000000681c00000|  0%| F|  |TAMS 0x0000000681800000| PB 0x0000000681800000| Untracked 
| 519|0x0000000681c00000, 0x0000000682000000, 0x0000000682000000|100%|HS|  |TAMS 0x0000000681c00000| PB 0x0000000681c00000| Complete 
| 520|0x0000000682000000, 0x0000000682400000, 0x0000000682400000|100%|HC|  |TAMS 0x0000000682000000| PB 0x0000000682000000| Complete 
| 521|0x0000000682400000, 0x0000000682800000, 0x0000000682800000|100%|HS|  |TAMS 0x0000000682400000| PB 0x0000000682400000| Complete 
| 522|0x0000000682800000, 0x0000000682c00000, 0x0000000682c00000|100%|HC|  |TAMS 0x0000000682800000| PB 0x0000000682800000| Complete 
| 523|0x0000000682c00000, 0x0000000682c00000, 0x0000000683000000|  0%| F|  |TAMS 0x0000000682c00000| PB 0x0000000682c00000| Untracked 
| 524|0x0000000683000000, 0x0000000683000000, 0x0000000683400000|  0%| F|  |TAMS 0x0000000683000000| PB 0x0000000683000000| Untracked 
| 525|0x0000000683400000, 0x0000000683400000, 0x0000000683800000|  0%| F|  |TAMS 0x0000000683400000| PB 0x0000000683400000| Untracked 
| 526|0x0000000683800000, 0x0000000683800000, 0x0000000683c00000|  0%| F|  |TAMS 0x0000000683800000| PB 0x0000000683800000| Untracked 
| 527|0x0000000683c00000, 0x0000000683c00000, 0x0000000684000000|  0%| F|  |TAMS 0x0000000683c00000| PB 0x0000000683c00000| Untracked 
| 528|0x0000000684000000, 0x0000000684000000, 0x0000000684400000|  0%| F|  |TAMS 0x0000000684000000| PB 0x0000000684000000| Untracked 
| 529|0x0000000684400000, 0x0000000684400000, 0x0000000684800000|  0%| F|  |TAMS 0x0000000684400000| PB 0x0000000684400000| Untracked 
| 530|0x0000000684800000, 0x0000000684800000, 0x0000000684c00000|  0%| F|  |TAMS 0x0000000684800000| PB 0x0000000684800000| Untracked 
| 531|0x0000000684c00000, 0x0000000684c00000, 0x0000000685000000|  0%| F|  |TAMS 0x0000000684c00000| PB 0x0000000684c00000| Untracked 
| 532|0x0000000685000000, 0x0000000685000000, 0x0000000685400000|  0%| F|  |TAMS 0x0000000685000000| PB 0x0000000685000000| Untracked 
| 533|0x0000000685400000, 0x0000000685400000, 0x0000000685800000|  0%| F|  |TAMS 0x0000000685400000| PB 0x0000000685400000| Untracked 
| 534|0x0000000685800000, 0x0000000685800000, 0x0000000685c00000|  0%| F|  |TAMS 0x0000000685800000| PB 0x0000000685800000| Untracked 
| 535|0x0000000685c00000, 0x0000000685c00000, 0x0000000686000000|  0%| F|  |TAMS 0x0000000685c00000| PB 0x0000000685c00000| Untracked 
| 536|0x0000000686000000, 0x0000000686000000, 0x0000000686400000|  0%| F|  |TAMS 0x0000000686000000| PB 0x0000000686000000| Untracked 
| 537|0x0000000686400000, 0x0000000686400000, 0x0000000686800000|  0%| F|  |TAMS 0x0000000686400000| PB 0x0000000686400000| Untracked 
| 538|0x0000000686800000, 0x0000000686800000, 0x0000000686c00000|  0%| F|  |TAMS 0x0000000686800000| PB 0x0000000686800000| Untracked 
| 539|0x0000000686c00000, 0x0000000686c00000, 0x0000000687000000|  0%| F|  |TAMS 0x0000000686c00000| PB 0x0000000686c00000| Untracked 
| 540|0x0000000687000000, 0x0000000687000000, 0x0000000687400000|  0%| F|  |TAMS 0x0000000687000000| PB 0x0000000687000000| Untracked 
| 541|0x0000000687400000, 0x0000000687400000, 0x0000000687800000|  0%| F|  |TAMS 0x0000000687400000| PB 0x0000000687400000| Untracked 
| 542|0x0000000687800000, 0x0000000687800000, 0x0000000687c00000|  0%| F|  |TAMS 0x0000000687800000| PB 0x0000000687800000| Untracked 
| 543|0x0000000687c00000, 0x0000000687c00000, 0x0000000688000000|  0%| F|  |TAMS 0x0000000687c00000| PB 0x0000000687c00000| Untracked 
| 544|0x0000000688000000, 0x0000000688000000, 0x0000000688400000|  0%| F|  |TAMS 0x0000000688000000| PB 0x0000000688000000| Untracked 
| 545|0x0000000688400000, 0x0000000688400000, 0x0000000688800000|  0%| F|  |TAMS 0x0000000688400000| PB 0x0000000688400000| Untracked 
| 546|0x0000000688800000, 0x0000000688800000, 0x0000000688c00000|  0%| F|  |TAMS 0x0000000688800000| PB 0x0000000688800000| Untracked 
| 547|0x0000000688c00000, 0x0000000688c00000, 0x0000000689000000|  0%| F|  |TAMS 0x0000000688c00000| PB 0x0000000688c00000| Untracked 
| 548|0x0000000689000000, 0x0000000689000000, 0x0000000689400000|  0%| F|  |TAMS 0x0000000689000000| PB 0x0000000689000000| Untracked 
| 549|0x0000000689400000, 0x0000000689400000, 0x0000000689800000|  0%| F|  |TAMS 0x0000000689400000| PB 0x0000000689400000| Untracked 
| 550|0x0000000689800000, 0x0000000689800000, 0x0000000689c00000|  0%| F|  |TAMS 0x0000000689800000| PB 0x0000000689800000| Untracked 
| 551|0x0000000689c00000, 0x0000000689c00000, 0x000000068a000000|  0%| F|  |TAMS 0x0000000689c00000| PB 0x0000000689c00000| Untracked 
| 552|0x000000068a000000, 0x000000068a1d8000, 0x000000068a400000| 46%| S|CS|TAMS 0x000000068a000000| PB 0x000000068a000000| Complete 
| 553|0x000000068a400000, 0x000000068a400000, 0x000000068a800000|  0%| F|  |TAMS 0x000000068a400000| PB 0x000000068a400000| Untracked 
| 554|0x000000068a800000, 0x000000068a800000, 0x000000068ac00000|  0%| F|  |TAMS 0x000000068a800000| PB 0x000000068a800000| Untracked 
| 555|0x000000068ac00000, 0x000000068b000000, 0x000000068b000000|100%| S|CS|TAMS 0x000000068ac00000| PB 0x000000068ac00000| Complete 
| 556|0x000000068b000000, 0x000000068b400000, 0x000000068b400000|100%| S|CS|TAMS 0x000000068b000000| PB 0x000000068b000000| Complete 
| 557|0x000000068b400000, 0x000000068b400000, 0x000000068b800000|  0%| F|  |TAMS 0x000000068b400000| PB 0x000000068b400000| Untracked 
| 558|0x000000068b800000, 0x000000068b800000, 0x000000068bc00000|  0%| F|  |TAMS 0x000000068b800000| PB 0x000000068b800000| Untracked 
| 559|0x000000068bc00000, 0x000000068bc00000, 0x000000068c000000|  0%| F|  |TAMS 0x000000068bc00000| PB 0x000000068bc00000| Untracked 
| 560|0x000000068c000000, 0x000000068c000000, 0x000000068c400000|  0%| F|  |TAMS 0x000000068c000000| PB 0x000000068c000000| Untracked 
| 561|0x000000068c400000, 0x000000068c400000, 0x000000068c800000|  0%| F|  |TAMS 0x000000068c400000| PB 0x000000068c400000| Untracked 
| 562|0x000000068c800000, 0x000000068c800000, 0x000000068cc00000|  0%| F|  |TAMS 0x000000068c800000| PB 0x000000068c800000| Untracked 
| 563|0x000000068cc00000, 0x000000068cc00000, 0x000000068d000000|  0%| F|  |TAMS 0x000000068cc00000| PB 0x000000068cc00000| Untracked 
| 564|0x000000068d000000, 0x000000068d000000, 0x000000068d400000|  0%| F|  |TAMS 0x000000068d000000| PB 0x000000068d000000| Untracked 
| 565|0x000000068d400000, 0x000000068d400000, 0x000000068d800000|  0%| F|  |TAMS 0x000000068d400000| PB 0x000000068d400000| Untracked 
| 566|0x000000068d800000, 0x000000068d800000, 0x000000068dc00000|  0%| F|  |TAMS 0x000000068d800000| PB 0x000000068d800000| Untracked 
| 567|0x000000068dc00000, 0x000000068dc00000, 0x000000068e000000|  0%| F|  |TAMS 0x000000068dc00000| PB 0x000000068dc00000| Untracked 
| 568|0x000000068e000000, 0x000000068e000000, 0x000000068e400000|  0%| F|  |TAMS 0x000000068e000000| PB 0x000000068e000000| Untracked 
| 569|0x000000068e400000, 0x000000068e400000, 0x000000068e800000|  0%| F|  |TAMS 0x000000068e400000| PB 0x000000068e400000| Untracked 
| 570|0x000000068e800000, 0x000000068e800000, 0x000000068ec00000|  0%| F|  |TAMS 0x000000068e800000| PB 0x000000068e800000| Untracked 
| 571|0x000000068ec00000, 0x000000068ec00000, 0x000000068f000000|  0%| F|  |TAMS 0x000000068ec00000| PB 0x000000068ec00000| Untracked 
| 572|0x000000068f000000, 0x000000068f000000, 0x000000068f400000|  0%| F|  |TAMS 0x000000068f000000| PB 0x000000068f000000| Untracked 
| 573|0x000000068f400000, 0x000000068f400000, 0x000000068f800000|  0%| F|  |TAMS 0x000000068f400000| PB 0x000000068f400000| Untracked 
| 574|0x000000068f800000, 0x000000068f800000, 0x000000068fc00000|  0%| F|  |TAMS 0x000000068f800000| PB 0x000000068f800000| Untracked 
| 575|0x000000068fc00000, 0x000000068fc00000, 0x0000000690000000|  0%| F|  |TAMS 0x000000068fc00000| PB 0x000000068fc00000| Untracked 
| 576|0x0000000690000000, 0x0000000690000000, 0x0000000690400000|  0%| F|  |TAMS 0x0000000690000000| PB 0x0000000690000000| Untracked 
| 577|0x0000000690400000, 0x0000000690400000, 0x0000000690800000|  0%| F|  |TAMS 0x0000000690400000| PB 0x0000000690400000| Untracked 
| 578|0x0000000690800000, 0x0000000690800000, 0x0000000690c00000|  0%| F|  |TAMS 0x0000000690800000| PB 0x0000000690800000| Untracked 
| 579|0x0000000690c00000, 0x0000000690c00000, 0x0000000691000000|  0%| F|  |TAMS 0x0000000690c00000| PB 0x0000000690c00000| Untracked 
| 580|0x0000000691000000, 0x0000000691000000, 0x0000000691400000|  0%| F|  |TAMS 0x0000000691000000| PB 0x0000000691000000| Untracked 
| 581|0x0000000691400000, 0x0000000691400000, 0x0000000691800000|  0%| F|  |TAMS 0x0000000691400000| PB 0x0000000691400000| Untracked 
| 582|0x0000000691800000, 0x0000000691800000, 0x0000000691c00000|  0%| F|  |TAMS 0x0000000691800000| PB 0x0000000691800000| Untracked 
| 583|0x0000000691c00000, 0x0000000691c00000, 0x0000000692000000|  0%| F|  |TAMS 0x0000000691c00000| PB 0x0000000691c00000| Untracked 
| 584|0x0000000692000000, 0x0000000692000000, 0x0000000692400000|  0%| F|  |TAMS 0x0000000692000000| PB 0x0000000692000000| Untracked 
| 585|0x0000000692400000, 0x0000000692400000, 0x0000000692800000|  0%| F|  |TAMS 0x0000000692400000| PB 0x0000000692400000| Untracked 
| 586|0x0000000692800000, 0x0000000692800000, 0x0000000692c00000|  0%| F|  |TAMS 0x0000000692800000| PB 0x0000000692800000| Untracked 
| 587|0x0000000692c00000, 0x0000000692c00000, 0x0000000693000000|  0%| F|  |TAMS 0x0000000692c00000| PB 0x0000000692c00000| Untracked 
| 588|0x0000000693000000, 0x0000000693000000, 0x0000000693400000|  0%| F|  |TAMS 0x0000000693000000| PB 0x0000000693000000| Untracked 
| 589|0x0000000693400000, 0x0000000693400000, 0x0000000693800000|  0%| F|  |TAMS 0x0000000693400000| PB 0x0000000693400000| Untracked 
| 590|0x0000000693800000, 0x0000000693800000, 0x0000000693c00000|  0%| F|  |TAMS 0x0000000693800000| PB 0x0000000693800000| Untracked 
| 591|0x0000000693c00000, 0x0000000693c00000, 0x0000000694000000|  0%| F|  |TAMS 0x0000000693c00000| PB 0x0000000693c00000| Untracked 
| 592|0x0000000694000000, 0x0000000694000000, 0x0000000694400000|  0%| F|  |TAMS 0x0000000694000000| PB 0x0000000694000000| Untracked 
| 593|0x0000000694400000, 0x0000000694400000, 0x0000000694800000|  0%| F|  |TAMS 0x0000000694400000| PB 0x0000000694400000| Untracked 
| 594|0x0000000694800000, 0x0000000694800000, 0x0000000694c00000|  0%| F|  |TAMS 0x0000000694800000| PB 0x0000000694800000| Untracked 
| 595|0x0000000694c00000, 0x0000000694c00000, 0x0000000695000000|  0%| F|  |TAMS 0x0000000694c00000| PB 0x0000000694c00000| Untracked 
| 596|0x0000000695000000, 0x0000000695000000, 0x0000000695400000|  0%| F|  |TAMS 0x0000000695000000| PB 0x0000000695000000| Untracked 
| 597|0x0000000695400000, 0x0000000695400000, 0x0000000695800000|  0%| F|  |TAMS 0x0000000695400000| PB 0x0000000695400000| Untracked 
| 598|0x0000000695800000, 0x0000000695800000, 0x0000000695c00000|  0%| F|  |TAMS 0x0000000695800000| PB 0x0000000695800000| Untracked 
| 599|0x0000000695c00000, 0x0000000695c00000, 0x0000000696000000|  0%| F|  |TAMS 0x0000000695c00000| PB 0x0000000695c00000| Untracked 
| 600|0x0000000696000000, 0x0000000696000000, 0x0000000696400000|  0%| F|  |TAMS 0x0000000696000000| PB 0x0000000696000000| Untracked 
| 601|0x0000000696400000, 0x0000000696400000, 0x0000000696800000|  0%| F|  |TAMS 0x0000000696400000| PB 0x0000000696400000| Untracked 
| 602|0x0000000696800000, 0x0000000696800000, 0x0000000696c00000|  0%| F|  |TAMS 0x0000000696800000| PB 0x0000000696800000| Untracked 
| 603|0x0000000696c00000, 0x0000000696c00000, 0x0000000697000000|  0%| F|  |TAMS 0x0000000696c00000| PB 0x0000000696c00000| Untracked 
| 604|0x0000000697000000, 0x0000000697000000, 0x0000000697400000|  0%| F|  |TAMS 0x0000000697000000| PB 0x0000000697000000| Untracked 
| 605|0x0000000697400000, 0x0000000697400000, 0x0000000697800000|  0%| F|  |TAMS 0x0000000697400000| PB 0x0000000697400000| Untracked 
| 606|0x0000000697800000, 0x0000000697800000, 0x0000000697c00000|  0%| F|  |TAMS 0x0000000697800000| PB 0x0000000697800000| Untracked 
| 607|0x0000000697c00000, 0x0000000697c00000, 0x0000000698000000|  0%| F|  |TAMS 0x0000000697c00000| PB 0x0000000697c00000| Untracked 
| 608|0x0000000698000000, 0x0000000698000000, 0x0000000698400000|  0%| F|  |TAMS 0x0000000698000000| PB 0x0000000698000000| Untracked 
| 609|0x0000000698400000, 0x0000000698400000, 0x0000000698800000|  0%| F|  |TAMS 0x0000000698400000| PB 0x0000000698400000| Untracked 
| 610|0x0000000698800000, 0x0000000698800000, 0x0000000698c00000|  0%| F|  |TAMS 0x0000000698800000| PB 0x0000000698800000| Untracked 
| 611|0x0000000698c00000, 0x0000000698c00000, 0x0000000699000000|  0%| F|  |TAMS 0x0000000698c00000| PB 0x0000000698c00000| Untracked 
| 612|0x0000000699000000, 0x0000000699000000, 0x0000000699400000|  0%| F|  |TAMS 0x0000000699000000| PB 0x0000000699000000| Untracked 
| 613|0x0000000699400000, 0x0000000699400000, 0x0000000699800000|  0%| F|  |TAMS 0x0000000699400000| PB 0x0000000699400000| Untracked 
| 614|0x0000000699800000, 0x0000000699800000, 0x0000000699c00000|  0%| F|  |TAMS 0x0000000699800000| PB 0x0000000699800000| Untracked 
| 615|0x0000000699c00000, 0x0000000699c00000, 0x000000069a000000|  0%| F|  |TAMS 0x0000000699c00000| PB 0x0000000699c00000| Untracked 
| 616|0x000000069a000000, 0x000000069a000000, 0x000000069a400000|  0%| F|  |TAMS 0x000000069a000000| PB 0x000000069a000000| Untracked 
| 617|0x000000069a400000, 0x000000069a400000, 0x000000069a800000|  0%| F|  |TAMS 0x000000069a400000| PB 0x000000069a400000| Untracked 
| 618|0x000000069a800000, 0x000000069a800000, 0x000000069ac00000|  0%| F|  |TAMS 0x000000069a800000| PB 0x000000069a800000| Untracked 
| 619|0x000000069ac00000, 0x000000069ac00000, 0x000000069b000000|  0%| F|  |TAMS 0x000000069ac00000| PB 0x000000069ac00000| Untracked 
| 620|0x000000069b000000, 0x000000069b000000, 0x000000069b400000|  0%| F|  |TAMS 0x000000069b000000| PB 0x000000069b000000| Untracked 
| 621|0x000000069b400000, 0x000000069b400000, 0x000000069b800000|  0%| F|  |TAMS 0x000000069b400000| PB 0x000000069b400000| Untracked 
| 622|0x000000069b800000, 0x000000069b800000, 0x000000069bc00000|  0%| F|  |TAMS 0x000000069b800000| PB 0x000000069b800000| Untracked 
| 623|0x000000069bc00000, 0x000000069bc00000, 0x000000069c000000|  0%| F|  |TAMS 0x000000069bc00000| PB 0x000000069bc00000| Untracked 
| 624|0x000000069c000000, 0x000000069c000000, 0x000000069c400000|  0%| F|  |TAMS 0x000000069c000000| PB 0x000000069c000000| Untracked 
| 625|0x000000069c400000, 0x000000069c400000, 0x000000069c800000|  0%| F|  |TAMS 0x000000069c400000| PB 0x000000069c400000| Untracked 
| 626|0x000000069c800000, 0x000000069c800000, 0x000000069cc00000|  0%| F|  |TAMS 0x000000069c800000| PB 0x000000069c800000| Untracked 
| 627|0x000000069cc00000, 0x000000069cc00000, 0x000000069d000000|  0%| F|  |TAMS 0x000000069cc00000| PB 0x000000069cc00000| Untracked 
| 628|0x000000069d000000, 0x000000069d000000, 0x000000069d400000|  0%| F|  |TAMS 0x000000069d000000| PB 0x000000069d000000| Untracked 
| 629|0x000000069d400000, 0x000000069d400000, 0x000000069d800000|  0%| F|  |TAMS 0x000000069d400000| PB 0x000000069d400000| Untracked 
| 630|0x000000069d800000, 0x000000069d800000, 0x000000069dc00000|  0%| F|  |TAMS 0x000000069d800000| PB 0x000000069d800000| Untracked 
| 631|0x000000069dc00000, 0x000000069dc00000, 0x000000069e000000|  0%| F|  |TAMS 0x000000069dc00000| PB 0x000000069dc00000| Untracked 
| 632|0x000000069e000000, 0x000000069e000000, 0x000000069e400000|  0%| F|  |TAMS 0x000000069e000000| PB 0x000000069e000000| Untracked 
| 633|0x000000069e400000, 0x000000069e400000, 0x000000069e800000|  0%| F|  |TAMS 0x000000069e400000| PB 0x000000069e400000| Untracked 
| 634|0x000000069e800000, 0x000000069e800000, 0x000000069ec00000|  0%| F|  |TAMS 0x000000069e800000| PB 0x000000069e800000| Untracked 
| 635|0x000000069ec00000, 0x000000069ec00000, 0x000000069f000000|  0%| F|  |TAMS 0x000000069ec00000| PB 0x000000069ec00000| Untracked 
| 636|0x000000069f000000, 0x000000069f000000, 0x000000069f400000|  0%| F|  |TAMS 0x000000069f000000| PB 0x000000069f000000| Untracked 
| 637|0x000000069f400000, 0x000000069f400000, 0x000000069f800000|  0%| F|  |TAMS 0x000000069f400000| PB 0x000000069f400000| Untracked 
| 638|0x000000069f800000, 0x000000069f800000, 0x000000069fc00000|  0%| F|  |TAMS 0x000000069f800000| PB 0x000000069f800000| Untracked 
| 639|0x000000069fc00000, 0x000000069fc00000, 0x00000006a0000000|  0%| F|  |TAMS 0x000000069fc00000| PB 0x000000069fc00000| Untracked 
| 640|0x00000006a0000000, 0x00000006a0000000, 0x00000006a0400000|  0%| F|  |TAMS 0x00000006a0000000| PB 0x00000006a0000000| Untracked 
| 641|0x00000006a0400000, 0x00000006a0400000, 0x00000006a0800000|  0%| F|  |TAMS 0x00000006a0400000| PB 0x00000006a0400000| Untracked 
| 642|0x00000006a0800000, 0x00000006a0800000, 0x00000006a0c00000|  0%| F|  |TAMS 0x00000006a0800000| PB 0x00000006a0800000| Untracked 
| 643|0x00000006a0c00000, 0x00000006a0c00000, 0x00000006a1000000|  0%| F|  |TAMS 0x00000006a0c00000| PB 0x00000006a0c00000| Untracked 
| 644|0x00000006a1000000, 0x00000006a1000000, 0x00000006a1400000|  0%| F|  |TAMS 0x00000006a1000000| PB 0x00000006a1000000| Untracked 
| 645|0x00000006a1400000, 0x00000006a1400000, 0x00000006a1800000|  0%| F|  |TAMS 0x00000006a1400000| PB 0x00000006a1400000| Untracked 
| 646|0x00000006a1800000, 0x00000006a1800000, 0x00000006a1c00000|  0%| F|  |TAMS 0x00000006a1800000| PB 0x00000006a1800000| Untracked 
| 647|0x00000006a1c00000, 0x00000006a1c00000, 0x00000006a2000000|  0%| F|  |TAMS 0x00000006a1c00000| PB 0x00000006a1c00000| Untracked 
| 648|0x00000006a2000000, 0x00000006a2000000, 0x00000006a2400000|  0%| F|  |TAMS 0x00000006a2000000| PB 0x00000006a2000000| Untracked 
| 649|0x00000006a2400000, 0x00000006a2400000, 0x00000006a2800000|  0%| F|  |TAMS 0x00000006a2400000| PB 0x00000006a2400000| Untracked 
| 650|0x00000006a2800000, 0x00000006a2800000, 0x00000006a2c00000|  0%| F|  |TAMS 0x00000006a2800000| PB 0x00000006a2800000| Untracked 
| 651|0x00000006a2c00000, 0x00000006a2c00000, 0x00000006a3000000|  0%| F|  |TAMS 0x00000006a2c00000| PB 0x00000006a2c00000| Untracked 
| 652|0x00000006a3000000, 0x00000006a3000000, 0x00000006a3400000|  0%| F|  |TAMS 0x00000006a3000000| PB 0x00000006a3000000| Untracked 
| 653|0x00000006a3400000, 0x00000006a3400000, 0x00000006a3800000|  0%| F|  |TAMS 0x00000006a3400000| PB 0x00000006a3400000| Untracked 
| 654|0x00000006a3800000, 0x00000006a3800000, 0x00000006a3c00000|  0%| F|  |TAMS 0x00000006a3800000| PB 0x00000006a3800000| Untracked 
| 655|0x00000006a3c00000, 0x00000006a3c00000, 0x00000006a4000000|  0%| F|  |TAMS 0x00000006a3c00000| PB 0x00000006a3c00000| Untracked 
| 656|0x00000006a4000000, 0x00000006a4000000, 0x00000006a4400000|  0%| F|  |TAMS 0x00000006a4000000| PB 0x00000006a4000000| Untracked 
| 657|0x00000006a4400000, 0x00000006a4400000, 0x00000006a4800000|  0%| F|  |TAMS 0x00000006a4400000| PB 0x00000006a4400000| Untracked 
| 658|0x00000006a4800000, 0x00000006a4800000, 0x00000006a4c00000|  0%| F|  |TAMS 0x00000006a4800000| PB 0x00000006a4800000| Untracked 
| 659|0x00000006a4c00000, 0x00000006a4c00000, 0x00000006a5000000|  0%| F|  |TAMS 0x00000006a4c00000| PB 0x00000006a4c00000| Untracked 
| 660|0x00000006a5000000, 0x00000006a5000000, 0x00000006a5400000|  0%| F|  |TAMS 0x00000006a5000000| PB 0x00000006a5000000| Untracked 
| 661|0x00000006a5400000, 0x00000006a5400000, 0x00000006a5800000|  0%| F|  |TAMS 0x00000006a5400000| PB 0x00000006a5400000| Untracked 
| 662|0x00000006a5800000, 0x00000006a5800000, 0x00000006a5c00000|  0%| F|  |TAMS 0x00000006a5800000| PB 0x00000006a5800000| Untracked 
| 663|0x00000006a5c00000, 0x00000006a5c00000, 0x00000006a6000000|  0%| F|  |TAMS 0x00000006a5c00000| PB 0x00000006a5c00000| Untracked 
| 664|0x00000006a6000000, 0x00000006a6000000, 0x00000006a6400000|  0%| F|  |TAMS 0x00000006a6000000| PB 0x00000006a6000000| Untracked 
| 665|0x00000006a6400000, 0x00000006a6400000, 0x00000006a6800000|  0%| F|  |TAMS 0x00000006a6400000| PB 0x00000006a6400000| Untracked 
| 666|0x00000006a6800000, 0x00000006a6800000, 0x00000006a6c00000|  0%| F|  |TAMS 0x00000006a6800000| PB 0x00000006a6800000| Untracked 
| 667|0x00000006a6c00000, 0x00000006a6c00000, 0x00000006a7000000|  0%| F|  |TAMS 0x00000006a6c00000| PB 0x00000006a6c00000| Untracked 
| 668|0x00000006a7000000, 0x00000006a7000000, 0x00000006a7400000|  0%| F|  |TAMS 0x00000006a7000000| PB 0x00000006a7000000| Untracked 
| 669|0x00000006a7400000, 0x00000006a7400000, 0x00000006a7800000|  0%| F|  |TAMS 0x00000006a7400000| PB 0x00000006a7400000| Untracked 
| 670|0x00000006a7800000, 0x00000006a7800000, 0x00000006a7c00000|  0%| F|  |TAMS 0x00000006a7800000| PB 0x00000006a7800000| Untracked 
| 671|0x00000006a7c00000, 0x00000006a7c00000, 0x00000006a8000000|  0%| F|  |TAMS 0x00000006a7c00000| PB 0x00000006a7c00000| Untracked 
| 672|0x00000006a8000000, 0x00000006a8000000, 0x00000006a8400000|  0%| F|  |TAMS 0x00000006a8000000| PB 0x00000006a8000000| Untracked 
| 673|0x00000006a8400000, 0x00000006a8400000, 0x00000006a8800000|  0%| F|  |TAMS 0x00000006a8400000| PB 0x00000006a8400000| Untracked 
| 674|0x00000006a8800000, 0x00000006a8800000, 0x00000006a8c00000|  0%| F|  |TAMS 0x00000006a8800000| PB 0x00000006a8800000| Untracked 
| 675|0x00000006a8c00000, 0x00000006a8c00000, 0x00000006a9000000|  0%| F|  |TAMS 0x00000006a8c00000| PB 0x00000006a8c00000| Untracked 
| 676|0x00000006a9000000, 0x00000006a9000000, 0x00000006a9400000|  0%| F|  |TAMS 0x00000006a9000000| PB 0x00000006a9000000| Untracked 
| 677|0x00000006a9400000, 0x00000006a9400000, 0x00000006a9800000|  0%| F|  |TAMS 0x00000006a9400000| PB 0x00000006a9400000| Untracked 
| 678|0x00000006a9800000, 0x00000006a9800000, 0x00000006a9c00000|  0%| F|  |TAMS 0x00000006a9800000| PB 0x00000006a9800000| Untracked 
| 679|0x00000006a9c00000, 0x00000006a9c00000, 0x00000006aa000000|  0%| F|  |TAMS 0x00000006a9c00000| PB 0x00000006a9c00000| Untracked 
| 680|0x00000006aa000000, 0x00000006aa000000, 0x00000006aa400000|  0%| F|  |TAMS 0x00000006aa000000| PB 0x00000006aa000000| Untracked 
| 681|0x00000006aa400000, 0x00000006aa400000, 0x00000006aa800000|  0%| F|  |TAMS 0x00000006aa400000| PB 0x00000006aa400000| Untracked 
| 682|0x00000006aa800000, 0x00000006aa800000, 0x00000006aac00000|  0%| F|  |TAMS 0x00000006aa800000| PB 0x00000006aa800000| Untracked 
| 683|0x00000006aac00000, 0x00000006aac00000, 0x00000006ab000000|  0%| F|  |TAMS 0x00000006aac00000| PB 0x00000006aac00000| Untracked 
| 684|0x00000006ab000000, 0x00000006ab000000, 0x00000006ab400000|  0%| F|  |TAMS 0x00000006ab000000| PB 0x00000006ab000000| Untracked 
| 685|0x00000006ab400000, 0x00000006ab400000, 0x00000006ab800000|  0%| F|  |TAMS 0x00000006ab400000| PB 0x00000006ab400000| Untracked 
| 686|0x00000006ab800000, 0x00000006ab800000, 0x00000006abc00000|  0%| F|  |TAMS 0x00000006ab800000| PB 0x00000006ab800000| Untracked 
| 687|0x00000006abc00000, 0x00000006abc00000, 0x00000006ac000000|  0%| F|  |TAMS 0x00000006abc00000| PB 0x00000006abc00000| Untracked 
| 688|0x00000006ac000000, 0x00000006ac000000, 0x00000006ac400000|  0%| F|  |TAMS 0x00000006ac000000| PB 0x00000006ac000000| Untracked 
| 689|0x00000006ac400000, 0x00000006ac400000, 0x00000006ac800000|  0%| F|  |TAMS 0x00000006ac400000| PB 0x00000006ac400000| Untracked 
| 690|0x00000006ac800000, 0x00000006ac800000, 0x00000006acc00000|  0%| F|  |TAMS 0x00000006ac800000| PB 0x00000006ac800000| Untracked 
| 691|0x00000006acc00000, 0x00000006acc00000, 0x00000006ad000000|  0%| F|  |TAMS 0x00000006acc00000| PB 0x00000006acc00000| Untracked 
| 692|0x00000006ad000000, 0x00000006ad000000, 0x00000006ad400000|  0%| F|  |TAMS 0x00000006ad000000| PB 0x00000006ad000000| Untracked 
| 693|0x00000006ad400000, 0x00000006ad400000, 0x00000006ad800000|  0%| F|  |TAMS 0x00000006ad400000| PB 0x00000006ad400000| Untracked 
| 694|0x00000006ad800000, 0x00000006ad800000, 0x00000006adc00000|  0%| F|  |TAMS 0x00000006ad800000| PB 0x00000006ad800000| Untracked 
| 695|0x00000006adc00000, 0x00000006adc00000, 0x00000006ae000000|  0%| F|  |TAMS 0x00000006adc00000| PB 0x00000006adc00000| Untracked 
| 696|0x00000006ae000000, 0x00000006ae000000, 0x00000006ae400000|  0%| F|  |TAMS 0x00000006ae000000| PB 0x00000006ae000000| Untracked 
| 697|0x00000006ae400000, 0x00000006ae400000, 0x00000006ae800000|  0%| F|  |TAMS 0x00000006ae400000| PB 0x00000006ae400000| Untracked 
| 698|0x00000006ae800000, 0x00000006ae800000, 0x00000006aec00000|  0%| F|  |TAMS 0x00000006ae800000| PB 0x00000006ae800000| Untracked 
| 699|0x00000006aec00000, 0x00000006aec00000, 0x00000006af000000|  0%| F|  |TAMS 0x00000006aec00000| PB 0x00000006aec00000| Untracked 
| 700|0x00000006af000000, 0x00000006af000000, 0x00000006af400000|  0%| F|  |TAMS 0x00000006af000000| PB 0x00000006af000000| Untracked 
| 701|0x00000006af400000, 0x00000006af400000, 0x00000006af800000|  0%| F|  |TAMS 0x00000006af400000| PB 0x00000006af400000| Untracked 
| 702|0x00000006af800000, 0x00000006af800000, 0x00000006afc00000|  0%| F|  |TAMS 0x00000006af800000| PB 0x00000006af800000| Untracked 
| 703|0x00000006afc00000, 0x00000006afc00000, 0x00000006b0000000|  0%| F|  |TAMS 0x00000006afc00000| PB 0x00000006afc00000| Untracked 
| 704|0x00000006b0000000, 0x00000006b0000000, 0x00000006b0400000|  0%| F|  |TAMS 0x00000006b0000000| PB 0x00000006b0000000| Untracked 
| 705|0x00000006b0400000, 0x00000006b0400000, 0x00000006b0800000|  0%| F|  |TAMS 0x00000006b0400000| PB 0x00000006b0400000| Untracked 
| 706|0x00000006b0800000, 0x00000006b0800000, 0x00000006b0c00000|  0%| F|  |TAMS 0x00000006b0800000| PB 0x00000006b0800000| Untracked 
| 707|0x00000006b0c00000, 0x00000006b0c00000, 0x00000006b1000000|  0%| F|  |TAMS 0x00000006b0c00000| PB 0x00000006b0c00000| Untracked 
| 708|0x00000006b1000000, 0x00000006b1000000, 0x00000006b1400000|  0%| F|  |TAMS 0x00000006b1000000| PB 0x00000006b1000000| Untracked 
| 709|0x00000006b1400000, 0x00000006b1400000, 0x00000006b1800000|  0%| F|  |TAMS 0x00000006b1400000| PB 0x00000006b1400000| Untracked 
| 710|0x00000006b1800000, 0x00000006b1800000, 0x00000006b1c00000|  0%| F|  |TAMS 0x00000006b1800000| PB 0x00000006b1800000| Untracked 
| 711|0x00000006b1c00000, 0x00000006b1c00000, 0x00000006b2000000|  0%| F|  |TAMS 0x00000006b1c00000| PB 0x00000006b1c00000| Untracked 
| 712|0x00000006b2000000, 0x00000006b2000000, 0x00000006b2400000|  0%| F|  |TAMS 0x00000006b2000000| PB 0x00000006b2000000| Untracked 
| 713|0x00000006b2400000, 0x00000006b2400000, 0x00000006b2800000|  0%| F|  |TAMS 0x00000006b2400000| PB 0x00000006b2400000| Untracked 
| 714|0x00000006b2800000, 0x00000006b2800000, 0x00000006b2c00000|  0%| F|  |TAMS 0x00000006b2800000| PB 0x00000006b2800000| Untracked 
| 715|0x00000006b2c00000, 0x00000006b2c00000, 0x00000006b3000000|  0%| F|  |TAMS 0x00000006b2c00000| PB 0x00000006b2c00000| Untracked 
| 716|0x00000006b3000000, 0x00000006b3000000, 0x00000006b3400000|  0%| F|  |TAMS 0x00000006b3000000| PB 0x00000006b3000000| Untracked 
| 717|0x00000006b3400000, 0x00000006b3400000, 0x00000006b3800000|  0%| F|  |TAMS 0x00000006b3400000| PB 0x00000006b3400000| Untracked 
| 718|0x00000006b3800000, 0x00000006b3800000, 0x00000006b3c00000|  0%| F|  |TAMS 0x00000006b3800000| PB 0x00000006b3800000| Untracked 
| 719|0x00000006b3c00000, 0x00000006b3c00000, 0x00000006b4000000|  0%| F|  |TAMS 0x00000006b3c00000| PB 0x00000006b3c00000| Untracked 
| 720|0x00000006b4000000, 0x00000006b4000000, 0x00000006b4400000|  0%| F|  |TAMS 0x00000006b4000000| PB 0x00000006b4000000| Untracked 
| 721|0x00000006b4400000, 0x00000006b4400000, 0x00000006b4800000|  0%| F|  |TAMS 0x00000006b4400000| PB 0x00000006b4400000| Untracked 
| 722|0x00000006b4800000, 0x00000006b4800000, 0x00000006b4c00000|  0%| F|  |TAMS 0x00000006b4800000| PB 0x00000006b4800000| Untracked 
| 723|0x00000006b4c00000, 0x00000006b4c00000, 0x00000006b5000000|  0%| F|  |TAMS 0x00000006b4c00000| PB 0x00000006b4c00000| Untracked 
| 724|0x00000006b5000000, 0x00000006b5000000, 0x00000006b5400000|  0%| F|  |TAMS 0x00000006b5000000| PB 0x00000006b5000000| Untracked 
| 725|0x00000006b5400000, 0x00000006b5400000, 0x00000006b5800000|  0%| F|  |TAMS 0x00000006b5400000| PB 0x00000006b5400000| Untracked 
| 726|0x00000006b5800000, 0x00000006b5800000, 0x00000006b5c00000|  0%| F|  |TAMS 0x00000006b5800000| PB 0x00000006b5800000| Untracked 
| 727|0x00000006b5c00000, 0x00000006b5c00000, 0x00000006b6000000|  0%| F|  |TAMS 0x00000006b5c00000| PB 0x00000006b5c00000| Untracked 
| 728|0x00000006b6000000, 0x00000006b6000000, 0x00000006b6400000|  0%| F|  |TAMS 0x00000006b6000000| PB 0x00000006b6000000| Untracked 
| 729|0x00000006b6400000, 0x00000006b6400000, 0x00000006b6800000|  0%| F|  |TAMS 0x00000006b6400000| PB 0x00000006b6400000| Untracked 
| 730|0x00000006b6800000, 0x00000006b6800000, 0x00000006b6c00000|  0%| F|  |TAMS 0x00000006b6800000| PB 0x00000006b6800000| Untracked 
| 731|0x00000006b6c00000, 0x00000006b6c00000, 0x00000006b7000000|  0%| F|  |TAMS 0x00000006b6c00000| PB 0x00000006b6c00000| Untracked 
| 732|0x00000006b7000000, 0x00000006b7000000, 0x00000006b7400000|  0%| F|  |TAMS 0x00000006b7000000| PB 0x00000006b7000000| Untracked 
| 733|0x00000006b7400000, 0x00000006b7400000, 0x00000006b7800000|  0%| F|  |TAMS 0x00000006b7400000| PB 0x00000006b7400000| Untracked 
| 734|0x00000006b7800000, 0x00000006b7800000, 0x00000006b7c00000|  0%| F|  |TAMS 0x00000006b7800000| PB 0x00000006b7800000| Untracked 
| 735|0x00000006b7c00000, 0x00000006b7c00000, 0x00000006b8000000|  0%| F|  |TAMS 0x00000006b7c00000| PB 0x00000006b7c00000| Untracked 
| 736|0x00000006b8000000, 0x00000006b8000000, 0x00000006b8400000|  0%| F|  |TAMS 0x00000006b8000000| PB 0x00000006b8000000| Untracked 
| 737|0x00000006b8400000, 0x00000006b8400000, 0x00000006b8800000|  0%| F|  |TAMS 0x00000006b8400000| PB 0x00000006b8400000| Untracked 
| 738|0x00000006b8800000, 0x00000006b8800000, 0x00000006b8c00000|  0%| F|  |TAMS 0x00000006b8800000| PB 0x00000006b8800000| Untracked 
| 739|0x00000006b8c00000, 0x00000006b8c00000, 0x00000006b9000000|  0%| F|  |TAMS 0x00000006b8c00000| PB 0x00000006b8c00000| Untracked 
| 740|0x00000006b9000000, 0x00000006b9000000, 0x00000006b9400000|  0%| F|  |TAMS 0x00000006b9000000| PB 0x00000006b9000000| Untracked 
| 741|0x00000006b9400000, 0x00000006b9400000, 0x00000006b9800000|  0%| F|  |TAMS 0x00000006b9400000| PB 0x00000006b9400000| Untracked 
| 742|0x00000006b9800000, 0x00000006b9800000, 0x00000006b9c00000|  0%| F|  |TAMS 0x00000006b9800000| PB 0x00000006b9800000| Untracked 
| 743|0x00000006b9c00000, 0x00000006b9c00000, 0x00000006ba000000|  0%| F|  |TAMS 0x00000006b9c00000| PB 0x00000006b9c00000| Untracked 
| 744|0x00000006ba000000, 0x00000006ba000000, 0x00000006ba400000|  0%| F|  |TAMS 0x00000006ba000000| PB 0x00000006ba000000| Untracked 
| 745|0x00000006ba400000, 0x00000006ba400000, 0x00000006ba800000|  0%| F|  |TAMS 0x00000006ba400000| PB 0x00000006ba400000| Untracked 
| 746|0x00000006ba800000, 0x00000006ba800000, 0x00000006bac00000|  0%| F|  |TAMS 0x00000006ba800000| PB 0x00000006ba800000| Untracked 
| 747|0x00000006bac00000, 0x00000006bac00000, 0x00000006bb000000|  0%| F|  |TAMS 0x00000006bac00000| PB 0x00000006bac00000| Untracked 
| 748|0x00000006bb000000, 0x00000006bb000000, 0x00000006bb400000|  0%| F|  |TAMS 0x00000006bb000000| PB 0x00000006bb000000| Untracked 
| 749|0x00000006bb400000, 0x00000006bb400000, 0x00000006bb800000|  0%| F|  |TAMS 0x00000006bb400000| PB 0x00000006bb400000| Untracked 
| 750|0x00000006bb800000, 0x00000006bb800000, 0x00000006bbc00000|  0%| F|  |TAMS 0x00000006bb800000| PB 0x00000006bb800000| Untracked 
| 751|0x00000006bbc00000, 0x00000006bbc00000, 0x00000006bc000000|  0%| F|  |TAMS 0x00000006bbc00000| PB 0x00000006bbc00000| Untracked 
| 752|0x00000006bc000000, 0x00000006bc000000, 0x00000006bc400000|  0%| F|  |TAMS 0x00000006bc000000| PB 0x00000006bc000000| Untracked 
| 753|0x00000006bc400000, 0x00000006bc400000, 0x00000006bc800000|  0%| F|  |TAMS 0x00000006bc400000| PB 0x00000006bc400000| Untracked 
| 754|0x00000006bc800000, 0x00000006bc800000, 0x00000006bcc00000|  0%| F|  |TAMS 0x00000006bc800000| PB 0x00000006bc800000| Untracked 
| 755|0x00000006bcc00000, 0x00000006bcc00000, 0x00000006bd000000|  0%| F|  |TAMS 0x00000006bcc00000| PB 0x00000006bcc00000| Untracked 
| 756|0x00000006bd000000, 0x00000006bd000000, 0x00000006bd400000|  0%| F|  |TAMS 0x00000006bd000000| PB 0x00000006bd000000| Untracked 
| 757|0x00000006bd400000, 0x00000006bd400000, 0x00000006bd800000|  0%| F|  |TAMS 0x00000006bd400000| PB 0x00000006bd400000| Untracked 
| 758|0x00000006bd800000, 0x00000006bd800000, 0x00000006bdc00000|  0%| F|  |TAMS 0x00000006bd800000| PB 0x00000006bd800000| Untracked 
| 759|0x00000006bdc00000, 0x00000006bdc00000, 0x00000006be000000|  0%| F|  |TAMS 0x00000006bdc00000| PB 0x00000006bdc00000| Untracked 
| 760|0x00000006be000000, 0x00000006be000000, 0x00000006be400000|  0%| F|  |TAMS 0x00000006be000000| PB 0x00000006be000000| Untracked 
| 761|0x00000006be400000, 0x00000006be400000, 0x00000006be800000|  0%| F|  |TAMS 0x00000006be400000| PB 0x00000006be400000| Untracked 
| 762|0x00000006be800000, 0x00000006be800000, 0x00000006bec00000|  0%| F|  |TAMS 0x00000006be800000| PB 0x00000006be800000| Untracked 
| 763|0x00000006bec00000, 0x00000006bec00000, 0x00000006bf000000|  0%| F|  |TAMS 0x00000006bec00000| PB 0x00000006bec00000| Untracked 
| 764|0x00000006bf000000, 0x00000006bf000000, 0x00000006bf400000|  0%| F|  |TAMS 0x00000006bf000000| PB 0x00000006bf000000| Untracked 
| 765|0x00000006bf400000, 0x00000006bf400000, 0x00000006bf800000|  0%| F|  |TAMS 0x00000006bf400000| PB 0x00000006bf400000| Untracked 
| 766|0x00000006bf800000, 0x00000006bf800000, 0x00000006bfc00000|  0%| F|  |TAMS 0x00000006bf800000| PB 0x00000006bf800000| Untracked 
| 767|0x00000006bfc00000, 0x00000006bfc00000, 0x00000006c0000000|  0%| F|  |TAMS 0x00000006bfc00000| PB 0x00000006bfc00000| Untracked 
| 768|0x00000006c0000000, 0x00000006c0000000, 0x00000006c0400000|  0%| F|  |TAMS 0x00000006c0000000| PB 0x00000006c0000000| Untracked 
| 769|0x00000006c0400000, 0x00000006c0400000, 0x00000006c0800000|  0%| F|  |TAMS 0x00000006c0400000| PB 0x00000006c0400000| Untracked 
| 770|0x00000006c0800000, 0x00000006c0800000, 0x00000006c0c00000|  0%| F|  |TAMS 0x00000006c0800000| PB 0x00000006c0800000| Untracked 
| 771|0x00000006c0c00000, 0x00000006c0c00000, 0x00000006c1000000|  0%| F|  |TAMS 0x00000006c0c00000| PB 0x00000006c0c00000| Untracked 
| 772|0x00000006c1000000, 0x00000006c1000000, 0x00000006c1400000|  0%| F|  |TAMS 0x00000006c1000000| PB 0x00000006c1000000| Untracked 
| 773|0x00000006c1400000, 0x00000006c1400000, 0x00000006c1800000|  0%| F|  |TAMS 0x00000006c1400000| PB 0x00000006c1400000| Untracked 
| 774|0x00000006c1800000, 0x00000006c1800000, 0x00000006c1c00000|  0%| F|  |TAMS 0x00000006c1800000| PB 0x00000006c1800000| Untracked 
| 775|0x00000006c1c00000, 0x00000006c1c00000, 0x00000006c2000000|  0%| F|  |TAMS 0x00000006c1c00000| PB 0x00000006c1c00000| Untracked 
| 776|0x00000006c2000000, 0x00000006c2000000, 0x00000006c2400000|  0%| F|  |TAMS 0x00000006c2000000| PB 0x00000006c2000000| Untracked 
| 777|0x00000006c2400000, 0x00000006c2400000, 0x00000006c2800000|  0%| F|  |TAMS 0x00000006c2400000| PB 0x00000006c2400000| Untracked 
| 778|0x00000006c2800000, 0x00000006c2800000, 0x00000006c2c00000|  0%| F|  |TAMS 0x00000006c2800000| PB 0x00000006c2800000| Untracked 
| 779|0x00000006c2c00000, 0x00000006c2c00000, 0x00000006c3000000|  0%| F|  |TAMS 0x00000006c2c00000| PB 0x00000006c2c00000| Untracked 
| 780|0x00000006c3000000, 0x00000006c3000000, 0x00000006c3400000|  0%| F|  |TAMS 0x00000006c3000000| PB 0x00000006c3000000| Untracked 
| 781|0x00000006c3400000, 0x00000006c3400000, 0x00000006c3800000|  0%| F|  |TAMS 0x00000006c3400000| PB 0x00000006c3400000| Untracked 
| 782|0x00000006c3800000, 0x00000006c3800000, 0x00000006c3c00000|  0%| F|  |TAMS 0x00000006c3800000| PB 0x00000006c3800000| Untracked 
| 783|0x00000006c3c00000, 0x00000006c3c00000, 0x00000006c4000000|  0%| F|  |TAMS 0x00000006c3c00000| PB 0x00000006c3c00000| Untracked 
| 784|0x00000006c4000000, 0x00000006c4000000, 0x00000006c4400000|  0%| F|  |TAMS 0x00000006c4000000| PB 0x00000006c4000000| Untracked 
| 785|0x00000006c4400000, 0x00000006c4400000, 0x00000006c4800000|  0%| F|  |TAMS 0x00000006c4400000| PB 0x00000006c4400000| Untracked 
| 786|0x00000006c4800000, 0x00000006c4800000, 0x00000006c4c00000|  0%| F|  |TAMS 0x00000006c4800000| PB 0x00000006c4800000| Untracked 
| 787|0x00000006c4c00000, 0x00000006c4c00000, 0x00000006c5000000|  0%| F|  |TAMS 0x00000006c4c00000| PB 0x00000006c4c00000| Untracked 
| 788|0x00000006c5000000, 0x00000006c5000000, 0x00000006c5400000|  0%| F|  |TAMS 0x00000006c5000000| PB 0x00000006c5000000| Untracked 
| 789|0x00000006c5400000, 0x00000006c5400000, 0x00000006c5800000|  0%| F|  |TAMS 0x00000006c5400000| PB 0x00000006c5400000| Untracked 
| 790|0x00000006c5800000, 0x00000006c5800000, 0x00000006c5c00000|  0%| F|  |TAMS 0x00000006c5800000| PB 0x00000006c5800000| Untracked 
| 791|0x00000006c5c00000, 0x00000006c5c00000, 0x00000006c6000000|  0%| F|  |TAMS 0x00000006c5c00000| PB 0x00000006c5c00000| Untracked 
| 792|0x00000006c6000000, 0x00000006c6000000, 0x00000006c6400000|  0%| F|  |TAMS 0x00000006c6000000| PB 0x00000006c6000000| Untracked 
| 793|0x00000006c6400000, 0x00000006c6400000, 0x00000006c6800000|  0%| F|  |TAMS 0x00000006c6400000| PB 0x00000006c6400000| Untracked 
| 794|0x00000006c6800000, 0x00000006c6800000, 0x00000006c6c00000|  0%| F|  |TAMS 0x00000006c6800000| PB 0x00000006c6800000| Untracked 
| 795|0x00000006c6c00000, 0x00000006c6c00000, 0x00000006c7000000|  0%| F|  |TAMS 0x00000006c6c00000| PB 0x00000006c6c00000| Untracked 
| 796|0x00000006c7000000, 0x00000006c7000000, 0x00000006c7400000|  0%| F|  |TAMS 0x00000006c7000000| PB 0x00000006c7000000| Untracked 
| 797|0x00000006c7400000, 0x00000006c7400000, 0x00000006c7800000|  0%| F|  |TAMS 0x00000006c7400000| PB 0x00000006c7400000| Untracked 
| 798|0x00000006c7800000, 0x00000006c7800000, 0x00000006c7c00000|  0%| F|  |TAMS 0x00000006c7800000| PB 0x00000006c7800000| Untracked 
| 799|0x00000006c7c00000, 0x00000006c7c00000, 0x00000006c8000000|  0%| F|  |TAMS 0x00000006c7c00000| PB 0x00000006c7c00000| Untracked 
| 800|0x00000006c8000000, 0x00000006c8000000, 0x00000006c8400000|  0%| F|  |TAMS 0x00000006c8000000| PB 0x00000006c8000000| Untracked 
| 801|0x00000006c8400000, 0x00000006c8400000, 0x00000006c8800000|  0%| F|  |TAMS 0x00000006c8400000| PB 0x00000006c8400000| Untracked 
| 802|0x00000006c8800000, 0x00000006c8800000, 0x00000006c8c00000|  0%| F|  |TAMS 0x00000006c8800000| PB 0x00000006c8800000| Untracked 
| 803|0x00000006c8c00000, 0x00000006c8c00000, 0x00000006c9000000|  0%| F|  |TAMS 0x00000006c8c00000| PB 0x00000006c8c00000| Untracked 
| 804|0x00000006c9000000, 0x00000006c9000000, 0x00000006c9400000|  0%| F|  |TAMS 0x00000006c9000000| PB 0x00000006c9000000| Untracked 
| 805|0x00000006c9400000, 0x00000006c9400000, 0x00000006c9800000|  0%| F|  |TAMS 0x00000006c9400000| PB 0x00000006c9400000| Untracked 
| 806|0x00000006c9800000, 0x00000006c9800000, 0x00000006c9c00000|  0%| F|  |TAMS 0x00000006c9800000| PB 0x00000006c9800000| Untracked 
| 807|0x00000006c9c00000, 0x00000006c9c00000, 0x00000006ca000000|  0%| F|  |TAMS 0x00000006c9c00000| PB 0x00000006c9c00000| Untracked 
| 808|0x00000006ca000000, 0x00000006ca000000, 0x00000006ca400000|  0%| F|  |TAMS 0x00000006ca000000| PB 0x00000006ca000000| Untracked 
| 809|0x00000006ca400000, 0x00000006ca400000, 0x00000006ca800000|  0%| F|  |TAMS 0x00000006ca400000| PB 0x00000006ca400000| Untracked 
| 810|0x00000006ca800000, 0x00000006ca800000, 0x00000006cac00000|  0%| F|  |TAMS 0x00000006ca800000| PB 0x00000006ca800000| Untracked 
| 811|0x00000006cac00000, 0x00000006cac00000, 0x00000006cb000000|  0%| F|  |TAMS 0x00000006cac00000| PB 0x00000006cac00000| Untracked 
| 812|0x00000006cb000000, 0x00000006cb000000, 0x00000006cb400000|  0%| F|  |TAMS 0x00000006cb000000| PB 0x00000006cb000000| Untracked 
| 813|0x00000006cb400000, 0x00000006cb400000, 0x00000006cb800000|  0%| F|  |TAMS 0x00000006cb400000| PB 0x00000006cb400000| Untracked 
| 814|0x00000006cb800000, 0x00000006cb800000, 0x00000006cbc00000|  0%| F|  |TAMS 0x00000006cb800000| PB 0x00000006cb800000| Untracked 
| 815|0x00000006cbc00000, 0x00000006cbc00000, 0x00000006cc000000|  0%| F|  |TAMS 0x00000006cbc00000| PB 0x00000006cbc00000| Untracked 
| 816|0x00000006cc000000, 0x00000006cc000000, 0x00000006cc400000|  0%| F|  |TAMS 0x00000006cc000000| PB 0x00000006cc000000| Untracked 
| 817|0x00000006cc400000, 0x00000006cc400000, 0x00000006cc800000|  0%| F|  |TAMS 0x00000006cc400000| PB 0x00000006cc400000| Untracked 
| 818|0x00000006cc800000, 0x00000006cc800000, 0x00000006ccc00000|  0%| F|  |TAMS 0x00000006cc800000| PB 0x00000006cc800000| Untracked 
| 819|0x00000006ccc00000, 0x00000006ccc00000, 0x00000006cd000000|  0%| F|  |TAMS 0x00000006ccc00000| PB 0x00000006ccc00000| Untracked 
| 820|0x00000006cd000000, 0x00000006cd000000, 0x00000006cd400000|  0%| F|  |TAMS 0x00000006cd000000| PB 0x00000006cd000000| Untracked 
| 821|0x00000006cd400000, 0x00000006cd400000, 0x00000006cd800000|  0%| F|  |TAMS 0x00000006cd400000| PB 0x00000006cd400000| Untracked 
| 822|0x00000006cd800000, 0x00000006cd800000, 0x00000006cdc00000|  0%| F|  |TAMS 0x00000006cd800000| PB 0x00000006cd800000| Untracked 
| 823|0x00000006cdc00000, 0x00000006cdc00000, 0x00000006ce000000|  0%| F|  |TAMS 0x00000006cdc00000| PB 0x00000006cdc00000| Untracked 
| 824|0x00000006ce000000, 0x00000006ce000000, 0x00000006ce400000|  0%| F|  |TAMS 0x00000006ce000000| PB 0x00000006ce000000| Untracked 
| 825|0x00000006ce400000, 0x00000006ce400000, 0x00000006ce800000|  0%| F|  |TAMS 0x00000006ce400000| PB 0x00000006ce400000| Untracked 
| 826|0x00000006ce800000, 0x00000006ce800000, 0x00000006cec00000|  0%| F|  |TAMS 0x00000006ce800000| PB 0x00000006ce800000| Untracked 
| 827|0x00000006cec00000, 0x00000006cec00000, 0x00000006cf000000|  0%| F|  |TAMS 0x00000006cec00000| PB 0x00000006cec00000| Untracked 
| 828|0x00000006cf000000, 0x00000006cf000000, 0x00000006cf400000|  0%| F|  |TAMS 0x00000006cf000000| PB 0x00000006cf000000| Untracked 
| 829|0x00000006cf400000, 0x00000006cf400000, 0x00000006cf800000|  0%| F|  |TAMS 0x00000006cf400000| PB 0x00000006cf400000| Untracked 
| 830|0x00000006cf800000, 0x00000006cf800000, 0x00000006cfc00000|  0%| F|  |TAMS 0x00000006cf800000| PB 0x00000006cf800000| Untracked 
| 831|0x00000006cfc00000, 0x00000006cfc00000, 0x00000006d0000000|  0%| F|  |TAMS 0x00000006cfc00000| PB 0x00000006cfc00000| Untracked 
| 832|0x00000006d0000000, 0x00000006d0000000, 0x00000006d0400000|  0%| F|  |TAMS 0x00000006d0000000| PB 0x00000006d0000000| Untracked 
| 833|0x00000006d0400000, 0x00000006d0400000, 0x00000006d0800000|  0%| F|  |TAMS 0x00000006d0400000| PB 0x00000006d0400000| Untracked 
| 834|0x00000006d0800000, 0x00000006d0800000, 0x00000006d0c00000|  0%| F|  |TAMS 0x00000006d0800000| PB 0x00000006d0800000| Untracked 
| 835|0x00000006d0c00000, 0x00000006d0c00000, 0x00000006d1000000|  0%| F|  |TAMS 0x00000006d0c00000| PB 0x00000006d0c00000| Untracked 
| 836|0x00000006d1000000, 0x00000006d1000000, 0x00000006d1400000|  0%| F|  |TAMS 0x00000006d1000000| PB 0x00000006d1000000| Untracked 
| 837|0x00000006d1400000, 0x00000006d1400000, 0x00000006d1800000|  0%| F|  |TAMS 0x00000006d1400000| PB 0x00000006d1400000| Untracked 
| 838|0x00000006d1800000, 0x00000006d1800000, 0x00000006d1c00000|  0%| F|  |TAMS 0x00000006d1800000| PB 0x00000006d1800000| Untracked 
| 839|0x00000006d1c00000, 0x00000006d1c00000, 0x00000006d2000000|  0%| F|  |TAMS 0x00000006d1c00000| PB 0x00000006d1c00000| Untracked 
| 840|0x00000006d2000000, 0x00000006d2000000, 0x00000006d2400000|  0%| F|  |TAMS 0x00000006d2000000| PB 0x00000006d2000000| Untracked 
| 841|0x00000006d2400000, 0x00000006d2400000, 0x00000006d2800000|  0%| F|  |TAMS 0x00000006d2400000| PB 0x00000006d2400000| Untracked 
| 842|0x00000006d2800000, 0x00000006d2800000, 0x00000006d2c00000|  0%| F|  |TAMS 0x00000006d2800000| PB 0x00000006d2800000| Untracked 
| 843|0x00000006d2c00000, 0x00000006d2c00000, 0x00000006d3000000|  0%| F|  |TAMS 0x00000006d2c00000| PB 0x00000006d2c00000| Untracked 
| 844|0x00000006d3000000, 0x00000006d3000000, 0x00000006d3400000|  0%| F|  |TAMS 0x00000006d3000000| PB 0x00000006d3000000| Untracked 
| 845|0x00000006d3400000, 0x00000006d3400000, 0x00000006d3800000|  0%| F|  |TAMS 0x00000006d3400000| PB 0x00000006d3400000| Untracked 
| 846|0x00000006d3800000, 0x00000006d3800000, 0x00000006d3c00000|  0%| F|  |TAMS 0x00000006d3800000| PB 0x00000006d3800000| Untracked 
| 847|0x00000006d3c00000, 0x00000006d3c00000, 0x00000006d4000000|  0%| F|  |TAMS 0x00000006d3c00000| PB 0x00000006d3c00000| Untracked 
| 848|0x00000006d4000000, 0x00000006d4000000, 0x00000006d4400000|  0%| F|  |TAMS 0x00000006d4000000| PB 0x00000006d4000000| Untracked 
| 849|0x00000006d4400000, 0x00000006d4400000, 0x00000006d4800000|  0%| F|  |TAMS 0x00000006d4400000| PB 0x00000006d4400000| Untracked 
| 850|0x00000006d4800000, 0x00000006d4800000, 0x00000006d4c00000|  0%| F|  |TAMS 0x00000006d4800000| PB 0x00000006d4800000| Untracked 
| 851|0x00000006d4c00000, 0x00000006d4c00000, 0x00000006d5000000|  0%| F|  |TAMS 0x00000006d4c00000| PB 0x00000006d4c00000| Untracked 
| 852|0x00000006d5000000, 0x00000006d5000000, 0x00000006d5400000|  0%| F|  |TAMS 0x00000006d5000000| PB 0x00000006d5000000| Untracked 
| 853|0x00000006d5400000, 0x00000006d5400000, 0x00000006d5800000|  0%| F|  |TAMS 0x00000006d5400000| PB 0x00000006d5400000| Untracked 
| 854|0x00000006d5800000, 0x00000006d5800000, 0x00000006d5c00000|  0%| F|  |TAMS 0x00000006d5800000| PB 0x00000006d5800000| Untracked 
| 855|0x00000006d5c00000, 0x00000006d5c00000, 0x00000006d6000000|  0%| F|  |TAMS 0x00000006d5c00000| PB 0x00000006d5c00000| Untracked 
| 856|0x00000006d6000000, 0x00000006d6000000, 0x00000006d6400000|  0%| F|  |TAMS 0x00000006d6000000| PB 0x00000006d6000000| Untracked 
| 857|0x00000006d6400000, 0x00000006d6400000, 0x00000006d6800000|  0%| F|  |TAMS 0x00000006d6400000| PB 0x00000006d6400000| Untracked 
| 858|0x00000006d6800000, 0x00000006d6800000, 0x00000006d6c00000|  0%| F|  |TAMS 0x00000006d6800000| PB 0x00000006d6800000| Untracked 
| 859|0x00000006d6c00000, 0x00000006d6c00000, 0x00000006d7000000|  0%| F|  |TAMS 0x00000006d6c00000| PB 0x00000006d6c00000| Untracked 
| 860|0x00000006d7000000, 0x00000006d7000000, 0x00000006d7400000|  0%| F|  |TAMS 0x00000006d7000000| PB 0x00000006d7000000| Untracked 
| 861|0x00000006d7400000, 0x00000006d7400000, 0x00000006d7800000|  0%| F|  |TAMS 0x00000006d7400000| PB 0x00000006d7400000| Untracked 
| 862|0x00000006d7800000, 0x00000006d7800000, 0x00000006d7c00000|  0%| F|  |TAMS 0x00000006d7800000| PB 0x00000006d7800000| Untracked 
| 863|0x00000006d7c00000, 0x00000006d7c00000, 0x00000006d8000000|  0%| F|  |TAMS 0x00000006d7c00000| PB 0x00000006d7c00000| Untracked 
| 864|0x00000006d8000000, 0x00000006d8000000, 0x00000006d8400000|  0%| F|  |TAMS 0x00000006d8000000| PB 0x00000006d8000000| Untracked 
| 865|0x00000006d8400000, 0x00000006d8400000, 0x00000006d8800000|  0%| F|  |TAMS 0x00000006d8400000| PB 0x00000006d8400000| Untracked 
| 866|0x00000006d8800000, 0x00000006d8800000, 0x00000006d8c00000|  0%| F|  |TAMS 0x00000006d8800000| PB 0x00000006d8800000| Untracked 
| 867|0x00000006d8c00000, 0x00000006d8c00000, 0x00000006d9000000|  0%| F|  |TAMS 0x00000006d8c00000| PB 0x00000006d8c00000| Untracked 
| 868|0x00000006d9000000, 0x00000006d9000000, 0x00000006d9400000|  0%| F|  |TAMS 0x00000006d9000000| PB 0x00000006d9000000| Untracked 
| 869|0x00000006d9400000, 0x00000006d9400000, 0x00000006d9800000|  0%| F|  |TAMS 0x00000006d9400000| PB 0x00000006d9400000| Untracked 
| 870|0x00000006d9800000, 0x00000006d9800a60, 0x00000006d9c00000|  0%| E|  |TAMS 0x00000006d9800000| PB 0x00000006d9800000| Complete 
| 871|0x00000006d9c00000, 0x00000006da000000, 0x00000006da000000|100%| E|CS|TAMS 0x00000006d9c00000| PB 0x00000006d9c00000| Complete 
| 872|0x00000006da000000, 0x00000006da400000, 0x00000006da400000|100%| E|CS|TAMS 0x00000006da000000| PB 0x00000006da000000| Complete 
| 873|0x00000006da400000, 0x00000006da800000, 0x00000006da800000|100%| E|CS|TAMS 0x00000006da400000| PB 0x00000006da400000| Complete 
| 874|0x00000006da800000, 0x00000006dac00000, 0x00000006dac00000|100%| E|CS|TAMS 0x00000006da800000| PB 0x00000006da800000| Complete 
| 875|0x00000006dac00000, 0x00000006db000000, 0x00000006db000000|100%| E|CS|TAMS 0x00000006dac00000| PB 0x00000006dac00000| Complete 
| 876|0x00000006db000000, 0x00000006db400000, 0x00000006db400000|100%| E|CS|TAMS 0x00000006db000000| PB 0x00000006db000000| Complete 
| 877|0x00000006db400000, 0x00000006db800000, 0x00000006db800000|100%| E|CS|TAMS 0x00000006db400000| PB 0x00000006db400000| Complete 
| 878|0x00000006db800000, 0x00000006dbc00000, 0x00000006dbc00000|100%| E|CS|TAMS 0x00000006db800000| PB 0x00000006db800000| Complete 
| 879|0x00000006dbc00000, 0x00000006dc000000, 0x00000006dc000000|100%| E|CS|TAMS 0x00000006dbc00000| PB 0x00000006dbc00000| Complete 
| 880|0x00000006dc000000, 0x00000006dc400000, 0x00000006dc400000|100%| E|CS|TAMS 0x00000006dc000000| PB 0x00000006dc000000| Complete 
| 881|0x00000006dc400000, 0x00000006dc800000, 0x00000006dc800000|100%| E|CS|TAMS 0x00000006dc400000| PB 0x00000006dc400000| Complete 
| 882|0x00000006dc800000, 0x00000006dcc00000, 0x00000006dcc00000|100%| E|CS|TAMS 0x00000006dc800000| PB 0x00000006dc800000| Complete 
| 883|0x00000006dcc00000, 0x00000006dd000000, 0x00000006dd000000|100%| E|CS|TAMS 0x00000006dcc00000| PB 0x00000006dcc00000| Complete 
|2037|0x00000007fd400000, 0x00000007fd800000, 0x00000007fd800000|100%| E|CS|TAMS 0x00000007fd400000| PB 0x00000007fd400000| Complete 
|2038|0x00000007fd800000, 0x00000007fdc00000, 0x00000007fdc00000|100%| E|CS|TAMS 0x00000007fd800000| PB 0x00000007fd800000| Complete 
|2039|0x00000007fdc00000, 0x00000007fe000000, 0x00000007fe000000|100%| E|CS|TAMS 0x00000007fdc00000| PB 0x00000007fdc00000| Complete 
|2040|0x00000007fe000000, 0x00000007fe400000, 0x00000007fe400000|100%| E|CS|TAMS 0x00000007fe000000| PB 0x00000007fe000000| Complete 
|2041|0x00000007fe400000, 0x00000007fe800000, 0x00000007fe800000|100%| E|CS|TAMS 0x00000007fe400000| PB 0x00000007fe400000| Complete 
|2042|0x00000007fe800000, 0x00000007fec00000, 0x00000007fec00000|100%| E|CS|TAMS 0x00000007fe800000| PB 0x00000007fe800000| Complete 
|2043|0x00000007fec00000, 0x00000007ff000000, 0x00000007ff000000|100%| E|CS|TAMS 0x00000007fec00000| PB 0x00000007fec00000| Complete 
|2044|0x00000007ff000000, 0x00000007ff400000, 0x00000007ff400000|100%| O|  |TAMS 0x00000007ff000000| PB 0x00000007ff000000| Untracked 
|2045|0x00000007ff400000, 0x00000007ff800000, 0x00000007ff800000|100%| O|  |TAMS 0x00000007ff400000| PB 0x00000007ff400000| Untracked 
|2046|0x00000007ff800000, 0x00000007ffc00000, 0x00000007ffc00000|100%| O|  |TAMS 0x00000007ff800000| PB 0x00000007ff800000| Untracked 
|2047|0x00000007ffc00000, 0x0000000800000000, 0x0000000800000000|100%| O|  |TAMS 0x00000007ffc00000| PB 0x00000007ffc00000| Untracked 

Card table byte_map: [0x00007f90ef200000,0x00007f90f0200000] _byte_map_base: 0x00007f90ec200000

Marking Bits: (CMBitMap*) 0x00007f910405c6c0
 Bits: [0x00007f90e7200000, 0x00007f90ef200000)

Polling page: 0x00007f910a290000

Metaspace:

Usage:
  Non-class:    444.02 MB used.
      Class:     96.37 MB used.
       Both:    540.39 MB used.

Virtual space:
  Non-class space:      512.00 MB reserved,     447.31 MB ( 87%) committed,  8 nodes.
      Class space:        1.00 GB reserved,      99.19 MB ( 10%) committed,  1 nodes.
             Both:        1.50 GB reserved,     546.50 MB ( 36%) committed. 

Chunk freelists:
   Non-Class:  15.78 MB
       Class:  12.67 MB
        Both:  28.45 MB

MaxMetaspaceSize: unlimited
CompressedClassSpaceSize: 1.00 GB
Initial GC threshold: 21.00 MB
Current GC threshold: 910.75 MB
CDS: off
 - commit_granule_bytes: 65536.
 - commit_granule_words: 8192.
 - virtual_space_node_default_size: 8388608.
 - enlarge_chunks_in_place: 1.
 - use_allocation_guard: 0.


Internal statistics:

num_allocs_failed_limit: 6.
num_arena_births: 12550.
num_arena_deaths: 1780.
num_vsnodes_births: 9.
num_vsnodes_deaths: 0.
num_space_committed: 8785.
num_space_uncommitted: 25.
num_chunks_returned_to_freelist: 3054.
num_chunks_taken_from_freelist: 42642.
num_chunk_merges: 1311.
num_chunk_splits: 25626.
num_chunks_enlarged: 15898.
num_inconsistent_stats: 0.

CodeHeap 'non-profiled nmethods': size=120028Kb used=49175Kb max_used=51531Kb free=70852Kb
 bounds [0x00007f90f8ec9000, 0x00007f90fc1e9000, 0x00007f9100400000]
CodeHeap 'profiled nmethods': size=120028Kb used=24784Kb max_used=71178Kb free=95243Kb
 bounds [0x00007f90f1400000, 0x00007f90f59d0000, 0x00007f90f8937000]
CodeHeap 'non-nmethods': size=5704Kb used=5626Kb max_used=5626Kb free=77Kb
 bounds [0x00007f90f8937000, 0x00007f90f8ec9000, 0x00007f90f8ec9000]
 total_blobs=26024 nmethods=21897 adapters=4024
 compilation: enabled
              stopped_count=0, restarted_count=0
 full_count=0

Compilation events (20 events):
Event: 2544.817 Thread 0x00007f91041b6d30 117953       4       com.tterrag.registrate.util.entry.RegistryEntry::is (14 bytes)
Event: 2544.822 Thread 0x00007f91041b6d30 nmethod 117953 0x00007f90fa999390 code [0x00007f90fa999560, 0x00007f90fa999930]
Event: 2545.297 Thread 0x00007f91041b6d30 117954       4       net.minecraft.world.level.CollisionGetter$$Lambda/0x0000000805ed6848::apply (12 bytes)
Event: 2545.298 Thread 0x00007f91041b6d30 nmethod 117954 0x00007f90faf88710 code [0x00007f90faf888a0, 0x00007f90faf889c0]
Event: 2545.372 Thread 0x00007f91041b6d30 117955       4       net.minecraft.server.level.ServerChunkCache::blockChanged (68 bytes)
Event: 2545.428 Thread 0x00007f91041b6d30 nmethod 117955 0x00007f90f9ada110 code [0x00007f90f9ada560, 0x00007f90f9adc5d0]
Event: 2545.428 Thread 0x00007f91041b6d30 117956       4       net.minecraft.server.level.ServerChunkCache::handler$gkm000$sable$blockChanged (59 bytes)
Event: 2545.448 Thread 0x00007f91041b6d30 nmethod 117956 0x00007f90fb522d10 code [0x00007f90fb522fe0, 0x00007f90fb523ea8]
Event: 2545.448 Thread 0x00007f91041b6d30 117957       4       net.minecraft.server.level.ChunkHolder::blockChanged (68 bytes)
Event: 2545.454 Thread 0x00007f91041c03c0 117958       3       dev.simulated_team.simulated.content.blocks.throttle_lever.ThrottleLeverBlock::getShape (54 bytes)
Event: 2545.455 Thread 0x00007f91041c03c0 nmethod 117958 0x00007f90f1b0a310 code [0x00007f90f1b0a560, 0x00007f90f1b0af68]
Event: 2545.462 Thread 0x00007f91041b6d30 nmethod 117957 0x00007f90fb30fd10 code [0x00007f90fb30ffc0, 0x00007f90fb310b98]
Event: 2545.639 Thread 0x00007f91041c03c0 117959       3       sun.nio.fs.UnixFileAttributes::asBasicFileAttributes (5 bytes)
Event: 2545.639 Thread 0x00007f91041c03c0 nmethod 117959 0x00007f90f30c3810 code [0x00007f90f30c39c0, 0x00007f90f30c3c98]
Event: 2545.639 Thread 0x00007f91041c03c0 117960       3       sun.nio.fs.UnixFileAttributes$UnixAsBasicFileAttributes::wrap (9 bytes)
Event: 2545.639 Thread 0x00007f91041c03c0 nmethod 117960 0x00007f90f35b1a90 code [0x00007f90f35b1c40, 0x00007f90f35b1ea0]
Event: 2545.639 Thread 0x00007f91041c03c0 117961       3       sun.nio.fs.UnixFileAttributes$UnixAsBasicFileAttributes::<init> (10 bytes)
Event: 2545.639 Thread 0x00007f91041c03c0 nmethod 117961 0x00007f90f3d91d90 code [0x00007f90f3d91f20, 0x00007f90f3d920d8]
Event: 2545.906 Thread 0x00007f91041b6d30 117962       4       dev.simulated_team.simulated.content.blocks.throttle_lever.ThrottleLeverBlock::getHandleShape (54 bytes)
Event: 2545.912 Thread 0x00007f91041b6d30 nmethod 117962 0x00007f90fa214310 code [0x00007f90fa214540, 0x00007f90fa214a48]

GC Heap History (20 events):
Event: 2468.250 GC heap before
{Heap before GC invocations=414 (full 0):
 garbage-first heap   total 3665920K, used 3457639K [0x0000000600000000, 0x0000000800000000)
  region size 4096K, 337 young (1380352K), 4 survivors (16384K)
 Metaspace       used 552857K, committed 559040K, reserved 1507328K
  class space    used 98617K, committed 101504K, reserved 1048576K
}
Event: 2468.262 GC heap after
{Heap after GC invocations=415 (full 0):
 garbage-first heap   total 3665920K, used 2092136K [0x0000000600000000, 0x0000000800000000)
  region size 4096K, 3 young (12288K), 3 survivors (12288K)
 Metaspace       used 552857K, committed 559040K, reserved 1507328K
  class space    used 98617K, committed 101504K, reserved 1048576K
}
Event: 2477.695 GC heap before
{Heap before GC invocations=415 (full 0):
 garbage-first heap   total 3665920K, used 3464296K [0x0000000600000000, 0x0000000800000000)
  region size 4096K, 338 young (1384448K), 3 survivors (12288K)
 Metaspace       used 552876K, committed 559040K, reserved 1507328K
  class space    used 98617K, committed 101504K, reserved 1048576K
}
Event: 2477.705 GC heap after
{Heap after GC invocations=416 (full 0):
 garbage-first heap   total 3665920K, used 2092795K [0x0000000600000000, 0x0000000800000000)
  region size 4096K, 3 young (12288K), 3 survivors (12288K)
 Metaspace       used 552876K, committed 559040K, reserved 1507328K
  class space    used 98617K, committed 101504K, reserved 1048576K
}
Event: 2485.837 GC heap before
{Heap before GC invocations=417 (full 0):
 garbage-first heap   total 3665920K, used 3460859K [0x0000000600000000, 0x0000000800000000)
  region size 4096K, 337 young (1380352K), 3 survivors (12288K)
 Metaspace       used 552897K, committed 559104K, reserved 1507328K
  class space    used 98617K, committed 101504K, reserved 1048576K
}
Event: 2485.849 GC heap after
{Heap after GC invocations=418 (full 0):
 garbage-first heap   total 3665920K, used 2093975K [0x0000000600000000, 0x0000000800000000)
  region size 4096K, 4 young (16384K), 4 survivors (16384K)
 Metaspace       used 552897K, committed 559104K, reserved 1507328K
  class space    used 98617K, committed 101504K, reserved 1048576K
}
Event: 2496.344 GC heap before
{Heap before GC invocations=418 (full 0):
 garbage-first heap   total 3665920K, used 3453847K [0x0000000600000000, 0x0000000800000000)
  region size 4096K, 336 young (1376256K), 4 survivors (16384K)
 Metaspace       used 552906K, committed 559104K, reserved 1507328K
  class space    used 98618K, committed 101504K, reserved 1048576K
}
Event: 2496.353 GC heap after
{Heap after GC invocations=419 (full 0):
 garbage-first heap   total 3665920K, used 2091023K [0x0000000600000000, 0x0000000800000000)
  region size 4096K, 3 young (12288K), 3 survivors (12288K)
 Metaspace       used 552906K, committed 559104K, reserved 1507328K
  class space    used 98618K, committed 101504K, reserved 1048576K
}
Event: 2505.382 GC heap before
{Heap before GC invocations=419 (full 0):
 garbage-first heap   total 3665920K, used 3459087K [0x0000000600000000, 0x0000000800000000)
  region size 4096K, 337 young (1380352K), 3 survivors (12288K)
 Metaspace       used 552938K, committed 559104K, reserved 1507328K
  class space    used 98618K, committed 101504K, reserved 1048576K
}
Event: 2505.390 GC heap after
{Heap after GC invocations=420 (full 0):
 garbage-first heap   total 3665920K, used 2091651K [0x0000000600000000, 0x0000000800000000)
  region size 4096K, 3 young (12288K), 3 survivors (12288K)
 Metaspace       used 552938K, committed 559104K, reserved 1507328K
  class space    used 98618K, committed 101504K, reserved 1048576K
}
Event: 2514.837 GC heap before
{Heap before GC invocations=421 (full 0):
 garbage-first heap   total 3665920K, used 3455619K [0x0000000600000000, 0x0000000800000000)
  region size 4096K, 337 young (1380352K), 3 survivors (12288K)
 Metaspace       used 553132K, committed 559360K, reserved 1572864K
  class space    used 98649K, committed 101504K, reserved 1048576K
}
Event: 2514.848 GC heap after
{Heap after GC invocations=422 (full 0):
 garbage-first heap   total 3665920K, used 2093278K [0x0000000600000000, 0x0000000800000000)
  region size 4096K, 3 young (12288K), 3 survivors (12288K)
 Metaspace       used 553132K, committed 559360K, reserved 1572864K
  class space    used 98649K, committed 101504K, reserved 1048576K
}
Event: 2522.301 GC heap before
{Heap before GC invocations=422 (full 0):
 garbage-first heap   total 3665920K, used 3461342K [0x0000000600000000, 0x0000000800000000)
  region size 4096K, 337 young (1380352K), 3 survivors (12288K)
 Metaspace       used 553184K, committed 559360K, reserved 1572864K
  class space    used 98654K, committed 101504K, reserved 1048576K
}
Event: 2522.312 GC heap after
{Heap after GC invocations=423 (full 0):
 garbage-first heap   total 3665920K, used 2092488K [0x0000000600000000, 0x0000000800000000)
  region size 4096K, 3 young (12288K), 3 survivors (12288K)
 Metaspace       used 553184K, committed 559360K, reserved 1572864K
  class space    used 98654K, committed 101504K, reserved 1048576K
}
Event: 2529.246 GC heap before
{Heap before GC invocations=423 (full 0):
 garbage-first heap   total 3665920K, used 3460552K [0x0000000600000000, 0x0000000800000000)
  region size 4096K, 337 young (1380352K), 3 survivors (12288K)
 Metaspace       used 553187K, committed 559360K, reserved 1572864K
  class space    used 98654K, committed 101504K, reserved 1048576K
}
Event: 2529.258 GC heap after
{Heap after GC invocations=424 (full 0):
 garbage-first heap   total 3665920K, used 2094883K [0x0000000600000000, 0x0000000800000000)
  region size 4096K, 3 young (12288K), 3 survivors (12288K)
 Metaspace       used 553187K, committed 559360K, reserved 1572864K
  class space    used 98654K, committed 101504K, reserved 1048576K
}
Event: 2537.546 GC heap before
{Heap before GC invocations=425 (full 0):
 garbage-first heap   total 3665920K, used 3462947K [0x0000000600000000, 0x0000000800000000)
  region size 4096K, 337 young (1380352K), 3 survivors (12288K)
 Metaspace       used 553337K, committed 559552K, reserved 1572864K
  class space    used 98682K, committed 101568K, reserved 1048576K
}
Event: 2537.558 GC heap after
{Heap after GC invocations=426 (full 0):
 garbage-first heap   total 3665920K, used 2092492K [0x0000000600000000, 0x0000000800000000)
  region size 4096K, 3 young (12288K), 3 survivors (12288K)
 Metaspace       used 553337K, committed 559552K, reserved 1572864K
  class space    used 98682K, committed 101568K, reserved 1048576K
}
Event: 2545.694 GC heap before
{Heap before GC invocations=426 (full 0):
 garbage-first heap   total 3665920K, used 3460556K [0x0000000600000000, 0x0000000800000000)
  region size 4096K, 337 young (1380352K), 3 survivors (12288K)
 Metaspace       used 553360K, committed 559616K, reserved 1572864K
  class space    used 98683K, committed 101568K, reserved 1048576K
}
Event: 2545.704 GC heap after
{Heap after GC invocations=427 (full 0):
 garbage-first heap   total 3665920K, used 2093602K [0x0000000600000000, 0x0000000800000000)
  region size 4096K, 3 young (12288K), 3 survivors (12288K)
 Metaspace       used 553360K, committed 559616K, reserved 1572864K
  class space    used 98683K, committed 101568K, reserved 1048576K
}

Dll operation events (20 events):
Event: 0.083 Loaded shared library /run/media/ashy/Shared/.minecraftx/jre/java-runtime-delta/lib/libjsvml.so
Event: 0.099 Loaded shared library /run/media/ashy/Shared/.minecraftx/jre/java-runtime-delta/lib/libnio.so
Event: 0.222 Loaded shared library /run/media/ashy/Shared/.minecraftx/jre/java-runtime-delta/lib/libzip.so
Event: 0.342 Loaded shared library /run/media/ashy/Shared/.minecraftx/jre/java-runtime-delta/lib/libinstrument.so
Event: 0.545 Loaded shared library /run/media/ashy/Shared/.minecraftx/jre/java-runtime-delta/lib/libnet.so
Event: 0.594 Loaded shared library /run/media/ashy/Shared/.minecraftx/jre/java-runtime-delta/lib/libjimage.so
Event: 0.707 Loaded shared library /run/media/ashy/Shared/.minecraftx/jre/java-runtime-delta/lib/libextnet.so
Event: 1.027 Loaded shared library /run/media/ashy/Shared/.minecraftx/jre/java-runtime-delta/lib/libverify.so
Event: 2.839 Loaded shared library /run/media/ashy/Shared/.minecraftx/jre/java-runtime-delta/lib/libmanagement.so
Event: 2.841 Loaded shared library /run/media/ashy/Shared/.minecraftx/jre/java-runtime-delta/lib/libmanagement_ext.so
Event: 3.894 Loaded shared library /run/media/ashy/Shared/.minecraftx/versions/neoforge-21.1.248/neoforge-21.1.248-natives/liblwjgl.so
Event: 5.037 Loaded shared library /run/media/ashy/Shared/.minecraftx/versions/neoforge-21.1.248/neoforge-21.1.248-natives/liblwjgl_opengl.so
Event: 5.638 Loaded shared library /run/media/ashy/Shared/.minecraftx/versions/neoforge-21.1.248/neoforge-21.1.248-natives/jna16421997981789048688.tmp
Event: 42.533 Loaded shared library /run/media/ashy/Shared/.minecraftx/versions/neoforge-21.1.248/neoforge-21.1.248-natives/liblwjgl_stb.so
Event: 43.314 Loaded shared library /tmp/native-5494504026606508313.so
Event: 43.323 Loaded shared library /tmp/native-13771066438556967211.so
Event: 49.673 Loaded shared library /run/media/ashy/Shared/.minecraftx/jre/java-runtime-delta/lib/libawt.so
Event: 49.676 Loaded shared library /run/media/ashy/Shared/.minecraftx/jre/java-runtime-delta/lib/libawt_headless.so
Event: 239.192 Loaded shared library /run/media/ashy/Shared/.minecraftx/instances/Gearfall Dev/.sable/natives/sable_rapier_x86_64_linux.so
Event: 507.127 Loaded shared library /tmp/sqlite-3.46.1.3-2e501370-1f96-42e7-8b75-dfe2992b388a-libsqlitejdbc.so

Deoptimization events (20 events):
Event: 2545.902 Thread 0x00007f91049a85e0 Uncommon trap: trap_request=0xffffff45 fr.pc=0x00007f90fa023768 relative=0x0000000000000788
Event: 2545.902 Thread 0x00007f91049a85e0 Uncommon trap: reason=unstable_if action=reinterpret pc=0x00007f90fa023768 method=dev.simulated_team.simulated.util.hold_interaction.HoldInteractionManager.isActive(Ldev/simulated_team/simulated/util/hold_interaction/BlockHoldInteraction;)Z @ 4 c2
Event: 2545.902 Thread 0x00007f91049a85e0 DEOPT PACKING pc=0x00007f90fa023768 sp=0x00007f90b9e785c0
Event: 2545.902 Thread 0x00007f91049a85e0 DEOPT UNPACKING pc=0x00007f90f898e619 sp=0x00007f90b9e78460 mode 2
Event: 2545.902 Thread 0x00007f91049a85e0 Uncommon trap: trap_request=0xffffff45 fr.pc=0x00007f90f91fccfc relative=0x000000000000007c
Event: 2545.902 Thread 0x00007f91049a85e0 Uncommon trap: reason=unstable_if action=reinterpret pc=0x00007f90f91fccfc method=dev.simulated_team.simulated.util.hold_interaction.HoldInteractionManager.isActive(Ldev/simulated_team/simulated/util/hold_interaction/BlockHoldInteraction;)Z @ 4 c2
Event: 2545.902 Thread 0x00007f91049a85e0 DEOPT PACKING pc=0x00007f90f91fccfc sp=0x00007f90b9e78500
Event: 2545.902 Thread 0x00007f91049a85e0 DEOPT UNPACKING pc=0x00007f90f898e619 sp=0x00007f90b9e78458 mode 2
Event: 2545.904 Thread 0x00007f91049a85e0 Uncommon trap: trap_request=0xffffff45 fr.pc=0x00007f90f9ddcca0 relative=0x0000000000000080
Event: 2545.904 Thread 0x00007f91049a85e0 Uncommon trap: reason=unstable_if action=reinterpret pc=0x00007f90f9ddcca0 method=dev.simulated_team.simulated.util.hold_interaction.HoldInteractionManager.tick(Lnet/minecraft/world/level/Level;Lnet/minecraft/client/player/LocalPlayer;)V @ 27 c2
Event: 2545.904 Thread 0x00007f91049a85e0 DEOPT PACKING pc=0x00007f90f9ddcca0 sp=0x00007f90b9e78640
Event: 2545.904 Thread 0x00007f91049a85e0 DEOPT UNPACKING pc=0x00007f90f898e619 sp=0x00007f90b9e785f0 mode 2
Event: 2545.905 Thread 0x00007f91049a85e0 Uncommon trap: trap_request=0xffffff45 fr.pc=0x00007f90f94c5bb4 relative=0x0000000000000094
Event: 2545.905 Thread 0x00007f91049a85e0 Uncommon trap: reason=unstable_if action=reinterpret pc=0x00007f90f94c5bb4 method=dev.simulated_team.simulated.util.hold_interaction.HoldInteractionManager.isActive(Ldev/simulated_team/simulated/util/hold_interaction/BlockHoldInteraction;)Z @ 4 c2
Event: 2545.905 Thread 0x00007f91049a85e0 DEOPT PACKING pc=0x00007f90f94c5bb4 sp=0x00007f90b9e78660
Event: 2545.905 Thread 0x00007f91049a85e0 DEOPT UNPACKING pc=0x00007f90f898e619 sp=0x00007f90b9e78540 mode 2
Event: 2545.905 Thread 0x00007f91049a85e0 Uncommon trap: trap_request=0xffffff45 fr.pc=0x00007f90fb3bd158 relative=0x0000000000000d18
Event: 2545.905 Thread 0x00007f91049a85e0 Uncommon trap: reason=unstable_if action=reinterpret pc=0x00007f90fb3bd158 method=dev.simulated_team.simulated.util.click_interactions.InteractCallback$Result.equals(Ljava/lang/Object;)Z @ 26 c2
Event: 2545.905 Thread 0x00007f91049a85e0 DEOPT PACKING pc=0x00007f90fb3bd158 sp=0x00007f90b9e786a0
Event: 2545.905 Thread 0x00007f91049a85e0 DEOPT UNPACKING pc=0x00007f90f898e619 sp=0x00007f90b9e78400 mode 2

Classes loaded (20 events):
Event: 414.554 Loading class java/util/stream/DoublePipeline$StatelessOp done
Event: 414.554 Loading class java/util/stream/ReferencePipeline$6 done
Event: 414.555 Loading class java/util/stream/ReduceOps$16
Event: 414.555 Loading class java/util/stream/ReduceOps$16 done
Event: 414.555 Loading class java/util/stream/ReduceOps$13ReducingSink
Event: 414.555 Loading class java/util/stream/Sink$OfDouble
Event: 414.555 Loading class java/util/stream/Sink$OfDouble done
Event: 414.555 Loading class java/util/stream/ReduceOps$13ReducingSink done
Event: 414.555 Loading class java/util/stream/ReferencePipeline$6$1
Event: 414.555 Loading class java/util/stream/ReferencePipeline$6$1 done
Event: 415.114 Loading class java/lang/FdLibm$Acos
Event: 415.114 Loading class java/lang/FdLibm$Acos done
Event: 2353.459 Loading class java/lang/invoke/BoundMethodHandle$Species_LLLLLLLLLL
Event: 2353.460 Loading class java/lang/invoke/BoundMethodHandle$Species_LLLLLLLLLL done
Event: 2353.463 Loading class java/lang/invoke/BoundMethodHandle$Species_LLLLLLLLLLL
Event: 2353.463 Loading class java/lang/invoke/BoundMethodHandle$Species_LLLLLLLLLLL done
Event: 2513.958 Loading class sun/util/locale/provider/DateFormatProviderImpl
Event: 2513.961 Loading class sun/util/locale/provider/DateFormatProviderImpl done
Event: 2513.966 Loading class java/lang/Throwable$WrappedPrintWriter
Event: 2513.967 Loading class java/lang/Throwable$WrappedPrintWriter done

Classes unloaded (20 events):
Event: 32.997 Thread 0x00007f9104127540 Unloading class 0x000000080060e000 'org/openjdk/nashorn/internal/scripts/Script$Recompilation$3$741$\^eval\_'
Event: 32.997 Thread 0x00007f9104127540 Unloading class 0x000000080060c5f8 'org/openjdk/nashorn/internal/scripts/Script$2$\^eval\_'
Event: 32.997 Thread 0x00007f9104127540 Unloading class 0x000000080060c400 'org/openjdk/nashorn/internal/scripts/ModuleGraphManipulator'
Event: 32.997 Thread 0x00007f9104127540 Unloading class 0x00000008005dfbf0 'org/openjdk/nashorn/internal/scripts/Script$Recompilation$1$16788$\^eval\_'
Event: 32.997 Thread 0x00007f9104127540 Unloading class 0x00000008005df9f8 'org/openjdk/nashorn/internal/scripts/Script$\^eval\_'
Event: 32.997 Thread 0x00007f9104127540 Unloading class 0x00000008005df800 'org/openjdk/nashorn/internal/scripts/ModuleGraphManipulator'
Event: 56.567 Thread 0x00007f9104127540 Unloading class 0x0000000801504400 'java/lang/invoke/LambdaForm$DMH+0x0000000801504400'
Event: 56.568 Thread 0x00007f9104127540 Unloading class 0x0000000801139400 'com/google/gson/internal/reflect/ReflectionHelper$RecordSupportedHelper$$InjectedInvoker+0x0000000801139400'
Event: 56.568 Thread 0x00007f9104127540 Unloading class 0x0000000801138800 'java/lang/invoke/LambdaForm$MH+0x0000000801138800'
Event: 56.568 Thread 0x00007f9104127540 Unloading class 0x0000000801138000 'java/lang/invoke/LambdaForm$MH+0x0000000801138000'
Event: 77.439 Thread 0x00007f9104127540 Unloading class 0x0000000804b84800 'java/lang/invoke/LambdaForm$DMH+0x0000000804b84800'
Event: 77.439 Thread 0x00007f9104127540 Unloading class 0x0000000804b84000 'java/lang/invoke/LambdaForm$DMH+0x0000000804b84000'
Event: 77.439 Thread 0x00007f9104127540 Unloading class 0x00000008049a9400 'java/lang/invoke/LambdaForm$DMH+0x00000008049a9400'
Event: 266.014 Thread 0x00007f9104127540 Unloading class 0x0000000805d88000 'java/lang/invoke/LambdaForm$DMH+0x0000000805d88000'
Event: 266.014 Thread 0x00007f9104127540 Unloading class 0x0000000805d88800 'java/lang/invoke/LambdaForm$DMH+0x0000000805d88800'
Event: 1138.055 Thread 0x00007f9104127540 Unloading class 0x0000000806298800 'java/lang/invoke/LambdaForm$DMH+0x0000000806298800'
Event: 1138.055 Thread 0x00007f9104127540 Unloading class 0x0000000806298000 'java/lang/invoke/LambdaForm$DMH+0x0000000806298000'
Event: 2507.533 Thread 0x00007f9104127540 Unloading class 0x000000080631d000 'java/lang/invoke/LambdaForm$BMH+0x000000080631d000'
Event: 2507.533 Thread 0x00007f9104127540 Unloading class 0x000000080631cc00 'java/lang/invoke/LambdaForm$DMH+0x000000080631cc00'
Event: 2507.533 Thread 0x00007f9104127540 Unloading class 0x000000080631c400 'java/lang/invoke/LambdaForm$DMH+0x000000080631c400'

Classes redefined (0 events):
No events

Internal exceptions (20 events):
Event: 2542.185 Thread 0x00007f90d8725b60 Exception <a 'sun/nio/fs/UnixException'{0x00000006adba70a0}> (0x00000006adba70a0) 
thrown [src/hotspot/share/prims/jni.cpp, line 520]
Event: 2542.185 Thread 0x00007f90d8725b60 Exception <a 'sun/nio/fs/UnixException'{0x00000006adba7448}> (0x00000006adba7448) 
thrown [src/hotspot/share/prims/jni.cpp, line 520]
Event: 2542.185 Thread 0x00007f90d8725b60 Exception <a 'sun/nio/fs/UnixException'{0x00000006adba75b0}> (0x00000006adba75b0) 
thrown [src/hotspot/share/prims/jni.cpp, line 520]
Event: 2542.185 Thread 0x00007f90d8725b60 Exception <a 'sun/nio/fs/UnixException'{0x00000006adba7ba0}> (0x00000006adba7ba0) 
thrown [src/hotspot/share/prims/jni.cpp, line 520]
Event: 2542.185 Thread 0x00007f90d8725b60 Exception <a 'sun/nio/fs/UnixException'{0x00000006adba7f48}> (0x00000006adba7f48) 
thrown [src/hotspot/share/prims/jni.cpp, line 520]
Event: 2542.185 Thread 0x00007f90d8725b60 Exception <a 'sun/nio/fs/UnixException'{0x00000006adba80b0}> (0x00000006adba80b0) 
thrown [src/hotspot/share/prims/jni.cpp, line 520]
Event: 2542.296 Thread 0x00007f90b76a4dc0 Exception <a 'sun/nio/fs/UnixException'{0x00000006adab6130}> (0x00000006adab6130) 
thrown [src/hotspot/share/prims/jni.cpp, line 520]
Event: 2542.298 Thread 0x00007f90b76a4dc0 Exception <a 'sun/nio/fs/UnixException'{0x00000006adac17f8}> (0x00000006adac17f8) 
thrown [src/hotspot/share/prims/jni.cpp, line 520]
Event: 2542.447 Thread 0x00007f90d8725b60 Exception <a 'sun/nio/fs/UnixException'{0x00000006a7a5d9d0}> (0x00000006a7a5d9d0) 
thrown [src/hotspot/share/prims/jni.cpp, line 520]
Event: 2542.447 Thread 0x00007f90d8725b60 Exception <a 'sun/nio/fs/UnixException'{0x00000006a7a5dd88}> (0x00000006a7a5dd88) 
thrown [src/hotspot/share/prims/jni.cpp, line 520]
Event: 2542.447 Thread 0x00007f90d8725b60 Exception <a 'sun/nio/fs/UnixException'{0x00000006a7a5def0}> (0x00000006a7a5def0) 
thrown [src/hotspot/share/prims/jni.cpp, line 520]
Event: 2542.821 Thread 0x00007f90d8725b60 Exception <a 'sun/nio/fs/UnixException'{0x00000006a7a6e398}> (0x00000006a7a6e398) 
thrown [src/hotspot/share/prims/jni.cpp, line 520]
Event: 2542.821 Thread 0x00007f90d8725b60 Exception <a 'sun/nio/fs/UnixException'{0x00000006a7a6e750}> (0x00000006a7a6e750) 
thrown [src/hotspot/share/prims/jni.cpp, line 520]
Event: 2542.821 Thread 0x00007f90d8725b60 Exception <a 'sun/nio/fs/UnixException'{0x00000006a7a6e8b8}> (0x00000006a7a6e8b8) 
thrown [src/hotspot/share/prims/jni.cpp, line 520]
Event: 2542.821 Thread 0x00007f90d8725b60 Exception <a 'sun/nio/fs/UnixException'{0x00000006a7a6eea8}> (0x00000006a7a6eea8) 
thrown [src/hotspot/share/prims/jni.cpp, line 520]
Event: 2542.821 Thread 0x00007f90d8725b60 Exception <a 'sun/nio/fs/UnixException'{0x00000006a7a6f238}> (0x00000006a7a6f238) 
thrown [src/hotspot/share/prims/jni.cpp, line 520]
Event: 2542.821 Thread 0x00007f90d8725b60 Exception <a 'sun/nio/fs/UnixException'{0x00000006a7a6f3a0}> (0x00000006a7a6f3a0) 
thrown [src/hotspot/share/prims/jni.cpp, line 520]
Event: 2542.937 Thread 0x00007f90d8725b60 Exception <a 'sun/nio/fs/UnixException'{0x00000006a7a771e8}> (0x00000006a7a771e8) 
thrown [src/hotspot/share/prims/jni.cpp, line 520]
Event: 2542.938 Thread 0x00007f90d8725b60 Exception <a 'sun/nio/fs/UnixException'{0x00000006a7a77590}> (0x00000006a7a77590) 
thrown [src/hotspot/share/prims/jni.cpp, line 520]
Event: 2542.938 Thread 0x00007f90d8725b60 Exception <a 'sun/nio/fs/UnixException'{0x00000006a7a776f8}> (0x00000006a7a776f8) 
thrown [src/hotspot/share/prims/jni.cpp, line 520]

ZGC Phase Switch (0 events):
No events

VM Operations (20 events):
Event: 2535.219 Executing VM operation: Cleanup
Event: 2535.219 Executing VM operation: Cleanup done
Event: 2536.219 Executing VM operation: Cleanup
Event: 2536.219 Executing VM operation: Cleanup done
Event: 2537.546 Executing VM operation: G1CollectForAllocation (G1 Evacuation Pause)
Event: 2537.558 Executing VM operation: G1CollectForAllocation (G1 Evacuation Pause) done
Event: 2538.558 Executing VM operation: Cleanup
Event: 2538.559 Executing VM operation: Cleanup done
Event: 2540.559 Executing VM operation: Cleanup
Event: 2540.559 Executing VM operation: Cleanup done
Event: 2542.559 Executing VM operation: Cleanup
Event: 2542.559 Executing VM operation: Cleanup done
Event: 2543.559 Executing VM operation: Cleanup
Event: 2543.560 Executing VM operation: Cleanup done
Event: 2544.560 Executing VM operation: Cleanup
Event: 2544.560 Executing VM operation: Cleanup done
Event: 2545.560 Executing VM operation: Cleanup
Event: 2545.560 Executing VM operation: Cleanup done
Event: 2545.694 Executing VM operation: G1CollectForAllocation (G1 Evacuation Pause)
Event: 2545.704 Executing VM operation: G1CollectForAllocation (G1 Evacuation Pause) done

Memory protections (20 events):
Event: 2370.590 Protecting memory [0x00007f908d4ad000,0x00007f908d4b1000] with protection modes 0
Event: 2370.591 Protecting memory [0x00007f909c92b000,0x00007f909c92f000] with protection modes 0
Event: 2421.880 Protecting memory [0x00007f90aff00000,0x00007f90aff04000] with protection modes 0
Event: 2429.931 Protecting memory [0x00007f90aff00000,0x00007f90aff04000] with protection modes 0
Event: 2432.460 Protecting memory [0x00007f908d4ad000,0x00007f908d4b1000] with protection modes 0
Event: 2436.268 Protecting memory [0x00007f908d4ad000,0x00007f908d4b1000] with protection modes 0
Event: 2451.920 Protecting memory [0x00007f908d4ad000,0x00007f908d4b1000] with protection modes 0
Event: 2452.096 Protecting memory [0x00007f90ba27f000,0x00007f90ba283000] with protection modes 0
Event: 2454.482 Protecting memory [0x00007f908d4ad000,0x00007f908d4b1000] with protection modes 0
Event: 2454.482 Protecting memory [0x00007f9099080000,0x00007f9099084000] with protection modes 0
Event: 2458.934 Protecting memory [0x00007f9099bf9000,0x00007f9099bfd000] with protection modes 0
Event: 2458.999 Protecting memory [0x00007f90b9e7b000,0x00007f90b9e7f000] with protection modes 0
Event: 2459.003 Protecting memory [0x00007f90af87d000,0x00007f90af881000] with protection modes 0
Event: 2471.017 Protecting memory [0x00007f90b9e7b000,0x00007f90b9e7f000] with protection modes 0
Event: 2472.801 Protecting memory [0x00007f90b9e7b000,0x00007f90b9e7f000] with protection modes 0
Event: 2479.247 Protecting memory [0x00007f90b9e7b000,0x00007f90b9e7f000] with protection modes 0
Event: 2506.418 Protecting memory [0x00007f90b9e7b000,0x00007f90b9e7f000] with protection modes 0
Event: 2506.756 Protecting memory [0x00007f9099efc000,0x00007f9099f00000] with protection modes 0
Event: 2506.756 Protecting memory [0x00007f90843f7000,0x00007f90843fb000] with protection modes 0
Event: 2529.295 Protecting memory [0x00007f909c92b000,0x00007f909c92f000] with protection modes 0

Nmethod flushes (20 events):
Event: 2531.514 Thread 0x00007f9104127540 flushing  nmethod 0x00007f90f209d590
Event: 2531.514 Thread 0x00007f9104127540 flushing  nmethod 0x00007f90f20e8590
Event: 2531.514 Thread 0x00007f9104127540 flushing  nmethod 0x00007f90f2198b10
Event: 2531.514 Thread 0x00007f9104127540 flushing  nmethod 0x00007f90f22b0510
Event: 2531.514 Thread 0x00007f9104127540 flushing  nmethod 0x00007f90f24a6490
Event: 2531.514 Thread 0x00007f9104127540 flushing  nmethod 0x00007f90f2b22010
Event: 2531.514 Thread 0x00007f9104127540 flushing  nmethod 0x00007f90f2fb6d10
Event: 2531.514 Thread 0x00007f9104127540 flushing  nmethod 0x00007f90f30f5510
Event: 2531.514 Thread 0x00007f9104127540 flushing  nmethod 0x00007f90f33c7b90
Event: 2531.514 Thread 0x00007f9104127540 flushing  nmethod 0x00007f90f350a590
Event: 2531.514 Thread 0x00007f9104127540 flushing  nmethod 0x00007f90f354cb90
Event: 2531.514 Thread 0x00007f9104127540 flushing  nmethod 0x00007f90f36dbe90
Event: 2531.514 Thread 0x00007f9104127540 flushing  nmethod 0x00007f90f3dcd710
Event: 2531.514 Thread 0x00007f9104127540 flushing  nmethod 0x00007f90f3dce610
Event: 2531.514 Thread 0x00007f9104127540 flushing  nmethod 0x00007f90f3eb6710
Event: 2531.514 Thread 0x00007f9104127540 flushing  nmethod 0x00007f90f3eca910
Event: 2531.514 Thread 0x00007f9104127540 flushing  nmethod 0x00007f90f404a590
Event: 2531.514 Thread 0x00007f9104127540 flushing  nmethod 0x00007f90f4603710
Event: 2531.514 Thread 0x00007f9104127540 flushing  nmethod 0x00007f90f48a0790
Event: 2531.514 Thread 0x00007f9104127540 flushing  nmethod 0x00007f90f4e08010

Events (20 events):
Event: 2454.482 Thread 0x00007f91049a85e0 Thread added: 0x00007f903d904480
Event: 2454.482 Thread 0x00007f91049a85e0 Thread added: 0x00007f90d3ae1910
Event: 2458.934 Thread 0x00007f90b76a4dc0 Thread added: 0x000055c7d61d23f0
Event: 2458.999 Thread 0x00007f91041b6d30 Thread added: 0x00007f90e1293c70
Event: 2459.003 Thread 0x000055c7d65934a0 Thread added: 0x00007f90e300de70
Event: 2459.450 Thread 0x00007f90e1293c70 Thread exited: 0x00007f90e1293c70
Event: 2471.017 Thread 0x00007f91041c03c0 Thread added: 0x00007f90b77c4060
Event: 2471.134 Thread 0x00007f90b77c4060 Thread exited: 0x00007f90b77c4060
Event: 2472.801 Thread 0x00007f91041b6d30 Thread added: 0x00007f90e1293c70
Event: 2472.950 Thread 0x00007f90e1293c70 Thread exited: 0x00007f90e1293c70
Event: 2479.247 Thread 0x00007f91041c03c0 Thread added: 0x00007f90b77c4060
Event: 2479.700 Thread 0x00007f90b77c4060 Thread exited: 0x00007f90b77c4060
Event: 2506.418 Thread 0x000055c7d65934a0 Thread added: 0x00007f90e0532500
Event: 2506.756 Thread 0x00007f91041c03c0 Thread added: 0x00007f91065f9990
Event: 2506.756 Thread 0x00007f91041c03c0 Thread added: 0x00007f90b77c4060
Event: 2507.995 Thread 0x00007f90b77c4060 Thread exited: 0x00007f90b77c4060
Event: 2507.998 Thread 0x00007f91065f9990 Thread exited: 0x00007f91065f9990
Event: 2514.491 Thread 0x00007f903d904480 Thread exited: 0x00007f903d904480
Event: 2514.493 Thread 0x00007f903d904b80 Thread exited: 0x00007f903d904b80
Event: 2529.295 Thread 0x00007f90b76a4dc0 Thread added: 0x000055c7d633c710


Dynamic libraries:
4063f000-40641000 r-xs 00000000 00:01 21674                              /memfd:/.glXXXXXX (deleted)
40f6b000-4101a000 rw-p 00000000 00:00 0 
600000000-6dd000000 rw-p 00000000 00:00 0 
6dd000000-7fd400000 ---p 00000000 00:00 0 
7fd400000-800040000 rw-p 00000000 00:00 0 
800040000-8000c0000 rw-p 00000000 00:00 0 
8000c0000-8000e0000 rw-p 00000000 00:00 0 
8000e0000-800140000 rw-p 00000000 00:00 0 
800140000-800180000 rw-p 00000000 00:00 0 
800180000-800200000 rw-p 00000000 00:00 0 
800200000-800240000 rw-p 00000000 00:00 0 
800240000-8002c0000 rw-p 00000000 00:00 0 
8002c0000-800300000 rw-p 00000000 00:00 0 
800300000-8003c0000 rw-p 00000000 00:00 0 
8003c0000-800400000 rw-p 00000000 00:00 0 
800400000-8004c0000 rw-p 00000000 00:00 0 
8004c0000-801340000 rw-p 00000000 00:00 0 
801340000-801380000 rw-p 00000000 00:00 0 
801380000-804a00000 rw-p 00000000 00:00 0 
804a00000-804d80000 rw-p 00000000 00:00 0 
804d80000-805760000 rw-p 00000000 00:00 0 
805760000-805780000 rw-p 00000000 00:00 0 
805780000-8060c0000 rw-p 00000000 00:00 0 
8060c0000-8060d0000 rw-p 00000000 00:00 0 
8060d0000-806100000 ---p 00000000 00:00 0 
806100000-806360000 rw-p 00000000 00:00 0 
806360000-840000000 ---p 00000000 00:00 0 
55c7bb419000-55c7bb41a000 r-xp 00000000 103:07 449553                    /run/media/ashy/Shared/.minecraftx/jre/java-runtime-delta/bin/java
55c7bb41b000-55c7bb41c000 r--p 00001000 103:07 449553                    /run/media/ashy/Shared/.minecraftx/jre/java-runtime-delta/bin/java
55c7bb41c000-55c7bb41d000 rw-p 00002000 103:07 449553                    /run/media/ashy/Shared/.minecraftx/jre/java-runtime-delta/bin/java
55c7d4aa7000-55c7d992b000 rw-p 00000000 00:00 0                          [heap]
7f900c000000-7f900e04b000 rw-p 00000000 00:00 0 
7f900e04b000-7f9010000000 ---p 00000000 00:00 0 
7f9018000000-7f9018040000 rw-p 00000000 00:00 0 
7f9018040000-7f901c000000 ---p 00000000 00:00 0 
7f901c000000-7f901caf6000 rw-p 00000000 00:00 0 
7f901caf6000-7f9020000000 ---p 00000000 00:00 0 
7f9024000000-7f9027f60000 rw-p 00000000 00:00 0 
7f9027f60000-7f9028000000 ---p 00000000 00:00 0 
7f9028000000-7f902bf8e000 rw-p 00000000 00:00 0 
7f902bf8e000-7f902c000000 ---p 00000000 00:00 0 
7f902c000000-7f902f760000 rw-p 00000000 00:00 0 
7f902f760000-7f9030000000 ---p 00000000 00:00 0 
7f9030c00000-7f9034000000 rw-p 00000000 00:00 0 
7f9034000000-7f9038000000 rw-p 00000000 00:00 0 
7f9038000000-7f903abae000 rw-p 00000000 00:00 0 
7f903abae000-7f903c000000 ---p 00000000 00:00 0 
7f903c000000-7f903f599000 rw-p 00000000 00:00 0 
7f903f599000-7f9040000000 ---p 00000000 00:00 0 
7f9040200000-7f9045c00000 rw-p 00000000 00:00 0 
7f9045d00000-7f9046a00000 rw-p 00000000 00:00 0 
7f9046b00000-7f9048000000 rw-p 00000000 00:00 0 
7f9048000000-7f904bff3000 rw-p 00000000 00:00 0 
7f904bff3000-7f904c000000 ---p 00000000 00:00 0 
7f904c400000-7f904c800000 rw-p 00000000 00:00 0 
7f904c880000-7f904f800000 rw-p 00000000 00:00 0 
7f904f900000-7f9050000000 rw-p 00000000 00:00 0 
7f9050000000-7f9053001000 rw-p 00000000 00:00 0 
7f9053001000-7f9054000000 ---p 00000000 00:00 0 
7f9054000000-7f9057156000 rw-p 00000000 00:00 0 
7f9057156000-7f9058000000 ---p 00000000 00:00 0 
7f9058000000-7f905b001000 rw-p 00000000 00:00 0 
7f905b001000-7f905c000000 ---p 00000000 00:00 0 
7f905c000000-7f905f001000 rw-p 00000000 00:00 0 
7f905f001000-7f9060000000 ---p 00000000 00:00 0 
7f9060000000-7f9063001000 rw-p 00000000 00:00 0 
7f9063001000-7f9064000000 ---p 00000000 00:00 0 
7f9064200000-7f9064800000 rw-p 00000000 00:00 0 
7f90649fe000-7f9064efe000 rw-p 00000000 00:00 0 
7f9064efe000-7f90656ff000 rw-p 00000000 00:00 0 
7f90656ff000-7f9065dff000 rw-p 00000000 00:00 0 
7f9065dff000-7f9066600000 rw-p 00000000 00:00 0 
7f9066600000-7f9066c00000 rw-p 00000000 00:00 0 
7f9066dff000-7f9067600000 rw-p 00000000 00:00 0 
7f9067600000-7f9068000000 rw-p 00000000 00:00 0 
7f9068000000-7f906b5e4000 rw-p 00000000 00:00 0 
7f906b5e4000-7f906c000000 ---p 00000000 00:00 0 
7f906c000000-7f906f000000 rw-p 00000000 00:00 0 
7f906f000000-7f906f340000 rw-p 00000000 00:00 0 
7f906f340000-7f906f380000 rw-p 00000000 00:00 0 
7f906f380000-7f906f500000 rw-p 00000000 00:00 0 
7f906f500000-7f9071d80000 rw-p 00000000 00:00 0 
7f9071d80000-7f9071e00000 rw-p 00000000 00:00 0 
7f9071e00000-7f9072300000 rw-p 00000000 00:00 0 
7f9072300000-7f9072400000 rw-p 00000000 00:00 0 
7f9072400000-7f9073000000 rw-p 00000000 00:00 0 
7f9073080000-7f9074000000 rw-p 00000000 00:00 0 
7f9074000000-7f9077ff7000 rw-p 00000000 00:00 0 
7f9077ff7000-7f9078000000 ---p 00000000 00:00 0 
7f9078200000-7f9078600000 rw-p 00000000 00:00 0 
7f9078617000-7f9078e00000 rw-s 00000000 00:07 1146                       /dev/nvidiactl
7f9079000000-7f907a800000 rw-p 00000000 00:00 0 
7f907a8fb000-7f907affb000 rw-p 00000000 00:00 0 
7f907b000000-7f907c000000 rw-s 00000000 00:07 1146                       /dev/nvidiactl
7f907c000000-7f907d300000 rw-p 00000000 00:00 0 
7f907d300000-7f907d400000 rw-p 00000000 00:00 0 
7f907d400000-7f907ff10000 rw-p 00000000 00:00 0 
7f907ff10000-7f9080000000 ---p 00000000 00:00 0 
7f9080000000-7f9081a00000 rw-p 00000000 00:00 0 
7f9081a00000-7f9081c00000 rw-s 00000000 00:07 1146                       /dev/nvidiactl
7f9081c00000-7f9082000000 rw-p 00000000 00:00 0 
7f9082078000-7f90823f8000 rw-p 00000000 00:00 0 
7f90824f9000-7f90824fa000 rw-p 00000000 00:00 0 
7f90824fa000-7f90824fe000 ---p 00000000 00:00 0 
7f90824fe000-7f90825fa000 rw-p 00000000 00:00 0 
7f90826fb000-7f90826fc000 rw-p 00000000 00:00 0 
7f90826fc000-7f9082700000 ---p 00000000 00:00 0 
7f9082700000-7f90827fd000 rw-p 00000000 00:00 0 
7f90827fd000-7f9082801000 ---p 00000000 00:00 0 
7f9082801000-7f90828fd000 rw-p 00000000 00:00 0 
7f90829fe000-7f90829ff000 rw-p 00000000 00:00 0 
7f90829ff000-7f9082a03000 ---p 00000000 00:00 0 
7f9082a03000-7f9082aff000 rw-p 00000000 00:00 0 
7f9082aff000-7f9083aff000 rw-s 00000000 00:07 1146                       /dev/nvidiactl
7f9083aff000-7f9083fff000 rw-p 00000000 00:00 0 
7f90841f4000-7f90841f5000 rw-p 00000000 00:00 0 
7f90841f5000-7f90841f9000 ---p 00000000 00:00 0 
7f90841f9000-7f90842f6000 rw-p 00000000 00:00 0 
7f90842f6000-7f90842fa000 ---p 00000000 00:00 0 
7f90842fa000-7f90843f7000 rw-p 00000000 00:00 0 
7f90843f7000-7f90843fb000 ---p 00000000 00:00 0 
7f90843fb000-7f90844f8000 rw-p 00000000 00:00 0 
7f90844f8000-7f90844fc000 ---p 00000000 00:00 0 
7f90844fc000-7f90845f9000 rw-p 00000000 00:00 0 
7f90845f9000-7f90845fd000 ---p 00000000 00:00 0 
7f90845fd000-7f90846f9000 rw-p 00000000 00:00 0 
7f90847fa000-7f90847fb000 rw-p 00000000 00:00 0 
7f90847fb000-7f90847ff000 ---p 00000000 00:00 0 
7f90847ff000-7f90848fc000 rw-p 00000000 00:00 0 
7f90848fc000-7f9084900000 ---p 00000000 00:00 0 
7f9084900000-7f90849fd000 rw-p 00000000 00:00 0 
7f90849fd000-7f9084a01000 ---p 00000000 00:00 0 
7f9084a01000-7f9084afe000 rw-p 00000000 00:00 0 
7f9084afe000-7f9084b02000 ---p 00000000 00:00 0 
7f9084b02000-7f9085000000 rw-p 00000000 00:00 0 
7f9085000000-7f9085400000 rw-p 00000000 00:00 0 
7f90854fe000-7f90854ff000 rw-p 00000000 00:00 0 
7f90854ff000-7f9085503000 ---p 00000000 00:00 0 
7f9085503000-7f90855ff000 rw-p 00000000 00:00 0 
7f90855ff000-7f9089600000 rw-p 00000000 00:00 0 
7f9089600000-7f9089e00000 rw-p 00000000 00:00 0 
7f9089efd000-7f9089efe000 rw-p 00000000 00:00 0 
7f9089efe000-7f9089f02000 ---p 00000000 00:00 0 
7f9089f02000-7f908a400000 rw-p 00000000 00:00 0 
7f908a4fc000-7f908a8fc000 rw-s 00000000 00:07 1146                       /dev/nvidiactl
7f908a8fc000-7f908a8fd000 rw-p 00000000 00:00 0 
7f908a8fd000-7f908a901000 ---p 00000000 00:00 0 
7f908a901000-7f908b000000 rw-p 00000000 00:00 0 
7f908b000000-7f908b400000 rw-s 00000000 00:07 1146                       /dev/nvidiactl
7f908b400000-7f908b800000 rw-s 00000000 00:07 1146                       /dev/nvidiactl
7f908b8fe000-7f908b8ff000 rw-p 00000000 00:00 0 
7f908b8ff000-7f908b903000 ---p 00000000 00:00 0 
7f908b903000-7f908bc00000 rw-p 00000000 00:00 0 
7f908bc00000-7f908be00000 rw-s 00000000 00:07 1146                       /dev/nvidiactl
7f908be00000-7f908c000000 rw-s 00000000 00:07 1146                       /dev/nvidiactl
7f908c000000-7f908c800000 rw-p 00000000 00:00 0 
7f908c8fe000-7f908c8ff000 rw-p 00000000 00:00 0 
7f908c8ff000-7f908c903000 ---p 00000000 00:00 0 
7f908c903000-7f908c9ff000 rw-p 00000000 00:00 0 
7f908c9ff000-7f908cd7f000 rw-p 00000000 00:00 0 
7f908cd80000-7f908d180000 rw-s 00000000 00:07 1146                       /dev/nvidiactl
7f908d1ab000-7f908d3ab000 rw-s 00000000 00:07 1146                       /dev/nvidiactl
7f908d3ab000-7f908d3ac000 rw-p 00000000 00:00 0 
7f908d3ac000-7f908d3b0000 ---p 00000000 00:00 0 
7f908d3b0000-7f908d4ad000 rw-p 00000000 00:00 0 
7f908d4ad000-7f908d4b1000 ---p 00000000 00:00 0 
7f908d4b1000-7f908d5ae000 rw-p 00000000 00:00 0 
7f908d5ae000-7f908d5b2000 ---p 00000000 00:00 0 
7f908d5b2000-7f908d6af000 rw-p 00000000 00:00 0 
7f908d6af000-7f908d6b3000 ---p 00000000 00:00 0 
7f908d6b3000-7f908d7b0000 rw-p 00000000 00:00 0 
7f908d7b0000-7f908d7b4000 ---p 00000000 00:00 0 
7f908d7b4000-7f908d8b1000 rw-p 00000000 00:00 0 
7f908d8b1000-7f908d8b5000 ---p 00000000 00:00 0 
7f908d8b5000-7f908d9b1000 rw-p 00000000 00:00 0 
7f908d9b1000-7f908da04000 r--p 00000000 103:07 93496                     /run/media/ashy/Shared/.minecraftx/instances/Gearfall Dev/.sable/natives/sable_rapier_x86_64_linux.so
7f908da04000-7f908db6e000 r-xp 00052000 103:07 93496                     /run/media/ashy/Shared/.minecraftx/instances/Gearfall Dev/.sable/natives/sable_rapier_x86_64_linux.so
7f908db6e000-7f908db7e000 r--p 001bb000 103:07 93496                     /run/media/ashy/Shared/.minecraftx/instances/Gearfall Dev/.sable/natives/sable_rapier_x86_64_linux.so
7f908db7e000-7f908db7f000 rw-p 001ca000 103:07 93496                     /run/media/ashy/Shared/.minecraftx/instances/Gearfall Dev/.sable/natives/sable_rapier_x86_64_linux.so
7f908db7f000-7f908db80000 rw-p 00000000 00:00 0 
7f908db80000-7f908dd80000 rw-s 00000000 00:07 1146                       /dev/nvidiactl
7f908dd80000-7f908ee00000 rw-p 00000000 00:00 0 
7f908ee7f000-7f908ee80000 rw-p 00000000 00:00 0 
7f908ee80000-7f908ee84000 ---p 00000000 00:00 0 
7f908ee84000-7f908ef80000 rw-p 00000000 00:00 0 
7f908ef80000-7f9090200000 rw-p 00000000 00:00 0 
7f909027f000-7f9090280000 rw-p 00000000 00:00 0 
7f9090280000-7f9090284000 ---p 00000000 00:00 0 
7f9090284000-7f9090380000 rw-p 00000000 00:00 0 
7f9090380000-7f9091200000 rw-p 00000000 00:00 0 
7f90912ff000-7f9091300000 rw-p 00000000 00:00 0 
7f9091300000-7f9091304000 ---p 00000000 00:00 0 
7f9091304000-7f9091400000 rw-p 00000000 00:00 0 
7f9091400000-7f9091800000 rw-p 00000000 00:00 0 
7f90918ff000-7f9091900000 rw-p 00000000 00:00 0 
7f9091900000-7f9091904000 ---p 00000000 00:00 0 
7f9091904000-7f9091a00000 rw-p 00000000 00:00 0 
7f9091a00000-7f9091e00000 rw-p 00000000 00:00 0 
7f9091efe000-7f9091eff000 rw-p 00000000 00:00 0 
7f9091eff000-7f9091f03000 ---p 00000000 00:00 0 
7f9091f03000-7f9092000000 rw-p 00000000 00:00 0 
7f9092000000-7f9092004000 ---p 00000000 00:00 0 
7f9092004000-7f9092100000 rw-p 00000000 00:00 0 
7f9092100000-7f9092a00000 rw-p 00000000 00:00 0 
7f9092a8a000-7f909338a000 rw-p 00000000 00:00 0 
7f909338a000-7f90933a8000 r--p 00000000 103:07 94821                     /run/media/ashy/Shared/.minecraftx/versions/neoforge-21.1.248/neoforge-21.1.248-natives/libfreetype.so
7f90933a8000-7f909358c000 r-xp 0001e000 103:07 94821                     /run/media/ashy/Shared/.minecraftx/versions/neoforge-21.1.248/neoforge-21.1.248-natives/libfreetype.so
7f909358c000-7f90935f6000 r--p 00202000 103:07 94821                     /run/media/ashy/Shared/.minecraftx/versions/neoforge-21.1.248/neoforge-21.1.248-natives/libfreetype.so
7f90935f6000-7f90935f7000 ---p 0026c000 103:07 94821                     /run/media/ashy/Shared/.minecraftx/versions/neoforge-21.1.248/neoforge-21.1.248-natives/libfreetype.so
7f90935f7000-7f90935fe000 r--p 0026c000 103:07 94821                     /run/media/ashy/Shared/.minecraftx/versions/neoforge-21.1.248/neoforge-21.1.248-natives/libfreetype.so
7f90935fe000-7f9093600000 rw-p 00273000 103:07 94821                     /run/media/ashy/Shared/.minecraftx/versions/neoforge-21.1.248/neoforge-21.1.248-natives/libfreetype.so
7f9093600000-7f9095000000 rw-p 00000000 00:00 0 
7f9095100000-7f9096600000 rw-p 00000000 00:00 0 
7f9096700000-7f9099000000 rw-p 00000000 00:00 0 
7f909907f000-7f9099080000 rw-p 00000000 00:00 0 
7f9099080000-7f9099084000 ---p 00000000 00:00 0 
7f9099084000-7f9099180000 rw-p 00000000 00:00 0 
7f9099180000-7f9099800000 rw-p 00000000 00:00 0 
7f90998f5000-7f90998f6000 rw-p 00000000 00:00 0 
7f90998f6000-7f90998fa000 ---p 00000000 00:00 0 
7f90998fa000-7f90999f6000 rw-p 00000000 00:00 0 
7f9099af7000-7f9099af8000 rw-p 00000000 00:00 0 
7f9099af8000-7f9099afc000 ---p 00000000 00:00 0 
7f9099afc000-7f9099bf9000 rw-p 00000000 00:00 0 
7f9099bf9000-7f9099bfd000 ---p 00000000 00:00 0 
7f9099bfd000-7f9099cf9000 rw-p 00000000 00:00 0 
7f9099dfa000-7f9099dfb000 rw-p 00000000 00:00 0 
7f9099dfb000-7f9099dff000 ---p 00000000 00:00 0 
7f9099dff000-7f9099efc000 rw-p 00000000 00:00 0 
7f9099efc000-7f9099f00000 ---p 00000000 00:00 0 
7f9099f00000-7f9099ffd000 rw-p 00000000 00:00 0 
7f9099ffd000-7f909a001000 ---p 00000000 00:00 0 
7f909a001000-7f909a0fe000 rw-p 00000000 00:00 0 
7f909a0fe000-7f909a102000 ---p 00000000 00:00 0 
7f909a102000-7f909a1ff000 rw-p 00000000 00:00 0 
7f909a1ff000-7f909a203000 ---p 00000000 00:00 0 
7f909a203000-7f909a2ff000 rw-p 00000000 00:00 0 
7f909a400000-7f909a800000 rw-p 00000000 00:00 0 
7f909a8ff000-7f909a900000 rw-p 00000000 00:00 0 
7f909a900000-7f909a904000 ---p 00000000 00:00 0 
7f909a904000-7f909aa00000 rw-p 00000000 00:00 0 
7f909aa00000-7f909ba00000 rw-p 00000000 00:00 0 
7f909bafd000-7f909bafe000 rw-p 00000000 00:00 0 
7f909bafe000-7f909bb02000 ---p 00000000 00:00 0 
7f909bb02000-7f909bbff000 rw-p 00000000 00:00 0 
7f909bbff000-7f909bc03000 ---p 00000000 00:00 0 
7f909bc03000-7f909bd00000 rw-p 00000000 00:00 0 
7f909bd00000-7f909bd04000 ---p 00000000 00:00 0 
7f909bd04000-7f909be00000 rw-p 00000000 00:00 0 
7f909be00000-7f909c600000 rw-p 00000000 00:00 0 
7f909c627000-7f909c628000 rw-p 00000000 00:00 0 
7f909c628000-7f909c62c000 ---p 00000000 00:00 0 
7f909c62c000-7f909c729000 rw-p 00000000 00:00 0 
7f909c729000-7f909c72d000 ---p 00000000 00:00 0 
7f909c72d000-7f909c82a000 rw-p 00000000 00:00 0 
7f909c82a000-7f909c82e000 ---p 00000000 00:00 0 
7f909c82e000-7f909c92b000 rw-p 00000000 00:00 0 
7f909c92b000-7f909c92f000 ---p 00000000 00:00 0 
7f909c92f000-7f909ca2b000 rw-p 00000000 00:00 0 
7f909ca2b000-7f909d9fe000 rw-p 00000000 00:00 0 
7f909d9fe000-7f909dbfe000 rw-s 00000000 00:07 1146                       /dev/nvidiactl
7f909dbfe000-7f909ebff000 rw-p 00000000 00:00 0 
7f909ebff000-7f909f400000 rw-p 00000000 00:00 0 
7f909f400000-7f909f49a000 r--p 00000000 00:21 4974                       /usr/lib/libstdc++.so.6.0.36
7f909f49a000-7f909f67a000 r-xp 0009a000 00:21 4974                       /usr/lib/libstdc++.so.6.0.36
7f909f67a000-7f909f71a000 r--p 0027a000 00:21 4974                       /usr/lib/libstdc++.so.6.0.36
7f909f71a000-7f909f72b000 r--p 0031a000 00:21 4974                       /usr/lib/libstdc++.so.6.0.36
7f909f72b000-7f909f72c000 rw-p 0032b000 00:21 4974                       /usr/lib/libstdc++.so.6.0.36
7f909f72c000-7f909f730000 rw-p 00000000 00:00 0 
7f909f800000-7f90a0000000 rw-p 00000000 00:00 0 
7f90a0100000-7f90a2000000 rw-p 00000000 00:00 0 
7f90a2000000-7f90a50c0000 rw-p 00000000 00:00 0 
7f90a50c0000-7f90a5b00000 rw-p 00000000 00:00 0 
7f90a5b00000-7f90a5c00000 rw-p 00000000 00:00 0 
7f90a5c00000-7f90a6000000 rw-p 00000000 00:00 0 
7f90a6000000-7f90a7100000 rw-p 00000000 00:00 0 
7f90a7100000-7f90a7200000 rw-p 00000000 00:00 0 
7f90a7200000-7f90aa000000 rw-p 00000000 00:00 0 
7f90aa000000-7f90adf00000 rw-p 00000000 00:00 0 
7f90adf00000-7f90ae000000 rw-p 00000000 00:00 0 
7f90ae068000-7f90ae069000 rw-p 00000000 00:00 0 
7f90ae069000-7f90ae06d000 ---p 00000000 00:00 0 
7f90ae06d000-7f90ae169000 rw-p 00000000 00:00 0 
7f90ae169000-7f90ae17c000 r--p 00000000 103:07 456462                    /run/media/ashy/Shared/.minecraftx/versions/neoforge-21.1.248/neoforge-21.1.248-natives/libopenal.so
7f90ae17c000-7f90ae21c000 r-xp 00013000 103:07 456462                    /run/media/ashy/Shared/.minecraftx/versions/neoforge-21.1.248/neoforge-21.1.248-natives/libopenal.so
7f90ae21c000-7f90ae27e000 r--p 000b3000 103:07 456462                    /run/media/ashy/Shared/.minecraftx/versions/neoforge-21.1.248/neoforge-21.1.248-natives/libopenal.so
7f90ae27e000-7f90ae27f000 ---p 00115000 103:07 456462                    /run/media/ashy/Shared/.minecraftx/versions/neoforge-21.1.248/neoforge-21.1.248-natives/libopenal.so
7f90ae27f000-7f90ae284000 r--p 00115000 103:07 456462                    /run/media/ashy/Shared/.minecraftx/versions/neoforge-21.1.248/neoforge-21.1.248-natives/libopenal.so
7f90ae284000-7f90ae285000 rw-p 0011a000 103:07 456462                    /run/media/ashy/Shared/.minecraftx/versions/neoforge-21.1.248/neoforge-21.1.248-natives/libopenal.so
7f90ae285000-7f90ae300000 rw-p 00000000 00:00 0 
7f90ae300000-7f90ae800000 rw-p 00000000 00:00 0 
7f90ae800000-7f90ae853000 r--p 00000000 00:21 9342                       /usr/lib/libcrypto.so.3
7f90ae853000-7f90aecef000 r-xp 00053000 00:21 9342                       /usr/lib/libcrypto.so.3
7f90aecef000-7f90aee1b000 r--p 004ef000 00:21 9342                       /usr/lib/libcrypto.so.3
7f90aee1b000-7f90aee9a000 r--p 0061a000 00:21 9342                       /usr/lib/libcrypto.so.3
7f90aee9a000-7f90aee9d000 rw-p 00699000 00:21 9342                       /usr/lib/libcrypto.so.3
7f90aee9d000-7f90aeea0000 rw-p 00000000 00:00 0 
7f90aef2c000-7f90aef2d000 rw-p 00000000 00:00 0 
7f90aef2d000-7f90aef31000 ---p 00000000 00:00 0 
7f90aef31000-7f90af02d000 rw-p 00000000 00:00 0 
7f90af02d000-7f90af816000 rw-s 00000000 00:07 1146                       /dev/nvidiactl
7f90af87c000-7f90af87d000 rw-p 00000000 00:00 0 
7f90af87d000-7f90af881000 ---p 00000000 00:00 0 
7f90af881000-7f90af97d000 rw-p 00000000 00:00 0 
7f90af97d000-7f90afcfd000 rw-p 00000000 00:00 0 
7f90afcfd000-7f90afcfe000 rw-p 00000000 00:00 0 
7f90afcfe000-7f90afd02000 ---p 00000000 00:00 0 
7f90afd02000-7f90afdff000 rw-p 00000000 00:00 0 
7f90afdff000-7f90afe03000 ---p 00000000 00:00 0 
7f90afe03000-7f90aff00000 rw-p 00000000 00:00 0 
7f90aff00000-7f90aff04000 ---p 00000000 00:00 0 
7f90aff04000-7f90b0000000 rw-p 00000000 00:00 0 
7f90b0000000-7f90b0200000 rw-p 00000000 00:00 0 
7f90b0200000-7f90b0b00000 rw-p 00000000 00:00 0 
7f90b0b00000-7f90b2100000 rw-p 00000000 00:00 0 
7f90b2100000-7f90b2200000 rw-p 00000000 00:00 0 
7f90b2200000-7f90b2b00000 rw-p 00000000 00:00 0 
7f90b2b00000-7f90b2c00000 rw-p 00000000 00:00 0 
7f90b2c00000-7f90b3380000 rw-p 00000000 00:00 0 
7f90b3380000-7f90b3400000 rw-p 00000000 00:00 0 
7f90b3400000-7f90b4000000 rw-p 00000000 00:00 0 
7f90b4000000-7f90b7ffe000 rw-p 00000000 00:00 0 
7f90b7ffe000-7f90b8000000 ---p 00000000 00:00 0 
7f90b8009000-7f90b800a000 rw-p 00000000 00:00 0 
7f90b800a000-7f90b800e000 ---p 00000000 00:00 0 
7f90b800e000-7f90b810b000 rw-p 00000000 00:00 0 
7f90b810b000-7f90b810f000 ---p 00000000 00:00 0 
7f90b810f000-7f90b820c000 rw-p 00000000 00:00 0 
7f90b820c000-7f90b8210000 ---p 00000000 00:00 0 
7f90b8210000-7f90b830c000 rw-p 00000000 00:00 0 
7f90b830c000-7f90b8af5000 rw-s 00000000 00:07 1146                       /dev/nvidiactl
7f90b8af5000-7f90b8cf5000 rw-s 00000000 00:07 1146                       /dev/nvidiactl
7f90b8cf5000-7f90b8cf6000 rw-p 00000000 00:00 0 
7f90b8cf6000-7f90b8cfa000 ---p 00000000 00:00 0 
7f90b8cfa000-7f90b8df7000 rw-p 00000000 00:00 0 
7f90b8df7000-7f90b8dfb000 ---p 00000000 00:00 0 
7f90b8dfb000-7f90b8ef8000 rw-p 00000000 00:00 0 
7f90b8ef8000-7f90b8efc000 ---p 00000000 00:00 0 
7f90b8efc000-7f90b8ff9000 rw-p 00000000 00:00 0 
7f90b8ff9000-7f90b8ffd000 ---p 00000000 00:00 0 
7f90b8ffd000-7f90b90fa000 rw-p 00000000 00:00 0 
7f90b90fa000-7f90b90fe000 ---p 00000000 00:00 0 
7f90b90fe000-7f90b91fb000 rw-p 00000000 00:00 0 
7f90b91fb000-7f90b91ff000 ---p 00000000 00:00 0 
7f90b91ff000-7f90b92fc000 rw-p 00000000 00:00 0 
7f90b92fc000-7f90b9300000 ---p 00000000 00:00 0 
7f90b9300000-7f90b93fd000 rw-p 00000000 00:00 0 
7f90b93fd000-7f90b9401000 ---p 00000000 00:00 0 
7f90b9401000-7f90b94fe000 rw-p 00000000 00:00 0 
7f90b94fe000-7f90b9502000 ---p 00000000 00:00 0 
7f90b9502000-7f90b95ff000 rw-p 00000000 00:00 0 
7f90b95ff000-7f90b9603000 ---p 00000000 00:00 0 
7f90b9603000-7f90b9700000 rw-p 00000000 00:00 0 
7f90b9700000-7f90b9704000 ---p 00000000 00:00 0 
7f90b9704000-7f90b9800000 rw-p 00000000 00:00 0 
7f90b9800000-7f90b9c00000 rw-p 00000000 00:00 0 
7f90b9c78000-7f90b9c79000 rw-p 00000000 00:00 0 
7f90b9c79000-7f90b9c7d000 ---p 00000000 00:00 0 
7f90b9c7d000-7f90b9d7a000 rw-p 00000000 00:00 0 
7f90b9d7a000-7f90b9d7e000 ---p 00000000 00:00 0 
7f90b9d7e000-7f90b9e7b000 rw-p 00000000 00:00 0 
7f90b9e7b000-7f90b9e7f000 ---p 00000000 00:00 0 
7f90b9e7f000-7f90b9f7c000 rw-p 00000000 00:00 0 
7f90b9f7c000-7f90b9f80000 ---p 00000000 00:00 0 
7f90b9f80000-7f90ba07d000 rw-p 00000000 00:00 0 
7f90ba07d000-7f90ba081000 ---p 00000000 00:00 0 
7f90ba081000-7f90ba17d000 rw-p 00000000 00:00 0 
7f90ba27e000-7f90ba27f000 rw-p 00000000 00:00 0 
7f90ba27f000-7f90ba283000 ---p 00000000 00:00 0 
7f90ba283000-7f90ba37f000 rw-p 00000000 00:00 0 
7f90ba37f000-7f90ba780000 rw-p 00000000 00:00 0 
7f90ba780000-7f90ba800000 rw-s 00000000 00:07 1146                       /dev/nvidiactl
7f90ba800000-7f90ba81e000 r-xp 00000000 103:07 100950                    /run/media/ashy/Shared/.minecraftx/versions/neoforge-21.1.248/neoforge-21.1.248-natives/jna16421997981789048688.tmp (deleted)
7f90ba81e000-7f90baa1d000 ---p 0001e000 103:07 100950                    /run/media/ashy/Shared/.minecraftx/versions/neoforge-21.1.248/neoforge-21.1.248-natives/jna16421997981789048688.tmp (deleted)
7f90baa1d000-7f90baa1e000 rw-p 0001d000 103:07 100950                    /run/media/ashy/Shared/.minecraftx/versions/neoforge-21.1.248/neoforge-21.1.248-natives/jna16421997981789048688.tmp (deleted)
7f90baa1e000-7f90baa1f000 rw-p 00000000 00:00 0 
7f90baa4a000-7f90baa57000 r--p 00000000 00:21 167454                     /usr/lib/libpipewire-0.3.so.0.1608.0
7f90baa57000-7f90baade000 r-xp 0000d000 00:21 167454                     /usr/lib/libpipewire-0.3.so.0.1608.0
7f90baade000-7f90baafc000 r--p 00094000 00:21 167454                     /usr/lib/libpipewire-0.3.so.0.1608.0
7f90baafc000-7f90bab18000 r--p 000b2000 00:21 167454                     /usr/lib/libpipewire-0.3.so.0.1608.0
7f90bab18000-7f90bab19000 rw-p 000ce000 00:21 167454                     /usr/lib/libpipewire-0.3.so.0.1608.0
7f90bab19000-7f90bab1a000 rw-p 00000000 00:00 0 
7f90bab1a000-7f90bab1b000 rw-p 00000000 00:00 0 
7f90bab1b000-7f90bab1f000 ---p 00000000 00:00 0 
7f90bab1f000-7f90bac1c000 rw-p 00000000 00:00 0 
7f90bac1c000-7f90bac20000 ---p 00000000 00:00 0 
7f90bac20000-7f90bad1d000 rw-p 00000000 00:00 0 
7f90bad1d000-7f90bad21000 ---p 00000000 00:00 0 
7f90bad21000-7f90bae1e000 rw-p 00000000 00:00 0 
7f90bae1e000-7f90bae22000 ---p 00000000 00:00 0 
7f90bae22000-7f90baf1e000 rw-p 00000000 00:00 0 
7f90bb01f000-7f90bb020000 rw-p 00000000 00:00 0 
7f90bb020000-7f90bb024000 ---p 00000000 00:00 0 
7f90bb024000-7f90bb120000 rw-p 00000000 00:00 0 
7f90bb120000-7f90bb1cd000 r-xp 00000000 103:07 449581                    /run/media/ashy/Shared/.minecraftx/jre/java-runtime-delta/lib/libawt.so
7f90bb1cd000-7f90bb1ce000 ---p 000ad000 103:07 449581                    /run/media/ashy/Shared/.minecraftx/jre/java-runtime-delta/lib/libawt.so
7f90bb1ce000-7f90bb1cf000 r--p 000ad000 103:07 449581                    /run/media/ashy/Shared/.minecraftx/jre/java-runtime-delta/lib/libawt.so
7f90bb1cf000-7f90bb1da000 rw-p 000ae000 103:07 449581                    /run/media/ashy/Shared/.minecraftx/jre/java-runtime-delta/lib/libawt.so
7f90bb1da000-7f90bb1ff000 rw-p 00000000 00:00 0 
7f90bb1ff000-7f90bb3ff000 rw-s 00000000 00:07 1146                       /dev/nvidiactl
7f90bb3ff000-7f90bbc00000 rw-p 00000000 00:00 0 
7f90bbc00000-7f90bc600000 rw-p 00000000 00:00 0 
7f90bc637000-7f90bc638000 rw-p 00000000 00:00 0 
7f90bc638000-7f90bc63c000 ---p 00000000 00:00 0 
7f90bc63c000-7f90bc738000 rw-p 00000000 00:00 0 
7f90bc7bb000-7f90bc7bc000 rw-p 00000000 00:00 0 
7f90bc7bc000-7f90bc7c0000 ---p 00000000 00:00 0 
7f90bc7c0000-7f90bc8bd000 rw-p 00000000 00:00 0 
7f90bc8bd000-7f90bc8c1000 ---p 00000000 00:00 0 
7f90bc8c1000-7f90bc9be000 rw-p 00000000 00:00 0 
7f90bc9be000-7f90bc9c2000 ---p 00000000 00:00 0 
7f90bc9c2000-7f90bcabf000 rw-p 00000000 00:00 0 
7f90bcabf000-7f90bcac3000 ---p 00000000 00:00 0 
7f90bcac3000-7f90bcbbf000 rw-p 00000000 00:00 0 
7f90bcbbf000-7f90bcbca000 r--p 00000000 00:21 9162                       /usr/lib/libzstd.so.1.5.7
7f90bcbca000-7f90bcd02000 r-xp 0000b000 00:21 9162                       /usr/lib/libzstd.so.1.5.7
7f90bcd02000-7f90bcd18000 r--p 00143000 00:21 9162                       /usr/lib/libzstd.so.1.5.7
7f90bcd18000-7f90bcd19000 r--p 00159000 00:21 9162                       /usr/lib/libzstd.so.1.5.7
7f90bcd19000-7f90bcd1a000 rw-p 0015a000 00:21 9162                       /usr/lib/libzstd.so.1.5.7
7f90bcd1a000-7f90bcd1b000 r--p 00000000 00:21 8767                       /usr/lib/libbrotlienc.so.1.2.0
7f90bcd1b000-7f90bcdc3000 r-xp 00001000 00:21 8767                       /usr/lib/libbrotlienc.so.1.2.0
7f90bcdc3000-7f90bce15000 r--p 000a9000 00:21 8767                       /usr/lib/libbrotlienc.so.1.2.0
7f90bce15000-7f90bce16000 r--p 000fa000 00:21 8767                       /usr/lib/libbrotlienc.so.1.2.0
7f90bce16000-7f90bce17000 rw-p 000fb000 00:21 8767                       /usr/lib/libbrotlienc.so.1.2.0
7f90bce17000-7f90bd600000 rw-s 00000000 00:07 1146                       /dev/nvidiactl
7f90bd600000-7f90bd8ab000 r--p 00000000 00:21 143551                     /usr/lib/libnvidia-gpucomp.so.580.173.02
7f90bd8ab000-7f90c0999000 r-xp 002ab000 00:21 143551                     /usr/lib/libnvidia-gpucomp.so.580.173.02
7f90c0999000-7f90c1809000 r--p 03399000 00:21 143551                     /usr/lib/libnvidia-gpucomp.so.580.173.02
7f90c1809000-7f90c180a000 ---p 04209000 00:21 143551                     /usr/lib/libnvidia-gpucomp.so.580.173.02
7f90c180a000-7f90c19e1000 r--p 04209000 00:21 143551                     /usr/lib/libnvidia-gpucomp.so.580.173.02
7f90c19e1000-7f90c1aec000 rw-p 043e0000 00:21 143551                     /usr/lib/libnvidia-gpucomp.so.580.173.02
7f90c1aec000-7f90c1b8c000 rw-p 00000000 00:00 0 
7f90c1bd7000-7f90c1bd9000 r--p 00000000 00:21 167501                     /usr/lib/pipewire-0.3/libpipewire-module-session-manager.so
7f90c1bd9000-7f90c1bf8000 r-xp 00002000 00:21 167501                     /usr/lib/pipewire-0.3/libpipewire-module-session-manager.so
7f90c1bf8000-7f90c1bfd000 r--p 00021000 00:21 167501                     /usr/lib/pipewire-0.3/libpipewire-module-session-manager.so
7f90c1bfd000-7f90c1bff000 r--p 00025000 00:21 167501                     /usr/lib/pipewire-0.3/libpipewire-module-session-manager.so
7f90c1bff000-7f90c1c00000 rw-p 00027000 00:21 167501                     /usr/lib/pipewire-0.3/libpipewire-module-session-manager.so
7f90c1c00000-7f90c1e59000 r-xp 00000000 00:21 143545                     /usr/lib/libnvidia-glcore.so.580.173.02
7f90c1e59000-7f90c1e7a000 rwxp 00259000 00:21 143545                     /usr/lib/libnvidia-glcore.so.580.173.02
7f90c1e7a000-7f90c2000000 r-xp 0027a000 00:21 143545                     /usr/lib/libnvidia-glcore.so.580.173.02
7f90c2000000-7f90c2c00000 r-xp 00400000 00:21 143545                     /usr/lib/libnvidia-glcore.so.580.173.02
7f90c2c00000-7f90c3d7b000 r-xp 01000000 00:21 143545                     /usr/lib/libnvidia-glcore.so.580.173.02
7f90c3d7b000-7f90c3ef6000 r--p 0217a000 00:21 143545                     /usr/lib/libnvidia-glcore.so.580.173.02
7f90c3ef6000-7f90c3f59000 rw-p 022f5000 00:21 143545                     /usr/lib/libnvidia-glcore.so.580.173.02
7f90c3f59000-7f90c3f79000 rw-p 00000000 00:00 0 
7f90c3f90000-7f90c3f92000 r--p 00000000 00:21 167495                     /usr/lib/pipewire-0.3/libpipewire-module-metadata.so
7f90c3f92000-7f90c3f9b000 r-xp 00002000 00:21 167495                     /usr/lib/pipewire-0.3/libpipewire-module-metadata.so
7f90c3f9b000-7f90c3f9d000 r--p 0000b000 00:21 167495                     /usr/lib/pipewire-0.3/libpipewire-module-metadata.so
7f90c3f9d000-7f90c3f9e000 r--p 0000c000 00:21 167495                     /usr/lib/pipewire-0.3/libpipewire-module-metadata.so
7f90c3f9e000-7f90c3f9f000 rw-p 0000d000 00:21 167495                     /usr/lib/pipewire-0.3/libpipewire-module-metadata.so
7f90c3f9f000-7f90c3fa1000 r--p 00000000 00:21 167491                     /usr/lib/pipewire-0.3/libpipewire-module-client-device.so
7f90c3fa1000-7f90c3fad000 r-xp 00002000 00:21 167491                     /usr/lib/pipewire-0.3/libpipewire-module-client-device.so
7f90c3fad000-7f90c3fae000 r--p 0000e000 00:21 167491                     /usr/lib/pipewire-0.3/libpipewire-module-client-device.so
7f90c3fae000-7f90c3faf000 r--p 0000f000 00:21 167491                     /usr/lib/pipewire-0.3/libpipewire-module-client-device.so
7f90c3faf000-7f90c3fb0000 rw-p 00010000 00:21 167491                     /usr/lib/pipewire-0.3/libpipewire-module-client-device.so
7f90c3fb0000-7f90c3fb5000 r--p 00000000 00:21 16953                      /usr/lib/libudev.so.1.7.14
7f90c3fb5000-7f90c3fe3000 r-xp 00005000 00:21 16953                      /usr/lib/libudev.so.1.7.14
7f90c3fe3000-7f90c3ffa000 r--p 00033000 00:21 16953                      /usr/lib/libudev.so.1.7.14
7f90c3ffa000-7f90c3fff000 r--p 0004a000 00:21 16953                      /usr/lib/libudev.so.1.7.14
7f90c3fff000-7f90c4000000 rw-p 0004f000 00:21 16953                      /usr/lib/libudev.so.1.7.14
7f90c4000000-7f90c4500000 rw-p 00000000 00:00 0 
7f90c4500000-7f90c4520000 rw-p 00000000 00:00 0 
7f90c4520000-7f90c4540000 rw-p 00000000 00:00 0 
7f90c4540000-7f90c4580000 rw-p 00000000 00:00 0 
7f90c4580000-7f90c4700000 rw-p 00000000 00:00 0 
7f90c4700000-7f90c4720000 rw-p 00000000 00:00 0 
7f90c4720000-7f90c4740000 rw-p 00000000 00:00 0 
7f90c4740000-7f90c4780000 rw-p 00000000 00:00 0 
7f90c4780000-7f90c4a00000 rw-p 00000000 00:00 0 
7f90c4a00000-7f90c4b00000 rw-p 00000000 00:00 0 
7f90c4b00000-7f90c4d00000 rw-p 00000000 00:00 0 
7f90c4d00000-7f90c4f00000 rw-p 00000000 00:00 0 
7f90c4f00000-7f90c5000000 rw-p 00000000 00:00 0 
7f90c5000000-7f90c5100000 rw-p 00000000 00:00 0 
7f90c5100000-7f90c5200000 rw-p 00000000 00:00 0 
7f90c5200000-7f90c5280000 rw-p 00000000 00:00 0 
7f90c5280000-7f90c5300000 rw-p 00000000 00:00 0 
7f90c5300000-7f90c5440000 rw-p 00000000 00:00 0 
7f90c5440000-7f90c5480000 rw-p 00000000 00:00 0 
7f90c5480000-7f90c5500000 rw-p 00000000 00:00 0 
7f90c5500000-7f90c5700000 rw-p 00000000 00:00 0 
7f90c5700000-7f90c5800000 rw-p 00000000 00:00 0 
7f90c5800000-7f90c5900000 rw-p 00000000 00:00 0 
7f90c5900000-7f90c5a00000 rw-p 00000000 00:00 0 
7f90c5a00000-7f90c5dc0000 rw-p 00000000 00:00 0 
7f90c5dc0000-7f90c5de0000 rw-p 00000000 00:00 0 
7f90c5de0000-7f90c5e40000 rw-p 00000000 00:00 0 
7f90c5e40000-7f90c5e60000 rw-p 00000000 00:00 0 
7f90c5e60000-7f90c5f40000 rw-p 00000000 00:00 0 
7f90c5f40000-7f90c5f60000 rw-p 00000000 00:00 0 
7f90c5f60000-7f90c6100000 rw-p 00000000 00:00 0 
7f90c6100000-7f90c6300000 rw-p 00000000 00:00 0 
7f90c6300000-7f90c6400000 rw-p 00000000 00:00 0 
7f90c6400000-7f90c6500000 rw-p 00000000 00:00 0 
7f90c6500000-7f90c6600000 rw-p 00000000 00:00 0 
7f90c6600000-7f90c6700000 rw-p 00000000 00:00 0 
7f90c6700000-7f90c6800000 rw-p 00000000 00:00 0 
7f90c6800000-7f90c6bc0000 rw-p 00000000 00:00 0 
7f90c6bc0000-7f90c6c00000 rw-p 00000000 00:00 0 
7f90c6c00000-7f90c6f00000 rw-p 00000000 00:00 0 
7f90c6f00000-7f90c7000000 rw-p 00000000 00:00 0 
7f90c7000000-7f90c8000000 rw-p 00000000 00:00 0 
7f90c8000000-7f90cbffa000 rw-p 00000000 00:00 0 
7f90cbffa000-7f90cc000000 ---p 00000000 00:00 0 
7f90cc006000-7f90cc008000 r--p 00000000 00:21 167490                     /usr/lib/pipewire-0.3/libpipewire-module-adapter.so
7f90cc008000-7f90cc00c000 r-xp 00002000 00:21 167490                     /usr/lib/pipewire-0.3/libpipewire-module-adapter.so
7f90cc00c000-7f90cc00e000 r--p 00006000 00:21 167490                     /usr/lib/pipewire-0.3/libpipewire-module-adapter.so
7f90cc00e000-7f90cc00f000 r--p 00007000 00:21 167490                     /usr/lib/pipewire-0.3/libpipewire-module-adapter.so
7f90cc00f000-7f90cc010000 rw-p 00008000 00:21 167490                     /usr/lib/pipewire-0.3/libpipewire-module-adapter.so
7f90cc010000-7f90cc013000 r--p 00000000 00:21 167492                     /usr/lib/pipewire-0.3/libpipewire-module-client-node.so
7f90cc013000-7f90cc02e000 r-xp 00003000 00:21 167492                     /usr/lib/pipewire-0.3/libpipewire-module-client-node.so
7f90cc02e000-7f90cc033000 r--p 0001e000 00:21 167492                     /usr/lib/pipewire-0.3/libpipewire-module-client-node.so
7f90cc033000-7f90cc035000 r--p 00022000 00:21 167492                     /usr/lib/pipewire-0.3/libpipewire-module-client-node.so
7f90cc035000-7f90cc036000 rw-p 00024000 00:21 167492                     /usr/lib/pipewire-0.3/libpipewire-module-client-node.so
7f90cc036000-7f90cc03d000 r-xp 00000000 103:07 449585                    /run/media/ashy/Shared/.minecraftx/jre/java-runtime-delta/lib/libawt_headless.so
7f90cc03d000-7f90cc03e000 r--p 00006000 103:07 449585                    /run/media/ashy/Shared/.minecraftx/jre/java-runtime-delta/lib/libawt_headless.so
7f90cc03e000-7f90cc03f000 rw-p 00007000 103:07 449585                    /run/media/ashy/Shared/.minecraftx/jre/java-runtime-delta/lib/libawt_headless.so
7f90cc03f000-7f90cc046000 r--s 00000000 00:21 139723                     /usr/lib/gconv/gconv-modules.cache
7f90cc046000-7f90cc146000 rw-s 00000000 00:07 1146                       /dev/nvidiactl
7f90cc146000-7f90cc159000 rw-s 00000000 00:07 1146                       /dev/nvidiactl
7f90cc159000-7f90cc199000 rw-s 00000000 00:07 1146                       /dev/nvidiactl
7f90cc199000-7f90cc1d9000 rw-s 00000000 00:07 1146                       /dev/nvidiactl
7f90cc1d9000-7f90cc1da000 rw-p 00000000 00:00 0 
7f90cc1da000-7f90cc1de000 ---p 00000000 00:00 0 
7f90cc1de000-7f90cc2da000 rw-p 00000000 00:00 0 
7f90cc2da000-7f90cc2dd000 rw-s 00000000 00:07 1146                       /dev/nvidiactl
7f90cc2dd000-7f90cc2df000 rw-s 00000000 00:01 21674                      /memfd:/.glXXXXXX (deleted)
7f90cc2df000-7f90cc2e3000 rw-s 00000000 00:07 1146                       /dev/nvidiactl
7f90cc2e3000-7f90cc3e3000 rw-s 00000000 00:07 1146                       /dev/nvidiactl
7f90cc3e3000-7f90cc463000 rw-s 00000000 00:07 1146                       /dev/nvidiactl
7f90cc463000-7f90cc476000 rw-s 00000000 00:07 1146                       /dev/nvidiactl
7f90cc476000-7f90cc478000 rw-s 00000000 00:07 1146                       /dev/nvidiactl
7f90cc478000-7f90cc4b8000 rw-s 00000000 00:07 1146                       /dev/nvidiactl
7f90cc4b8000-7f90cc4d8000 rw-s 00000000 00:07 1146                       /dev/nvidiactl
7f90cc4d8000-7f90cc518000 rw-s 00000000 00:07 1146                       /dev/nvidiactl
7f90cc518000-7f90cc538000 rw-s 00000000 00:07 1146                       /dev/nvidiactl
7f90cc538000-7f90cc578000 rw-s 00000000 00:07 1146                       /dev/nvidiactl
7f90cc578000-7f90cc579000 r--p 00000000 00:21 8761                       /usr/lib/libbrotlicommon.so.1.2.0
7f90cc579000-7f90cc57a000 r-xp 00001000 00:21 8761                       /usr/lib/libbrotlicommon.so.1.2.0
7f90cc57a000-7f90cc599000 r--p 00002000 00:21 8761                       /usr/lib/libbrotlicommon.so.1.2.0
7f90cc599000-7f90cc59a000 r--p 00021000 00:21 8761                       /usr/lib/libbrotlicommon.so.1.2.0
7f90cc59a000-7f90cc59b000 rw-p 00022000 00:21 8761                       /usr/lib/libbrotlicommon.so.1.2.0
7f90cc59b000-7f90cc59c000 rw-p 00000000 00:00 0 
7f90cc59c000-7f90cc59d000 rw-p 00000000 00:00 0 
7f90cc59d000-7f90cc5a1000 rw-s 00000000 00:07 1146                       /dev/nvidiactl
7f90cc5a1000-7f90cc5a2000 rw-s 00000000 00:07 1148                       /dev/nvidia0
7f90cc5a2000-7f90cc5a4000 rw-s 00000000 00:07 1146                       /dev/nvidiactl
7f90cc5a4000-7f90cc5a5000 rw-s 00000000 00:07 1148                       /dev/nvidia0
7f90cc5a5000-7f90cc5a6000 rw-s 00000000 00:07 1148                       /dev/nvidia0
7f90cc5a6000-7f90cc5a7000 rw-s 00000000 00:07 1148                       /dev/nvidia0
7f90cc5a7000-7f90cc5a8000 rw-s 00000000 00:07 1146                       /dev/nvidiactl
7f90cc5a8000-7f90cc5c8000 rw-s 00000000 00:07 1146                       /dev/nvidiactl
7f90cc5c8000-7f90cc5e8000 rw-s 00000000 00:07 1146                       /dev/nvidiactl
7f90cc5e8000-7f90cc628000 rw-s 00000000 00:07 1146                       /dev/nvidiactl
7f90cc648000-7f90cc67b000 r--p 00000000 103:07 456406                    /run/media/ashy/Shared/.minecraftx/versions/neoforge-21.1.248/neoforge-21.1.248-natives/liblwjgl_opengl.so
7f90cc67b000-7f90cc68f000 r-xp 00033000 103:07 456406                    /run/media/ashy/Shared/.minecraftx/versions/neoforge-21.1.248/neoforge-21.1.248-natives/liblwjgl_opengl.so
7f90cc68f000-7f90cc69f000 r--p 00047000 103:07 456406                    /run/media/ashy/Shared/.minecraftx/versions/neoforge-21.1.248/neoforge-21.1.248-natives/liblwjgl_opengl.so
7f90cc69f000-7f90cc6a0000 r--p 00056000 103:07 456406                    /run/media/ashy/Shared/.minecraftx/versions/neoforge-21.1.248/neoforge-21.1.248-natives/liblwjgl_opengl.so
7f90cc6a0000-7f90cc6a1000 rw-p 00057000 103:07 456406                    /run/media/ashy/Shared/.minecraftx/versions/neoforge-21.1.248/neoforge-21.1.248-natives/liblwjgl_opengl.so
7f90cc6a3000-7f90cc6a4000 r--p 00000000 00:21 8764                       /usr/lib/libbrotlidec.so.1.2.0
7f90cc6a4000-7f90cc6ae000 r-xp 00001000 00:21 8764                       /usr/lib/libbrotlidec.so.1.2.0
7f90cc6ae000-7f90cc6b1000 r--p 0000b000 00:21 8764                       /usr/lib/libbrotlidec.so.1.2.0
7f90cc6b1000-7f90cc6b2000 r--p 0000d000 00:21 8764                       /usr/lib/libbrotlidec.so.1.2.0
7f90cc6b2000-7f90cc6b3000 rw-p 0000e000 00:21 8764                       /usr/lib/libbrotlidec.so.1.2.0
7f90cc6b3000-7f90cc6b4000 r--p 00000000 00:38 17271                      /tmp/native-13771066438556967211.so
7f90cc6b4000-7f90cc6b5000 r-xp 00001000 00:38 17271                      /tmp/native-13771066438556967211.so
7f90cc6b5000-7f90cc6b6000 r--p 00002000 00:38 17271                      /tmp/native-13771066438556967211.so
7f90cc6b6000-7f90cc6b7000 r--p 00002000 00:38 17271                      /tmp/native-13771066438556967211.so
7f90cc6b7000-7f90cc6b8000 rw-p 00003000 00:38 17271                      /tmp/native-13771066438556967211.so
7f90cc6b8000-7f90cc6ba000 r--p 00000000 00:38 17269                      /tmp/native-5494504026606508313.so
7f90cc6ba000-7f90cc6c6000 r-xp 00002000 00:38 17269                      /tmp/native-5494504026606508313.so
7f90cc6c6000-7f90cc6c8000 r--p 0000e000 00:38 17269                      /tmp/native-5494504026606508313.so
7f90cc6c8000-7f90cc6c9000 ---p 00010000 00:38 17269                      /tmp/native-5494504026606508313.so
7f90cc6c9000-7f90cc6ca000 r--p 00010000 00:38 17269                      /tmp/native-5494504026606508313.so
7f90cc6ca000-7f90cc6cb000 rw-p 00011000 00:38 17269                      /tmp/native-5494504026606508313.so
7f90cc6cb000-7f90cc6d2000 r--p 00000000 103:07 456417                    /run/media/ashy/Shared/.minecraftx/versions/neoforge-21.1.248/neoforge-21.1.248-natives/liblwjgl_stb.so
7f90cc6d2000-7f90cc735000 r-xp 00007000 103:07 456417                    /run/media/ashy/Shared/.minecraftx/versions/neoforge-21.1.248/neoforge-21.1.248-natives/liblwjgl_stb.so
7f90cc735000-7f90cc741000 r--p 0006a000 103:07 456417                    /run/media/ashy/Shared/.minecraftx/versions/neoforge-21.1.248/neoforge-21.1.248-natives/liblwjgl_stb.so
7f90cc741000-7f90cc742000 r--p 00075000 103:07 456417                    /run/media/ashy/Shared/.minecraftx/versions/neoforge-21.1.248/neoforge-21.1.248-natives/liblwjgl_stb.so
7f90cc742000-7f90cc743000 rw-p 00076000 103:07 456417                    /run/media/ashy/Shared/.minecraftx/versions/neoforge-21.1.248/neoforge-21.1.248-natives/liblwjgl_stb.so
7f90cc743000-7f90cc744000 rw-s 00000000 00:07 1146                       /dev/nvidiactl
7f90cc75f000-7f90cc768000 rw-s 00008000 00:01 19764                      /memfd:pipewire-memfd:flags=0x0000000f,type=2,size=65664 (deleted)
7f90cc768000-7f90cc76a000 r--p 00000000 00:21 179058                     /usr/lib/spa-0.2/audioconvert/libspa-audioconvert.so
7f90cc76a000-7f90cc7cb000 r-xp 00002000 00:21 179058                     /usr/lib/spa-0.2/audioconvert/libspa-audioconvert.so
7f90cc7cb000-7f90cc837000 r--p 00063000 00:21 179058                     /usr/lib/spa-0.2/audioconvert/libspa-audioconvert.so
7f90cc837000-7f90cc845000 r--p 000ce000 00:21 179058                     /usr/lib/spa-0.2/audioconvert/libspa-audioconvert.so
7f90cc845000-7f90cc848000 rw-p 000dc000 00:21 179058                     /usr/lib/spa-0.2/audioconvert/libspa-audioconvert.so
7f90cc848000-7f90cc85b000 rw-s 00000000 00:07 1146                       /dev/nvidiactl
7f90cc85b000-7f90cc85c000 rw-s 00000000 00:07 1148                       /dev/nvidia0
7f90cc85c000-7f90cc85e000 rw-s 00000000 00:07 1146                       /dev/nvidiactl
7f90cc85e000-7f90cc85f000 rw-s 00000000 00:07 1148                       /dev/nvidia0
7f90cc85f000-7f90cc860000 rw-s 00000000 00:07 1148                       /dev/nvidia0
7f90cc860000-7f90cc8a0000 rw-s 00000000 00:07 1146                       /dev/nvidiactl
7f90cc8a0000-7f90cc8e0000 rw-s 00000000 00:07 1146                       /dev/nvidiactl
7f90cc8e0000-7f90cc8e4000 r--p 00000000 00:21 143530                     /usr/lib/libnvidia-allocator.so.580.173.02
7f90cc8e4000-7f90cc8fd000 r-xp 00004000 00:21 143530                     /usr/lib/libnvidia-allocator.so.580.173.02
7f90cc8fd000-7f90cc908000 r--p 0001d000 00:21 143530                     /usr/lib/libnvidia-allocator.so.580.173.02
7f90cc908000-7f90cc909000 r--p 00027000 00:21 143530                     /usr/lib/libnvidia-allocator.so.580.173.02
7f90cc909000-7f90cc90a000 rw-p 00028000 00:21 143530                     /usr/lib/libnvidia-allocator.so.580.173.02
7f90cc90a000-7f90cc90c000 rw-p 00000000 00:00 0 
7f90cc90c000-7f90cc911000 r--p 00000000 00:21 63249                      /usr/lib/libdrm.so.2.134.0
7f90cc911000-7f90cc91f000 r-xp 00005000 00:21 63249                      /usr/lib/libdrm.so.2.134.0
7f90cc91f000-7f90cc923000 r--p 00013000 00:21 63249                      /usr/lib/libdrm.so.2.134.0
7f90cc923000-7f90cc924000 r--p 00017000 00:21 63249                      /usr/lib/libdrm.so.2.134.0
7f90cc924000-7f90cc925000 rw-p 00018000 00:21 63249                      /usr/lib/libdrm.so.2.134.0
7f90cc925000-7f90cc93a000 r--p 00000000 00:21 16950                      /usr/lib/libsystemd.so.0.44.0
7f90cc93a000-7f90cca13000 r-xp 00015000 00:21 16950                      /usr/lib/libsystemd.so.0.44.0
7f90cca13000-7f90cca62000 r--p 000ee000 00:21 16950                      /usr/lib/libsystemd.so.0.44.0
7f90cca62000-7f90cca6b000 r--p 0013c000 00:21 16950                      /usr/lib/libsystemd.so.0.44.0
7f90cca6b000-7f90cca6c000 rw-p 00145000 00:21 16950                      /usr/lib/libsystemd.so.0.44.0
7f90cca6c000-7f90cca6d000 rw-p 00000000 00:00 0 
7f90cca6d000-7f90cca7b000 r--p 00000000 00:21 26897                      /usr/lib/libdbus-1.so.3.38.3
7f90cca7b000-7f90ccab2000 r-xp 0000e000 00:21 26897                      /usr/lib/libdbus-1.so.3.38.3
7f90ccab2000-7f90ccac4000 r--p 00045000 00:21 26897                      /usr/lib/libdbus-1.so.3.38.3
7f90ccac4000-7f90ccac6000 r--p 00056000 00:21 26897                      /usr/lib/libdbus-1.so.3.38.3
7f90ccac6000-7f90ccac7000 rw-p 00058000 00:21 26897                      /usr/lib/libdbus-1.so.3.38.3
7f90ccac7000-7f90ccaca000 r--p 00000000 00:21 59406                      /usr/lib/libxcb-xfixes.so.0.0.0
7f90ccaca000-7f90ccacd000 r-xp 00003000 00:21 59406                      /usr/lib/libxcb-xfixes.so.0.0.0
7f90ccacd000-7f90ccace000 r--p 00006000 00:21 59406                      /usr/lib/libxcb-xfixes.so.0.0.0
7f90ccace000-7f90ccacf000 r--p 00007000 00:21 59406                      /usr/lib/libxcb-xfixes.so.0.0.0
7f90ccacf000-7f90ccad0000 rw-p 00008000 00:21 59406                      /usr/lib/libxcb-xfixes.so.0.0.0
7f90ccad0000-7f90ccae0000 r--p 00000000 00:21 143547                     /usr/lib/libnvidia-glsi.so.580.173.02
7f90ccae0000-7f90ccb40000 r-xp 00010000 00:21 143547                     /usr/lib/libnvidia-glsi.so.580.173.02
7f90ccb40000-7f90ccb5d000 r--p 00070000 00:21 143547                     /usr/lib/libnvidia-glsi.so.580.173.02
7f90ccb5d000-7f90ccb63000 r--p 0008c000 00:21 143547                     /usr/lib/libnvidia-glsi.so.580.173.02
7f90ccb63000-7f90ccb64000 rw-p 00092000 00:21 143547                     /usr/lib/libnvidia-glsi.so.580.173.02
7f90ccb64000-7f90ccb6c000 rw-p 00000000 00:00 0 
7f90ccb6c000-7f90ccbbd000 r--p 00000000 00:21 143518                     /usr/lib/libGLX_nvidia.so.580.173.02
7f90ccbbd000-7f90ccc1a000 r-xp 00051000 00:21 143518                     /usr/lib/libGLX_nvidia.so.580.173.02
7f90ccc1a000-7f90ccc4f000 rwxp 000ae000 00:21 143518                     /usr/lib/libGLX_nvidia.so.580.173.02
7f90ccc4f000-7f90ccc50000 r-xp 000e3000 00:21 143518                     /usr/lib/libGLX_nvidia.so.580.173.02
7f90ccc50000-7f90ccc70000 r--p 000e4000 00:21 143518                     /usr/lib/libGLX_nvidia.so.580.173.02
7f90ccc70000-7f90ccc90000 r--p 00103000 00:21 143518                     /usr/lib/libGLX_nvidia.so.580.173.02
7f90ccc90000-7f90ccc95000 rw-p 00123000 00:21 143518                     /usr/lib/libGLX_nvidia.so.580.173.02
7f90ccc95000-7f90ccc97000 rw-p 00000000 00:00 0 
7f90ccc97000-7f90cccae000 r--p 00000000 00:21 61792                      /usr/lib/libX11.so.6.4.0
7f90cccae000-7f90ccd64000 r-xp 00017000 00:21 61792                      /usr/lib/libX11.so.6.4.0
7f90ccd64000-7f90ccdf9000 r--p 000cd000 00:21 61792                      /usr/lib/libX11.so.6.4.0
7f90ccdf9000-7f90ccdfc000 r--p 00162000 00:21 61792                      /usr/lib/libX11.so.6.4.0
7f90ccdfc000-7f90ccdff000 rw-p 00165000 00:21 61792                      /usr/lib/libX11.so.6.4.0
7f90ccdff000-7f90cce00000 rw-p 00000000 00:00 0 
7f90cce00000-7f90cd600000 rw-p 00000000 00:00 0 
7f90cd600000-7f90cd601000 rw-s 00000000 00:07 1146                       /dev/nvidiactl
7f90cd601000-7f90cd604000 r--p 00000000 00:21 59400                      /usr/lib/libxcb-sync.so.1.0.0
7f90cd604000-7f90cd607000 r-xp 00003000 00:21 59400                      /usr/lib/libxcb-sync.so.1.0.0
7f90cd607000-7f90cd608000 r--p 00006000 00:21 59400                      /usr/lib/libxcb-sync.so.1.0.0
7f90cd608000-7f90cd609000 r--p 00007000 00:21 59400                      /usr/lib/libxcb-sync.so.1.0.0
7f90cd609000-7f90cd60a000 rw-p 00008000 00:21 59400                      /usr/lib/libxcb-sync.so.1.0.0
7f90cd60a000-7f90cd60b000 r--p 00000000 00:21 59376                      /usr/lib/libxcb-present.so.0.0.0
7f90cd60b000-7f90cd60c000 r-xp 00001000 00:21 59376                      /usr/lib/libxcb-present.so.0.0.0
7f90cd60c000-7f90cd60d000 r--p 00002000 00:21 59376                      /usr/lib/libxcb-present.so.0.0.0
7f90cd60d000-7f90cd60e000 r--p 00002000 00:21 59376                      /usr/lib/libxcb-present.so.0.0.0
7f90cd60e000-7f90cd60f000 rw-p 00003000 00:21 59376                      /usr/lib/libxcb-present.so.0.0.0
7f90cd60f000-7f90cd611000 r--p 00000000 00:21 59370                      /usr/lib/libxcb-dri3.so.0.1.0
7f90cd611000-7f90cd613000 r-xp 00002000 00:21 59370                      /usr/lib/libxcb-dri3.so.0.1.0
7f90cd613000-7f90cd614000 r--p 00004000 00:21 59370                      /usr/lib/libxcb-dri3.so.0.1.0
7f90cd614000-7f90cd615000 r--p 00004000 00:21 59370                      /usr/lib/libxcb-dri3.so.0.1.0
7f90cd615000-7f90cd616000 rw-p 00005000 00:21 59370                      /usr/lib/libxcb-dri3.so.0.1.0
7f90cd616000-7f90cd61d000 r--p 00000000 00:21 59379                      /usr/lib/libxcb-randr.so.0.1.0
7f90cd61d000-7f90cd623000 r-xp 00007000 00:21 59379                      /usr/lib/libxcb-randr.so.0.1.0
7f90cd623000-7f90cd626000 r--p 0000d000 00:21 59379                      /usr/lib/libxcb-randr.so.0.1.0
7f90cd626000-7f90cd627000 r--p 00010000 00:21 59379                      /usr/lib/libxcb-randr.so.0.1.0
7f90cd627000-7f90cd628000 rw-p 00011000 00:21 59379                      /usr/lib/libxcb-randr.so.0.1.0
7f90cd628000-7f90cd634000 r--p 00000000 00:21 59373                      /usr/lib/libxcb-glx.so.0.0.0
7f90cd634000-7f90cd63d000 r-xp 0000c000 00:21 59373                      /usr/lib/libxcb-glx.so.0.0.0
7f90cd63d000-7f90cd642000 r--p 00015000 00:21 59373                      /usr/lib/libxcb-glx.so.0.0.0
7f90cd642000-7f90cd644000 r--p 0001a000 00:21 59373                      /usr/lib/libxcb-glx.so.0.0.0
7f90cd644000-7f90cd645000 rw-p 0001c000 00:21 59373                      /usr/lib/libxcb-glx.so.0.0.0
7f90cd645000-7f90cd646000 r--p 00000000 00:21 143581                     /usr/lib/libnvidia-tls.so.580.173.02
7f90cd646000-7f90cd648000 r-xp 00001000 00:21 143581                     /usr/lib/libnvidia-tls.so.580.173.02
7f90cd648000-7f90cd649000 r--p 00003000 00:21 143581                     /usr/lib/libnvidia-tls.so.580.173.02
7f90cd649000-7f90cd64a000 r--p 00003000 00:21 143581                     /usr/lib/libnvidia-tls.so.580.173.02
7f90cd64a000-7f90cd64b000 rw-p 00004000 00:21 143581                     /usr/lib/libnvidia-tls.so.580.173.02
7f90cd64b000-7f90cd64d000 r--p 00000000 00:21 131477                     /usr/lib/libGLdispatch.so.0.0.0
7f90cd64d000-7f90cd650000 r-xp 00002000 00:21 131477                     /usr/lib/libGLdispatch.so.0.0.0
7f90cd650000-7f90cd68b000 r-xp 00005000 00:21 131477                     /usr/lib/libGLdispatch.so.0.0.0
7f90cd68b000-7f90cd68c000 r-xp 00040000 00:21 131477                     /usr/lib/libGLdispatch.so.0.0.0
7f90cd68c000-7f90cd69f000 r--p 00041000 00:21 131477                     /usr/lib/libGLdispatch.so.0.0.0
7f90cd69f000-7f90cd6bb000 r--p 00054000 00:21 131477                     /usr/lib/libGLdispatch.so.0.0.0
7f90cd6bb000-7f90cd6bc000 rw-p 00070000 00:21 131477                     /usr/lib/libGLdispatch.so.0.0.0
7f90cd6bc000-7f90cd6c4000 rw-p 00000000 00:00 0 
7f90cd6c4000-7f90cd6c6000 r--p 00000000 00:21 131474                     /usr/lib/libGLX.so.0.0.0
7f90cd6c6000-7f90cd6e1000 r-xp 00002000 00:21 131474                     /usr/lib/libGLX.so.0.0.0
7f90cd6e1000-7f90cd6e4000 r--p 0001d000 00:21 131474                     /usr/lib/libGLX.so.0.0.0
7f90cd6e4000-7f90cd6e5000 r--p 00020000 00:21 131474                     /usr/lib/libGLX.so.0.0.0
7f90cd6e5000-7f90cd6e6000 rw-p 00021000 00:21 131474                     /usr/lib/libGLX.so.0.0.0
7f90cd6e6000-7f90cd6f6000 rw-p 00000000 00:00 0 
7f90cd6f6000-7f90cd6f7000 r--p 00000000 00:21 61789                      /usr/lib/libX11-xcb.so.1.0.0
7f90cd6f7000-7f90cd6f8000 r-xp 00001000 00:21 61789                      /usr/lib/libX11-xcb.so.1.0.0
7f90cd6f8000-7f90cd6f9000 r--p 00002000 00:21 61789                      /usr/lib/libX11-xcb.so.1.0.0
7f90cd6f9000-7f90cd6fa000 r--p 00002000 00:21 61789                      /usr/lib/libX11-xcb.so.1.0.0
7f90cd6fa000-7f90cd6fb000 rw-p 00003000 00:21 61789                      /usr/lib/libX11-xcb.so.1.0.0
7f90cd6fb000-7f90cd6fc000 r--p 00000000 00:21 149862                     /usr/lib/libXinerama.so.1.0.0
7f90cd6fc000-7f90cd6fd000 r-xp 00001000 00:21 149862                     /usr/lib/libXinerama.so.1.0.0
7f90cd6fd000-7f90cd6fe000 r--p 00002000 00:21 149862                     /usr/lib/libXinerama.so.1.0.0
7f90cd6fe000-7f90cd6ff000 r--p 00002000 00:21 149862                     /usr/lib/libXinerama.so.1.0.0
7f90cd6ff000-7f90cd700000 rw-p 00003000 00:21 149862                     /usr/lib/libXinerama.so.1.0.0
7f90cd700000-7f90cd703000 r--p 00000000 00:21 149779                     /usr/lib/libXcursor.so.1.0.2
7f90cd703000-7f90cd70a000 r-xp 00003000 00:21 149779                     /usr/lib/libXcursor.so.1.0.2
7f90cd70a000-7f90cd70c000 r--p 0000a000 00:21 149779                     /usr/lib/libXcursor.so.1.0.2
7f90cd70c000-7f90cd70d000 r--p 0000c000 00:21 149779                     /usr/lib/libXcursor.so.1.0.2
7f90cd70d000-7f90cd70e000 rw-p 0000d000 00:21 149779                     /usr/lib/libXcursor.so.1.0.2
7f90cd70e000-7f90cd710000 r--p 00000000 00:21 63113                      /usr/lib/libXrender.so.1.3.0
7f90cd710000-7f90cd718000 r-xp 00002000 00:21 63113                      /usr/lib/libXrender.so.1.3.0
7f90cd718000-7f90cd71a000 r--p 0000a000 00:21 63113                      /usr/lib/libXrender.so.1.3.0
7f90cd71a000-7f90cd71b000 r--p 0000b000 00:21 63113                      /usr/lib/libXrender.so.1.3.0
7f90cd71b000-7f90cd71c000 rw-p 0000c000 00:21 63113                      /usr/lib/libXrender.so.1.3.0
7f90cd71c000-7f90cd71f000 r--p 00000000 00:21 148001                     /usr/lib/libXi.so.6.1.0
7f90cd71f000-7f90cd72e000 r-xp 00003000 00:21 148001                     /usr/lib/libXi.so.6.1.0
7f90cd72e000-7f90cd731000 r--p 00012000 00:21 148001                     /usr/lib/libXi.so.6.1.0
7f90cd731000-7f90cd732000 r--p 00014000 00:21 148001                     /usr/lib/libXi.so.6.1.0
7f90cd732000-7f90cd733000 rw-p 00015000 00:21 148001                     /usr/lib/libXi.so.6.1.0
7f90cd733000-7f90cd73f000 r--p 00000000 00:21 59427                      /usr/lib/libxcb.so.1.1.0
7f90cd73f000-7f90cd755000 r-xp 0000c000 00:21 59427                      /usr/lib/libxcb.so.1.1.0
7f90cd755000-7f90cd75e000 r--p 00022000 00:21 59427                      /usr/lib/libxcb.so.1.1.0
7f90cd75e000-7f90cd75f000 r--p 0002a000 00:21 59427                      /usr/lib/libxcb.so.1.1.0
7f90cd75f000-7f90cd760000 rw-p 0002b000 00:21 59427                      /usr/lib/libxcb.so.1.1.0
7f90cd760000-7f90cd76e000 r--p 00000000 103:07 456405                    /run/media/ashy/Shared/.minecraftx/versions/neoforge-21.1.248/neoforge-21.1.248-natives/libglfw.so
7f90cd76e000-7f90cd78d000 r-xp 0000e000 103:07 456405                    /run/media/ashy/Shared/.minecraftx/versions/neoforge-21.1.248/neoforge-21.1.248-natives/libglfw.so
7f90cd78d000-7f90cd7c0000 r--p 0002d000 103:07 456405                    /run/media/ashy/Shared/.minecraftx/versions/neoforge-21.1.248/neoforge-21.1.248-natives/libglfw.so
7f90cd7c0000-7f90cd7c1000 ---p 00060000 103:07 456405                    /run/media/ashy/Shared/.minecraftx/versions/neoforge-21.1.248/neoforge-21.1.248-natives/libglfw.so
7f90cd7c1000-7f90cd7c4000 r--p 00060000 103:07 456405                    /run/media/ashy/Shared/.minecraftx/versions/neoforge-21.1.248/neoforge-21.1.248-natives/libglfw.so
7f90cd7c4000-7f90cd7c7000 rw-p 00063000 103:07 456405                    /run/media/ashy/Shared/.minecraftx/versions/neoforge-21.1.248/neoforge-21.1.248-natives/libglfw.so
7f90cd7c7000-7f90cd7ea000 rw-p 00000000 00:00 0 
7f90cd7ea000-7f90cd7f2000 r--p 00000000 103:07 456404                    /run/media/ashy/Shared/.minecraftx/versions/neoforge-21.1.248/neoforge-21.1.248-natives/libjemalloc.so
7f90cd7f2000-7f90cd847000 r-xp 00008000 103:07 456404                    /run/media/ashy/Shared/.minecraftx/versions/neoforge-21.1.248/neoforge-21.1.248-natives/libjemalloc.so
7f90cd847000-7f90cd857000 r--p 0005d000 103:07 456404                    /run/media/ashy/Shared/.minecraftx/versions/neoforge-21.1.248/neoforge-21.1.248-natives/libjemalloc.so
7f90cd857000-7f90cd858000 ---p 0006d000 103:07 456404                    /run/media/ashy/Shared/.minecraftx/versions/neoforge-21.1.248/neoforge-21.1.248-natives/libjemalloc.so
7f90cd858000-7f90cd85e000 r--p 0006d000 103:07 456404                    /run/media/ashy/Shared/.minecraftx/versions/neoforge-21.1.248/neoforge-21.1.248-natives/libjemalloc.so
7f90cd85e000-7f90cd85f000 rw-p 00073000 103:07 456404                    /run/media/ashy/Shared/.minecraftx/versions/neoforge-21.1.248/neoforge-21.1.248-natives/libjemalloc.so
7f90cd85f000-7f90cda69000 rw-p 00000000 00:00 0 
7f90cdc00000-7f90cdcfa000 r-xp 00000000 00:38 17382                      /tmp/sqlite-3.46.1.3-2e501370-1f96-42e7-8b75-dfe2992b388a-libsqlitejdbc.so
7f90cdcfa000-7f90cdefa000 ---p 000fa000 00:38 17382                      /tmp/sqlite-3.46.1.3-2e501370-1f96-42e7-8b75-dfe2992b388a-libsqlitejdbc.so
7f90cdefa000-7f90cdf02000 rw-p 000fa000 00:38 17382                      /tmp/sqlite-3.46.1.3-2e501370-1f96-42e7-8b75-dfe2992b388a-libsqlitejdbc.so
7f90cdfab000-7f90cdfb3000 rw-s 00000000 103:07 93748                     /run/media/ashy/Shared/.minecraftx/instances/Gearfall Dev/saves/Testing 2/data/gadgets_graphs.db-shm
7f90cdfb3000-7f90cdfb4000 rw-p 00000000 00:00 0 
7f90cdfb4000-7f90cdfb8000 ---p 00000000 00:00 0 
7f90cdfb8000-7f90ce3b8000 rw-p 00000000 00:00 0 
7f90ce3b8000-7f90ce3bc000 ---p 00000000 00:00 0 
7f90ce3bc000-7f90ce4b9000 rw-p 00000000 00:00 0 
7f90ce4b9000-7f90ce4bd000 ---p 00000000 00:00 0 
7f90ce4bd000-7f90ce5ba000 rw-p 00000000 00:00 0 
7f90ce5ba000-7f90ce5be000 ---p 00000000 00:00 0 
7f90ce5be000-7f90ce6bb000 rw-p 00000000 00:00 0 
7f90ce6bb000-7f90ce6bf000 ---p 00000000 00:00 0 
7f90ce6bf000-7f90ce7bc000 rw-p 00000000 00:00 0 
7f90ce7bc000-7f90ce7c0000 ---p 00000000 00:00 0 
7f90ce7c0000-7f90ce8bd000 rw-p 00000000 00:00 0 
7f90ce8bd000-7f90ce8c1000 ---p 00000000 00:00 0 
7f90ce8c1000-7f90ce9be000 rw-p 00000000 00:00 0 
7f90ce9be000-7f90ce9c2000 ---p 00000000 00:00 0 
7f90ce9c2000-7f90ceabe000 rw-p 00000000 00:00 0 
7f90ceabe000-7f90ceabf000 rw-s 00000000 00:07 1148                       /dev/nvidia0
7f90ceabf000-7f90ceadf000 rw-s 00000000 00:07 1146                       /dev/nvidiactl
7f90ceadf000-7f90ceb1f000 rw-s 00000000 00:07 1146                       /dev/nvidiactl
7f90ceb1f000-7f90ceb20000 r--p 00000000 00:00 0 
7f90ceb20000-7f90ceb21000 rw-p 00000000 00:00 0 
7f90ceb21000-7f90ceb25000 ---p 00000000 00:00 0 
7f90ceb25000-7f90cec22000 rw-p 00000000 00:00 0 
7f90cec22000-7f90cec26000 ---p 00000000 00:00 0 
7f90cec26000-7f90ced22000 rw-p 00000000 00:00 0 
7f90ced22000-7f90ced26000 rw-s 00000000 00:07 1146                       /dev/nvidiactl
7f90ced26000-7f90ced4f000 r--p 00000000 103:07 456403                    /run/media/ashy/Shared/.minecraftx/versions/neoforge-21.1.248/neoforge-21.1.248-natives/liblwjgl.so
7f90ced4f000-7f90ced81000 r-xp 00029000 103:07 456403                    /run/media/ashy/Shared/.minecraftx/versions/neoforge-21.1.248/neoforge-21.1.248-natives/liblwjgl.so
7f90ced81000-7f90ced9a000 r--p 0005b000 103:07 456403                    /run/media/ashy/Shared/.minecraftx/versions/neoforge-21.1.248/neoforge-21.1.248-natives/liblwjgl.so
7f90ced9a000-7f90ced9b000 r--p 00073000 103:07 456403                    /run/media/ashy/Shared/.minecraftx/versions/neoforge-21.1.248/neoforge-21.1.248-natives/liblwjgl.so
7f90ced9b000-7f90ced9c000 rw-p 00074000 103:07 456403                    /run/media/ashy/Shared/.minecraftx/versions/neoforge-21.1.248/neoforge-21.1.248-natives/liblwjgl.so
7f90ced9c000-7f90cf2a2000 rw-p 00000000 00:00 0 
7f90cf2a2000-7f90cf2a6000 ---p 00000000 00:00 0 
7f90cf2a6000-7f90cf3a3000 rw-p 00000000 00:00 0 
7f90cf3a3000-7f90cf3a7000 ---p 00000000 00:00 0 
7f90cf3a7000-7f90cf4a3000 rw-p 00000000 00:00 0 
7f90cf4a3000-7f90cf4a6000 r--p 00000000 00:21 16946                      /usr/lib/libnss_resolve.so.2
7f90cf4a6000-7f90cf4d9000 r-xp 00003000 00:21 16946                      /usr/lib/libnss_resolve.so.2
7f90cf4d9000-7f90cf4f1000 r--p 00036000 00:21 16946                      /usr/lib/libnss_resolve.so.2
7f90cf4f1000-7f90cf4f8000 r--p 0004e000 00:21 16946                      /usr/lib/libnss_resolve.so.2
7f90cf4f8000-7f90cf4f9000 rw-p 00055000 00:21 16946                      /usr/lib/libnss_resolve.so.2
7f90cf4f9000-7f90cf4fa000 rw-p 00000000 00:00 0 
7f90cf4fa000-7f90cf4fe000 ---p 00000000 00:00 0 
7f90cf4fe000-7f90cf5fb000 rw-p 00000000 00:00 0 
7f90cf5fb000-7f90cf5ff000 ---p 00000000 00:00 0 
7f90cf5ff000-7f90cf6fc000 rw-p 00000000 00:00 0 
7f90cf6fc000-7f90cf700000 ---p 00000000 00:00 0 
7f90cf700000-7f90cf7fd000 rw-p 00000000 00:00 0 
7f90cf7fd000-7f90cf801000 ---p 00000000 00:00 0 
7f90cf801000-7f90cf8fe000 rw-p 00000000 00:00 0 
7f90cf8fe000-7f90cf902000 ---p 00000000 00:00 0 
7f90cf902000-7f90cf9ff000 rw-p 00000000 00:00 0 
7f90cf9ff000-7f90cfa03000 ---p 00000000 00:00 0 
7f90cfa03000-7f90cfb00000 rw-p 00000000 00:00 0 
7f90cfb00000-7f90cfb04000 ---p 00000000 00:00 0 
7f90cfb04000-7f90cfc00000 rw-p 00000000 00:00 0 
7f90cfc00000-7f90cfeed000 r--p 00000000 00:21 141812                     /usr/lib/locale/locale-archive
7f90cfeed000-7f90cfeee000 rw-s 00000000 00:07 1148                       /dev/nvidia0
7f90cfeee000-7f90cfeef000 rw-s 00000000 00:07 1148                       /dev/nvidia0
7f90cfeef000-7f90cfef0000 rw-s 00000000 00:07 1148                       /dev/nvidia0
7f90cfef0000-7f90cfef2000 r--p 00000000 00:21 149878                     /usr/lib/libXrandr.so.2.2.0
7f90cfef2000-7f90cfefb000 r-xp 00002000 00:21 149878                     /usr/lib/libXrandr.so.2.2.0
7f90cfefb000-7f90cfefd000 r--p 0000b000 00:21 149878                     /usr/lib/libXrandr.so.2.2.0
7f90cfefd000-7f90cfefe000 r--p 0000c000 00:21 149878                     /usr/lib/libXrandr.so.2.2.0
7f90cfefe000-7f90cfeff000 rw-p 0000d000 00:21 149878                     /usr/lib/libXrandr.so.2.2.0
7f90cfeff000-7f90cff00000 rw-p 00000000 00:00 0 
7f90cff00000-7f90cff04000 ---p 00000000 00:00 0 
7f90cff04000-7f90d0000000 rw-p 00000000 00:00 0 
7f90d0000000-7f90d3d88000 rw-p 00000000 00:00 0 
7f90d3d88000-7f90d4000000 ---p 00000000 00:00 0 
7f90d4000000-7f90d77b8000 rw-p 00000000 00:00 0 
7f90d77b8000-7f90d8000000 ---p 00000000 00:00 0 
7f90d8000000-7f90da55f000 rw-p 00000000 00:00 0 
7f90da55f000-7f90dc000000 ---p 00000000 00:00 0 
7f90dc000000-7f90de288000 rw-p 00000000 00:00 0 
7f90de288000-7f90e0000000 ---p 00000000 00:00 0 
7f90e0000000-7f90e3ffd000 rw-p 00000000 00:00 0 
7f90e3ffd000-7f90e4000000 ---p 00000000 00:00 0 
7f90e4000000-7f90e4001000 rw-s 00000000 00:07 1148                       /dev/nvidia0
7f90e4001000-7f90e4003000 r--p 00000000 00:21 147988                     /usr/lib/libXfixes.so.3.1.0
7f90e4003000-7f90e4006000 r-xp 00002000 00:21 147988                     /usr/lib/libXfixes.so.3.1.0
7f90e4006000-7f90e4007000 r--p 00005000 00:21 147988                     /usr/lib/libXfixes.so.3.1.0
7f90e4007000-7f90e4008000 r--p 00006000 00:21 147988                     /usr/lib/libXfixes.so.3.1.0
7f90e4008000-7f90e4009000 rw-p 00007000 00:21 147988                     /usr/lib/libXfixes.so.3.1.0
7f90e4009000-7f90e400d000 r--p 00000000 00:21 63035                      /usr/lib/libXext.so.6.4.0
7f90e400d000-7f90e401d000 r-xp 00004000 00:21 63035                      /usr/lib/libXext.so.6.4.0
7f90e401d000-7f90e4021000 r--p 00014000 00:21 63035                      /usr/lib/libXext.so.6.4.0
7f90e4021000-7f90e4022000 r--p 00017000 00:21 63035                      /usr/lib/libXext.so.6.4.0
7f90e4022000-7f90e4023000 rw-p 00018000 00:21 63035                      /usr/lib/libXext.so.6.4.0
7f90e4023000-7f90e40f1000 r-xp 00000000 103:07 449599                    /run/media/ashy/Shared/.minecraftx/jre/java-runtime-delta/lib/libjsvml.so
7f90e40f1000-7f90e40f2000 r--p 000cd000 103:07 449599                    /run/media/ashy/Shared/.minecraftx/jre/java-runtime-delta/lib/libjsvml.so
7f90e40f2000-7f90e40f3000 rw-p 000ce000 103:07 449599                    /run/media/ashy/Shared/.minecraftx/jre/java-runtime-delta/lib/libjsvml.so
7f90e40f3000-7f90e40f4000 rw-p 00000000 00:00 0 
7f90e40f4000-7f90e40f8000 ---p 00000000 00:00 0 
7f90e40f8000-7f90e45f8000 rw-p 00000000 00:00 0 
7f90e45f8000-7f90e6e00000 rw-p 00000000 00:00 0 
7f90e6e00000-7f90e6e01000 rw-s 00000000 00:07 1146                       /dev/nvidiactl
7f90e6e01000-7f90e6e02000 r--p 00000000 00:21 131164                     /usr/lib/libXxf86vm.so.1.0.0
7f90e6e02000-7f90e6e06000 r-xp 00001000 00:21 131164                     /usr/lib/libXxf86vm.so.1.0.0
7f90e6e06000-7f90e6e07000 r--p 00005000 00:21 131164                     /usr/lib/libXxf86vm.so.1.0.0
7f90e6e07000-7f90e6e08000 r--p 00005000 00:21 131164                     /usr/lib/libXxf86vm.so.1.0.0
7f90e6e08000-7f90e6e09000 rw-p 00006000 00:21 131164                     /usr/lib/libXxf86vm.so.1.0.0
7f90e6e09000-7f90e6e0d000 r--p 00000000 00:21 16945                      /usr/lib/libnss_mymachines.so.2
7f90e6e0d000-7f90e6e5e000 r-xp 00004000 00:21 16945                      /usr/lib/libnss_mymachines.so.2
7f90e6e5e000-7f90e6e78000 r--p 00055000 00:21 16945                      /usr/lib/libnss_mymachines.so.2
7f90e6e78000-7f90e6e7b000 r--p 0006f000 00:21 16945                      /usr/lib/libnss_mymachines.so.2
7f90e6e7b000-7f90e6e7c000 rw-p 00072000 00:21 16945                      /usr/lib/libnss_mymachines.so.2
7f90e6e81000-7f90e6e84000 r--p 00000000 00:21 167498                     /usr/lib/pipewire-0.3/libpipewire-module-protocol-native.so
7f90e6e84000-7f90e6ea2000 r-xp 00003000 00:21 167498                     /usr/lib/pipewire-0.3/libpipewire-module-protocol-native.so
7f90e6ea2000-7f90e6ead000 r--p 00021000 00:21 167498                     /usr/lib/pipewire-0.3/libpipewire-module-protocol-native.so
7f90e6ead000-7f90e6eb8000 r--p 0002c000 00:21 167498                     /usr/lib/pipewire-0.3/libpipewire-module-protocol-native.so
7f90e6eb8000-7f90e6eb9000 rw-p 00037000 00:21 167498                     /usr/lib/pipewire-0.3/libpipewire-module-protocol-native.so
7f90e6eb9000-7f90e6ebb000 r--p 00000000 00:21 167499                     /usr/lib/pipewire-0.3/libpipewire-module-rt.so
7f90e6ebb000-7f90e6ebf000 r-xp 00002000 00:21 167499                     /usr/lib/pipewire-0.3/libpipewire-module-rt.so
7f90e6ebf000-7f90e6ec1000 r--p 00006000 00:21 167499                     /usr/lib/pipewire-0.3/libpipewire-module-rt.so
7f90e6ec1000-7f90e6ec2000 r--p 00007000 00:21 167499                     /usr/lib/pipewire-0.3/libpipewire-module-rt.so
7f90e6ec2000-7f90e6ec3000 rw-p 00008000 00:21 167499                     /usr/lib/pipewire-0.3/libpipewire-module-rt.so
7f90e6ec3000-7f90e6ec4000 r--p 00000000 00:21 167509                     /usr/lib/spa-0.2/support/libspa-dbus.so
7f90e6ec4000-7f90e6ec7000 r-xp 00001000 00:21 167509                     /usr/lib/spa-0.2/support/libspa-dbus.so
7f90e6ec7000-7f90e6ec8000 r--p 00004000 00:21 167509                     /usr/lib/spa-0.2/support/libspa-dbus.so
7f90e6ec8000-7f90e6ec9000 r--p 00004000 00:21 167509                     /usr/lib/spa-0.2/support/libspa-dbus.so
7f90e6ec9000-7f90e6eca000 rw-p 00005000 00:21 167509                     /usr/lib/spa-0.2/support/libspa-dbus.so
7f90e6eca000-7f90e6ecb000 r--p 00000000 00:21 167510                     /usr/lib/spa-0.2/support/libspa-journal.so
7f90e6ecb000-7f90e6ecd000 r-xp 00001000 00:21 167510                     /usr/lib/spa-0.2/support/libspa-journal.so
7f90e6ecd000-7f90e6ece000 r--p 00003000 00:21 167510                     /usr/lib/spa-0.2/support/libspa-journal.so
7f90e6ece000-7f90e6ecf000 r--p 00003000 00:21 167510                     /usr/lib/spa-0.2/support/libspa-journal.so
7f90e6ecf000-7f90e6ed0000 rw-p 00004000 00:21 167510                     /usr/lib/spa-0.2/support/libspa-journal.so
7f90e6ed0000-7f90e6ed2000 r--p 00000000 00:21 167511                     /usr/lib/spa-0.2/support/libspa-support.so
7f90e6ed2000-7f90e6eee000 r-xp 00002000 00:21 167511                     /usr/lib/spa-0.2/support/libspa-support.so
7f90e6eee000-7f90e6ef4000 r--p 0001e000 00:21 167511                     /usr/lib/spa-0.2/support/libspa-support.so
7f90e6ef4000-7f90e6efc000 r--p 00024000 00:21 167511                     /usr/lib/spa-0.2/support/libspa-support.so
7f90e6efc000-7f90e6efd000 rw-p 0002c000 00:21 167511                     /usr/lib/spa-0.2/support/libspa-support.so
7f90e6efd000-7f90e7200000 rw-p 00000000 00:00 0 
7f90e7200000-7f90ea940000 rw-p 00000000 00:00 0 
7f90ea940000-7f90ef150000 ---p 00000000 00:00 0 
7f90ef150000-7f90ef8e8000 rw-p 00000000 00:00 0 
7f90ef8e8000-7f90f01ea000 ---p 00000000 00:00 0 
7f90f01ea000-7f90f08e8000 rw-p 00000000 00:00 0 
7f90f08e8000-7f90f11ea000 ---p 00000000 00:00 0 
7f90f11ea000-7f90f1200000 rw-p 00000000 00:00 0 
7f90f1200000-7f90f1201000 rw-s 00000000 00:07 1146                       /dev/nvidiactl
7f90f1201000-7f90f1202000 r--s 00000000 00:07 1146                       /dev/nvidiactl
7f90f1202000-7f90f1204000 r--p 00000000 00:21 59289                      /usr/lib/libXdmcp.so.6.0.0
7f90f1204000-7f90f1206000 r-xp 00002000 00:21 59289                      /usr/lib/libXdmcp.so.6.0.0
7f90f1206000-7f90f1208000 r--p 00004000 00:21 59289                      /usr/lib/libXdmcp.so.6.0.0
7f90f1208000-7f90f1209000 r--p 00005000 00:21 59289                      /usr/lib/libXdmcp.so.6.0.0
7f90f1209000-7f90f120a000 rw-p 00006000 00:21 59289                      /usr/lib/libXdmcp.so.6.0.0
7f90f120a000-7f90f120b000 r--p 00000000 00:21 59302                      /usr/lib/libXau.so.6.0.0
7f90f120b000-7f90f120c000 r-xp 00001000 00:21 59302                      /usr/lib/libXau.so.6.0.0
7f90f120c000-7f90f120d000 r--p 00002000 00:21 59302                      /usr/lib/libXau.so.6.0.0
7f90f120d000-7f90f120e000 r--p 00002000 00:21 59302                      /usr/lib/libXau.so.6.0.0
7f90f120e000-7f90f120f000 rw-p 00003000 00:21 59302                      /usr/lib/libXau.so.6.0.0
7f90f120f000-7f90f1210000 r-xp 00059000 103:07 456403                    /run/media/ashy/Shared/.minecraftx/versions/neoforge-21.1.248/neoforge-21.1.248-natives/liblwjgl.so
7f90f1210000-7f90f1211000 rw-p 00000000 00:00 0 
7f90f1211000-7f90f1216000 r-xp 00000000 103:07 449604                    /run/media/ashy/Shared/.minecraftx/jre/java-runtime-delta/lib/libmanagement_ext.so
7f90f1216000-7f90f1217000 ---p 00005000 103:07 449604                    /run/media/ashy/Shared/.minecraftx/jre/java-runtime-delta/lib/libmanagement_ext.so
7f90f1217000-7f90f1218000 r--p 00005000 103:07 449604                    /run/media/ashy/Shared/.minecraftx/jre/java-runtime-delta/lib/libmanagement_ext.so
7f90f1218000-7f90f1219000 rw-p 00006000 103:07 449604                    /run/media/ashy/Shared/.minecraftx/jre/java-runtime-delta/lib/libmanagement_ext.so
7f90f1219000-7f90f121d000 r-xp 00000000 103:07 449602                    /run/media/ashy/Shared/.minecraftx/jre/java-runtime-delta/lib/libmanagement.so
7f90f121d000-7f90f121e000 r--p 00003000 103:07 449602                    /run/media/ashy/Shared/.minecraftx/jre/java-runtime-delta/lib/libmanagement.so
7f90f121e000-7f90f121f000 rw-p 00004000 103:07 449602                    /run/media/ashy/Shared/.minecraftx/jre/java-runtime-delta/lib/libmanagement.so
7f90f121f000-7f90f122c000 r-xp 00000000 103:07 449616                    /run/media/ashy/Shared/.minecraftx/jre/java-runtime-delta/lib/libverify.so
7f90f122c000-7f90f122e000 r--p 0000c000 103:07 449616                    /run/media/ashy/Shared/.minecraftx/jre/java-runtime-delta/lib/libverify.so
7f90f122e000-7f90f122f000 rw-p 0000e000 103:07 449616                    /run/media/ashy/Shared/.minecraftx/jre/java-runtime-delta/lib/libverify.so
7f90f122f000-7f90f1233000 r--p 00000000 00:21 4965                       /usr/lib/libgcc_s.so.1
7f90f1233000-7f90f125d000 r-xp 00004000 00:21 4965                       /usr/lib/libgcc_s.so.1
7f90f125d000-7f90f1261000 r--p 0002e000 00:21 4965                       /usr/lib/libgcc_s.so.1
7f90f1261000-7f90f1262000 r--p 00032000 00:21 4965                       /usr/lib/libgcc_s.so.1
7f90f1262000-7f90f1263000 rw-p 00033000 00:21 4965                       /usr/lib/libgcc_s.so.1
7f90f1263000-7f90f12be000 rw-p 00000000 00:00 0 
7f90f12be000-7f90f12bf000 rw-s 00000000 00:07 1146                       /dev/nvidiactl
7f90f12bf000-7f90f12df000 rw-s 00000000 00:07 1146                       /dev/nvidiactl
7f90f12e0000-7f90f12e9000 rw-s 00000000 00:01 19764                      /memfd:pipewire-memfd:flags=0x0000000f,type=2,size=65664 (deleted)
7f90f12e9000-7f90f12f2000 rw-s 00008000 00:01 19763                      /memfd:pipewire-memfd:flags=0x0000000f,type=2,size=65664 (deleted)
7f90f12f2000-7f90f12fb000 rw-s 00000000 00:01 19763                      /memfd:pipewire-memfd:flags=0x0000000f,type=2,size=65664 (deleted)
7f90f12fb000-7f90f12fc000 rw-s 00000000 00:01 3221                       /memfd:pipewire-memfd:flags=0x0000000f,type=2,size=2312 (deleted)
7f90f12fc000-7f90f12fd000 rw-s 00000000 00:01 18062                      /memfd:pipewire-memfd:flags=0x0000000f,type=2,size=4096 (deleted)
7f90f12fd000-7f90f12fe000 rw-s 00000000 00:01 18061                      /memfd:pipewire-memfd:flags=0x0000000f,type=2,size=2312 (deleted)
7f90f12fe000-7f90f12ff000 rw-s 00000000 00:01 18060                      /memfd:pipewire-memfd:flags=0x0000000f,type=2,size=2312 (deleted)
7f90f12ff000-7f90f1400000 rw-p 00000000 00:00 0 
7f90f1400000-7f90f59d0000 rwxp 00000000 00:00 0 
7f90f59d0000-7f90f8937000 ---p 00000000 00:00 0 
7f90f8937000-7f90f8ec9000 rwxp 00000000 00:00 0 
7f90f8ec9000-7f90fc1e9000 rwxp 00000000 00:00 0 
7f90fc1e9000-7f9100400000 ---p 00000000 00:00 0 
7f9100400000-7f9100402000 r-xp 00000000 103:07 449584                    /run/media/ashy/Shared/.minecraftx/jre/java-runtime-delta/lib/libextnet.so
7f9100402000-7f9100403000 r--p 00001000 103:07 449584                    /run/media/ashy/Shared/.minecraftx/jre/java-runtime-delta/lib/libextnet.so
7f9100403000-7f9100404000 rw-p 00002000 103:07 449584                    /run/media/ashy/Shared/.minecraftx/jre/java-runtime-delta/lib/libextnet.so
7f9100404000-7f9100410000 r-xp 00000000 103:07 449613                    /run/media/ashy/Shared/.minecraftx/jre/java-runtime-delta/lib/libnet.so
7f9100410000-7f9100411000 r--p 0000b000 103:07 449613                    /run/media/ashy/Shared/.minecraftx/jre/java-runtime-delta/lib/libnet.so
7f9100411000-7f9100412000 rw-p 0000c000 103:07 449613                    /run/media/ashy/Shared/.minecraftx/jre/java-runtime-delta/lib/libnet.so
7f9100412000-7f9100497000 rw-p 00000000 00:00 0 
7f9100497000-7f9104000000 r--s 00000000 103:07 1993                      /run/media/ashy/Shared/.minecraftx/jre/java-runtime-delta/lib/modules
7f9104000000-7f9107fff000 rw-p 00000000 00:00 0 
7f9107fff000-7f9108000000 ---p 00000000 00:00 0 
7f9108000000-7f9108014000 r-xp 00000000 103:07 449606                    /run/media/ashy/Shared/.minecraftx/jre/java-runtime-delta/lib/libnio.so
7f9108014000-7f9108015000 r--p 00013000 103:07 449606                    /run/media/ashy/Shared/.minecraftx/jre/java-runtime-delta/lib/libnio.so
7f9108015000-7f9108016000 rw-p 00014000 103:07 449606                    /run/media/ashy/Shared/.minecraftx/jre/java-runtime-delta/lib/libnio.so
7f9108016000-7f910801d000 r-xp 00000000 103:07 449614                    /run/media/ashy/Shared/.minecraftx/jre/java-runtime-delta/lib/libzip.so
7f910801d000-7f910801e000 ---p 00007000 103:07 449614                    /run/media/ashy/Shared/.minecraftx/jre/java-runtime-delta/lib/libzip.so
7f910801e000-7f910801f000 r--p 00007000 103:07 449614                    /run/media/ashy/Shared/.minecraftx/jre/java-runtime-delta/lib/libzip.so
7f910801f000-7f9108020000 rw-p 00008000 103:07 449614                    /run/media/ashy/Shared/.minecraftx/jre/java-runtime-delta/lib/libzip.so
7f9108020000-7f9108810000 rw-p 00000000 00:00 0 
7f9108810000-7f9108894000 ---p 00000000 00:00 0 
7f9108894000-7f9108920000 rw-p 00000000 00:00 0 
7f9108920000-7f910897f000 ---p 00000000 00:00 0 
7f910897f000-7f9108983000 ---p 00000000 00:00 0 
7f9108983000-7f9108a7f000 rw-p 00000000 00:00 0 
7f9108a7f000-7f9109e95000 r-xp 00000000 103:07 449621                    /run/media/ashy/Shared/.minecraftx/jre/java-runtime-delta/lib/server/libjvm.so
7f9109e95000-7f9109e96000 ---p 01416000 103:07 449621                    /run/media/ashy/Shared/.minecraftx/jre/java-runtime-delta/lib/server/libjvm.so
7f9109e96000-7f9109f6a000 r--p 01416000 103:07 449621                    /run/media/ashy/Shared/.minecraftx/jre/java-runtime-delta/lib/server/libjvm.so
7f9109f6a000-7f9109f9a000 rw-p 014ea000 103:07 449621                    /run/media/ashy/Shared/.minecraftx/jre/java-runtime-delta/lib/server/libjvm.so
7f9109f9a000-7f910a000000 rw-p 00000000 00:00 0 
7f910a000000-7f910a024000 r--p 00000000 00:21 4147                       /usr/lib/libc.so.6
7f910a024000-7f910a1c3000 r-xp 00024000 00:21 4147                       /usr/lib/libc.so.6
7f910a1c3000-7f910a23c000 r--p 001c3000 00:21 4147                       /usr/lib/libc.so.6
7f910a23c000-7f910a240000 r--p 0023c000 00:21 4147                       /usr/lib/libc.so.6
7f910a240000-7f910a242000 rw-p 00240000 00:21 4147                       /usr/lib/libc.so.6
7f910a242000-7f910a24b000 rw-p 00000000 00:00 0 
7f910a24b000-7f910a257000 rw-p 00000000 00:00 0 
7f910a257000-7f910a25f000 rw-s 00000000 00:38 17260                      /tmp/hsperfdata_ashy/102249
7f910a25f000-7f910a27f000 r-xp 00000000 103:07 449590                    /run/media/ashy/Shared/.minecraftx/jre/java-runtime-delta/lib/libjava.so
7f910a27f000-7f910a280000 ---p 00020000 103:07 449590                    /run/media/ashy/Shared/.minecraftx/jre/java-runtime-delta/lib/libjava.so
7f910a280000-7f910a281000 r--p 00020000 103:07 449590                    /run/media/ashy/Shared/.minecraftx/jre/java-runtime-delta/lib/libjava.so
7f910a281000-7f910a282000 rw-p 00021000 103:07 449590                    /run/media/ashy/Shared/.minecraftx/jre/java-runtime-delta/lib/libjava.so
7f910a282000-7f910a283000 rw-p 00000000 00:00 0 
7f910a283000-7f910a28d000 r-xp 00000000 103:07 449586                    /run/media/ashy/Shared/.minecraftx/jre/java-runtime-delta/lib/libinstrument.so
7f910a28d000-7f910a28e000 ---p 0000a000 103:07 449586                    /run/media/ashy/Shared/.minecraftx/jre/java-runtime-delta/lib/libinstrument.so
7f910a28e000-7f910a28f000 r--p 0000a000 103:07 449586                    /run/media/ashy/Shared/.minecraftx/jre/java-runtime-delta/lib/libinstrument.so
7f910a28f000-7f910a290000 rw-p 0000b000 103:07 449586                    /run/media/ashy/Shared/.minecraftx/jre/java-runtime-delta/lib/libinstrument.so
7f910a290000-7f910a291000 ---p 00000000 00:00 0 
7f910a291000-7f910a292000 r--p 00000000 00:00 0 
7f910a292000-7f910a293000 ---p 00000000 00:00 0 
7f910a293000-7f910a2ae000 r-xp 00000000 103:07 449595                    /run/media/ashy/Shared/.minecraftx/jre/java-runtime-delta/lib/libjimage.so
7f910a2ae000-7f910a2af000 ---p 0001b000 103:07 449595                    /run/media/ashy/Shared/.minecraftx/jre/java-runtime-delta/lib/libjimage.so
7f910a2af000-7f910a2b1000 r--p 0001b000 103:07 449595                    /run/media/ashy/Shared/.minecraftx/jre/java-runtime-delta/lib/libjimage.so
7f910a2b1000-7f910a2b2000 rw-p 0001d000 103:07 449595                    /run/media/ashy/Shared/.minecraftx/jre/java-runtime-delta/lib/libjimage.so
7f910a2b2000-7f910a2c2000 r--p 00000000 00:21 4157                       /usr/lib/libm.so.6
7f910a2c2000-7f910a358000 r-xp 00010000 00:21 4157                       /usr/lib/libm.so.6
7f910a358000-7f910a3b7000 r--p 000a6000 00:21 4157                       /usr/lib/libm.so.6
7f910a3b7000-7f910a3b8000 r--p 00105000 00:21 4157                       /usr/lib/libm.so.6
7f910a3b8000-7f910a3b9000 rw-p 00106000 00:21 4157                       /usr/lib/libm.so.6
7f910a3b9000-7f910a3ba000 r--p 00000000 00:21 4179                       /usr/lib/librt.so.1
7f910a3ba000-7f910a3bb000 r-xp 00001000 00:21 4179                       /usr/lib/librt.so.1
7f910a3bb000-7f910a3bc000 r--p 00002000 00:21 4179                       /usr/lib/librt.so.1
7f910a3bc000-7f910a3bd000 r--p 00002000 00:21 4179                       /usr/lib/librt.so.1
7f910a3bd000-7f910a3be000 rw-p 00003000 00:21 4179                       /usr/lib/librt.so.1
7f910a3be000-7f910a3c2000 rw-p 00000000 00:00 0 
7f910a3c2000-7f910a3c3000 r--p 00000000 00:21 4152                       /usr/lib/libdl.so.2
7f910a3c3000-7f910a3c4000 r-xp 00001000 00:21 4152                       /usr/lib/libdl.so.2
7f910a3c4000-7f910a3c5000 r--p 00002000 00:21 4152                       /usr/lib/libdl.so.2
7f910a3c5000-7f910a3c6000 r--p 00002000 00:21 4152                       /usr/lib/libdl.so.2
7f910a3c6000-7f910a3c7000 rw-p 00003000 00:21 4152                       /usr/lib/libdl.so.2
7f910a3c7000-7f910a3c8000 r--p 00000000 00:21 4174                       /usr/lib/libpthread.so.0
7f910a3c8000-7f910a3c9000 r-xp 00001000 00:21 4174                       /usr/lib/libpthread.so.0
7f910a3c9000-7f910a3ca000 r--p 00002000 00:21 4174                       /usr/lib/libpthread.so.0
7f910a3ca000-7f910a3cb000 r--p 00002000 00:21 4174                       /usr/lib/libpthread.so.0
7f910a3cb000-7f910a3cc000 rw-p 00003000 00:21 4174                       /usr/lib/libpthread.so.0
7f910a3cc000-7f910a3da000 r-xp 00000000 103:07 449596                    /run/media/ashy/Shared/.minecraftx/jre/java-runtime-delta/lib/libjli.so
7f910a3da000-7f910a3db000 ---p 0000e000 103:07 449596                    /run/media/ashy/Shared/.minecraftx/jre/java-runtime-delta/lib/libjli.so
7f910a3db000-7f910a3dc000 r--p 0000e000 103:07 449596                    /run/media/ashy/Shared/.minecraftx/jre/java-runtime-delta/lib/libjli.so
7f910a3dc000-7f910a3dd000 rw-p 0000f000 103:07 449596                    /run/media/ashy/Shared/.minecraftx/jre/java-runtime-delta/lib/libjli.so
7f910a3dd000-7f910a3e0000 r--p 00000000 00:21 161704                     /usr/lib/libz.so.1.3.1.zlib-ng
7f910a3e0000-7f910a40c000 r-xp 00003000 00:21 161704                     /usr/lib/libz.so.1.3.1.zlib-ng
7f910a40c000-7f910a416000 r--p 0002f000 00:21 161704                     /usr/lib/libz.so.1.3.1.zlib-ng
7f910a416000-7f910a417000 r--p 00038000 00:21 161704                     /usr/lib/libz.so.1.3.1.zlib-ng
7f910a417000-7f910a418000 rw-p 00039000 00:21 161704                     /usr/lib/libz.so.1.3.1.zlib-ng
7f910a418000-7f910a41a000 rw-p 00000000 00:00 0 
7f910a41a000-7f910a44b000 r--p 00000000 00:21 829807                     /etc/ld.so.cache
7f910a44b000-7f910a44f000 r--p 00000000 00:00 0                          [vvar]
7f910a44f000-7f910a451000 r--p 00000000 00:00 0                          [vvar_vclock]
7f910a451000-7f910a453000 r-xp 00000000 00:00 0                          [vdso]
7f910a453000-7f910a454000 r--p 00000000 00:21 4138                       /usr/lib/ld-linux-x86-64.so.2
7f910a454000-7f910a486000 r-xp 00001000 00:21 4138                       /usr/lib/ld-linux-x86-64.so.2
7f910a486000-7f910a496000 r--p 00033000 00:21 4138                       /usr/lib/ld-linux-x86-64.so.2
7f910a496000-7f910a498000 r--p 00043000 00:21 4138                       /usr/lib/ld-linux-x86-64.so.2
7f910a498000-7f910a499000 rw-p 00045000 00:21 4138                       /usr/lib/ld-linux-x86-64.so.2
7f910a499000-7f910a49a000 rw-p 00000000 00:00 0 
7ffd189bd000-7ffd189e1000 rw-p 00000000 00:00 0                          [stack]
ffffffffff600000-ffffffffff601000 --xp 00000000 00:00 0                  [vsyscall]
Total number of mappings: 1016


VM Arguments:
jvm_args: -Xms256M -Xmx8192M -javaagent:/run/media/ashy/Shared/.minecraftx/libraries/org/to2mbn/authlibinjector/1.2.8/authlibinjector-1.2.8.jar=http://localhost:25555/yggdrasil -Dauthlibinjector.side=client -Djava.library.path=/run/media/ashy/Shared/.minecraftx/versions/neoforge-21.1.248/neoforge-21.1.248-natives -Djna.tmpdir=/run/media/ashy/Shared/.minecraftx/versions/neoforge-21.1.248/neoforge-21.1.248-natives -Dorg.lwjgl.system.SharedLibraryExtractPath=/run/media/ashy/Shared/.minecraftx/versions/neoforge-21.1.248/neoforge-21.1.248-natives -Dio.netty.native.workdir=/run/media/ashy/Shared/.minecraftx/versions/neoforge-21.1.248/neoforge-21.1.248-natives -Dminecraft.launcher.brand=X Minecraft Launcher (0.65.1) -Dminecraft.launcher.version=X Minecraft Launcher (0.65.1) -Djava.net.preferIPv6Addresses=system -DignoreList=client-extra,1.21.1.jar -DlibraryDirectory=/run/media/ashy/Shared/.minecraftx/libraries --module-path=/run/media/ashy/Shared/.minecraftx/libraries/cpw/mods/bootstraplauncher/2.0.2/bootstraplauncher-2.0.2.jar:/run/media/ashy/Shared/.minecraftx/libraries/cpw/mods/securejarhandler/3.0.8/securejarhandler-3.0.8.jar:/run/media/ashy/Shared/.minecraftx/libraries/org/ow2/asm/asm-commons/9.10.1/asm-commons-9.10.1.jar:/run/media/ashy/Shared/.minecraftx/libraries/org/ow2/asm/asm-util/9.10.1/asm-util-9.10.1.jar:/run/media/ashy/Shared/.minecraftx/libraries/org/ow2/asm/asm-analysis/9.10.1/asm-analysis-9.10.1.jar:/run/media/ashy/Shared/.minecraftx/libraries/org/ow2/asm/asm-tree/9.10.1/asm-tree-9.10.1.jar:/run/media/ashy/Shared/.minecraftx/libraries/org/ow2/asm/asm/9.10.1/asm-9.10.1.jar:/run/media/ashy/Shared/.minecraftx/libraries/net/neoforged/JarJarFileSystems/0.4.1/JarJarFileSystems-0.4.1.jar --add-modules=ALL-MODULE-PATH --add-opens=java.base/java.util.jar=cpw.mods.securejarhandler --add-opens=java.base/java.lang.invoke=cpw.mods.securejarhandler --add-exports=java.base/sun.security.util=cpw.mods.securejarhandler --add-exports=jdk.naming.dns/com.sun.jndi.dns=java.naming -Dauthlibinjector.debug 
java_command: cpw.mods.bootstraplauncher.BootstrapLauncher --username Ashy --version neoforge-21.1.248 --gameDir /run/media/ashy/Shared/.minecraftx/instances/Gearfall Dev --assetsDir /run/media/ashy/Shared/.minecraftx/assets --assetIndex 818f68d092986c6933366762f435889884c36a52 --uuid 68af5072-46a5-387f-ac5e-a6b3c47d6c3f --accessToken 312fe0f7e11246c0ad43c7ad38157740 --clientId ${clientid} --xuid ${auth_xuid} --userType msa --versionType release --fml.neoForgeVersion 21.1.248 --fml.fmlVersion 4.0.43 --fml.mcVersion 1.21.1 --fml.neoFormVersion 20240808.144430 --launchTarget forgeclient --fullscreen
java_class_path (initial): /run/media/ashy/Shared/.minecraftx/libraries/com/github/oshi/oshi-core/6.4.10/oshi-core-6.4.10.jar:/run/media/ashy/Shared/.minecraftx/libraries/com/google/code/gson/gson/2.10.1/gson-2.10.1.jar:/run/media/ashy/Shared/.minecraftx/libraries/com/google/guava/failureaccess/1.0.1/failureaccess-1.0.1.jar:/run/media/ashy/Shared/.minecraftx/libraries/com/google/guava/guava/32.1.2-jre/guava-32.1.2-jre.jar:/run/media/ashy/Shared/.minecraftx/libraries/com/ibm/icu/icu4j/73.2/icu4j-73.2.jar:/run/media/ashy/Shared/.minecraftx/libraries/com/mojang/authlib/6.0.54/authlib-6.0.54.jar:/run/media/ashy/Shared/.minecraftx/libraries/com/mojang/blocklist/1.0.10/blocklist-1.0.10.jar:/run/media/ashy/Shared/.minecraftx/libraries/com/mojang/brigadier/1.3.10/brigadier-1.3.10.jar:/run/media/ashy/Shared/.minecraftx/libraries/com/mojang/datafixerupper/8.0.16/datafixerupper-8.0.16.jar:/run/media/ashy/Shared/.minecraftx/libraries/com/mojang/logging/1.2.7/logging-1.2.7.jar:/run/media/ashy/Shared/.minecraftx/libraries/com/mojang/patchy/2.2.10/patchy-2.2.10.jar:/run/media/ashy/Shared/.minecraftx/libraries/com/mojang/text2speech/1.17.9/text2speech-1.17.9.jar:/run/media/ashy/Shared/.minecraftx/libraries/commons-codec/commons-codec/1.16.0/commons-codec-1.16.0.jar:/run/media/ashy/Shared/.minecraftx/libraries/commons-io/commons-io/2.15.1/commons-io-2.15.1.jar:/run/media/ashy/Shared/.minecraftx/libraries/commons-logging/commons-logging/1.2/commons-logging-1.2.jar:/run/media/ashy/Shared/.minecraftx/libraries/io/netty/netty-buffer/4.1.97.Final/netty-buffer-4.1.97.Final.jar:/run/media/ashy/Shared/.minecraftx/libraries/io/netty/netty-codec/4.1.97.Final/netty-codec-4.1.97.Final.jar:/run/media/ashy/Shared/.minecraftx/libraries/io/netty/netty-common/4.1.97.Final/netty-common-4.1.97.Final.jar:/run/media/ashy/Shared/.minecraftx/libraries/io/netty/netty-handler/4.1.97.Final/netty-handler-4.1.97.Final.jar:/run/media/ashy/Shared/.minecraftx/libraries/io/netty/netty-resolver/4.1.97.Final/netty-resolver-4.1.97.Final.jar:/run/media/ashy/Shared/.minecraftx/libraries/io/netty/netty-transport-classes-epoll/4.1.97.Final/netty-transport-classes-epoll-4.1.97.Final.jar:/run/media/ashy/Shared/.minecraftx/libraries/io/netty/netty-transport-native-epoll/4.1.97.Final/netty-transport-native-epoll-4.1.97.Final-linux-aarch_64.jar:/run/media/ashy/Shared/.minecraftx/libraries/io/netty/netty-transport-native-epoll/4.1.97.Final/netty-transport-native-epoll-4.1.97.Final-linux-x86_64.jar:/run/media/ashy/Shared/.minecraftx/libraries/io/netty/netty-transport-native-unix-common/4.1.97.Final/netty-transport-native-unix-common-4.1.97.Final.jar:/run/media/ashy/Shared/.minecraftx/libraries/io/netty/netty-transport/4.1.97.Final/netty-transport-4.1.97.Final.jar:/run/media/ashy/Shared/.minecraftx/libraries/it/unimi/dsi/fastutil/8.5.12/fastutil-8.5.12.jar:/run/media/ashy/Shared/.minecraftx/libraries/net/java/dev/jna/jna-platform/5.14.0/jna-platform-5.14.0.jar:/run/media/ashy/Shared/.minecraftx/libraries/net/java/dev/jna/jna/5.14.0/jna-5.14.0.jar:/run/media/ashy/Shared/.minecraftx/libraries/net/sf/jopt-simple/jopt-simple/5.0.4/jopt-simple-5.0.4.jar:/run/media/ashy/Shared/.minecraftx/libraries/org/apache/commons/commons-compress/1.26.0/commons-compress-1.26.0.jar:/run/media/ashy/Shared/.minecraftx/libraries/org/apache/commons/commons-lang3/3.14.0/commons-lang3-3.14.0.jar:/run/media/ashy/Shared/.minecraftx/libraries/org/apache/httpcomponents/httpclient/4.5.13/httpclient-4.5.13.jar:/run/media/ashy/Shared/.minecraftx/libraries/org/apache/httpcomponents/httpcore/4.4.16/httpcore-4.4.16.jar:/run/media/ashy/Shared/.minecraftx/libraries/org/apache/logging/log4j/log4j-api/2.22.1/log4j-api-2.22.1.jar:/run/media/ashy/Shared/.minecraftx/libraries/org/apache/logging/log4j/log4j-core/2.22.1/log4j-core-2.22.1.jar:/run/media/ashy/Shared/.minecraftx/libraries/org/apache/logging/log4j/log4j-slf4j2-impl/2.22.1/log4j-slf4j2-impl-2.22.1.jar:/run/media/ashy/Shared/.minecraftx/libraries/org/jcraft/jorbis/0.0.17/jorbis-0.0.17.jar:/run/media/ashy/Shared/.minecraftx/libraries/org/joml/joml/1.10.5/joml-1.10.5.jar:/run/media/ashy/Shared/.minecraftx/libraries/org/lwjgl/lwjgl-freetype/3.3.3/lwjgl-freetype-3.3.3.jar:/run/media/ashy/Shared/.minecraftx/libraries/org/lwjgl/lwjgl-freetype/3.3.3/lwjgl-freetype-3.3.3-natives-linux.jar:/run/media/ashy/Shared/.minecraftx/libraries/org/lwjgl/lwjgl-glfw/3.3.3/lwjgl-glfw-3.3.3.jar:/run/media/ashy/Shared/.minecraftx/libraries/org/lwjgl/lwjgl-glfw/3.3.3/lwjgl-glfw-3.3.3-natives-linux.jar:/run/media/ashy/Shared/.minecraftx/libraries/org/lwjgl/lwjgl-jemalloc/3.3.3/lwjgl-jemalloc-3.3.3.jar:/run/media/ashy/Shared/.minecraftx/libraries/org/lwjgl/lwjgl-jemalloc/3.3.3/lwjgl-jemalloc-3.3.3-natives-linux.jar:/run/media/ashy/Shared/.minecraftx/libraries/org/lwjgl/lwjgl-openal/3.3.3/lwjgl-openal-3.3.3.jar:/run/media/ashy/Shared/.minecraftx/libraries/org/lwjgl/lwjgl-openal/3.3.3/lwjgl-openal-3.3.3-natives-linux.jar:/run/media/ashy/Shared/.minecraftx/libraries/org/lwjgl/lwjgl-opengl/3.3.3/lwjgl-opengl-3.3.3.jar:/run/media/ashy/Shared/.minecraftx/libraries/org/lwjgl/lwjgl-opengl/3.3.3/lwjgl-opengl-3.3.3-natives-linux.jar:/run/media/ashy/Shared/.minecraftx/libraries/org/lwjgl/lwjgl-stb/3.3.3/lwjgl-stb-3.3.3.jar:/run/media/ashy/Shared/.minecraftx/libraries/org/lwjgl/lwjgl-stb/3.3.3/lwjgl-stb-3.3.3-natives-linux.jar:/run/media/ashy/Shared/.minecraftx/libraries/org/lwjgl/lwjgl-tinyfd/3.3.3/lwjgl-tinyfd-3.3.3.jar:/run/media/ashy/Shared/.minecraftx/libraries/org/lwjgl/lwjgl-tinyfd/3.3.3/lwjgl-tinyfd-3.3.3-natives-linux.jar:/run/media/ashy/Shared/.minecraftx/libraries/org/lwjgl/lwjgl/3.3.3/lwjgl-3.3.3.jar:/run/media/ashy/Shared/.minecraftx/libraries/org/lwjgl/lwjgl/3.3.3/lwjgl-3.3.3-natives-linux.jar:/run/media/ashy/Shared/.minecraftx/libraries/org/lz4/lz4-java/1.8.0/lz4-java-1.8.0.jar:/run/media/ashy/Shared/.minecraftx/libraries/org/slf4j/slf4j-api/2.0.9/slf4j-api-2.0.9.jar:/run/media/ashy/Shared/.minecraftx/libraries/net/neoforged/fancymodloader/earlydisplay/4.0.43/earlydisplay-4.0.43.jar:/run/media/ashy/Shared/.minecraftx/libraries/net/neoforged/fancymodloader/loader/4.0.43/loader-4.0.43.jar:/run/media/ashy/Shared/.minecraftx/libraries/net/neoforged/accesstransformers/at-modlauncher/10.0.1/at-modlauncher-10.0.1.jar:/run/media/ashy/Shared/.minecraftx/libraries/net/neoforged/accesstransformers/10.0.1/accesstransformers-10.0.1.jar:/run/media/ashy/Shared/.minecraftx/libraries/net/neoforged/bus/8.0.5/bus-8.0.5.jar:/run/media/ashy/Shared/.minecraftx/libraries/net/neoforged/coremods/7.0.3/coremods-7.0.3.jar:/run/media/ashy/Shared/.minecraftx/libraries/cpw/mods/modlauncher/11.0.5/modlauncher-11.0.5.jar:/run/media/ashy/Shared/.minecraftx/libraries/net/neoforged/mergetool/2.0.0/mergetool-2.0.0-api.jar:/run/media/ashy/Shared/.minecraftx/libraries/com/electronwill/night-config/toml/3.8.3/toml-3.8.3.jar:/run/media/ashy/Shared/.minecraftx/libraries/com/electronwill/night-config/core/3.8.3/core-3.8.3.jar:/run/media/ashy/Shared/.minecraftx/libraries/net/neoforged/JarJarSelector/0.4.1/JarJarSelector-0.4.1.jar:/run/media/ashy/Shared/.minecraftx/libraries/net/neoforged/JarJarMetadata/0.4.1/JarJarMetadata-0.4.1.jar:/run/media/ashy/Shared/.minecraftx/libraries/org/apache/maven/maven-artifact/3.8.5/maven-artifact-3.8.5.jar:/run/media/ashy/Shared/.minecraftx/libraries/net/jodah/typetools/0.6.3/typetools-0.6.3.jar:/run/media/ashy/Shared/.minecraftx/libraries/net/minecrell/terminalconsoleappender/1.3.0/terminalconsoleappender-1.3.0.jar:/run/media/ashy/Shared/.minecraftx/libraries/net/fabricmc/sponge-mixin/0.15.2+mixin.0.8.7/sponge-mixin-0.15.2+mixin.0.8.7.jar:/run/media/ashy/Shared/.minecraftx/libraries/org/openjdk/nashorn/nashorn-core/15.4/nashorn-core-15.4.jar:/run/media/ashy/Shared/.minecraftx/libraries/cpw/mods/bootstraplauncher/2.0.2/bootstraplauncher-2.0.2.jar:/run/media/ashy/Shared/.minecraftx/libraries/cpw/mods/securejarhandler/3.0.8/securejarhandler-3.0.8.jar:/run/media/ashy/Shared/.minecraftx/libraries/org/ow2/asm/asm-commons/9.10.1/asm-commons-9.10.1.jar:/run/media/ashy/Shared/.minecraftx/libraries/org/ow2/asm/asm-util/9.10.1/asm-util-9.10.1.jar:/run/media/ashy/Shared/.minecraftx/libraries/org/ow2/asm/asm-analysis/9.10.1/asm-analysis-9.10.1.jar:/run/media/ashy/Shared/.minecraftx/libraries/org/ow2/asm/asm-tree/9.10.1/asm-tree-9.10.1.jar:/run/media/ashy/Shared/.minecraftx/libraries/org/ow2/asm/asm/9.10.1/asm-9.10.1.jar:/run/media/ashy/Shared/.minecraftx/libraries/net/neoforged/JarJarFileSystems/0.4.1/JarJarFileSystems-0.4.1.jar:/run/media/ashy/Shared/.minecraftx/libraries/org/antlr/antlr4-runtime/4.13.1/antlr4-runtime-4.13.1.jar:/run/media/ashy/Shared/.minecraftx/libraries/org/jline/jline-reader/3.20.0/jline-reader-3.20.0.jar:/run/media/ashy/Shared/.minecraftx/libraries/org/jline/jline-terminal/3.20.0/jline-terminal-3.20.0.jar:/run/media/ashy/Shared/.minecraftx/libraries/net/minecraftforge/srgutils/0.4.15/srgutils-0.4.15.jar:/run/media/ashy/Shared/.minecraftx/libraries/com/google/guava/listenablefuture/9999.0-empty-to-avoid-conflict-with-guava/listenablefuture-9999.0-empty-to-avoid-conflict-with-guava.jar:/run/media/ashy/Shared/.minecraftx/libraries/com/google/code/findbugs/jsr305/3.0.2/jsr305-3.0.2.jar:/run/media/ashy/Shared/.minecraftx/libraries/org/checkerframework/checker-qual/3.33.0/checker-qual-3.33.0.jar:/run/media/ashy/Shared/.minecraftx/libraries/com/google/errorprone/error_prone_annotations/2.18.0/error_prone_annotations-2.18.0.jar:/run/media/ashy/Shared/.minecraftx/libraries/com/google/j2objc/j2objc-annotations/2.8/j2objc-annotations-2.8.jar:/run/media/ashy/Shared/.minecraftx/libraries/org/codehaus/plexus/plexus-utils/3.3.0/plexus-utils-3.3.0.jar:/run/media/ashy/Shared/.minecraftx/libraries/com/machinezoo/noexception/noexception/1.7.1/noexception-1.7.1.jar:/run/media/ashy/Shared/.minecraftx/versions/1.21.1/1.21.1.jar
Launcher Type: SUN_STANDARD

[Global flags]
     intx CICompilerCount                          = 4                                         {product} {ergonomic}
     uint ConcGCThreads                            = 2                                         {product} {ergonomic}
     uint G1ConcRefinementThreads                  = 8                                         {product} {ergonomic}
   size_t G1HeapRegionSize                         = 4194304                                   {product} {ergonomic}
    uintx GCDrainStackTargetSize                   = 64                                        {product} {ergonomic}
   size_t InitialHeapSize                          = 268435456                                 {product} {command line}
   size_t MarkStackSize                            = 4194304                                   {product} {ergonomic}
   size_t MaxHeapSize                              = 8589934592                                {product} {command line}
   size_t MaxNewSize                               = 5150605312                                {product} {ergonomic}
   size_t MinHeapDeltaBytes                        = 4194304                                   {product} {ergonomic}
   size_t MinHeapSize                              = 268435456                                 {product} {command line}
    uintx NonNMethodCodeHeapSize                   = 5839372                                {pd product} {ergonomic}
    uintx NonProfiledCodeHeapSize                  = 122909434                              {pd product} {ergonomic}
    uintx ProfiledCodeHeapSize                     = 122909434                              {pd product} {ergonomic}
    uintx ReservedCodeCacheSize                    = 251658240                              {pd product} {ergonomic}
     bool SegmentedCodeCache                       = true                                      {product} {ergonomic}
   size_t SoftMaxHeapSize                          = 8589934592                             {manageable} {ergonomic}
     bool UseCompressedOops                        = true                           {product lp64_product} {ergonomic}
     bool UseG1GC                                  = true                                      {product} {ergonomic}

Logging:
Log output configuration:
 #0: stdout all=warning uptime,level,tags foldmultilines=false
 #1: stderr all=off uptime,level,tags foldmultilines=false

Environment Variables:
PATH=/usr/bin:/usr/local/sbin:/usr/local/bin:/usr/bin:/opt/android-sdk/platform-tools:/opt/cuda/bin:/usr/bin/site_perl:/usr/bin/vendor_perl:/usr/bin/core_perl:/home/ashy/.local/share/JetBrains/Toolbox/scripts:/opt/android-sdk/platform-tools:/home/ashy/.local/share/JetBrains/Toolbox/scripts
XDG_CACHE_HOME=/home/ashy/.cache
XDG_CONFIG_HOME=/home/ashy/.config
SHELL=/bin/fish
DISPLAY=:0
LANG=en_US.UTF-8
LC_NUMERIC=en_US.UTF-8
LC_TIME=en_US.UTF-8

Active Locale:
LC_ALL=en_US.UTF-8
LC_COLLATE=en_US.UTF-8
LC_CTYPE=en_US.UTF-8
LC_MESSAGES=en_US.UTF-8
LC_MONETARY=en_US.UTF-8
LC_NUMERIC=en_US.UTF-8
LC_TIME=en_US.UTF-8

Signal Handlers:
   SIGSEGV: crash_handler in libjvm.so, mask=11100100010111111101111111111110, flags=SA_RESTART|SA_SIGINFO, unblocked
    SIGBUS: crash_handler in libjvm.so, mask=11100100010111111101111111111110, flags=SA_RESTART|SA_SIGINFO, unblocked
    SIGFPE: crash_handler in libjvm.so, mask=11100100010111111101111111111110, flags=SA_RESTART|SA_SIGINFO, unblocked
   SIGPIPE: javaSignalHandler in libjvm.so, mask=11100100010111111101111111111110, flags=SA_RESTART|SA_SIGINFO, blocked
   SIGXFSZ: javaSignalHandler in libjvm.so, mask=11100100010111111101111111111110, flags=SA_RESTART|SA_SIGINFO, blocked
    SIGILL: crash_handler in libjvm.so, mask=11100100010111111101111111111110, flags=SA_RESTART|SA_SIGINFO, unblocked
   SIGUSR2: SR_handler in libjvm.so, mask=00000000000000000000000000000000, flags=SA_RESTART|SA_SIGINFO, blocked
    SIGHUP: UserHandler in libjvm.so, mask=11100100010111111101111111111110, flags=SA_RESTART|SA_SIGINFO, blocked
    SIGINT: UserHandler in libjvm.so, mask=11100100010111111101111111111110, flags=SA_RESTART|SA_SIGINFO, blocked
   SIGTERM: UserHandler in libjvm.so, mask=11100100010111111101111111111110, flags=SA_RESTART|SA_SIGINFO, blocked
   SIGQUIT: UserHandler in libjvm.so, mask=11100100010111111101111111111110, flags=SA_RESTART|SA_SIGINFO, blocked
   SIGTRAP: crash_handler in libjvm.so, mask=11100100010111111101111111111110, flags=SA_RESTART|SA_SIGINFO, unblocked


Periodic native trim disabled

---------------  S Y S T E M  ---------------

OS:
DISTRIB_ID=cachyos
DISTRIB_RELEASE="rolling"
DISTRIB_DESCRIPTION="CachyOS"
uname: Linux 7.1.8-1-cachyos #1 SMP PREEMPT_DYNAMIC Tue, 11 Aug 2026 14:27:10 +0000 x86_64
OS uptime: 0 days 4:27 hours
libc: glibc 2.44 NPTL 2.44 
rlimit (soft/hard): STACK 8192k/infinity , CORE infinity/infinity , NPROC 45817/45817 , NOFILE 1048576/1048576 , AS infinity/infinity , CPU infinity/infinity , DATA infinity/infinity , FSIZE infinity/infinity , MEMLOCK 8192k/8192k
load average: 5.74 5.85 5.41

/proc/meminfo:
MemTotal:       12041768 kB
MemFree:          160676 kB
MemAvailable:     944328 kB
Buffers:            6732 kB
Cached:          1489860 kB
SwapCached:         5544 kB
Active:          5770124 kB
Inactive:        2076640 kB
Active(anon):    5361248 kB
Inactive(anon):  1531704 kB
Active(file):     408876 kB
Inactive(file):   544936 kB
Unevictable:      419472 kB
Mlocked:           14260 kB
SwapTotal:      28818424 kB
SwapFree:       18196768 kB
Zswap:                 0 kB
Zswapped:              0 kB
Dirty:              2484 kB
Writeback:             0 kB
AnonPages:       6767744 kB
Mapped:           588744 kB
Shmem:            154680 kB
KReclaimable:     141844 kB
Slab:             407396 kB
SReclaimable:     141844 kB
SUnreclaim:       265552 kB
KernelStack:       41600 kB
PageTables:       141984 kB
SecPageTables:      2056 kB
NFS_Unstable:          0 kB
Bounce:                0 kB
WritebackTmp:          0 kB
CommitLimit:    34839308 kB
Committed_AS:   39272720 kB
VmallocTotal:   34359738367 kB
VmallocUsed:      301504 kB
VmallocChunk:          0 kB
Percpu:             6880 kB
HardwareCorrupted:     0 kB
AnonHugePages:    315392 kB
ShmemHugePages:    32768 kB
ShmemPmdMapped:        0 kB
FileHugePages:    106496 kB
FilePmdMapped:    106496 kB
CmaTotal:              0 kB
CmaFree:               0 kB
Unaccepted:            0 kB
Balloon:               0 kB
GPUActive:             0 kB
GPUReclaim:            0 kB
HugePages_Total:       0
HugePages_Free:        0
HugePages_Rsvd:        0
HugePages_Surp:        0
Hugepagesize:       2048 kB
Hugetlb:               0 kB
DirectMap4k:     5650196 kB
DirectMap2M:     6733824 kB
DirectMap1G:     2097152 kB

/sys/kernel/mm/transparent_hugepage/enabled: [always] madvise never
/sys/kernel/mm/transparent_hugepage/hpage_pmd_size: 2097152
/sys/kernel/mm/transparent_hugepage/defrag (defrag/compaction efforts parameter): always defer [defer+madvise] madvise never

Process Memory:
Virtual Size: 13419228K (peak: 13482732K)
Resident Set Size: 4486896K (peak: 4937120K) (anon: 4349176K, file: 137120K, shmem: 600K)
Swapped out: 1430052K
C-Heap outstanding allocations: 1166317K, retained: 318866K
glibc malloc tunables: (default)

/proc/sys/kernel/threads-max (system-wide limit on the number of threads): 91634
/proc/sys/vm/max_map_count (maximum number of memory map areas a process may have): 1048576
/proc/sys/vm/swappiness (control to define how aggressively the kernel swaps out anonymous memory): 150
/proc/sys/kernel/pid_max (system-wide limit on number of process identifiers): 4194304

container information not found.
Steal ticks since vm start: 0
Steal ticks percentage since vm start:  0.000

CPU: total 8 (initial active 8) (4 cores per cpu, 2 threads per core) family 6 model 126 stepping 5 microcode 0xce, cx8, cmov, fxsr, ht, mmx, 3dnowpref, sse, sse2, sse3, ssse3, sse4.1, sse4.2, popcnt, lzcnt, tsc, tscinvbit, avx, avx2, aes, erms, clmul, bmi1, bmi2, adx, avx512f, avx512dq, avx512cd, avx512bw, avx512vl, sha, fma, vzeroupper, avx512_vpopcntdq, avx512_vpclmulqdq, avx512_vaes, avx512_vnni, clflush, clflushopt, avx512_vbmi2, avx512_vbmi, rdtscp, rdpid, fsrm, gfni, avx512_bitalg, f16c, pku, ospke, avx512_ifma
CPU Model and flags from /proc/cpuinfo:
model name	: Intel(R) Core(TM) i5-1035G1 CPU @ 1.00GHz
flags		: fpu vme de pse tsc msr pae mce cx8 apic sep mtrr pge mca cmov pat pse36 clflush dts acpi mmx fxsr sse sse2 ss ht tm pbe syscall nx pdpe1gb rdtscp lm constant_tsc art arch_perfmon pebs bts rep_good nopl xtopology nonstop_tsc cpuid aperfmperf tsc_known_freq pni pclmulqdq dtes64 monitor ds_cpl vmx est tm2 ssse3 sdbg fma cx16 xtpr pdcm pcid sse4_1 sse4_2 x2apic movbe popcnt tsc_deadline_timer aes xsave avx f16c rdrand lahf_lm abm 3dnowprefetch cpuid_fault epb ssbd ibrs ibpb stibp ibrs_enhanced tpr_shadow flexpriority ept vpid ept_ad fsgsbase tsc_adjust bmi1 avx2 smep bmi2 erms invpcid avx512f avx512dq rdseed adx smap avx512ifma clflushopt intel_pt avx512cd sha_ni avx512bw avx512vl xsaveopt xsavec xgetbv1 xsaves split_lock_detect dtherm ida arat pln pts hwp hwp_notify hwp_act_window hwp_epp hwp_pkg_req vnmi avx512vbmi umip pku ospke avx512_vbmi2 gfni vaes vpclmulqdq avx512_vnni avx512_bitalg avx512_vpopcntdq rdpid fsrm md_clear flush_l1d arch_capabilities

Online cpus: 0-7
Offline cpus: 
BIOS frequency limitation: <Not Available>
Frequency switch latency (ns): 0
Available cpu frequencies: <Not Available>
Current governor: powersave
Core performance/turbo boost: <Not Available>

Memory: 4k page, physical 12041768k(944328k free), swap 28818424k(18196624k free)
Page Sizes: 4k

vm_info: OpenJDK 64-Bit Server VM (21.0.7+6-LTS) for linux-amd64 JRE (21.0.7+6-LTS), built on 2025-04-09T22:25:01Z by "MicrosoftCorporation" with gcc 11.3.0

END.
