#
# A fatal error has been detected by the Java Runtime Environment:
#
#  SIGSEGV (0xb) at pc=0x00007f9278c9df1a, pid=1011590, tid=1011615
#
# JRE version: OpenJDK Runtime Environment Microsoft-11369942 (21.0.7+6) (build 21.0.7+6-LTS)
# Java VM: OpenJDK 64-Bit Server VM Microsoft-11369942 (21.0.7+6-LTS, mixed mode, tiered, compressed oops, compressed class ptrs, g1 gc, linux-amd64)
# Problematic frame:
# V  [libjvm.so+0x81ef1a]  G1ParScanThreadState::trim_queue_to_threshold(unsigned int)+0x358a
#
# Core dump will be written. Default location: Core dumps may be processed with "/usr/lib/systemd/systemd-coredump %P %u %g %s %t %c %h %d %F %I" (or dumping to /run/media/ashy/Shared/.minecraftx/instances/Gearfall Dev/core.1011590)
#
# If you would like to submit a bug report, please visit:
#   https://aka.ms/minecraftjavacrashes
#

---------------  S U M M A R Y ------------

Command Line: -Xms256M -Xmx8192M -javaagent:/run/media/ashy/Shared/.minecraftx/libraries/org/to2mbn/authlibinjector/1.2.8/authlibinjector-1.2.8.jar=http://localhost:25555/yggdrasil -Dauthlibinjector.side=client -Djava.library.path=/run/media/ashy/Shared/.minecraftx/versions/neoforge-21.1.248/neoforge-21.1.248-natives -Djna.tmpdir=/run/media/ashy/Shared/.minecraftx/versions/neoforge-21.1.248/neoforge-21.1.248-natives -Dorg.lwjgl.system.SharedLibraryExtractPath=/run/media/ashy/Shared/.minecraftx/versions/neoforge-21.1.248/neoforge-21.1.248-natives -Dio.netty.native.workdir=/run/media/ashy/Shared/.minecraftx/versions/neoforge-21.1.248/neoforge-21.1.248-natives -Dminecraft.launcher.brand=X Minecraft Launcher (0.65.1) -Dminecraft.launcher.version=X Minecraft Launcher (0.65.1) -Djava.net.preferIPv6Addresses=system -DignoreList=client-extra,1.21.1.jar -DlibraryDirectory=/run/media/ashy/Shared/.minecraftx/libraries --module-path=/run/media/ashy/Shared/.minecraftx/libraries/cpw/mods/bootstraplauncher/2.0.2/bootstraplauncher-2.0.2.jar:/run/media/ashy/Shared/.minecraftx/libraries/cpw/mods/securejarhandler/3.0.8/securejarhandler-3.0.8.jar:/run/media/ashy/Shared/.minecraftx/libraries/org/ow2/asm/asm-commons/9.10.1/asm-commons-9.10.1.jar:/run/media/ashy/Shared/.minecraftx/libraries/org/ow2/asm/asm-util/9.10.1/asm-util-9.10.1.jar:/run/media/ashy/Shared/.minecraftx/libraries/org/ow2/asm/asm-analysis/9.10.1/asm-analysis-9.10.1.jar:/run/media/ashy/Shared/.minecraftx/libraries/org/ow2/asm/asm-tree/9.10.1/asm-tree-9.10.1.jar:/run/media/ashy/Shared/.minecraftx/libraries/org/ow2/asm/asm/9.10.1/asm-9.10.1.jar:/run/media/ashy/Shared/.minecraftx/libraries/net/neoforged/JarJarFileSystems/0.4.1/JarJarFileSystems-0.4.1.jar --add-modules=ALL-MODULE-PATH --add-opens=java.base/java.util.jar=cpw.mods.securejarhandler --add-opens=java.base/java.lang.invoke=cpw.mods.securejarhandler --add-exports=java.base/sun.security.util=cpw.mods.securejarhandler --add-exports=jdk.naming.dns/com.sun.jndi.dns=java.naming -Dauthlibinjector.debug cpw.mods.bootstraplauncher.BootstrapLauncher --username Ashy --version neoforge-21.1.248 --gameDir /run/media/ashy/Shared/.minecraftx/instances/Gearfall Dev --assetsDir /run/media/ashy/Shared/.minecraftx/assets --assetIndex 818f68d092986c6933366762f435889884c36a52 --uuid 68af5072-46a5-387f-ac5e-a6b3c47d6c3f --accessToken 169e964af01b49a9a8c35ebcccb3ff92 --clientId ${clientid} --xuid ${auth_xuid} --userType msa --versionType release --fml.neoForgeVersion 21.1.248 --fml.fmlVersion 4.0.43 --fml.mcVersion 1.21.1 --fml.neoFormVersion 20240808.144430 --launchTarget forgeclient --fullscreen

Host: Intel(R) Core(TM) i5-1035G1 CPU @ 1.00GHz, 8 cores, 11G, CachyOS
Time: Thu Aug 27 19:29:03 2026 +0530 elapsed time: 19.402340 seconds (0d 0h 0m 19s)

---------------  T H R E A D  ---------------

Current thread (0x000055f0beea4fa0):  WorkerThread "GC Thread#5"    [id=1011615, stack(0x00007f92466b3000,0x00007f92467b3000) (1024K)]

Stack: [0x00007f92466b3000,0x00007f92467b3000],  sp=0x00007f92467b1a70,  free space=1018k
Native frames: (J=compiled Java code, j=interpreted, Vv=VM code, C=native code)
V  [libjvm.so+0x81ef1a]  G1ParScanThreadState::trim_queue_to_threshold(unsigned int)+0x358a
V  [libjvm.so+0x82188a]  G1ParScanThreadState::steal_and_trim_queue(GenericTaskQueueSet<OverflowTaskQueue<ScannerTask, (MEMFLAGS)5, 131072u>, (MEMFLAGS)5>*)+0x45a
V  [libjvm.so+0x857b43]  G1ParEvacuateFollowersClosure::do_void()+0xc3
V  [libjvm.so+0x85835b]  G1EvacuateRegionsTask::evacuate_live_objects(G1ParScanThreadState*, unsigned int)+0x8b
V  [libjvm.so+0x855c7a]  G1EvacuateRegionsBaseTask::work(unsigned int)+0x9a
V  [libjvm.so+0x103bce0]  WorkerThread::run()+0x80
V  [libjvm.so+0xf7f788]  Thread::call_run()+0xa8
V  [libjvm.so+0xd0aaea]  thread_native_entry(Thread*)+0xda

siginfo: si_signo: 11 (SIGSEGV), si_code: 1 (SEGV_MAPERR), si_addr: 0x0000000000000100

Registers:
RAX=0x0000000000000000, RBX=0x00007f92778e0170, RCX=0x0000000000000000, RDX=0x0000000000000001
RSP=0x00007f92467b1a70, RBP=0x00007f92467b1b10, RSI=0x00007f927996ee80, RDI=0x00007f92787663e0
R8 =0x0000000000000001, R9 =0x0000000000000000, R10=0x0000000000000000, R11=0x0000000000000001
R12=0x0000000624ac8325, R13=0x0000000659b481c8, R14=0x00007f92799706e8, R15=0x0000000000000001
RIP=0x00007f9278c9df1a, EFLAGS=0x0000000000010246, CSGSFS=0x002b000000000033, ERR=0x0000000000000004
  TRAPNO=0x000000000000000e

XMM[0]=0x0000000624bce708 0x0000000624bce6f8
XMM[1]=0x0000000000000000 0x0000000624bce708
XMM[2]=0x0000000000000000 0x000010e500000b2f
XMM[3]=0x0000000000000000 0x000010e500000b34
XMM[4]=0x0000000000000000 0x00007f9247af90b0
XMM[5]=0x0000000000000000 0x00000000000010e5
XMM[6]=0x0000000000000000 0x00000000000010e5
XMM[7]=0x0000000000000000 0x0000000000000006
XMM[8]=0x3132333435363738 0x393a3b3c3d3e3f40
XMM[9]=0x0000000000000000 0x0000000000000000
XMM[10]=0x0000000600000004 0x0000000200000000
XMM[11]=0x0000000000000143 0x000000000000e5a4
XMM[12]=0x0102030405060708 0x090a0b0c0d0e0f10
XMM[13]=0x0000000000000000 0x0000000000000000
XMM[14]=0x0000000000000000 0x0000000000000000
XMM[15]=0x0000000000000000 0x0000000000000000
  MXCSR=0x00001fa2


Register to memory mapping:

RAX=0x0 is null
RBX=0x00007f92778e0170 points into unknown readable memory: 0x00007f92798a2158 | 58 21 8a 79 92 7f 00 00
RCX=0x0 is null
RDX=0x0000000000000001 is an unknown value
RSP=0x00007f92467b1a70 points into unknown readable memory: 0x000055f0befd0cb8 | b8 0c fd be f0 55 00 00
RBP=0x00007f92467b1b10 points into unknown readable memory: 0x00007f92467b1bb0 | b0 1b 7b 46 92 7f 00 00
RSI=0x00007f927996ee80: <offset 0x00000000014efe80> in /run/media/ashy/Shared/.minecraftx/jre/java-runtime-delta/lib/server/libjvm.so at 0x00007f927847f000
RDI=0x00007f92787663e0: <offset 0x00000000002e73e0> in /run/media/ashy/Shared/.minecraftx/jre/java-runtime-delta/lib/server/libjvm.so at 0x00007f927847f000
R8 =0x0000000000000001 is an unknown value
R9 =0x0 is null
R10=0x0 is null
R11=0x0000000000000001 is an unknown value
R12=
[error occurred during error reporting (printing register info), id 0xb, SIGSEGV (0xb) at pc=0x00007f9278c4f153]
R13=
[error occurred during error reporting (printing register info, attempt 2), id 0xb, SIGSEGV (0xb) at pc=0x00007f9278c4f153]
R14=0x00007f92799706e8: <offset 0x00000000014f16e8> in /run/media/ashy/Shared/.minecraftx/jre/java-runtime-delta/lib/server/libjvm.so at 0x00007f927847f000
R15=0x0000000000000001 is an unknown value

Top of Stack: (sp=0x00007f92467b1a70)
0x00007f92467b1a70:   000055f0befd0cb8 00007f92467b1b76
0x00007f92467b1a80:   00007f9200000000 0000000000000001
0x00007f92467b1a90:   000000000000000a 000055f0befef610
0x00007f92467b1aa0:   0000000600000000 0000000800055928
0x00007f92467b1ab0:   0000000624ac8300 00007f927996ee90
0x00007f92467b1ac0:   00000000467b1bd0 0000000624ac8368
0x00007f92467b1ad0:   00017f92799b1518 0000000000000001
0x00007f92467b1ae0:   0000000626aaf209 00007f92799b1534
0x00007f92467b1af0:   0000000625ae4270 0000000000000055
0x00007f92467b1b00:   00007f92778e0170 00007f9274004d50
0x00007f92467b1b10:   00007f92467b1bb0 00007f9278ca088a
0x00007f92467b1b20:   0000000000000005 0000000000000001
0x00007f92467b1b30:   0000000000001002 000055f0bef9f120
0x00007f92467b1b40:   0000000600000000 00007f9274004d50
0x00007f92467b1b50:   0000000625ae41b8 0000000625ae41b8
0x00007f92467b1b60:   0000000625ae4270 0000000630c0030d
0x00007f92467b1b70:   00017f92778e0170 0000000000000001
0x00007f92467b1b80:   0000000000000000 00007f92467b1ca0
0x00007f92467b1b90:   00007f92799b4c20 00007f92795a5fda
0x00007f92467b1ba0:   00007f92778e0170 0000000000000000
0x00007f92467b1bb0:   00007f92467b1c70 00007f9278cd6b43
0x00007f92467b1bc0:   00000000000000ce 00007f92467b1c50
0x00007f92467b1bd0:   00007f92467b1c40 00007f9278c4ee54
0x00007f92467b1be0:   0000000000000000 0000000000000000
0x00007f92467b1bf0:   0000000000000000 00007f9247af9080
0x00007f92467b1c00:   000055f0bee9b8c0 0000000000000006
0x00007f92467b1c10:   0000000000000000 0000000000000000
0x00007f92467b1c20:   00007f9246000000 00007f9279b0214d
0x00007f92467b1c30:   0000000000000012 00007f9279194e36
0x00007f92467b1c40:   0000000000007d60 00007f9247af9080
0x00007f92467b1c50:   000055f0bee9b8c0 0000000000000006
0x00007f92467b1c60:   0000000000000006 00000000000003d8 

Instructions: (pc=0x00007f9278c9df1a)
0x00007f9278c9de1a:   f8 01 00 00 48 d3 e7 44 89 c1 48 29 f8 48 d3 e8
0x00007f9278c9de2a:   89 c0 48 8b 04 c2 8b 40 48 48 8d 14 80 48 8b 86
0x00007f9278c9de3a:   28 02 00 00 48 8d 0c d0 4c 8b 79 18 4d 85 ff 0f
0x00007f9278c9de4a:   84 c9 03 00 00 49 8b 97 00 02 00 00 49 8d 87 00
0x00007f9278c9de5a:   02 00 00 48 39 c2 0f 84 05 17 00 00 4c 89 22 49
0x00007f9278c9de6a:   83 87 00 02 00 00 08 e9 76 eb ff ff 49 8b 96 80
0x00007f9278c9de7a:   02 00 00 48 8d 35 ec 71 fb ff 49 8d be 80 02 00
0x00007f9278c9de8a:   00 48 83 c0 08 48 8b 12 48 39 f2 0f 85 cd 03 00
0x00007f9278c9de9a:   00 31 d2 be 05 00 00 00 48 89 c7 e8 36 27 c1 ff
0x00007f9278c9deaa:   48 89 c2 49 8b 86 88 02 00 00 48 8d 04 c2 e9 d1
0x00007f9278c9deba:   f8 ff ff 31 d2 be 05 00 00 00 bf 18 02 00 00 48
0x00007f9278c9deca:   89 4d b8 e8 0e 27 c1 ff 48 8b 4d b8 48 89 80 00
0x00007f9278c9deda:   02 00 00 49 89 c7 48 c7 80 08 02 00 00 00 00 00
0x00007f9278c9deea:   00 48 c7 80 10 02 00 00 00 00 00 00 48 89 41 20
0x00007f9278c9defa:   48 81 01 18 02 00 00 48 8b 80 00 02 00 00 e9 14
0x00007f9278c9df0a:   ef ff ff 48 8b 00 48 8d 3d c9 84 ac ff 45 31 d2
0x00007f9278c9df1a:   48 8b 80 00 01 00 00 48 39 f8 0f 84 0b e8 ff ff
0x00007f9278c9df2a:   4c 89 45 90 48 8b 7d 98 4c 89 ee 4c 89 5d b8 ff
0x00007f9278c9df3a:   d0 4c 8b 45 90 4c 8b 5d b8 49 89 c2 e9 ea e7 ff
0x00007f9278c9df4a:   ff 48 8b 00 48 8d 3d 8b 84 ac ff 45 31 d2 48 8b
0x00007f9278c9df5a:   80 00 01 00 00 48 39 f8 0f 84 74 e6 ff ff 48 89
0x00007f9278c9df6a:   55 98 48 8b 7d a8 4c 89 ee 4c 89 5d a0 ff d0 48
0x00007f9278c9df7a:   8b 55 98 4c 8b 5d a0 49 89 c2 e9 53 e6 ff ff 48
0x00007f9278c9df8a:   8b b3 a0 01 00 00 48 8b 56 08 8b 8a 18 02 00 00
0x00007f9278c9df9a:   48 8b ba 10 02 00 00 48 8b 92 f8 01 00 00 48 d3
0x00007f9278c9dfaa:   e7 44 89 c1 48 29 f8 48 d3 e8 89 c0 48 8b 04 c2
0x00007f9278c9dfba:   8b 40 48 48 8d 14 80 48 8b 86 28 02 00 00 48 8d
0x00007f9278c9dfca:   0c d0 4c 8b 79 20 4d 85 ff 0f 84 2a 14 00 00 49
0x00007f9278c9dfda:   8b 97 00 02 00 00 49 8d 87 00 02 00 00 48 39 c2
0x00007f9278c9dfea:   0f 84 c0 13 00 00 4c 89 22 49 83 87 00 02 00 00
0x00007f9278c9dffa:   08 e9 d4 ea ff ff 84 c0 0f 85 16 07 00 00 48 8d
0x00007f9278c9e00a:   15 01 04 ce 00 44 39 02 0f 85 5b ed ff ff 49 8d 


Stack slot to memory mapping:

stack at sp + 0 slots: 0x000055f0befd0cb8 points into unknown readable memory: 0x0000000000000000 | 00 00 00 00 00 00 00 00
stack at sp + 1 slots: 0x00007f92467b1b76 points into unknown readable memory: 01 00
stack at sp + 2 slots: 0x00007f9200000000 is an unknown value
stack at sp + 3 slots: 0x0000000000000001 is an unknown value
stack at sp + 4 slots: 0x000000000000000a is an unknown value
stack at sp + 5 slots: 0x000055f0befef610 points into unknown readable memory: 0x0000000659800000 | 00 00 80 59 06 00 00 00
stack at sp + 6 slots: 0x0000000600000000 is an oop: [B 
{0x0000000600000000} - klass: {type array byte}
 - length: 46826
stack at sp + 7 slots: 0x0000000800055928 is pointing into metadata


---------------  P R O C E S S  ---------------

Threads class SMR info:
_java_thread_list=0x00007f923c001bd0, length=27, elements={
0x00007f92740313e0, 0x00007f927419ffd0, 0x00007f92741b1140, 0x00007f92741b2a20,
0x00007f92741b3f80, 0x00007f92741b5510, 0x00007f92741b6cf0, 0x00007f92741b8390,
0x00007f92742cff00, 0x00007f9274a49430, 0x00007f9274f1d780, 0x00007f923c004020,
0x00007f923c005230, 0x00007f92380026f0, 0x00007f924017a510, 0x00007f924c0077e0,
0x00007f9238003d00, 0x00007f927619ab70, 0x00007f92762241c0, 0x00007f9276558400,
0x00007f92757633d0, 0x00007f9275783510, 0x00007f92773ce1b0, 0x00007f92773cf260,
0x00007f92773d0510, 0x00007f92773d1740, 0x00007f92773d2a30
}

Java Threads: ( => current thread )
  0x00007f92740313e0 JavaThread "main"                              [_thread_blocked, id=1011591, stack(0x00007f9278278000,0x00007f9278378000) (1024K)]
  0x00007f927419ffd0 JavaThread "Reference Handler"          daemon [_thread_blocked, id=1011599, stack(0x00007f92478fa000,0x00007f92479fa000) (1024K)]
  0x00007f92741b1140 JavaThread "Finalizer"                  daemon [_thread_blocked, id=1011600, stack(0x00007f9247500000,0x00007f9247600000) (1024K)]
  0x00007f92741b2a20 JavaThread "Signal Dispatcher"          daemon [_thread_blocked, id=1011601, stack(0x00007f92473ff000,0x00007f92474ff000) (1024K)]
  0x00007f92741b3f80 JavaThread "Service Thread"             daemon [_thread_blocked, id=1011602, stack(0x00007f92472fe000,0x00007f92473fe000) (1024K)]
  0x00007f92741b5510 JavaThread "Monitor Deflation Thread"   daemon [_thread_blocked, id=1011603, stack(0x00007f92471fd000,0x00007f92472fd000) (1024K)]
  0x00007f92741b6cf0 JavaThread "C2 CompilerThread0"         daemon [_thread_blocked, id=1011604, stack(0x00007f92470fc000,0x00007f92471fc000) (1024K)]
  0x00007f92741b8390 JavaThread "C1 CompilerThread0"         daemon [_thread_blocked, id=1011605, stack(0x00007f9246ffb000,0x00007f92470fb000) (1024K)]
  0x00007f92742cff00 JavaThread "Common-Cleaner"             daemon [_thread_blocked, id=1011606, stack(0x00007f9246efa000,0x00007f9246ffa000) (1024K)]
  0x00007f9274a49430 JavaThread "Notification Thread"        daemon [_thread_blocked, id=1011609, stack(0x00007f9246cf8000,0x00007f9246df8000) (1024K)]
  0x00007f9274f1d780 JavaThread "ForkJoinPool.commonPool-worker-1" daemon [_thread_blocked, id=1011618, stack(0x00007f924644f000,0x00007f924654f000) (1024K)]
  0x00007f923c004020 JavaThread "ForkJoinPool.commonPool-worker-2" daemon [_thread_blocked, id=1011619, stack(0x00007f924634e000,0x00007f924644e000) (1024K)]
  0x00007f923c005230 JavaThread "ForkJoinPool.commonPool-worker-3" daemon [_thread_blocked, id=1011620, stack(0x00007f924624d000,0x00007f924634d000) (1024K)]
  0x00007f92380026f0 JavaThread "ForkJoinPool.commonPool-worker-4" daemon [_thread_blocked, id=1011621, stack(0x00007f924614c000,0x00007f924624c000) (1024K)]
  0x00007f924017a510 JavaThread "ForkJoinPool.commonPool-worker-5" daemon [_thread_blocked, id=1011622, stack(0x00007f924604b000,0x00007f924614b000) (1024K)]
  0x00007f924c0077e0 JavaThread "ForkJoinPool.commonPool-worker-7" daemon [_thread_blocked, id=1011623, stack(0x00007f9245f4a000,0x00007f924604a000) (1024K)]
  0x00007f9238003d00 JavaThread "ForkJoinPool.commonPool-worker-6" daemon [_thread_blocked, id=1011624, stack(0x00007f9245e49000,0x00007f9245f49000) (1024K)]
  0x00007f927619ab70 JavaThread "Drippy-EarlyWindow"         daemon [_thread_blocked, id=1011675, stack(0x00007f9245944000,0x00007f9245a44000) (1024K)]
  0x00007f92762241c0 JavaThread "LauncherLogger-Worker"      daemon [_thread_blocked, id=1011677, stack(0x00007f9245a45000,0x00007f9245b45000) (1024K)]
  0x00007f9276558400 JavaThread "JNA Cleaner"                daemon [_thread_blocked, id=1011681, stack(0x00007f922aeaf000,0x00007f922afaf000) (1024K)]
  0x00007f92757633d0 JavaThread "background-scan-handler-0"  daemon [_thread_blocked, id=1011731, stack(0x00007f9246bf7000,0x00007f9246cf7000) (1024K)]
  0x00007f9275783510 JavaThread "background-scan-handler-1"  daemon [_thread_blocked, id=1011732, stack(0x00007f92465b2000,0x00007f92466b2000) (1024K)]
  0x00007f92773ce1b0 JavaThread "background-scan-handler-2"  daemon [_thread_blocked, id=1011733, stack(0x00007f922a6ff000,0x00007f922a7ff000) (1024K)]
  0x00007f92773cf260 JavaThread "background-scan-handler-3"  daemon [_thread_blocked, id=1011734, stack(0x00007f922a5fe000,0x00007f922a6fe000) (1024K)]
  0x00007f92773d0510 JavaThread "background-scan-handler-4"  daemon [_thread_blocked, id=1011735, stack(0x00007f922a4fd000,0x00007f922a5fd000) (1024K)]
  0x00007f92773d1740 JavaThread "background-scan-handler-5"  daemon [_thread_blocked, id=1011736, stack(0x00007f922a3fc000,0x00007f922a4fc000) (1024K)]
  0x00007f92773d2a30 JavaThread "background-scan-handler-6"  daemon [_thread_blocked, id=1011737, stack(0x00007f922a2fb000,0x00007f922a3fb000) (1024K)]
Total: 27

Other Threads:
  0x00007f9274127500 VMThread "VM Thread"                           [id=1011598, stack(0x00007f92479fb000,0x00007f9247afb000) (1024K)]
  0x00007f92740dc5d0 WatcherThread "VM Periodic Task Thread"        [id=1011597, stack(0x00007f9247afc000,0x00007f9247bfc000) (1024K)]
  0x00007f927405bba0 WorkerThread "GC Thread#0"                     [id=1011592, stack(0x00007f9260af8000,0x00007f9260bf8000) (1024K)]
  0x000055f0beea2360 WorkerThread "GC Thread#1"                     [id=1011611, stack(0x00007f9246ab7000,0x00007f9246bb7000) (1024K)]
  0x000055f0beea2e70 WorkerThread "GC Thread#2"                     [id=1011612, stack(0x00007f92469b6000,0x00007f9246ab6000) (1024K)]
  0x000055f0beea3980 WorkerThread "GC Thread#3"                     [id=1011613, stack(0x00007f92468b5000,0x00007f92469b5000) (1024K)]
  0x000055f0beea4490 WorkerThread "GC Thread#4"                     [id=1011614, stack(0x00007f92467b4000,0x00007f92468b4000) (1024K)]
=>0x000055f0beea4fa0 WorkerThread "GC Thread#5"                     [id=1011615, stack(0x00007f92466b3000,0x00007f92467b3000) (1024K)]
  0x000055f0beecc680 WorkerThread "GC Thread#6"                     [id=1011637, stack(0x00007f9245d48000,0x00007f9245e48000) (1024K)]
  0x000055f0beece2a0 WorkerThread "GC Thread#7"                     [id=1011638, stack(0x00007f9245c47000,0x00007f9245d47000) (1024K)]
  0x00007f927406d1b0 ConcurrentGCThread "G1 Main Marker"            [id=1011593, stack(0x00007f9256900000,0x00007f9256a00000) (1024K)]
  0x00007f927406e150 WorkerThread "G1 Conc#0"                       [id=1011594, stack(0x00007f92567ff000,0x00007f92568ff000) (1024K)]
  0x00007f9248007b70 WorkerThread "G1 Conc#1"                       [id=1011639, stack(0x00007f9245b46000,0x00007f9245c46000) (1024K)]
  0x00007f92740cb250 ConcurrentGCThread "G1 Refine#0"               [id=1011595, stack(0x00007f9247cfe000,0x00007f9247dfe000) (1024K)]
  0x00007f92740cc200 ConcurrentGCThread "G1 Service"                [id=1011596, stack(0x00007f9247bfd000,0x00007f9247cfd000) (1024K)]
Total: 15

Threads with active compile tasks:
C2 CompilerThread0  19409 10900       4       org.objectweb.asm.ClassReader::readStackMapFrame (535 bytes)
Total: 1

VM state: at safepoint (normal execution)

VM Mutex/Monitor currently owned by a thread:  ([mutex/lock_event])
[0x00007f92799cbd70] Threads_lock - owner thread: 0x00007f9274127500
[0x00007f92799cbc70] Heap_lock - owner thread: 0x00007f92740313e0

Heap address: 0x0000000600000000, size: 8192 MB, Compressed Oops mode: Zero based, Oop shift amount: 3

CDS archive(s) not mapped
Compressed class space mapped at: 0x0000000800000000-0x0000000840000000, reserved size: 1073741824
Narrow klass base: 0x0000000800000000, Narrow klass shift: 0, Narrow klass range: 0x40000000

GC Precious Log:
 CardTable entry size: 512
 Card Set container configuration: InlinePtr #cards 4 size 8 Array Of Cards #cards 32 size 80 Howl #buckets 8 coarsen threshold 7372 Howl Bitmap #cards 1024 size 144 coarsen threshold 921 Card regions per heap region 1 cards per card region 8192
 CPUs: 8 total, 8 available
 Memory: 11759M
 Large Page Support: Disabled
 NUMA Support: Disabled
 Compressed Oops: Enabled (Zero based)
 Heap Region Size: 4M
 Heap Min Capacity: 256M
 Heap Initial Capacity: 256M
 Heap Max Capacity: 8G
 Pre-touch: Disabled
 Parallel Workers: 8
 Concurrent Workers: 2
 Concurrent Refinement Workers: 8
 Periodic GC: Disabled

Heap:
 garbage-first heap   total 1871872K, used 1606553K [0x0000000600000000, 0x0000000800000000)
  region size 4096K, 289 young (1183744K), 35 survivors (143360K)
 Metaspace       used 59263K, committed 60352K, reserved 1114112K
  class space    used 6498K, committed 6976K, reserved 1048576K

Heap Regions: E=young(eden), S=young(survivor), O=old, HS=humongous(starts), HC=humongous(continues), CS=collection set, F=free, TAMS=top-at-mark-start, PB=parsable bottom
|   0|0x0000000600000000, 0x0000000600400000, 0x0000000600400000|100%| O|  |TAMS 0x0000000600000000| PB 0x0000000600000000| Untracked 
|   1|0x0000000600400000, 0x0000000600800000, 0x0000000600800000|100%| O|  |TAMS 0x0000000600400000| PB 0x0000000600400000| Untracked 
|   2|0x0000000600800000, 0x0000000600c00000, 0x0000000600c00000|100%| O|  |TAMS 0x0000000600800000| PB 0x0000000600800000| Untracked 
|   3|0x0000000600c00000, 0x0000000601000000, 0x0000000601000000|100%| O|  |TAMS 0x0000000600c00000| PB 0x0000000600c00000| Untracked 
|   4|0x0000000601000000, 0x0000000601400000, 0x0000000601400000|100%| O|  |TAMS 0x0000000601000000| PB 0x0000000601000000| Untracked 
|   5|0x0000000601400000, 0x0000000601800000, 0x0000000601800000|100%|HS|  |TAMS 0x0000000601400000| PB 0x0000000601400000| Complete 
|   6|0x0000000601800000, 0x0000000601c00000, 0x0000000601c00000|100%|HC|  |TAMS 0x0000000601800000| PB 0x0000000601800000| Complete 
|   7|0x0000000601c00000, 0x0000000602000000, 0x0000000602000000|100%|HS|  |TAMS 0x0000000601c00000| PB 0x0000000601c00000| Complete 
|   8|0x0000000602000000, 0x0000000602400000, 0x0000000602400000|100%| O|  |TAMS 0x0000000602000000| PB 0x0000000602000000| Untracked 
|   9|0x0000000602400000, 0x0000000602800000, 0x0000000602800000|100%| O|  |TAMS 0x0000000602400000| PB 0x0000000602400000| Untracked 
|  10|0x0000000602800000, 0x0000000602c00000, 0x0000000602c00000|100%| O|  |TAMS 0x0000000602800000| PB 0x0000000602800000| Untracked 
|  11|0x0000000602c00000, 0x0000000603000000, 0x0000000603000000|100%| O|CS|TAMS 0x0000000602c00000| PB 0x0000000602c00000| Complete 
|  12|0x0000000603000000, 0x0000000603400000, 0x0000000603400000|100%| O|  |TAMS 0x0000000603000000| PB 0x0000000603000000| Untracked 
|  13|0x0000000603400000, 0x0000000603800000, 0x0000000603800000|100%| O|CS|TAMS 0x0000000603400000| PB 0x0000000603400000| Complete 
|  14|0x0000000603800000, 0x0000000603c00000, 0x0000000603c00000|100%| O|  |TAMS 0x0000000603800000| PB 0x0000000603800000| Untracked 
|  15|0x0000000603c00000, 0x0000000604000000, 0x0000000604000000|100%|HS|  |TAMS 0x0000000603c00000| PB 0x0000000603c00000| Complete 
|  16|0x0000000604000000, 0x0000000604400000, 0x0000000604400000|100%|HC|  |TAMS 0x0000000604000000| PB 0x0000000604000000| Complete 
|  17|0x0000000604400000, 0x0000000604800000, 0x0000000604800000|100%| O|  |TAMS 0x0000000604400000| PB 0x0000000604400000| Untracked 
|  18|0x0000000604800000, 0x0000000604c00000, 0x0000000604c00000|100%| O|  |TAMS 0x0000000604800000| PB 0x0000000604800000| Untracked 
|  19|0x0000000604c00000, 0x0000000605000000, 0x0000000605000000|100%| O|  |TAMS 0x0000000604c00000| PB 0x0000000604c00000| Untracked 
|  20|0x0000000605000000, 0x0000000605400000, 0x0000000605400000|100%| O|  |TAMS 0x0000000605000000| PB 0x0000000605000000| Untracked 
|  21|0x0000000605400000, 0x0000000605800000, 0x0000000605800000|100%|HS|  |TAMS 0x0000000605400000| PB 0x0000000605400000| Complete 
|  22|0x0000000605800000, 0x0000000605c00000, 0x0000000605c00000|100%|HC|  |TAMS 0x0000000605800000| PB 0x0000000605800000| Complete 
|  23|0x0000000605c00000, 0x0000000606000000, 0x0000000606000000|100%| O|  |TAMS 0x0000000605c00000| PB 0x0000000605c00000| Untracked 
|  24|0x0000000606000000, 0x0000000606400000, 0x0000000606400000|100%| O|  |TAMS 0x0000000606000000| PB 0x0000000606000000| Untracked 
|  25|0x0000000606400000, 0x0000000606800000, 0x0000000606800000|100%|HS|  |TAMS 0x0000000606400000| PB 0x0000000606400000| Complete 
|  26|0x0000000606800000, 0x0000000606c00000, 0x0000000606c00000|100%| O|  |TAMS 0x0000000606800000| PB 0x0000000606800000| Untracked 
|  27|0x0000000606c00000, 0x0000000607000000, 0x0000000607000000|100%| O|  |TAMS 0x0000000606c00000| PB 0x0000000606c00000| Untracked 
|  28|0x0000000607000000, 0x0000000607400000, 0x0000000607400000|100%| O|  |TAMS 0x0000000607000000| PB 0x0000000607000000| Untracked 
|  29|0x0000000607400000, 0x0000000607800000, 0x0000000607800000|100%| O|  |TAMS 0x0000000607400000| PB 0x0000000607400000| Untracked 
|  30|0x0000000607800000, 0x0000000607c00000, 0x0000000607c00000|100%| O|  |TAMS 0x0000000607800000| PB 0x0000000607800000| Untracked 
|  31|0x0000000607c00000, 0x0000000608000000, 0x0000000608000000|100%| O|  |TAMS 0x0000000607c00000| PB 0x0000000607c00000| Untracked 
|  32|0x0000000608000000, 0x0000000608400000, 0x0000000608400000|100%| O|  |TAMS 0x0000000608000000| PB 0x0000000608000000| Untracked 
|  33|0x0000000608400000, 0x0000000608800000, 0x0000000608800000|100%| O|  |TAMS 0x0000000608400000| PB 0x0000000608400000| Untracked 
|  34|0x0000000608800000, 0x0000000608c00000, 0x0000000608c00000|100%| O|  |TAMS 0x0000000608800000| PB 0x0000000608800000| Untracked 
|  35|0x0000000608c00000, 0x0000000609000000, 0x0000000609000000|100%| O|  |TAMS 0x0000000608c00000| PB 0x0000000608c00000| Untracked 
|  36|0x0000000609000000, 0x0000000609400000, 0x0000000609400000|100%| O|  |TAMS 0x0000000609000000| PB 0x0000000609000000| Untracked 
|  37|0x0000000609400000, 0x0000000609800000, 0x0000000609800000|100%| O|  |TAMS 0x0000000609400000| PB 0x0000000609400000| Untracked 
|  38|0x0000000609800000, 0x0000000609c00000, 0x0000000609c00000|100%| O|  |TAMS 0x0000000609800000| PB 0x0000000609800000| Untracked 
|  39|0x0000000609c00000, 0x000000060a000000, 0x000000060a000000|100%| O|  |TAMS 0x0000000609c00000| PB 0x0000000609c00000| Untracked 
|  40|0x000000060a000000, 0x000000060a400000, 0x000000060a400000|100%| O|  |TAMS 0x000000060a000000| PB 0x000000060a000000| Untracked 
|  41|0x000000060a400000, 0x000000060a800000, 0x000000060a800000|100%| O|  |TAMS 0x000000060a400000| PB 0x000000060a400000| Untracked 
|  42|0x000000060a800000, 0x000000060ac00000, 0x000000060ac00000|100%| O|  |TAMS 0x000000060a800000| PB 0x000000060a800000| Untracked 
|  43|0x000000060ac00000, 0x000000060b000000, 0x000000060b000000|100%| O|  |TAMS 0x000000060ac00000| PB 0x000000060ac00000| Untracked 
|  44|0x000000060b000000, 0x000000060b400000, 0x000000060b400000|100%|HS|  |TAMS 0x000000060b000000| PB 0x000000060b000000| Complete 
|  45|0x000000060b400000, 0x000000060b800000, 0x000000060b800000|100%|HC|  |TAMS 0x000000060b400000| PB 0x000000060b400000| Complete 
|  46|0x000000060b800000, 0x000000060bc00000, 0x000000060bc00000|100%|HC|  |TAMS 0x000000060b800000| PB 0x000000060b800000| Complete 
|  47|0x000000060bc00000, 0x000000060c000000, 0x000000060c000000|100%|HC|  |TAMS 0x000000060bc00000| PB 0x000000060bc00000| Complete 
|  48|0x000000060c000000, 0x000000060c400000, 0x000000060c400000|100%|HS|  |TAMS 0x000000060c000000| PB 0x000000060c000000| Complete 
|  49|0x000000060c400000, 0x000000060c800000, 0x000000060c800000|100%|HC|  |TAMS 0x000000060c400000| PB 0x000000060c400000| Complete 
|  50|0x000000060c800000, 0x000000060cc00000, 0x000000060cc00000|100%|HC|  |TAMS 0x000000060c800000| PB 0x000000060c800000| Complete 
|  51|0x000000060cc00000, 0x000000060d000000, 0x000000060d000000|100%|HC|  |TAMS 0x000000060cc00000| PB 0x000000060cc00000| Complete 
|  52|0x000000060d000000, 0x000000060d400000, 0x000000060d400000|100%|HS|  |TAMS 0x000000060d000000| PB 0x000000060d000000| Complete 
|  53|0x000000060d400000, 0x000000060d800000, 0x000000060d800000|100%|HC|  |TAMS 0x000000060d400000| PB 0x000000060d400000| Complete 
|  54|0x000000060d800000, 0x000000060dc00000, 0x000000060dc00000|100%| O|  |TAMS 0x000000060d800000| PB 0x000000060d800000| Untracked 
|  55|0x000000060dc00000, 0x000000060e000000, 0x000000060e000000|100%| O|  |TAMS 0x000000060dc00000| PB 0x000000060dc00000| Untracked 
|  56|0x000000060e000000, 0x000000060e400000, 0x000000060e400000|100%| O|  |TAMS 0x000000060e000000| PB 0x000000060e000000| Untracked 
|  57|0x000000060e400000, 0x000000060e800000, 0x000000060e800000|100%|HS|  |TAMS 0x000000060e400000| PB 0x000000060e400000| Complete 
|  58|0x000000060e800000, 0x000000060ec00000, 0x000000060ec00000|100%|HC|  |TAMS 0x000000060e800000| PB 0x000000060e800000| Complete 
|  59|0x000000060ec00000, 0x000000060f000000, 0x000000060f000000|100%|HC|  |TAMS 0x000000060ec00000| PB 0x000000060ec00000| Complete 
|  60|0x000000060f000000, 0x000000060f400000, 0x000000060f400000|100%|HC|  |TAMS 0x000000060f000000| PB 0x000000060f000000| Complete 
|  61|0x000000060f400000, 0x000000060f800000, 0x000000060f800000|100%|HC|  |TAMS 0x000000060f400000| PB 0x000000060f400000| Complete 
|  62|0x000000060f800000, 0x000000060fc00000, 0x000000060fc00000|100%|HC|  |TAMS 0x000000060f800000| PB 0x000000060f800000| Complete 
|  63|0x000000060fc00000, 0x0000000610000000, 0x0000000610000000|100%|HC|  |TAMS 0x000000060fc00000| PB 0x000000060fc00000| Complete 
|  64|0x0000000610000000, 0x0000000610400000, 0x0000000610400000|100%|HS|  |TAMS 0x0000000610000000| PB 0x0000000610000000| Complete 
|  65|0x0000000610400000, 0x0000000610800000, 0x0000000610800000|100%|HC|  |TAMS 0x0000000610400000| PB 0x0000000610400000| Complete 
|  66|0x0000000610800000, 0x0000000610c00000, 0x0000000610c00000|100%|HC|  |TAMS 0x0000000610800000| PB 0x0000000610800000| Complete 
|  67|0x0000000610c00000, 0x0000000611000000, 0x0000000611000000|100%|HC|  |TAMS 0x0000000610c00000| PB 0x0000000610c00000| Complete 
|  68|0x0000000611000000, 0x0000000611400000, 0x0000000611400000|100%|HC|  |TAMS 0x0000000611000000| PB 0x0000000611000000| Complete 
|  69|0x0000000611400000, 0x0000000611800000, 0x0000000611800000|100%|HC|  |TAMS 0x0000000611400000| PB 0x0000000611400000| Complete 
|  70|0x0000000611800000, 0x0000000611c00000, 0x0000000611c00000|100%|HC|  |TAMS 0x0000000611800000| PB 0x0000000611800000| Complete 
|  71|0x0000000611c00000, 0x0000000612000000, 0x0000000612000000|100%|HS|  |TAMS 0x0000000611c00000| PB 0x0000000611c00000| Complete 
|  72|0x0000000612000000, 0x0000000612400000, 0x0000000612400000|100%|HS|  |TAMS 0x0000000612000000| PB 0x0000000612000000| Complete 
|  73|0x0000000612400000, 0x0000000612800000, 0x0000000612800000|100%| O|  |TAMS 0x0000000612400000| PB 0x0000000612400000| Untracked 
|  74|0x0000000612800000, 0x0000000612c00000, 0x0000000612c00000|100%|HS|  |TAMS 0x0000000612800000| PB 0x0000000612800000| Complete 
|  75|0x0000000612c00000, 0x0000000613000000, 0x0000000613000000|100%|HC|  |TAMS 0x0000000612c00000| PB 0x0000000612c00000| Complete 
|  76|0x0000000613000000, 0x0000000613400000, 0x0000000613400000|100%| O|  |TAMS 0x0000000613000000| PB 0x0000000613000000| Untracked 
|  77|0x0000000613400000, 0x0000000613800000, 0x0000000613800000|100%| O|  |TAMS 0x0000000613400000| PB 0x0000000613400000| Untracked 
|  78|0x0000000613800000, 0x0000000613c00000, 0x0000000613c00000|100%|HS|  |TAMS 0x0000000613800000| PB 0x0000000613800000| Complete 
|  79|0x0000000613c00000, 0x0000000614000000, 0x0000000614000000|100%| O|  |TAMS 0x0000000613c00000| PB 0x0000000613c00000| Untracked 
|  80|0x0000000614000000, 0x0000000614400000, 0x0000000614400000|100%|HS|  |TAMS 0x0000000614000000| PB 0x0000000614000000| Complete 
|  81|0x0000000614400000, 0x0000000614800000, 0x0000000614800000|100%|HC|  |TAMS 0x0000000614400000| PB 0x0000000614400000| Complete 
|  82|0x0000000614800000, 0x0000000614c00000, 0x0000000614c00000|100%| O|  |TAMS 0x0000000614800000| PB 0x0000000614800000| Untracked 
|  83|0x0000000614c00000, 0x0000000615000000, 0x0000000615000000|100%| O|  |TAMS 0x0000000614c00000| PB 0x0000000614c00000| Untracked 
|  84|0x0000000615000000, 0x0000000615400000, 0x0000000615400000|100%|HS|  |TAMS 0x0000000615000000| PB 0x0000000615000000| Complete 
|  85|0x0000000615400000, 0x0000000615800000, 0x0000000615800000|100%| O|  |TAMS 0x0000000615400000| PB 0x0000000615400000| Untracked 
|  86|0x0000000615800000, 0x0000000615c00000, 0x0000000615c00000|100%|HS|  |TAMS 0x0000000615800000| PB 0x0000000615800000| Complete 
|  87|0x0000000615c00000, 0x0000000616000000, 0x0000000616000000|100%|HC|  |TAMS 0x0000000615c00000| PB 0x0000000615c00000| Complete 
|  88|0x0000000616000000, 0x0000000616400000, 0x0000000616400000|100%|HC|  |TAMS 0x0000000616000000| PB 0x0000000616000000| Complete 
|  89|0x0000000616400000, 0x0000000616800000, 0x0000000616800000|100%|HC|  |TAMS 0x0000000616400000| PB 0x0000000616400000| Complete 
|  90|0x0000000616800000, 0x0000000616c00000, 0x0000000616c00000|100%| O|  |TAMS 0x0000000616800000| PB 0x0000000616800000| Untracked 
|  91|0x0000000616c00000, 0x0000000617000000, 0x0000000617000000|100%| O|  |TAMS 0x0000000616c00000| PB 0x0000000616c00000| Untracked 
|  92|0x0000000617000000, 0x0000000617400000, 0x0000000617400000|100%| O|  |TAMS 0x0000000617000000| PB 0x0000000617000000| Untracked 
|  93|0x0000000617400000, 0x0000000617800000, 0x0000000617800000|100%| O|  |TAMS 0x0000000617400000| PB 0x0000000617400000| Untracked 
|  94|0x0000000617800000, 0x0000000617c00000, 0x0000000617c00000|100%| O|  |TAMS 0x0000000617800000| PB 0x0000000617800000| Untracked 
|  95|0x0000000617c00000, 0x0000000618000000, 0x0000000618000000|100%| O|  |TAMS 0x0000000617c00000| PB 0x0000000617c00000| Untracked 
|  96|0x0000000618000000, 0x0000000618400000, 0x0000000618400000|100%| O|  |TAMS 0x0000000618000000| PB 0x0000000618000000| Untracked 
|  97|0x0000000618400000, 0x0000000618800000, 0x0000000618800000|100%| O|  |TAMS 0x0000000618400000| PB 0x0000000618400000| Untracked 
|  98|0x0000000618800000, 0x0000000618c00000, 0x0000000618c00000|100%| O|  |TAMS 0x0000000618800000| PB 0x0000000618800000| Untracked 
|  99|0x0000000618c00000, 0x0000000619000000, 0x0000000619000000|100%| O|  |TAMS 0x0000000618c00000| PB 0x0000000618c00000| Untracked 
| 100|0x0000000619000000, 0x0000000619400000, 0x0000000619400000|100%|HS|  |TAMS 0x0000000619000000| PB 0x0000000619000000| Complete 
| 101|0x0000000619400000, 0x0000000619800000, 0x0000000619800000|100%|HC|  |TAMS 0x0000000619400000| PB 0x0000000619400000| Complete 
| 102|0x0000000619800000, 0x0000000619c00000, 0x0000000619c00000|100%| O|  |TAMS 0x0000000619800000| PB 0x0000000619800000| Untracked 
| 103|0x0000000619c00000, 0x000000061a000000, 0x000000061a000000|100%|HS|  |TAMS 0x0000000619c00000| PB 0x0000000619c00000| Complete 
| 104|0x000000061a000000, 0x000000061a400000, 0x000000061a400000|100%|HC|  |TAMS 0x000000061a000000| PB 0x000000061a000000| Complete 
| 105|0x000000061a400000, 0x000000061a800000, 0x000000061a800000|100%|HC|  |TAMS 0x000000061a400000| PB 0x000000061a400000| Complete 
| 106|0x000000061a800000, 0x000000061ac00000, 0x000000061ac00000|100%|HC|  |TAMS 0x000000061a800000| PB 0x000000061a800000| Complete 
| 107|0x000000061ac00000, 0x000000061b000000, 0x000000061b000000|100%|HC|  |TAMS 0x000000061ac00000| PB 0x000000061ac00000| Complete 
| 108|0x000000061b000000, 0x000000061b400000, 0x000000061b400000|100%|HC|  |TAMS 0x000000061b000000| PB 0x000000061b000000| Complete 
| 109|0x000000061b400000, 0x000000061b800000, 0x000000061b800000|100%|HC|  |TAMS 0x000000061b400000| PB 0x000000061b400000| Complete 
| 110|0x000000061b800000, 0x000000061bc00000, 0x000000061bc00000|100%| O|  |TAMS 0x000000061b800000| PB 0x000000061b800000| Untracked 
| 111|0x000000061bc00000, 0x000000061bce6780, 0x000000061c000000| 22%| O|CS|TAMS 0x000000061bc00000| PB 0x000000061bc00000| Complete 
| 112|0x000000061c000000, 0x000000061c400000, 0x000000061c400000|100%| O|  |TAMS 0x000000061c000000| PB 0x000000061c000000| Untracked 
| 113|0x000000061c400000, 0x000000061c800000, 0x000000061c800000|100%| O|  |TAMS 0x000000061c400000| PB 0x000000061c400000| Untracked 
| 114|0x000000061c800000, 0x000000061cc00000, 0x000000061cc00000|100%| O|  |TAMS 0x000000061c800000| PB 0x000000061c800000| Untracked 
| 115|0x000000061cc00000, 0x000000061d000000, 0x000000061d000000|100%| O|  |TAMS 0x000000061cc00000| PB 0x000000061cc00000| Untracked 
| 116|0x000000061d000000, 0x000000061d400000, 0x000000061d400000|100%| O|  |TAMS 0x000000061d000000| PB 0x000000061d000000| Untracked 
| 117|0x000000061d400000, 0x000000061d509000, 0x000000061d800000| 25%| O|  |TAMS 0x000000061d400000| PB 0x000000061d400000| Untracked 
| 118|0x000000061d800000, 0x000000061d800000, 0x000000061dc00000|  0%| F|  |TAMS 0x000000061d800000| PB 0x000000061d800000| Untracked 
| 119|0x000000061dc00000, 0x000000061dc00000, 0x000000061e000000|  0%| F|  |TAMS 0x000000061dc00000| PB 0x000000061dc00000| Untracked 
| 120|0x000000061e000000, 0x000000061e000000, 0x000000061e400000|  0%| F|  |TAMS 0x000000061e000000| PB 0x000000061e000000| Untracked 
| 121|0x000000061e400000, 0x000000061e400000, 0x000000061e800000|  0%| F|  |TAMS 0x000000061e400000| PB 0x000000061e400000| Untracked 
| 122|0x000000061e800000, 0x000000061e800000, 0x000000061ec00000|  0%| F|  |TAMS 0x000000061e800000| PB 0x000000061e800000| Untracked 
| 123|0x000000061ec00000, 0x000000061ec00000, 0x000000061f000000|  0%| F|  |TAMS 0x000000061ec00000| PB 0x000000061ec00000| Untracked 
| 124|0x000000061f000000, 0x000000061f000000, 0x000000061f400000|  0%| F|  |TAMS 0x000000061f000000| PB 0x000000061f000000| Untracked 
| 125|0x000000061f400000, 0x000000061f400000, 0x000000061f800000|  0%| F|  |TAMS 0x000000061f400000| PB 0x000000061f400000| Untracked 
| 126|0x000000061f800000, 0x000000061f800000, 0x000000061fc00000|  0%| F|  |TAMS 0x000000061f800000| PB 0x000000061f800000| Untracked 
| 127|0x000000061fc00000, 0x000000061fc00000, 0x0000000620000000|  0%| F|  |TAMS 0x000000061fc00000| PB 0x000000061fc00000| Untracked 
| 128|0x0000000620000000, 0x0000000620000000, 0x0000000620400000|  0%| F|  |TAMS 0x0000000620000000| PB 0x0000000620000000| Untracked 
| 129|0x0000000620400000, 0x0000000620400000, 0x0000000620800000|  0%| F|  |TAMS 0x0000000620400000| PB 0x0000000620400000| Untracked 
| 130|0x0000000620800000, 0x0000000620800000, 0x0000000620c00000|  0%| F|  |TAMS 0x0000000620800000| PB 0x0000000620800000| Untracked 
| 131|0x0000000620c00000, 0x0000000620c00000, 0x0000000621000000|  0%| F|  |TAMS 0x0000000620c00000| PB 0x0000000620c00000| Untracked 
| 132|0x0000000621000000, 0x0000000621000000, 0x0000000621400000|  0%| F|  |TAMS 0x0000000621000000| PB 0x0000000621000000| Untracked 
| 133|0x0000000621400000, 0x0000000621400000, 0x0000000621800000|  0%| F|  |TAMS 0x0000000621400000| PB 0x0000000621400000| Untracked 
| 134|0x0000000621800000, 0x0000000621800000, 0x0000000621c00000|  0%| F|  |TAMS 0x0000000621800000| PB 0x0000000621800000| Untracked 
| 135|0x0000000621c00000, 0x0000000621c00000, 0x0000000622000000|  0%| F|  |TAMS 0x0000000621c00000| PB 0x0000000621c00000| Untracked 
| 136|0x0000000622000000, 0x0000000622000000, 0x0000000622400000|  0%| F|  |TAMS 0x0000000622000000| PB 0x0000000622000000| Untracked 
| 137|0x0000000622400000, 0x0000000622400000, 0x0000000622800000|  0%| F|  |TAMS 0x0000000622400000| PB 0x0000000622400000| Untracked 
| 138|0x0000000622800000, 0x0000000622800000, 0x0000000622c00000|  0%| F|  |TAMS 0x0000000622800000| PB 0x0000000622800000| Untracked 
| 139|0x0000000622c00000, 0x0000000622c00000, 0x0000000623000000|  0%| F|  |TAMS 0x0000000622c00000| PB 0x0000000622c00000| Untracked 
| 140|0x0000000623000000, 0x0000000623000000, 0x0000000623400000|  0%| F|  |TAMS 0x0000000623000000| PB 0x0000000623000000| Untracked 
| 141|0x0000000623400000, 0x0000000623800000, 0x0000000623800000|100%| S|  |TAMS 0x0000000623400000| PB 0x0000000623400000| Complete 
| 142|0x0000000623800000, 0x0000000623c00000, 0x0000000623c00000|100%| S|  |TAMS 0x0000000623800000| PB 0x0000000623800000| Complete 
| 143|0x0000000623c00000, 0x0000000624000000, 0x0000000624000000|100%| S|  |TAMS 0x0000000623c00000| PB 0x0000000623c00000| Complete 
| 144|0x0000000624000000, 0x0000000624400000, 0x0000000624400000|100%| S|  |TAMS 0x0000000624000000| PB 0x0000000624000000| Complete 
| 145|0x0000000624400000, 0x0000000624800000, 0x0000000624800000|100%| S|  |TAMS 0x0000000624400000| PB 0x0000000624400000| Complete 
| 146|0x0000000624800000, 0x0000000624c00000, 0x0000000624c00000|100%| S|  |TAMS 0x0000000624800000| PB 0x0000000624800000| Complete 
| 147|0x0000000624c00000, 0x0000000625000000, 0x0000000625000000|100%| S|  |TAMS 0x0000000624c00000| PB 0x0000000624c00000| Complete 
| 148|0x0000000625000000, 0x0000000625400000, 0x0000000625400000|100%| S|  |TAMS 0x0000000625000000| PB 0x0000000625000000| Complete 
| 149|0x0000000625400000, 0x0000000625800000, 0x0000000625800000|100%| S|  |TAMS 0x0000000625400000| PB 0x0000000625400000| Complete 
| 150|0x0000000625800000, 0x0000000625c00000, 0x0000000625c00000|100%| S|  |TAMS 0x0000000625800000| PB 0x0000000625800000| Complete 
| 151|0x0000000625c00000, 0x0000000626000000, 0x0000000626000000|100%| S|  |TAMS 0x0000000625c00000| PB 0x0000000625c00000| Complete 
| 152|0x0000000626000000, 0x0000000626400000, 0x0000000626400000|100%| S|  |TAMS 0x0000000626000000| PB 0x0000000626000000| Complete 
| 153|0x0000000626400000, 0x0000000626800000, 0x0000000626800000|100%| S|  |TAMS 0x0000000626400000| PB 0x0000000626400000| Complete 
| 154|0x0000000626800000, 0x0000000626c00000, 0x0000000626c00000|100%| S|  |TAMS 0x0000000626800000| PB 0x0000000626800000| Complete 
| 155|0x0000000626c00000, 0x0000000627000000, 0x0000000627000000|100%| S|  |TAMS 0x0000000626c00000| PB 0x0000000626c00000| Complete 
| 156|0x0000000627000000, 0x0000000627400000, 0x0000000627400000|100%| S|  |TAMS 0x0000000627000000| PB 0x0000000627000000| Complete 
| 157|0x0000000627400000, 0x0000000627800000, 0x0000000627800000|100%| S|  |TAMS 0x0000000627400000| PB 0x0000000627400000| Complete 
| 158|0x0000000627800000, 0x0000000627c00000, 0x0000000627c00000|100%| S|  |TAMS 0x0000000627800000| PB 0x0000000627800000| Complete 
| 159|0x0000000627c00000, 0x0000000628000000, 0x0000000628000000|100%| S|  |TAMS 0x0000000627c00000| PB 0x0000000627c00000| Complete 
| 160|0x0000000628000000, 0x0000000628400000, 0x0000000628400000|100%| S|  |TAMS 0x0000000628000000| PB 0x0000000628000000| Complete 
| 161|0x0000000628400000, 0x0000000628800000, 0x0000000628800000|100%| S|  |TAMS 0x0000000628400000| PB 0x0000000628400000| Complete 
| 162|0x0000000628800000, 0x0000000628c00000, 0x0000000628c00000|100%| S|  |TAMS 0x0000000628800000| PB 0x0000000628800000| Complete 
| 163|0x0000000628c00000, 0x0000000629000000, 0x0000000629000000|100%| S|  |TAMS 0x0000000628c00000| PB 0x0000000628c00000| Complete 
| 164|0x0000000629000000, 0x0000000629400000, 0x0000000629400000|100%| S|  |TAMS 0x0000000629000000| PB 0x0000000629000000| Complete 
| 165|0x0000000629400000, 0x0000000629800000, 0x0000000629800000|100%| S|  |TAMS 0x0000000629400000| PB 0x0000000629400000| Complete 
| 166|0x0000000629800000, 0x0000000629c00000, 0x0000000629c00000|100%| S|  |TAMS 0x0000000629800000| PB 0x0000000629800000| Complete 
| 167|0x0000000629c00000, 0x000000062a000000, 0x000000062a000000|100%| S|  |TAMS 0x0000000629c00000| PB 0x0000000629c00000| Complete 
| 168|0x000000062a000000, 0x000000062a400000, 0x000000062a400000|100%| S|  |TAMS 0x000000062a000000| PB 0x000000062a000000| Complete 
| 169|0x000000062a400000, 0x000000062a800000, 0x000000062a800000|100%| S|  |TAMS 0x000000062a400000| PB 0x000000062a400000| Complete 
| 170|0x000000062a800000, 0x000000062ac00000, 0x000000062ac00000|100%| S|  |TAMS 0x000000062a800000| PB 0x000000062a800000| Complete 
| 171|0x000000062ac00000, 0x000000062b000000, 0x000000062b000000|100%| S|  |TAMS 0x000000062ac00000| PB 0x000000062ac00000| Complete 
| 172|0x000000062b000000, 0x000000062b400000, 0x000000062b400000|100%| S|  |TAMS 0x000000062b000000| PB 0x000000062b000000| Complete 
| 173|0x000000062b400000, 0x000000062b800000, 0x000000062b800000|100%| S|  |TAMS 0x000000062b400000| PB 0x000000062b400000| Complete 
| 174|0x000000062b800000, 0x000000062bc00000, 0x000000062bc00000|100%| E|CS|TAMS 0x000000062b800000| PB 0x000000062b800000| Complete 
| 175|0x000000062bc00000, 0x000000062c000000, 0x000000062c000000|100%| E|CS|TAMS 0x000000062bc00000| PB 0x000000062bc00000| Complete 
| 176|0x000000062c000000, 0x000000062c400000, 0x000000062c400000|100%| E|CS|TAMS 0x000000062c000000| PB 0x000000062c000000| Complete 
| 177|0x000000062c400000, 0x000000062c800000, 0x000000062c800000|100%| E|CS|TAMS 0x000000062c400000| PB 0x000000062c400000| Complete 
| 178|0x000000062c800000, 0x000000062cc00000, 0x000000062cc00000|100%| E|CS|TAMS 0x000000062c800000| PB 0x000000062c800000| Complete 
| 179|0x000000062cc00000, 0x000000062d000000, 0x000000062d000000|100%| E|CS|TAMS 0x000000062cc00000| PB 0x000000062cc00000| Complete 
| 180|0x000000062d000000, 0x000000062d400000, 0x000000062d400000|100%| E|CS|TAMS 0x000000062d000000| PB 0x000000062d000000| Complete 
| 181|0x000000062d400000, 0x000000062d800000, 0x000000062d800000|100%| E|CS|TAMS 0x000000062d400000| PB 0x000000062d400000| Complete 
| 182|0x000000062d800000, 0x000000062dc00000, 0x000000062dc00000|100%| E|CS|TAMS 0x000000062d800000| PB 0x000000062d800000| Complete 
| 183|0x000000062dc00000, 0x000000062e000000, 0x000000062e000000|100%| E|CS|TAMS 0x000000062dc00000| PB 0x000000062dc00000| Complete 
| 184|0x000000062e000000, 0x000000062e400000, 0x000000062e400000|100%| E|CS|TAMS 0x000000062e000000| PB 0x000000062e000000| Complete 
| 185|0x000000062e400000, 0x000000062e800000, 0x000000062e800000|100%| E|CS|TAMS 0x000000062e400000| PB 0x000000062e400000| Complete 
| 186|0x000000062e800000, 0x000000062ec00000, 0x000000062ec00000|100%| E|CS|TAMS 0x000000062e800000| PB 0x000000062e800000| Complete 
| 187|0x000000062ec00000, 0x000000062f000000, 0x000000062f000000|100%| E|CS|TAMS 0x000000062ec00000| PB 0x000000062ec00000| Complete 
| 188|0x000000062f000000, 0x000000062f400000, 0x000000062f400000|100%| E|CS|TAMS 0x000000062f000000| PB 0x000000062f000000| Complete 
| 189|0x000000062f400000, 0x000000062f800000, 0x000000062f800000|100%| E|CS|TAMS 0x000000062f400000| PB 0x000000062f400000| Complete 
| 190|0x000000062f800000, 0x000000062fc00000, 0x000000062fc00000|100%| E|CS|TAMS 0x000000062f800000| PB 0x000000062f800000| Complete 
| 191|0x000000062fc00000, 0x0000000630000000, 0x0000000630000000|100%| E|CS|TAMS 0x000000062fc00000| PB 0x000000062fc00000| Complete 
| 192|0x0000000630000000, 0x0000000630400000, 0x0000000630400000|100%| E|CS|TAMS 0x0000000630000000| PB 0x0000000630000000| Complete 
| 193|0x0000000630400000, 0x0000000630800000, 0x0000000630800000|100%| E|CS|TAMS 0x0000000630400000| PB 0x0000000630400000| Complete 
| 194|0x0000000630800000, 0x0000000630c00000, 0x0000000630c00000|100%| S|  |TAMS 0x0000000630800000| PB 0x0000000630800000| Complete 
| 195|0x0000000630c00000, 0x0000000631000000, 0x0000000631000000|100%| S|  |TAMS 0x0000000630c00000| PB 0x0000000630c00000| Complete 
| 196|0x0000000631000000, 0x0000000631400000, 0x0000000631400000|100%| E|CS|TAMS 0x0000000631000000| PB 0x0000000631000000| Complete 
| 197|0x0000000631400000, 0x0000000631800000, 0x0000000631800000|100%| E|CS|TAMS 0x0000000631400000| PB 0x0000000631400000| Complete 
| 198|0x0000000631800000, 0x0000000631c00000, 0x0000000631c00000|100%| E|CS|TAMS 0x0000000631800000| PB 0x0000000631800000| Complete 
| 199|0x0000000631c00000, 0x0000000632000000, 0x0000000632000000|100%| E|CS|TAMS 0x0000000631c00000| PB 0x0000000631c00000| Complete 
| 200|0x0000000632000000, 0x0000000632400000, 0x0000000632400000|100%| E|CS|TAMS 0x0000000632000000| PB 0x0000000632000000| Complete 
| 201|0x0000000632400000, 0x0000000632800000, 0x0000000632800000|100%| E|CS|TAMS 0x0000000632400000| PB 0x0000000632400000| Complete 
| 202|0x0000000632800000, 0x0000000632c00000, 0x0000000632c00000|100%| E|CS|TAMS 0x0000000632800000| PB 0x0000000632800000| Complete 
| 203|0x0000000632c00000, 0x0000000633000000, 0x0000000633000000|100%| E|CS|TAMS 0x0000000632c00000| PB 0x0000000632c00000| Complete 
| 204|0x0000000633000000, 0x0000000633400000, 0x0000000633400000|100%| E|CS|TAMS 0x0000000633000000| PB 0x0000000633000000| Complete 
| 205|0x0000000633400000, 0x0000000633800000, 0x0000000633800000|100%| E|CS|TAMS 0x0000000633400000| PB 0x0000000633400000| Complete 
| 206|0x0000000633800000, 0x0000000633c00000, 0x0000000633c00000|100%| E|CS|TAMS 0x0000000633800000| PB 0x0000000633800000| Complete 
| 207|0x0000000633c00000, 0x0000000634000000, 0x0000000634000000|100%| E|CS|TAMS 0x0000000633c00000| PB 0x0000000633c00000| Complete 
| 208|0x0000000634000000, 0x0000000634400000, 0x0000000634400000|100%| E|CS|TAMS 0x0000000634000000| PB 0x0000000634000000| Complete 
| 209|0x0000000634400000, 0x0000000634800000, 0x0000000634800000|100%| E|CS|TAMS 0x0000000634400000| PB 0x0000000634400000| Complete 
| 210|0x0000000634800000, 0x0000000634c00000, 0x0000000634c00000|100%| E|CS|TAMS 0x0000000634800000| PB 0x0000000634800000| Complete 
| 211|0x0000000634c00000, 0x0000000635000000, 0x0000000635000000|100%| E|CS|TAMS 0x0000000634c00000| PB 0x0000000634c00000| Complete 
| 212|0x0000000635000000, 0x0000000635400000, 0x0000000635400000|100%| E|CS|TAMS 0x0000000635000000| PB 0x0000000635000000| Complete 
| 213|0x0000000635400000, 0x0000000635800000, 0x0000000635800000|100%| E|CS|TAMS 0x0000000635400000| PB 0x0000000635400000| Complete 
| 214|0x0000000635800000, 0x0000000635c00000, 0x0000000635c00000|100%| E|CS|TAMS 0x0000000635800000| PB 0x0000000635800000| Complete 
| 215|0x0000000635c00000, 0x0000000636000000, 0x0000000636000000|100%| E|CS|TAMS 0x0000000635c00000| PB 0x0000000635c00000| Complete 
| 216|0x0000000636000000, 0x0000000636400000, 0x0000000636400000|100%| E|CS|TAMS 0x0000000636000000| PB 0x0000000636000000| Complete 
| 217|0x0000000636400000, 0x0000000636800000, 0x0000000636800000|100%| E|CS|TAMS 0x0000000636400000| PB 0x0000000636400000| Complete 
| 218|0x0000000636800000, 0x0000000636c00000, 0x0000000636c00000|100%| E|CS|TAMS 0x0000000636800000| PB 0x0000000636800000| Complete 
| 219|0x0000000636c00000, 0x0000000637000000, 0x0000000637000000|100%| E|CS|TAMS 0x0000000636c00000| PB 0x0000000636c00000| Complete 
| 220|0x0000000637000000, 0x0000000637400000, 0x0000000637400000|100%| E|CS|TAMS 0x0000000637000000| PB 0x0000000637000000| Complete 
| 221|0x0000000637400000, 0x0000000637800000, 0x0000000637800000|100%| E|CS|TAMS 0x0000000637400000| PB 0x0000000637400000| Complete 
| 222|0x0000000637800000, 0x0000000637c00000, 0x0000000637c00000|100%| E|CS|TAMS 0x0000000637800000| PB 0x0000000637800000| Complete 
| 223|0x0000000637c00000, 0x0000000638000000, 0x0000000638000000|100%| E|CS|TAMS 0x0000000637c00000| PB 0x0000000637c00000| Complete 
| 224|0x0000000638000000, 0x0000000638400000, 0x0000000638400000|100%| E|CS|TAMS 0x0000000638000000| PB 0x0000000638000000| Complete 
| 225|0x0000000638400000, 0x0000000638800000, 0x0000000638800000|100%| E|CS|TAMS 0x0000000638400000| PB 0x0000000638400000| Complete 
| 226|0x0000000638800000, 0x0000000638c00000, 0x0000000638c00000|100%| E|CS|TAMS 0x0000000638800000| PB 0x0000000638800000| Complete 
| 227|0x0000000638c00000, 0x0000000639000000, 0x0000000639000000|100%| E|CS|TAMS 0x0000000638c00000| PB 0x0000000638c00000| Complete 
| 228|0x0000000639000000, 0x0000000639400000, 0x0000000639400000|100%| E|CS|TAMS 0x0000000639000000| PB 0x0000000639000000| Complete 
| 229|0x0000000639400000, 0x0000000639800000, 0x0000000639800000|100%| E|CS|TAMS 0x0000000639400000| PB 0x0000000639400000| Complete 
| 230|0x0000000639800000, 0x0000000639c00000, 0x0000000639c00000|100%| E|CS|TAMS 0x0000000639800000| PB 0x0000000639800000| Complete 
| 231|0x0000000639c00000, 0x000000063a000000, 0x000000063a000000|100%| E|CS|TAMS 0x0000000639c00000| PB 0x0000000639c00000| Complete 
| 232|0x000000063a000000, 0x000000063a400000, 0x000000063a400000|100%| E|CS|TAMS 0x000000063a000000| PB 0x000000063a000000| Complete 
| 233|0x000000063a400000, 0x000000063a800000, 0x000000063a800000|100%| E|CS|TAMS 0x000000063a400000| PB 0x000000063a400000| Complete 
| 234|0x000000063a800000, 0x000000063ac00000, 0x000000063ac00000|100%| E|CS|TAMS 0x000000063a800000| PB 0x000000063a800000| Complete 
| 235|0x000000063ac00000, 0x000000063b000000, 0x000000063b000000|100%| E|CS|TAMS 0x000000063ac00000| PB 0x000000063ac00000| Complete 
| 236|0x000000063b000000, 0x000000063b400000, 0x000000063b400000|100%| E|CS|TAMS 0x000000063b000000| PB 0x000000063b000000| Complete 
| 237|0x000000063b400000, 0x000000063b800000, 0x000000063b800000|100%| E|CS|TAMS 0x000000063b400000| PB 0x000000063b400000| Complete 
| 238|0x000000063b800000, 0x000000063bc00000, 0x000000063bc00000|100%| E|CS|TAMS 0x000000063b800000| PB 0x000000063b800000| Complete 
| 239|0x000000063bc00000, 0x000000063c000000, 0x000000063c000000|100%| E|CS|TAMS 0x000000063bc00000| PB 0x000000063bc00000| Complete 
| 240|0x000000063c000000, 0x000000063c400000, 0x000000063c400000|100%| E|CS|TAMS 0x000000063c000000| PB 0x000000063c000000| Complete 
| 241|0x000000063c400000, 0x000000063c800000, 0x000000063c800000|100%| E|CS|TAMS 0x000000063c400000| PB 0x000000063c400000| Complete 
| 242|0x000000063c800000, 0x000000063cc00000, 0x000000063cc00000|100%| E|CS|TAMS 0x000000063c800000| PB 0x000000063c800000| Complete 
| 243|0x000000063cc00000, 0x000000063d000000, 0x000000063d000000|100%| E|CS|TAMS 0x000000063cc00000| PB 0x000000063cc00000| Complete 
| 244|0x000000063d000000, 0x000000063d400000, 0x000000063d400000|100%| E|CS|TAMS 0x000000063d000000| PB 0x000000063d000000| Complete 
| 245|0x000000063d400000, 0x000000063d800000, 0x000000063d800000|100%| E|CS|TAMS 0x000000063d400000| PB 0x000000063d400000| Complete 
| 246|0x000000063d800000, 0x000000063dc00000, 0x000000063dc00000|100%| E|CS|TAMS 0x000000063d800000| PB 0x000000063d800000| Complete 
| 247|0x000000063dc00000, 0x000000063e000000, 0x000000063e000000|100%| E|CS|TAMS 0x000000063dc00000| PB 0x000000063dc00000| Complete 
| 248|0x000000063e000000, 0x000000063e400000, 0x000000063e400000|100%| E|CS|TAMS 0x000000063e000000| PB 0x000000063e000000| Complete 
| 249|0x000000063e400000, 0x000000063e800000, 0x000000063e800000|100%| E|CS|TAMS 0x000000063e400000| PB 0x000000063e400000| Complete 
| 250|0x000000063e800000, 0x000000063ec00000, 0x000000063ec00000|100%| E|CS|TAMS 0x000000063e800000| PB 0x000000063e800000| Complete 
| 251|0x000000063ec00000, 0x000000063f000000, 0x000000063f000000|100%| E|CS|TAMS 0x000000063ec00000| PB 0x000000063ec00000| Complete 
| 252|0x000000063f000000, 0x000000063f400000, 0x000000063f400000|100%| E|CS|TAMS 0x000000063f000000| PB 0x000000063f000000| Complete 
| 253|0x000000063f400000, 0x000000063f800000, 0x000000063f800000|100%| E|CS|TAMS 0x000000063f400000| PB 0x000000063f400000| Complete 
| 254|0x000000063f800000, 0x000000063fc00000, 0x000000063fc00000|100%| E|CS|TAMS 0x000000063f800000| PB 0x000000063f800000| Complete 
| 255|0x000000063fc00000, 0x0000000640000000, 0x0000000640000000|100%| E|CS|TAMS 0x000000063fc00000| PB 0x000000063fc00000| Complete 
| 256|0x0000000640000000, 0x0000000640400000, 0x0000000640400000|100%| E|CS|TAMS 0x0000000640000000| PB 0x0000000640000000| Complete 
| 257|0x0000000640400000, 0x0000000640800000, 0x0000000640800000|100%| E|CS|TAMS 0x0000000640400000| PB 0x0000000640400000| Complete 
| 258|0x0000000640800000, 0x0000000640c00000, 0x0000000640c00000|100%| E|CS|TAMS 0x0000000640800000| PB 0x0000000640800000| Complete 
| 259|0x0000000640c00000, 0x0000000641000000, 0x0000000641000000|100%| E|CS|TAMS 0x0000000640c00000| PB 0x0000000640c00000| Complete 
| 260|0x0000000641000000, 0x0000000641400000, 0x0000000641400000|100%| E|CS|TAMS 0x0000000641000000| PB 0x0000000641000000| Complete 
| 261|0x0000000641400000, 0x0000000641800000, 0x0000000641800000|100%| E|CS|TAMS 0x0000000641400000| PB 0x0000000641400000| Complete 
| 262|0x0000000641800000, 0x0000000641c00000, 0x0000000641c00000|100%| E|CS|TAMS 0x0000000641800000| PB 0x0000000641800000| Complete 
| 263|0x0000000641c00000, 0x0000000642000000, 0x0000000642000000|100%| E|CS|TAMS 0x0000000641c00000| PB 0x0000000641c00000| Complete 
| 264|0x0000000642000000, 0x0000000642400000, 0x0000000642400000|100%| E|CS|TAMS 0x0000000642000000| PB 0x0000000642000000| Complete 
| 265|0x0000000642400000, 0x0000000642800000, 0x0000000642800000|100%| E|CS|TAMS 0x0000000642400000| PB 0x0000000642400000| Complete 
| 266|0x0000000642800000, 0x0000000642c00000, 0x0000000642c00000|100%| E|CS|TAMS 0x0000000642800000| PB 0x0000000642800000| Complete 
| 267|0x0000000642c00000, 0x0000000643000000, 0x0000000643000000|100%| E|CS|TAMS 0x0000000642c00000| PB 0x0000000642c00000| Complete 
| 268|0x0000000643000000, 0x0000000643400000, 0x0000000643400000|100%| E|CS|TAMS 0x0000000643000000| PB 0x0000000643000000| Complete 
| 269|0x0000000643400000, 0x0000000643800000, 0x0000000643800000|100%| E|CS|TAMS 0x0000000643400000| PB 0x0000000643400000| Complete 
| 270|0x0000000643800000, 0x0000000643c00000, 0x0000000643c00000|100%| E|CS|TAMS 0x0000000643800000| PB 0x0000000643800000| Complete 
| 271|0x0000000643c00000, 0x0000000644000000, 0x0000000644000000|100%| E|CS|TAMS 0x0000000643c00000| PB 0x0000000643c00000| Complete 
| 272|0x0000000644000000, 0x0000000644400000, 0x0000000644400000|100%| E|CS|TAMS 0x0000000644000000| PB 0x0000000644000000| Complete 
| 273|0x0000000644400000, 0x0000000644800000, 0x0000000644800000|100%| E|CS|TAMS 0x0000000644400000| PB 0x0000000644400000| Complete 
| 274|0x0000000644800000, 0x0000000644c00000, 0x0000000644c00000|100%| E|CS|TAMS 0x0000000644800000| PB 0x0000000644800000| Complete 
| 275|0x0000000644c00000, 0x0000000645000000, 0x0000000645000000|100%| E|CS|TAMS 0x0000000644c00000| PB 0x0000000644c00000| Complete 
| 276|0x0000000645000000, 0x0000000645400000, 0x0000000645400000|100%| E|CS|TAMS 0x0000000645000000| PB 0x0000000645000000| Complete 
| 277|0x0000000645400000, 0x0000000645800000, 0x0000000645800000|100%| E|CS|TAMS 0x0000000645400000| PB 0x0000000645400000| Complete 
| 278|0x0000000645800000, 0x0000000645c00000, 0x0000000645c00000|100%| E|CS|TAMS 0x0000000645800000| PB 0x0000000645800000| Complete 
| 279|0x0000000645c00000, 0x0000000646000000, 0x0000000646000000|100%| E|CS|TAMS 0x0000000645c00000| PB 0x0000000645c00000| Complete 
| 280|0x0000000646000000, 0x0000000646400000, 0x0000000646400000|100%| E|CS|TAMS 0x0000000646000000| PB 0x0000000646000000| Complete 
| 281|0x0000000646400000, 0x0000000646800000, 0x0000000646800000|100%| E|CS|TAMS 0x0000000646400000| PB 0x0000000646400000| Complete 
| 282|0x0000000646800000, 0x0000000646c00000, 0x0000000646c00000|100%| E|CS|TAMS 0x0000000646800000| PB 0x0000000646800000| Complete 
| 283|0x0000000646c00000, 0x0000000647000000, 0x0000000647000000|100%| E|CS|TAMS 0x0000000646c00000| PB 0x0000000646c00000| Complete 
| 284|0x0000000647000000, 0x0000000647400000, 0x0000000647400000|100%| E|CS|TAMS 0x0000000647000000| PB 0x0000000647000000| Complete 
| 285|0x0000000647400000, 0x0000000647800000, 0x0000000647800000|100%| E|CS|TAMS 0x0000000647400000| PB 0x0000000647400000| Complete 
| 286|0x0000000647800000, 0x0000000647c00000, 0x0000000647c00000|100%| E|CS|TAMS 0x0000000647800000| PB 0x0000000647800000| Complete 
| 287|0x0000000647c00000, 0x0000000648000000, 0x0000000648000000|100%| E|CS|TAMS 0x0000000647c00000| PB 0x0000000647c00000| Complete 
| 288|0x0000000648000000, 0x0000000648400000, 0x0000000648400000|100%| E|CS|TAMS 0x0000000648000000| PB 0x0000000648000000| Complete 
| 289|0x0000000648400000, 0x0000000648800000, 0x0000000648800000|100%| E|CS|TAMS 0x0000000648400000| PB 0x0000000648400000| Complete 
| 290|0x0000000648800000, 0x0000000648c00000, 0x0000000648c00000|100%| E|CS|TAMS 0x0000000648800000| PB 0x0000000648800000| Complete 
| 291|0x0000000648c00000, 0x0000000649000000, 0x0000000649000000|100%| E|CS|TAMS 0x0000000648c00000| PB 0x0000000648c00000| Complete 
| 292|0x0000000649000000, 0x0000000649400000, 0x0000000649400000|100%| E|CS|TAMS 0x0000000649000000| PB 0x0000000649000000| Complete 
| 293|0x0000000649400000, 0x0000000649800000, 0x0000000649800000|100%| E|CS|TAMS 0x0000000649400000| PB 0x0000000649400000| Complete 
| 294|0x0000000649800000, 0x0000000649c00000, 0x0000000649c00000|100%| E|CS|TAMS 0x0000000649800000| PB 0x0000000649800000| Complete 
| 295|0x0000000649c00000, 0x000000064a000000, 0x000000064a000000|100%| E|CS|TAMS 0x0000000649c00000| PB 0x0000000649c00000| Complete 
| 296|0x000000064a000000, 0x000000064a400000, 0x000000064a400000|100%| E|CS|TAMS 0x000000064a000000| PB 0x000000064a000000| Complete 
| 297|0x000000064a400000, 0x000000064a800000, 0x000000064a800000|100%| E|CS|TAMS 0x000000064a400000| PB 0x000000064a400000| Complete 
| 298|0x000000064a800000, 0x000000064ac00000, 0x000000064ac00000|100%| E|CS|TAMS 0x000000064a800000| PB 0x000000064a800000| Complete 
| 299|0x000000064ac00000, 0x000000064b000000, 0x000000064b000000|100%| E|CS|TAMS 0x000000064ac00000| PB 0x000000064ac00000| Complete 
| 300|0x000000064b000000, 0x000000064b400000, 0x000000064b400000|100%| E|CS|TAMS 0x000000064b000000| PB 0x000000064b000000| Complete 
| 301|0x000000064b400000, 0x000000064b800000, 0x000000064b800000|100%| E|CS|TAMS 0x000000064b400000| PB 0x000000064b400000| Complete 
| 302|0x000000064b800000, 0x000000064bc00000, 0x000000064bc00000|100%| E|CS|TAMS 0x000000064b800000| PB 0x000000064b800000| Complete 
| 303|0x000000064bc00000, 0x000000064c000000, 0x000000064c000000|100%| E|CS|TAMS 0x000000064bc00000| PB 0x000000064bc00000| Complete 
| 304|0x000000064c000000, 0x000000064c400000, 0x000000064c400000|100%| E|CS|TAMS 0x000000064c000000| PB 0x000000064c000000| Complete 
| 305|0x000000064c400000, 0x000000064c800000, 0x000000064c800000|100%| E|CS|TAMS 0x000000064c400000| PB 0x000000064c400000| Complete 
| 306|0x000000064c800000, 0x000000064cc00000, 0x000000064cc00000|100%| E|CS|TAMS 0x000000064c800000| PB 0x000000064c800000| Complete 
| 307|0x000000064cc00000, 0x000000064d000000, 0x000000064d000000|100%| E|CS|TAMS 0x000000064cc00000| PB 0x000000064cc00000| Complete 
| 308|0x000000064d000000, 0x000000064d400000, 0x000000064d400000|100%| E|CS|TAMS 0x000000064d000000| PB 0x000000064d000000| Complete 
| 309|0x000000064d400000, 0x000000064d800000, 0x000000064d800000|100%| E|CS|TAMS 0x000000064d400000| PB 0x000000064d400000| Complete 
| 310|0x000000064d800000, 0x000000064dc00000, 0x000000064dc00000|100%| E|CS|TAMS 0x000000064d800000| PB 0x000000064d800000| Complete 
| 311|0x000000064dc00000, 0x000000064e000000, 0x000000064e000000|100%| E|CS|TAMS 0x000000064dc00000| PB 0x000000064dc00000| Complete 
| 312|0x000000064e000000, 0x000000064e400000, 0x000000064e400000|100%| E|CS|TAMS 0x000000064e000000| PB 0x000000064e000000| Complete 
| 313|0x000000064e400000, 0x000000064e800000, 0x000000064e800000|100%| E|CS|TAMS 0x000000064e400000| PB 0x000000064e400000| Complete 
| 314|0x000000064e800000, 0x000000064ec00000, 0x000000064ec00000|100%| E|CS|TAMS 0x000000064e800000| PB 0x000000064e800000| Complete 
| 315|0x000000064ec00000, 0x000000064f000000, 0x000000064f000000|100%| E|CS|TAMS 0x000000064ec00000| PB 0x000000064ec00000| Complete 
| 316|0x000000064f000000, 0x000000064f400000, 0x000000064f400000|100%| E|CS|TAMS 0x000000064f000000| PB 0x000000064f000000| Complete 
| 317|0x000000064f400000, 0x000000064f800000, 0x000000064f800000|100%| E|CS|TAMS 0x000000064f400000| PB 0x000000064f400000| Complete 
| 318|0x000000064f800000, 0x000000064fc00000, 0x000000064fc00000|100%| E|CS|TAMS 0x000000064f800000| PB 0x000000064f800000| Complete 
| 319|0x000000064fc00000, 0x0000000650000000, 0x0000000650000000|100%| E|CS|TAMS 0x000000064fc00000| PB 0x000000064fc00000| Complete 
| 320|0x0000000650000000, 0x0000000650400000, 0x0000000650400000|100%| E|CS|TAMS 0x0000000650000000| PB 0x0000000650000000| Complete 
| 321|0x0000000650400000, 0x0000000650800000, 0x0000000650800000|100%| E|CS|TAMS 0x0000000650400000| PB 0x0000000650400000| Complete 
| 322|0x0000000650800000, 0x0000000650c00000, 0x0000000650c00000|100%| E|CS|TAMS 0x0000000650800000| PB 0x0000000650800000| Complete 
| 323|0x0000000650c00000, 0x0000000651000000, 0x0000000651000000|100%| E|CS|TAMS 0x0000000650c00000| PB 0x0000000650c00000| Complete 
| 324|0x0000000651000000, 0x0000000651400000, 0x0000000651400000|100%| E|CS|TAMS 0x0000000651000000| PB 0x0000000651000000| Complete 
| 325|0x0000000651400000, 0x0000000651800000, 0x0000000651800000|100%| E|CS|TAMS 0x0000000651400000| PB 0x0000000651400000| Complete 
| 326|0x0000000651800000, 0x0000000651c00000, 0x0000000651c00000|100%| E|CS|TAMS 0x0000000651800000| PB 0x0000000651800000| Complete 
| 327|0x0000000651c00000, 0x0000000652000000, 0x0000000652000000|100%| E|CS|TAMS 0x0000000651c00000| PB 0x0000000651c00000| Complete 
| 328|0x0000000652000000, 0x0000000652400000, 0x0000000652400000|100%| E|CS|TAMS 0x0000000652000000| PB 0x0000000652000000| Complete 
| 329|0x0000000652400000, 0x0000000652800000, 0x0000000652800000|100%| E|CS|TAMS 0x0000000652400000| PB 0x0000000652400000| Complete 
| 330|0x0000000652800000, 0x0000000652c00000, 0x0000000652c00000|100%| E|CS|TAMS 0x0000000652800000| PB 0x0000000652800000| Complete 
| 331|0x0000000652c00000, 0x0000000653000000, 0x0000000653000000|100%| E|CS|TAMS 0x0000000652c00000| PB 0x0000000652c00000| Complete 
| 332|0x0000000653000000, 0x0000000653400000, 0x0000000653400000|100%| E|CS|TAMS 0x0000000653000000| PB 0x0000000653000000| Complete 
| 333|0x0000000653400000, 0x0000000653800000, 0x0000000653800000|100%| E|CS|TAMS 0x0000000653400000| PB 0x0000000653400000| Complete 
| 334|0x0000000653800000, 0x0000000653c00000, 0x0000000653c00000|100%| E|CS|TAMS 0x0000000653800000| PB 0x0000000653800000| Complete 
| 335|0x0000000653c00000, 0x0000000654000000, 0x0000000654000000|100%| E|CS|TAMS 0x0000000653c00000| PB 0x0000000653c00000| Complete 
| 336|0x0000000654000000, 0x0000000654400000, 0x0000000654400000|100%| E|CS|TAMS 0x0000000654000000| PB 0x0000000654000000| Complete 
| 337|0x0000000654400000, 0x0000000654800000, 0x0000000654800000|100%| E|CS|TAMS 0x0000000654400000| PB 0x0000000654400000| Complete 
| 338|0x0000000654800000, 0x0000000654c00000, 0x0000000654c00000|100%| E|CS|TAMS 0x0000000654800000| PB 0x0000000654800000| Complete 
| 339|0x0000000654c00000, 0x0000000655000000, 0x0000000655000000|100%| E|CS|TAMS 0x0000000654c00000| PB 0x0000000654c00000| Complete 
| 340|0x0000000655000000, 0x0000000655400000, 0x0000000655400000|100%| E|CS|TAMS 0x0000000655000000| PB 0x0000000655000000| Complete 
| 341|0x0000000655400000, 0x0000000655800000, 0x0000000655800000|100%| E|CS|TAMS 0x0000000655400000| PB 0x0000000655400000| Complete 
| 342|0x0000000655800000, 0x0000000655c00000, 0x0000000655c00000|100%| E|CS|TAMS 0x0000000655800000| PB 0x0000000655800000| Complete 
| 343|0x0000000655c00000, 0x0000000656000000, 0x0000000656000000|100%| E|CS|TAMS 0x0000000655c00000| PB 0x0000000655c00000| Complete 
| 344|0x0000000656000000, 0x0000000656400000, 0x0000000656400000|100%| E|CS|TAMS 0x0000000656000000| PB 0x0000000656000000| Complete 
| 345|0x0000000656400000, 0x0000000656800000, 0x0000000656800000|100%| E|CS|TAMS 0x0000000656400000| PB 0x0000000656400000| Complete 
| 346|0x0000000656800000, 0x0000000656c00000, 0x0000000656c00000|100%| E|CS|TAMS 0x0000000656800000| PB 0x0000000656800000| Complete 
| 347|0x0000000656c00000, 0x0000000657000000, 0x0000000657000000|100%| E|CS|TAMS 0x0000000656c00000| PB 0x0000000656c00000| Complete 
| 348|0x0000000657000000, 0x0000000657400000, 0x0000000657400000|100%| E|CS|TAMS 0x0000000657000000| PB 0x0000000657000000| Complete 
| 349|0x0000000657400000, 0x0000000657800000, 0x0000000657800000|100%| E|CS|TAMS 0x0000000657400000| PB 0x0000000657400000| Complete 
| 350|0x0000000657800000, 0x0000000657c00000, 0x0000000657c00000|100%| E|CS|TAMS 0x0000000657800000| PB 0x0000000657800000| Complete 
| 351|0x0000000657c00000, 0x0000000658000000, 0x0000000658000000|100%| E|CS|TAMS 0x0000000657c00000| PB 0x0000000657c00000| Complete 
| 352|0x0000000658000000, 0x0000000658400000, 0x0000000658400000|100%| E|CS|TAMS 0x0000000658000000| PB 0x0000000658000000| Complete 
| 353|0x0000000658400000, 0x0000000658800000, 0x0000000658800000|100%| E|CS|TAMS 0x0000000658400000| PB 0x0000000658400000| Complete 
| 354|0x0000000658800000, 0x0000000658c00000, 0x0000000658c00000|100%| E|CS|TAMS 0x0000000658800000| PB 0x0000000658800000| Complete 
| 355|0x0000000658c00000, 0x0000000659000000, 0x0000000659000000|100%| E|CS|TAMS 0x0000000658c00000| PB 0x0000000658c00000| Complete 
| 356|0x0000000659000000, 0x0000000659400000, 0x0000000659400000|100%| E|CS|TAMS 0x0000000659000000| PB 0x0000000659000000| Complete 
| 357|0x0000000659400000, 0x0000000659800000, 0x0000000659800000|100%| E|CS|TAMS 0x0000000659400000| PB 0x0000000659400000| Complete 
| 358|0x0000000659800000, 0x0000000659c00000, 0x0000000659c00000|100%| E|CS|TAMS 0x0000000659800000| PB 0x0000000659800000| Complete 
| 359|0x0000000659c00000, 0x000000065a000000, 0x000000065a000000|100%| E|CS|TAMS 0x0000000659c00000| PB 0x0000000659c00000| Complete 
| 360|0x000000065a000000, 0x000000065a400000, 0x000000065a400000|100%| E|CS|TAMS 0x000000065a000000| PB 0x000000065a000000| Complete 
| 361|0x000000065a400000, 0x000000065a800000, 0x000000065a800000|100%| E|CS|TAMS 0x000000065a400000| PB 0x000000065a400000| Complete 
| 362|0x000000065a800000, 0x000000065ac00000, 0x000000065ac00000|100%| E|CS|TAMS 0x000000065a800000| PB 0x000000065a800000| Complete 
| 363|0x000000065ac00000, 0x000000065b000000, 0x000000065b000000|100%| E|CS|TAMS 0x000000065ac00000| PB 0x000000065ac00000| Complete 
| 364|0x000000065b000000, 0x000000065b400000, 0x000000065b400000|100%| E|CS|TAMS 0x000000065b000000| PB 0x000000065b000000| Complete 
| 365|0x000000065b400000, 0x000000065b800000, 0x000000065b800000|100%| E|CS|TAMS 0x000000065b400000| PB 0x000000065b400000| Complete 
| 366|0x000000065b800000, 0x000000065bc00000, 0x000000065bc00000|100%| E|CS|TAMS 0x000000065b800000| PB 0x000000065b800000| Complete 
| 367|0x000000065bc00000, 0x000000065c000000, 0x000000065c000000|100%| E|CS|TAMS 0x000000065bc00000| PB 0x000000065bc00000| Complete 
| 368|0x000000065c000000, 0x000000065c400000, 0x000000065c400000|100%| E|CS|TAMS 0x000000065c000000| PB 0x000000065c000000| Complete 
| 369|0x000000065c400000, 0x000000065c800000, 0x000000065c800000|100%| E|CS|TAMS 0x000000065c400000| PB 0x000000065c400000| Complete 
| 370|0x000000065c800000, 0x000000065cc00000, 0x000000065cc00000|100%| E|CS|TAMS 0x000000065c800000| PB 0x000000065c800000| Complete 
| 371|0x000000065cc00000, 0x000000065d000000, 0x000000065d000000|100%| E|CS|TAMS 0x000000065cc00000| PB 0x000000065cc00000| Complete 
| 372|0x000000065d000000, 0x000000065d400000, 0x000000065d400000|100%| E|CS|TAMS 0x000000065d000000| PB 0x000000065d000000| Complete 
| 373|0x000000065d400000, 0x000000065d800000, 0x000000065d800000|100%| E|CS|TAMS 0x000000065d400000| PB 0x000000065d400000| Complete 
| 374|0x000000065d800000, 0x000000065dc00000, 0x000000065dc00000|100%| E|CS|TAMS 0x000000065d800000| PB 0x000000065d800000| Complete 
| 375|0x000000065dc00000, 0x000000065e000000, 0x000000065e000000|100%| E|CS|TAMS 0x000000065dc00000| PB 0x000000065dc00000| Complete 
| 376|0x000000065e000000, 0x000000065e400000, 0x000000065e400000|100%| E|CS|TAMS 0x000000065e000000| PB 0x000000065e000000| Complete 
| 377|0x000000065e400000, 0x000000065e800000, 0x000000065e800000|100%| E|CS|TAMS 0x000000065e400000| PB 0x000000065e400000| Complete 
| 378|0x000000065e800000, 0x000000065ec00000, 0x000000065ec00000|100%| E|CS|TAMS 0x000000065e800000| PB 0x000000065e800000| Complete 
| 379|0x000000065ec00000, 0x000000065f000000, 0x000000065f000000|100%| E|CS|TAMS 0x000000065ec00000| PB 0x000000065ec00000| Complete 
| 380|0x000000065f000000, 0x000000065f400000, 0x000000065f400000|100%| E|CS|TAMS 0x000000065f000000| PB 0x000000065f000000| Complete 
| 381|0x000000065f400000, 0x000000065f800000, 0x000000065f800000|100%| E|CS|TAMS 0x000000065f400000| PB 0x000000065f400000| Complete 
| 489|0x000000067a400000, 0x000000067a800000, 0x000000067a800000|100%| E|CS|TAMS 0x000000067a400000| PB 0x000000067a400000| Complete 
| 490|0x000000067a800000, 0x000000067ac00000, 0x000000067ac00000|100%| E|CS|TAMS 0x000000067a800000| PB 0x000000067a800000| Complete 
| 491|0x000000067ac00000, 0x000000067b000000, 0x000000067b000000|100%| E|CS|TAMS 0x000000067ac00000| PB 0x000000067ac00000| Complete 
| 492|0x000000067b000000, 0x000000067b400000, 0x000000067b400000|100%| E|CS|TAMS 0x000000067b000000| PB 0x000000067b000000| Complete 
| 493|0x000000067b400000, 0x000000067b800000, 0x000000067b800000|100%| E|CS|TAMS 0x000000067b400000| PB 0x000000067b400000| Complete 
| 494|0x000000067b800000, 0x000000067bc00000, 0x000000067bc00000|100%| E|CS|TAMS 0x000000067b800000| PB 0x000000067b800000| Complete 
| 495|0x000000067bc00000, 0x000000067c000000, 0x000000067c000000|100%| E|CS|TAMS 0x000000067bc00000| PB 0x000000067bc00000| Complete 
| 496|0x000000067c000000, 0x000000067c400000, 0x000000067c400000|100%| E|CS|TAMS 0x000000067c000000| PB 0x000000067c000000| Complete 
| 497|0x000000067c400000, 0x000000067c800000, 0x000000067c800000|100%| E|CS|TAMS 0x000000067c400000| PB 0x000000067c400000| Complete 
| 498|0x000000067c800000, 0x000000067cc00000, 0x000000067cc00000|100%| E|CS|TAMS 0x000000067c800000| PB 0x000000067c800000| Complete 
| 499|0x000000067cc00000, 0x000000067d000000, 0x000000067d000000|100%| E|CS|TAMS 0x000000067cc00000| PB 0x000000067cc00000| Complete 
| 500|0x000000067d000000, 0x000000067d400000, 0x000000067d400000|100%| E|CS|TAMS 0x000000067d000000| PB 0x000000067d000000| Complete 
| 501|0x000000067d400000, 0x000000067d800000, 0x000000067d800000|100%| E|CS|TAMS 0x000000067d400000| PB 0x000000067d400000| Complete 
| 502|0x000000067d800000, 0x000000067dc00000, 0x000000067dc00000|100%| E|CS|TAMS 0x000000067d800000| PB 0x000000067d800000| Complete 
| 503|0x000000067dc00000, 0x000000067e000000, 0x000000067e000000|100%| E|CS|TAMS 0x000000067dc00000| PB 0x000000067dc00000| Complete 
| 504|0x000000067e000000, 0x000000067e400000, 0x000000067e400000|100%| E|CS|TAMS 0x000000067e000000| PB 0x000000067e000000| Complete 
| 505|0x000000067e400000, 0x000000067e800000, 0x000000067e800000|100%| E|CS|TAMS 0x000000067e400000| PB 0x000000067e400000| Complete 
| 506|0x000000067e800000, 0x000000067ec00000, 0x000000067ec00000|100%| E|CS|TAMS 0x000000067e800000| PB 0x000000067e800000| Complete 
| 507|0x000000067ec00000, 0x000000067f000000, 0x000000067f000000|100%| E|CS|TAMS 0x000000067ec00000| PB 0x000000067ec00000| Complete 
| 508|0x000000067f000000, 0x000000067f400000, 0x000000067f400000|100%| E|CS|TAMS 0x000000067f000000| PB 0x000000067f000000| Complete 
| 509|0x000000067f400000, 0x000000067f800000, 0x000000067f800000|100%| E|CS|TAMS 0x000000067f400000| PB 0x000000067f400000| Complete 
| 510|0x000000067f800000, 0x000000067fc00000, 0x000000067fc00000|100%| E|CS|TAMS 0x000000067f800000| PB 0x000000067f800000| Complete 
| 511|0x000000067fc00000, 0x0000000680000000, 0x0000000680000000|100%| E|CS|TAMS 0x000000067fc00000| PB 0x000000067fc00000| Complete 
| 512|0x0000000680000000, 0x0000000680400000, 0x0000000680400000|100%| E|CS|TAMS 0x0000000680000000| PB 0x0000000680000000| Complete 
| 513|0x0000000680400000, 0x0000000680800000, 0x0000000680800000|100%| E|CS|TAMS 0x0000000680400000| PB 0x0000000680400000| Complete 
| 514|0x0000000680800000, 0x0000000680c00000, 0x0000000680c00000|100%| E|CS|TAMS 0x0000000680800000| PB 0x0000000680800000| Complete 
| 515|0x0000000680c00000, 0x0000000681000000, 0x0000000681000000|100%| E|CS|TAMS 0x0000000680c00000| PB 0x0000000680c00000| Complete 
| 516|0x0000000681000000, 0x0000000681400000, 0x0000000681400000|100%| E|CS|TAMS 0x0000000681000000| PB 0x0000000681000000| Complete 
| 517|0x0000000681400000, 0x0000000681800000, 0x0000000681800000|100%| E|CS|TAMS 0x0000000681400000| PB 0x0000000681400000| Complete 
| 518|0x0000000681800000, 0x0000000681c00000, 0x0000000681c00000|100%| E|CS|TAMS 0x0000000681800000| PB 0x0000000681800000| Complete 
| 519|0x0000000681c00000, 0x0000000682000000, 0x0000000682000000|100%| E|CS|TAMS 0x0000000681c00000| PB 0x0000000681c00000| Complete 
| 520|0x0000000682000000, 0x0000000682400000, 0x0000000682400000|100%| E|CS|TAMS 0x0000000682000000| PB 0x0000000682000000| Complete 
| 521|0x0000000682400000, 0x0000000682800000, 0x0000000682800000|100%| E|CS|TAMS 0x0000000682400000| PB 0x0000000682400000| Complete 
| 522|0x0000000682800000, 0x0000000682c00000, 0x0000000682c00000|100%| E|CS|TAMS 0x0000000682800000| PB 0x0000000682800000| Complete 
| 523|0x0000000682c00000, 0x0000000683000000, 0x0000000683000000|100%| E|CS|TAMS 0x0000000682c00000| PB 0x0000000682c00000| Complete 
| 524|0x0000000683000000, 0x0000000683400000, 0x0000000683400000|100%| E|CS|TAMS 0x0000000683000000| PB 0x0000000683000000| Complete 
| 525|0x0000000683400000, 0x0000000683800000, 0x0000000683800000|100%| E|CS|TAMS 0x0000000683400000| PB 0x0000000683400000| Complete 
| 526|0x0000000683800000, 0x0000000683c00000, 0x0000000683c00000|100%| E|CS|TAMS 0x0000000683800000| PB 0x0000000683800000| Complete 
| 527|0x0000000683c00000, 0x0000000684000000, 0x0000000684000000|100%| E|CS|TAMS 0x0000000683c00000| PB 0x0000000683c00000| Complete 
| 528|0x0000000684000000, 0x0000000684400000, 0x0000000684400000|100%| E|CS|TAMS 0x0000000684000000| PB 0x0000000684000000| Complete 
| 529|0x0000000684400000, 0x0000000684800000, 0x0000000684800000|100%| E|CS|TAMS 0x0000000684400000| PB 0x0000000684400000| Complete 
| 530|0x0000000684800000, 0x0000000684c00000, 0x0000000684c00000|100%| E|CS|TAMS 0x0000000684800000| PB 0x0000000684800000| Complete 
| 531|0x0000000684c00000, 0x0000000685000000, 0x0000000685000000|100%| E|CS|TAMS 0x0000000684c00000| PB 0x0000000684c00000| Complete 
| 532|0x0000000685000000, 0x0000000685400000, 0x0000000685400000|100%| E|CS|TAMS 0x0000000685000000| PB 0x0000000685000000| Complete 
| 533|0x0000000685400000, 0x0000000685800000, 0x0000000685800000|100%| E|CS|TAMS 0x0000000685400000| PB 0x0000000685400000| Complete 
| 534|0x0000000685800000, 0x0000000685c00000, 0x0000000685c00000|100%| E|CS|TAMS 0x0000000685800000| PB 0x0000000685800000| Complete 
| 535|0x0000000685c00000, 0x0000000686000000, 0x0000000686000000|100%| E|CS|TAMS 0x0000000685c00000| PB 0x0000000685c00000| Complete 
| 536|0x0000000686000000, 0x0000000686400000, 0x0000000686400000|100%| E|CS|TAMS 0x0000000686000000| PB 0x0000000686000000| Complete 
| 537|0x0000000686400000, 0x0000000686800000, 0x0000000686800000|100%| E|CS|TAMS 0x0000000686400000| PB 0x0000000686400000| Complete 
| 538|0x0000000686800000, 0x0000000686c00000, 0x0000000686c00000|100%| E|CS|TAMS 0x0000000686800000| PB 0x0000000686800000| Complete 
| 539|0x0000000686c00000, 0x0000000687000000, 0x0000000687000000|100%| E|CS|TAMS 0x0000000686c00000| PB 0x0000000686c00000| Complete 
| 540|0x0000000687000000, 0x0000000687400000, 0x0000000687400000|100%| E|CS|TAMS 0x0000000687000000| PB 0x0000000687000000| Complete 
| 541|0x0000000687400000, 0x0000000687800000, 0x0000000687800000|100%| E|CS|TAMS 0x0000000687400000| PB 0x0000000687400000| Complete 
| 542|0x0000000687800000, 0x0000000687c00000, 0x0000000687c00000|100%| E|CS|TAMS 0x0000000687800000| PB 0x0000000687800000| Complete 
| 543|0x0000000687c00000, 0x0000000688000000, 0x0000000688000000|100%| E|CS|TAMS 0x0000000687c00000| PB 0x0000000687c00000| Complete 
| 544|0x0000000688000000, 0x0000000688400000, 0x0000000688400000|100%| E|CS|TAMS 0x0000000688000000| PB 0x0000000688000000| Complete 
| 545|0x0000000688400000, 0x0000000688800000, 0x0000000688800000|100%| E|CS|TAMS 0x0000000688400000| PB 0x0000000688400000| Complete 
| 546|0x0000000688800000, 0x0000000688c00000, 0x0000000688c00000|100%| E|CS|TAMS 0x0000000688800000| PB 0x0000000688800000| Complete 
| 547|0x0000000688c00000, 0x0000000689000000, 0x0000000689000000|100%| E|CS|TAMS 0x0000000688c00000| PB 0x0000000688c00000| Complete 
| 548|0x0000000689000000, 0x0000000689400000, 0x0000000689400000|100%| E|CS|TAMS 0x0000000689000000| PB 0x0000000689000000| Complete 
| 549|0x0000000689400000, 0x0000000689800000, 0x0000000689800000|100%| E|CS|TAMS 0x0000000689400000| PB 0x0000000689400000| Complete 
| 550|0x0000000689800000, 0x0000000689c00000, 0x0000000689c00000|100%| E|CS|TAMS 0x0000000689800000| PB 0x0000000689800000| Complete 
| 551|0x0000000689c00000, 0x000000068a000000, 0x000000068a000000|100%| E|CS|TAMS 0x0000000689c00000| PB 0x0000000689c00000| Complete 
| 552|0x000000068a000000, 0x000000068a400000, 0x000000068a400000|100%| E|CS|TAMS 0x000000068a000000| PB 0x000000068a000000| Complete 
| 553|0x000000068a400000, 0x000000068a800000, 0x000000068a800000|100%| E|CS|TAMS 0x000000068a400000| PB 0x000000068a400000| Complete 
| 588|0x0000000693000000, 0x0000000693400000, 0x0000000693400000|100%| E|CS|TAMS 0x0000000693000000| PB 0x0000000693000000| Complete 
| 589|0x0000000693400000, 0x0000000693800000, 0x0000000693800000|100%| E|CS|TAMS 0x0000000693400000| PB 0x0000000693400000| Complete 
|2040|0x00000007fe000000, 0x00000007fe400000, 0x00000007fe400000|100%| O|  |TAMS 0x00000007fe000000| PB 0x00000007fe000000| Untracked 
|2041|0x00000007fe400000, 0x00000007fe800000, 0x00000007fe800000|100%| O|  |TAMS 0x00000007fe400000| PB 0x00000007fe400000| Untracked 
|2042|0x00000007fe800000, 0x00000007fec00000, 0x00000007fec00000|100%| O|  |TAMS 0x00000007fe800000| PB 0x00000007fe800000| Untracked 
|2043|0x00000007fec00000, 0x00000007ff000000, 0x00000007ff000000|100%| E|CS|TAMS 0x00000007fec00000| PB 0x00000007fec00000| Complete 
|2044|0x00000007ff000000, 0x00000007ff400000, 0x00000007ff400000|100%| O|  |TAMS 0x00000007ff000000| PB 0x00000007ff000000| Untracked 
|2045|0x00000007ff400000, 0x00000007ff800000, 0x00000007ff800000|100%| O|  |TAMS 0x00000007ff400000| PB 0x00000007ff400000| Untracked 
|2046|0x00000007ff800000, 0x00000007ffc00000, 0x00000007ffc00000|100%| O|  |TAMS 0x00000007ff800000| PB 0x00000007ff800000| Untracked 
|2047|0x00000007ffc00000, 0x0000000800000000, 0x0000000800000000|100%| O|  |TAMS 0x00000007ffc00000| PB 0x00000007ffc00000| Untracked 

Card table byte_map: [0x00007f925ea00000,0x00007f925fa00000] _byte_map_base: 0x00007f925ba00000

Marking Bits: (CMBitMap*) 0x00007f927405c6c0
 Bits: [0x00007f9256a00000, 0x00007f925ea00000)

Polling page: 0x00007f9279d26000

Metaspace:

Usage:
  Non-class:     51.53 MB used.
      Class:      6.35 MB used.
       Both:     57.87 MB used.

Virtual space:
  Non-class space:       64.00 MB reserved,      52.12 MB ( 81%) committed,  1 nodes.
      Class space:        1.00 GB reserved,       6.81 MB ( <1%) committed,  1 nodes.
             Both:        1.06 GB reserved,      58.94 MB (  5%) committed. 

Chunk freelists:
   Non-Class:  11.20 MB
       Class:  9.07 MB
        Both:  20.27 MB

MaxMetaspaceSize: unlimited
CompressedClassSpaceSize: 1.00 GB
Initial GC threshold: 21.00 MB
Current GC threshold: 87.31 MB
CDS: off
 - commit_granule_bytes: 65536.
 - commit_granule_words: 8192.
 - virtual_space_node_default_size: 8388608.
 - enlarge_chunks_in_place: 1.
 - use_allocation_guard: 0.


Internal statistics:

num_allocs_failed_limit: 6.
num_arena_births: 3176.
num_arena_deaths: 1744.
num_vsnodes_births: 2.
num_vsnodes_deaths: 0.
num_space_committed: 985.
num_space_uncommitted: 21.
num_chunks_returned_to_freelist: 3178.
num_chunks_taken_from_freelist: 6530.
num_chunk_merges: 1313.
num_chunk_splits: 4194.
num_chunks_enlarged: 2439.
num_inconsistent_stats: 0.

CodeHeap 'non-profiled nmethods': size=120028Kb used=5785Kb max_used=5785Kb free=114242Kb
 bounds [0x00007f9268ec9000, 0x00007f9269479000, 0x00007f9270400000]
CodeHeap 'profiled nmethods': size=120028Kb used=17435Kb max_used=17435Kb free=102592Kb
 bounds [0x00007f9261400000, 0x00007f9262510000, 0x00007f9268937000]
CodeHeap 'non-nmethods': size=5704Kb used=2721Kb max_used=2788Kb free=2982Kb
 bounds [0x00007f9268937000, 0x00007f9268c07000, 0x00007f9268ec9000]
 total_blobs=10304 nmethods=8985 adapters=1224
 compilation: enabled
              stopped_count=0, restarted_count=0
 full_count=0

Compilation events (20 events):
Event: 19.258 Thread 0x00007f92741b8390 11071       2       java.lang.invoke.LambdaForm$MH/0x0000000800304400::invoke (49 bytes)
Event: 19.258 Thread 0x00007f92741b8390 nmethod 11071 0x00007f9262504490 code [0x00007f9262504660, 0x00007f9262504890]
Event: 19.283 Thread 0x00007f92741b6cf0 nmethod 10989 0x00007f9269460690 code [0x00007f9269461120, 0x00007f926946a3f0]
Event: 19.283 Thread 0x00007f92741b6cf0 11051       4       org.objectweb.asm.ClassReader::readUTF8 (23 bytes)
Event: 19.284 Thread 0x00007f92741b6cf0 nmethod 11051 0x00007f926946e090 code [0x00007f926946e220, 0x00007f926946e380]
Event: 19.284 Thread 0x00007f92741b6cf0 11004       4       org.objectweb.asm.Type::getType (10 bytes)
Event: 19.287 Thread 0x00007f92741b6cf0 nmethod 11004 0x00007f926946e510 code [0x00007f926946e6e0, 0x00007f926946ea80]
Event: 19.287 Thread 0x00007f92741b6cf0 11045       4       org.objectweb.asm.MethodWriter::visitInsn (115 bytes)
Event: 19.290 Thread 0x00007f92741b6cf0 nmethod 11045 0x00007f926946ed10 code [0x00007f926946eec0, 0x00007f926946f140]
Event: 19.290 Thread 0x00007f92741b6cf0 10900       4       org.objectweb.asm.ClassReader::readStackMapFrame (535 bytes)
Event: 19.293 Thread 0x00007f92741b8390 11073       2       net.neoforged.accesstransformer.parser.AccessTransformerList::getTransformersForTarget (68 bytes)
Event: 19.294 Thread 0x00007f92741b8390 nmethod 11073 0x00007f9262504a10 code [0x00007f9262504c40, 0x00007f9262505080]
Event: 19.294 Thread 0x00007f92741b8390 11074       2       net.neoforged.accesstransformer.parser.AccessTransformerList$$Lambda/0x00000008006d6f10::<init> (10 bytes)
Event: 19.294 Thread 0x00007f92741b8390 nmethod 11074 0x00007f9262505390 code [0x00007f9262505520, 0x00007f9262505670]
Event: 19.302 Thread 0x00007f92741b8390 11075       1       jdk.internal.module.ServicesCatalog$ServiceProvider::module (5 bytes)
Event: 19.302 Thread 0x00007f92741b8390 nmethod 11075 0x00007f926946f390 code [0x00007f926946f520, 0x00007f926946f5e8]
Event: 19.309 Thread 0x00007f92741b8390 11076       2       dev.ryanhcode.sable.mixin.AbstractSableMixinPlugin::shouldApplyMixin (139 bytes)
Event: 19.310 Thread 0x00007f92741b8390 nmethod 11076 0x00007f9262505710 code [0x00007f9262505960, 0x00007f9262505eb8]
Event: 19.321 Thread 0x00007f92741b8390 11078       3       org.spongepowered.asm.service.MixinService::getService (7 bytes)
Event: 19.322 Thread 0x00007f92741b8390 nmethod 11078 0x00007f9262506290 code [0x00007f92625064c0, 0x00007f9262506c80]

GC Heap History (20 events):
Event: 8.981 GC heap after
{Heap after GC invocations=22 (full 0):
 garbage-first heap   total 921600K, used 479246K [0x0000000600000000, 0x0000000800000000)
  region size 4096K, 4 young (16384K), 4 survivors (16384K)
 Metaspace       used 47763K, committed 48384K, reserved 1114112K
  class space    used 5103K, committed 5376K, reserved 1048576K
}
Event: 9.121 GC heap before
{Heap before GC invocations=22 (full 0):
 garbage-first heap   total 921600K, used 774158K [0x0000000600000000, 0x0000000800000000)
  region size 4096K, 76 young (311296K), 4 survivors (16384K)
 Metaspace       used 48662K, committed 49280K, reserved 1114112K
  class space    used 5211K, committed 5504K, reserved 1048576K
}
Event: 9.128 GC heap after
{Heap after GC invocations=23 (full 0):
 garbage-first heap   total 921600K, used 483532K [0x0000000600000000, 0x0000000800000000)
  region size 4096K, 5 young (20480K), 5 survivors (20480K)
 Metaspace       used 48662K, committed 49280K, reserved 1114112K
  class space    used 5211K, committed 5504K, reserved 1048576K
}
Event: 9.286 GC heap before
{Heap before GC invocations=23 (full 0):
 garbage-first heap   total 921600K, used 790732K [0x0000000600000000, 0x0000000800000000)
  region size 4096K, 81 young (331776K), 5 survivors (20480K)
 Metaspace       used 49000K, committed 49792K, reserved 1114112K
  class space    used 5260K, committed 5632K, reserved 1048576K
}
Event: 9.301 GC heap after
{Heap after GC invocations=24 (full 0):
 garbage-first heap   total 2449408K, used 488939K [0x0000000600000000, 0x0000000800000000)
  region size 4096K, 6 young (24576K), 6 survivors (24576K)
 Metaspace       used 49000K, committed 49792K, reserved 1114112K
  class space    used 5260K, committed 5632K, reserved 1048576K
}
Event: 10.833 GC heap before
{Heap before GC invocations=25 (full 0):
 garbage-first heap   total 1638400K, used 1443307K [0x0000000600000000, 0x0000000800000000)
  region size 4096K, 240 young (983040K), 6 survivors (24576K)
 Metaspace       used 51501K, committed 52416K, reserved 1114112K
  class space    used 5554K, committed 5952K, reserved 1048576K
}
Event: 10.858 GC heap after
{Heap after GC invocations=26 (full 0):
 garbage-first heap   total 1638400K, used 502853K [0x0000000600000000, 0x0000000800000000)
  region size 4096K, 10 young (40960K), 10 survivors (40960K)
 Metaspace       used 51501K, committed 52416K, reserved 1114112K
  class space    used 5554K, committed 5952K, reserved 1048576K
}
Event: 11.411 GC heap before
{Heap before GC invocations=26 (full 0):
 garbage-first heap   total 1638400K, used 1444933K [0x0000000600000000, 0x0000000800000000)
  region size 4096K, 241 young (987136K), 10 survivors (40960K)
 Metaspace       used 52164K, committed 53120K, reserved 1114112K
  class space    used 5610K, committed 6016K, reserved 1048576K
}
Event: 11.445 GC heap after
{Heap after GC invocations=27 (full 0):
 garbage-first heap   total 1638400K, used 516605K [0x0000000600000000, 0x0000000800000000)
  region size 4096K, 14 young (57344K), 14 survivors (57344K)
 Metaspace       used 52164K, committed 53120K, reserved 1114112K
  class space    used 5610K, committed 6016K, reserved 1048576K
}
Event: 11.780 GC heap before
{Heap before GC invocations=27 (full 0):
 garbage-first heap   total 1638400K, used 1171965K [0x0000000600000000, 0x0000000800000000)
  region size 4096K, 175 young (716800K), 14 survivors (57344K)
 Metaspace       used 52484K, committed 53504K, reserved 1114112K
  class space    used 5637K, committed 6080K, reserved 1048576K
}
Event: 11.805 GC heap after
{Heap after GC invocations=28 (full 0):
 garbage-first heap   total 1638400K, used 521660K [0x0000000600000000, 0x0000000800000000)
  region size 4096K, 15 young (61440K), 15 survivors (61440K)
 Metaspace       used 52484K, committed 53504K, reserved 1114112K
  class space    used 5637K, committed 6080K, reserved 1048576K
}
Event: 12.273 GC heap before
{Heap before GC invocations=28 (full 0):
 garbage-first heap   total 1638400K, used 1447356K [0x0000000600000000, 0x0000000800000000)
  region size 4096K, 240 young (983040K), 15 survivors (61440K)
 Metaspace       used 52574K, committed 53632K, reserved 1114112K
  class space    used 5642K, committed 6080K, reserved 1048576K
}
Event: 12.301 GC heap after
{Heap after GC invocations=29 (full 0):
 garbage-first heap   total 1638400K, used 530778K [0x0000000600000000, 0x0000000800000000)
  region size 4096K, 17 young (69632K), 17 survivors (69632K)
 Metaspace       used 52574K, committed 53632K, reserved 1114112K
  class space    used 5642K, committed 6080K, reserved 1048576K
}
Event: 12.715 GC heap before
{Heap before GC invocations=29 (full 0):
 garbage-first heap   total 1638400K, used 1440090K [0x0000000600000000, 0x0000000800000000)
  region size 4096K, 240 young (983040K), 17 survivors (69632K)
 Metaspace       used 52591K, committed 53632K, reserved 1114112K
  class space    used 5642K, committed 6080K, reserved 1048576K
}
Event: 12.755 GC heap after
{Heap after GC invocations=30 (full 0):
 garbage-first heap   total 1638400K, used 545648K [0x0000000600000000, 0x0000000800000000)
  region size 4096K, 19 young (77824K), 19 survivors (77824K)
 Metaspace       used 52591K, committed 53632K, reserved 1114112K
  class space    used 5642K, committed 6080K, reserved 1048576K
}
Event: 13.181 GC heap before
{Heap before GC invocations=30 (full 0):
 garbage-first heap   total 1638400K, used 1450864K [0x0000000600000000, 0x0000000800000000)
  region size 4096K, 240 young (983040K), 19 survivors (77824K)
 Metaspace       used 52601K, committed 53632K, reserved 1114112K
  class space    used 5642K, committed 6080K, reserved 1048576K
}
Event: 13.218 GC heap after
{Heap after GC invocations=31 (full 0):
 garbage-first heap   total 2310144K, used 557600K [0x0000000600000000, 0x0000000800000000)
  region size 4096K, 18 young (73728K), 18 survivors (73728K)
 Metaspace       used 52601K, committed 53632K, reserved 1114112K
  class space    used 5642K, committed 6080K, reserved 1048576K
}
Event: 16.171 GC heap before
{Heap before GC invocations=32 (full 0):
 garbage-first heap   total 1871872K, used 1602080K [0x0000000600000000, 0x0000000800000000)
  region size 4096K, 274 young (1122304K), 18 survivors (73728K)
 Metaspace       used 57723K, committed 58752K, reserved 1114112K
  class space    used 6312K, committed 6784K, reserved 1048576K
}
Event: 16.208 GC heap after
{Heap after GC invocations=33 (full 0):
 garbage-first heap   total 1871872K, used 566169K [0x0000000600000000, 0x0000000800000000)
  region size 4096K, 20 young (81920K), 20 survivors (81920K)
 Metaspace       used 57723K, committed 58752K, reserved 1114112K
  class space    used 6312K, committed 6784K, reserved 1048576K
}
Event: 19.329 GC heap before
{Heap before GC invocations=33 (full 0):
 garbage-first heap   total 1871872K, used 1606553K [0x0000000600000000, 0x0000000800000000)
  region size 4096K, 274 young (1122304K), 20 survivors (81920K)
 Metaspace       used 59263K, committed 60352K, reserved 1114112K
  class space    used 6498K, committed 6976K, reserved 1048576K
}

Dll operation events (15 events):
Event: 0.004 Loaded shared library /run/media/ashy/Shared/.minecraftx/jre/java-runtime-delta/lib/libjava.so
Event: 0.009 Loaded shared library /run/media/ashy/Shared/.minecraftx/jre/java-runtime-delta/lib/libzip.so
Event: 0.051 Loaded shared library /run/media/ashy/Shared/.minecraftx/jre/java-runtime-delta/lib/libjsvml.so
Event: 0.060 Loaded shared library /run/media/ashy/Shared/.minecraftx/jre/java-runtime-delta/lib/libnio.so
Event: 0.112 Loaded shared library /run/media/ashy/Shared/.minecraftx/jre/java-runtime-delta/lib/libzip.so
Event: 0.166 Loaded shared library /run/media/ashy/Shared/.minecraftx/jre/java-runtime-delta/lib/libinstrument.so
Event: 0.262 Loaded shared library /run/media/ashy/Shared/.minecraftx/jre/java-runtime-delta/lib/libnet.so
Event: 0.283 Loaded shared library /run/media/ashy/Shared/.minecraftx/jre/java-runtime-delta/lib/libjimage.so
Event: 0.329 Loaded shared library /run/media/ashy/Shared/.minecraftx/jre/java-runtime-delta/lib/libextnet.so
Event: 0.423 Loaded shared library /run/media/ashy/Shared/.minecraftx/jre/java-runtime-delta/lib/libverify.so
Event: 1.790 Loaded shared library /run/media/ashy/Shared/.minecraftx/jre/java-runtime-delta/lib/libmanagement.so
Event: 1.792 Loaded shared library /run/media/ashy/Shared/.minecraftx/jre/java-runtime-delta/lib/libmanagement_ext.so
Event: 2.739 Loaded shared library /run/media/ashy/Shared/.minecraftx/versions/neoforge-21.1.248/neoforge-21.1.248-natives/liblwjgl.so
Event: 3.732 Loaded shared library /run/media/ashy/Shared/.minecraftx/versions/neoforge-21.1.248/neoforge-21.1.248-natives/liblwjgl_opengl.so
Event: 4.257 Loaded shared library /run/media/ashy/Shared/.minecraftx/versions/neoforge-21.1.248/neoforge-21.1.248-natives/jna11648205789580958392.tmp

Deoptimization events (20 events):
Event: 18.912 Thread 0x00007f92740313e0 DEOPT PACKING pc=0x00007f9262496276 sp=0x00007f9278373940
Event: 18.912 Thread 0x00007f92740313e0 DEOPT UNPACKING pc=0x00007f926898f14f sp=0x00007f9278373070 mode 0
Event: 18.912 Thread 0x00007f92740313e0 DEOPT PACKING pc=0x00007f9262496c34 sp=0x00007f9278373940
Event: 18.912 Thread 0x00007f92740313e0 DEOPT UNPACKING pc=0x00007f926898f14f sp=0x00007f9278373070 mode 0
Event: 18.914 Thread 0x00007f92740313e0 DEOPT PACKING pc=0x00007f9262496276 sp=0x00007f9278373d00
Event: 18.914 Thread 0x00007f92740313e0 DEOPT UNPACKING pc=0x00007f926898f14f sp=0x00007f9278373430 mode 0
Event: 18.919 Thread 0x00007f92740313e0 DEOPT PACKING pc=0x00007f9262496c34 sp=0x00007f9278373940
Event: 18.920 Thread 0x00007f92740313e0 DEOPT UNPACKING pc=0x00007f926898f14f sp=0x00007f9278373070 mode 0
Event: 18.929 Thread 0x00007f92740313e0 DEOPT PACKING pc=0x00007f9262496c34 sp=0x00007f9278373940
Event: 18.929 Thread 0x00007f92740313e0 DEOPT UNPACKING pc=0x00007f926898f14f sp=0x00007f9278373070 mode 0
Event: 18.958 Thread 0x00007f92740313e0 DEOPT PACKING pc=0x00007f9262496c34 sp=0x00007f9278373940
Event: 18.958 Thread 0x00007f92740313e0 DEOPT UNPACKING pc=0x00007f926898f14f sp=0x00007f9278373070 mode 0
Event: 18.964 Thread 0x00007f92740313e0 DEOPT PACKING pc=0x00007f9262496276 sp=0x00007f9278373940
Event: 18.964 Thread 0x00007f92740313e0 DEOPT UNPACKING pc=0x00007f926898f14f sp=0x00007f9278373070 mode 0
Event: 18.969 Thread 0x00007f92740313e0 DEOPT PACKING pc=0x00007f9262496c34 sp=0x00007f9278373e40
Event: 18.970 Thread 0x00007f92740313e0 DEOPT UNPACKING pc=0x00007f926898f14f sp=0x00007f9278373570 mode 0
Event: 18.992 Thread 0x00007f92740313e0 Uncommon trap: trap_request=0xffffff45 fr.pc=0x00007f92690df300 relative=0x0000000000000780
Event: 18.992 Thread 0x00007f92740313e0 Uncommon trap: reason=unstable_if action=reinterpret pc=0x00007f92690df300 method=org.objectweb.asm.ClassReader.readUtf(II[C)Ljava/lang/String; @ 41 c2
Event: 18.992 Thread 0x00007f92740313e0 DEOPT PACKING pc=0x00007f92690df300 sp=0x00007f9278373d70
Event: 18.992 Thread 0x00007f92740313e0 DEOPT UNPACKING pc=0x00007f926898e619 sp=0x00007f9278373c38 mode 2

Classes loaded (20 events):
Event: 15.758 Loading class jdk/internal/reflect/MethodHandleDoubleFieldAccessorImpl
Event: 15.759 Loading class jdk/internal/reflect/MethodHandleDoubleFieldAccessorImpl done
Event: 15.783 Loading class java/util/concurrent/RecursiveAction
Event: 15.783 Loading class java/util/concurrent/RecursiveAction done
Event: 16.040 Loading class java/io/FileReader
Event: 16.040 Loading class java/io/FileReader done
Event: 16.127 Loading class java/lang/runtime/SwitchBootstraps
Event: 16.127 Loading class java/lang/runtime/SwitchBootstraps done
Event: 16.128 Loading class java/lang/runtime/SwitchBootstraps$ResolvedEnumLabel
Event: 16.128 Loading class java/lang/runtime/SwitchBootstraps$ResolvedEnumLabel done
Event: 16.128 Loading class java/lang/runtime/SwitchBootstraps$EnumMap
Event: 16.128 Loading class java/lang/runtime/SwitchBootstraps$EnumMap done
Event: 16.128 Loading class java/util/ReverseOrderListView
Event: 16.129 Loading class java/util/ReverseOrderListView done
Event: 16.129 Loading class java/util/ReverseOrderListView$Rand
Event: 16.130 Loading class java/util/ReverseOrderListView$Rand done
Event: 16.131 Loading class java/lang/invoke/MethodHandleImpl$TableSwitchCacheKey
Event: 16.132 Loading class java/lang/invoke/MethodHandleImpl$TableSwitchCacheKey done
Event: 16.141 Loading class java/lang/invoke/MethodHandleImpl$CountingWrapper$1
Event: 16.141 Loading class java/lang/invoke/MethodHandleImpl$CountingWrapper$1 done

Classes unloaded (20 events):
Event: 13.493 Thread 0x00007f9274127500 Unloading class 0x000000080039b000 'java/lang/invoke/LambdaForm$MH+0x000000080039b000'
Event: 13.493 Thread 0x00007f9274127500 Unloading class 0x000000080039ac00 'java/lang/invoke/LambdaForm$MH+0x000000080039ac00'
Event: 13.493 Thread 0x00007f9274127500 Unloading class 0x000000080039a800 'java/lang/invoke/LambdaForm$MH+0x000000080039a800'
Event: 13.493 Thread 0x00007f9274127500 Unloading class 0x000000080039a000 'java/lang/invoke/LambdaForm$MH+0x000000080039a000'
Event: 13.493 Thread 0x00007f9274127500 Unloading class 0x000000080039a400 'java/lang/invoke/LambdaForm$MH+0x000000080039a400'
Event: 13.493 Thread 0x00007f9274127500 Unloading class 0x0000000800399c00 'java/lang/invoke/LambdaForm$MH+0x0000000800399c00'
Event: 13.493 Thread 0x00007f9274127500 Unloading class 0x0000000800399000 'java/lang/invoke/LambdaForm$MH+0x0000000800399000'
Event: 13.493 Thread 0x00007f9274127500 Unloading class 0x0000000800398800 'java/lang/invoke/LambdaForm$MH+0x0000000800398800'
Event: 13.493 Thread 0x00007f9274127500 Unloading class 0x0000000800398c00 'java/lang/invoke/LambdaForm$MH+0x0000000800398c00'
Event: 13.493 Thread 0x00007f9274127500 Unloading class 0x0000000800398400 'java/lang/invoke/LambdaForm$MH+0x0000000800398400'
Event: 13.493 Thread 0x00007f9274127500 Unloading class 0x0000000800392c00 'java/lang/invoke/LambdaForm$MH+0x0000000800392c00'
Event: 13.493 Thread 0x00007f9274127500 Unloading class 0x0000000800393000 'java/lang/invoke/LambdaForm$MH+0x0000000800393000'
Event: 13.493 Thread 0x00007f9274127500 Unloading class 0x0000000800392800 'java/lang/invoke/LambdaForm$MH+0x0000000800392800'
Event: 13.493 Thread 0x00007f9274127500 Unloading class 0x0000000800392400 'java/lang/invoke/LambdaForm$MH+0x0000000800392400'
Event: 13.493 Thread 0x00007f9274127500 Unloading class 0x0000000800391c00 'java/lang/invoke/LambdaForm$MH+0x0000000800391c00'
Event: 13.493 Thread 0x00007f9274127500 Unloading class 0x0000000800391400 'java/lang/invoke/LambdaForm$MH+0x0000000800391400'
Event: 13.493 Thread 0x00007f9274127500 Unloading class 0x0000000800390c00 'java/lang/invoke/LambdaForm$MH+0x0000000800390c00'
Event: 13.493 Thread 0x00007f9274127500 Unloading class 0x0000000800390800 'java/lang/invoke/LambdaForm$MH+0x0000000800390800'
Event: 13.493 Thread 0x00007f9274127500 Unloading class 0x0000000800390400 'java/lang/invoke/LambdaForm$MH+0x0000000800390400'
Event: 13.493 Thread 0x00007f9274127500 Unloading class 0x0000000800390000 'java/lang/invoke/LambdaForm$MH+0x0000000800390000'

Classes redefined (0 events):
No events

Internal exceptions (20 events):
Event: 10.898 Thread 0x00007f92740313e0 Exception <a 'java/lang/NoSuchMethodError'{0x00000006934c3698}: 'java.lang.Object java.lang.invoke.DirectMethodHandle$Holder.invokeStatic(java.lang.Object, java.lang.Object, int, java.lang.Object)'> (0x00000006934c3698) 
thrown [src/hotspot/share/interpreter/linkResolver.cpp, line 772]
Event: 10.898 Thread 0x00007f92740313e0 Exception <a 'java/lang/NoSuchMethodError'{0x00000006934c6ea0}: 'java.lang.Object java.lang.invoke.DirectMethodHandle$Holder.invokeStaticInit(java.lang.Object, java.lang.Object, int, java.lang.Object)'> (0x00000006934c6ea0) 
thrown [src/hotspot/share/interpreter/linkResolver.cpp, line 772]
Event: 11.001 Thread 0x00007f92740313e0 Exception <a 'java/lang/NoSuchMethodError'{0x0000000654614468}: 'void java.lang.invoke.Invokers$Holder.invokeExact_MT(java.lang.Object, java.lang.Object, java.lang.Object)'> (0x0000000654614468) 
thrown [src/hotspot/share/interpreter/linkResolver.cpp, line 772]
Event: 11.005 Thread 0x00007f92740313e0 Exception <a 'java/lang/NoSuchMethodError'{0x000000065463c6b0}: 'java.lang.Object java.lang.invoke.Invokers$Holder.invoke_MT(java.lang.Object, java.lang.Object, java.lang.Object, java.lang.Object, java.lang.Object, java.lang.Object)'> (0x000000065463c6b0) 
thrown [src/hotspot/share/interpreter/linkResolver.cpp, line 772]
Event: 11.006 Thread 0x00007f92740313e0 Exception <a 'java/lang/NoSuchMethodError'{0x00000006546408b8}: 'java.lang.Object java.lang.invoke.DirectMethodHandle$Holder.invokeSpecial(java.lang.Object, java.lang.Object, java.lang.Object, java.lang.Object, java.lang.Object, int)'> (0x00000006546408b8) 
thrown [src/hotspot/share/interpreter/linkResolver.cpp, line 772]
Event: 11.006 Thread 0x00007f92740313e0 Exception <a 'java/lang/NoSuchMethodError'{0x0000000654643f20}: 'java.lang.Object java.lang.invoke.DelegatingMethodHandle$Holder.reinvoke_L(java.lang.Object, java.lang.Object, java.lang.Object, java.lang.Object, int)'> (0x0000000654643f20) 
thrown [src/hotspot/share/interpreter/linkResolver.cpp, line 772]
Event: 11.008 Thread 0x00007f92740313e0 Exception <a 'java/lang/NoSuchMethodError'{0x000000065464e330}: 'void java.lang.invoke.Invokers$Holder.exactInvoker(java.lang.Object, java.lang.Object, java.lang.Object, java.lang.Object)'> (0x000000065464e330) 
thrown [src/hotspot/share/interpreter/linkResolver.cpp, line 772]
Event: 11.011 Thread 0x00007f92740313e0 Exception <a 'java/lang/NoSuchMethodError'{0x0000000654655d00}: 'void java.lang.invoke.Invokers$Holder.linkToCallSite(java.lang.Object, java.lang.Object, java.lang.Object)'> (0x0000000654655d00) 
thrown [src/hotspot/share/interpreter/linkResolver.cpp, line 772]
Event: 11.076 Thread 0x00007f92740313e0 Exception <a 'java/lang/NoSuchMethodError'{0x0000000654700468}: 'java.lang.Object java.lang.invoke.Invokers$Holder.exactInvoker(java.lang.Object, java.lang.Object, java.lang.Object, java.lang.Object, java.lang.Object)'> (0x0000000654700468) 
thrown [src/hotspot/share/interpreter/linkResolver.cpp, line 772]
Event: 15.611 Thread 0x00007f92740313e0 Exception <a 'java/lang/NoSuchMethodError'{0x0000000637d1d800}: 'int java.lang.invoke.DirectMethodHandle$Holder.invokeStaticInit(java.lang.Object)'> (0x0000000637d1d800) 
thrown [src/hotspot/share/interpreter/linkResolver.cpp, line 772]
Event: 15.758 Thread 0x00007f92740313e0 Exception <a 'java/lang/NoSuchMethodError'{0x0000000635f454c0}: 'void java.lang.invoke.Invokers$Holder.invokeExact_MT(java.lang.Object, int, java.lang.Object)'> (0x0000000635f454c0) 
thrown [src/hotspot/share/interpreter/linkResolver.cpp, line 772]
Event: 15.759 Thread 0x00007f92740313e0 Exception <a 'java/lang/NoSuchMethodError'{0x0000000635f59588}: 'double java.lang.invoke.Invokers$Holder.invokeExact_MT(java.lang.Object, java.lang.Object)'> (0x0000000635f59588) 
thrown [src/hotspot/share/interpreter/linkResolver.cpp, line 772]
Event: 15.759 Thread 0x00007f92740313e0 Exception <a 'java/lang/NoSuchMethodError'{0x0000000635f5d3b0}: 'void java.lang.invoke.DirectMethodHandle$Holder.invokeSpecial(java.lang.Object, java.lang.Object, double)'> (0x0000000635f5d3b0) 
thrown [src/hotspot/share/interpreter/linkResolver.cpp, line 772]
Event: 15.760 Thread 0x00007f92740313e0 Exception <a 'sun/nio/fs/UnixException'{0x0000000635f6a568}> (0x0000000635f6a568) 
thrown [src/hotspot/share/prims/jni.cpp, line 520]
Event: 16.128 Thread 0x00007f92740313e0 Exception <a 'java/lang/NoSuchMethodError'{0x0000000630cfe508}: 'int java.lang.invoke.DirectMethodHandle$Holder.invokeStaticInit(java.lang.Object, java.lang.Object, java.lang.Object, java.lang.Object, java.lang.Object, java.lang.Object)'> (0x0000000630cfe508) 
thrown [src/hotspot/share/interpreter/linkResolver.cpp, line 772]
Event: 16.134 Thread 0x00007f92740313e0 Exception <a 'java/lang/NoSuchMethodError'{0x0000000630d3da58}: 'int java.lang.invoke.Invokers$Holder.linkToTargetMethod(java.lang.Object, int, java.lang.Object)'> (0x0000000630d3da58) 
thrown [src/hotspot/share/interpreter/linkResolver.cpp, line 772]
Event: 16.141 Thread 0x00007f92740313e0 Exception <a 'java/lang/NoSuchMethodError'{0x0000000630d99d30}: 'int java.lang.invoke.DelegatingMethodHandle$Holder.delegate(java.lang.Object, int, java.lang.Object)'> (0x0000000630d99d30) 
thrown [src/hotspot/share/interpreter/linkResolver.cpp, line 772]
Event: 16.143 Thread 0x00007f92740313e0 Exception <a 'java/lang/NoClassDefFoundError'{0x0000000630dc7be8}: net/fabricmc/loader/api/FabricLoader> (0x0000000630dc7be8) 
thrown [src/hotspot/share/classfile/systemDictionary.cpp, line 301]
Event: 16.305 Thread 0x00007f92740313e0 Exception <a 'java/lang/IncompatibleClassChangeError'{0x00000006895a5e30}: Found class java.lang.Object, but interface was expected> (0x00000006895a5e30) 
thrown [src/hotspot/share/interpreter/linkResolver.cpp, line 840]
Event: 18.526 Thread 0x00007f92740313e0 Exception <a 'java/lang/NoSuchMethodError'{0x0000000645c932a8}: 'java.lang.Object java.lang.invoke.DirectMethodHandle$Holder.newInvokeSpecial(java.lang.Object, java.lang.Object, java.lang.Object, java.lang.Object, java.lang.Object, java.lang.Object)'> (0x0000000645c932a8) 
thrown [src/hotspot/share/interpreter/linkResolver.cpp, line 772]

ZGC Phase Switch (0 events):
No events

VM Operations (20 events):
Event: 15.735 Executing VM operation: HandshakeAllThreads (Deoptimize) done
Event: 15.921 Executing VM operation: HandshakeAllThreads (Deoptimize)
Event: 15.921 Executing VM operation: HandshakeAllThreads (Deoptimize) done
Event: 16.015 Executing VM operation: HandshakeAllThreads (Deoptimize)
Event: 16.015 Executing VM operation: HandshakeAllThreads (Deoptimize) done
Event: 16.041 Executing VM operation: HandshakeAllThreads (Deoptimize)
Event: 16.041 Executing VM operation: HandshakeAllThreads (Deoptimize) done
Event: 16.171 Executing VM operation: G1CollectForAllocation (G1 Evacuation Pause)
Event: 16.208 Executing VM operation: G1CollectForAllocation (G1 Evacuation Pause) done
Event: 16.366 Executing VM operation: HandshakeAllThreads (Deoptimize)
Event: 16.367 Executing VM operation: HandshakeAllThreads (Deoptimize) done
Event: 16.383 Executing VM operation: HandshakeAllThreads (Deoptimize)
Event: 16.383 Executing VM operation: HandshakeAllThreads (Deoptimize) done
Event: 16.996 Executing VM operation: ICBufferFull
Event: 16.996 Executing VM operation: ICBufferFull done
Event: 17.996 Executing VM operation: Cleanup
Event: 17.996 Executing VM operation: Cleanup done
Event: 18.996 Executing VM operation: Cleanup
Event: 18.996 Executing VM operation: Cleanup done
Event: 19.329 Executing VM operation: G1CollectForAllocation (G1 Evacuation Pause)

Memory protections (20 events):
Event: 0.426 Protecting memory [0x00007f9246bf7000,0x00007f9246bfb000] with protection modes 0
Event: 1.422 Protecting memory [0x00007f924644f000,0x00007f9246453000] with protection modes 0
Event: 1.423 Protecting memory [0x00007f924634e000,0x00007f9246352000] with protection modes 0
Event: 1.423 Protecting memory [0x00007f924624d000,0x00007f9246251000] with protection modes 0
Event: 1.423 Protecting memory [0x00007f924614c000,0x00007f9246150000] with protection modes 0
Event: 1.423 Protecting memory [0x00007f924604b000,0x00007f924604f000] with protection modes 0
Event: 1.423 Protecting memory [0x00007f9245f4a000,0x00007f9245f4e000] with protection modes 0
Event: 1.423 Protecting memory [0x00007f9245e49000,0x00007f9245e4d000] with protection modes 0
Event: 2.083 Protecting memory [0x00007f9245a45000,0x00007f9245a49000] with protection modes 0
Event: 2.095 Protecting memory [0x00007f9245944000,0x00007f9245948000] with protection modes 0
Event: 3.715 Protecting memory [0x00007f9245944000,0x00007f9245948000] with protection modes 0
Event: 3.810 Protecting memory [0x00007f9245a45000,0x00007f9245a49000] with protection modes 0
Event: 4.279 Protecting memory [0x00007f922aeaf000,0x00007f922aeb3000] with protection modes 0
Event: 8.757 Protecting memory [0x00007f9246bf7000,0x00007f9246bfb000] with protection modes 0
Event: 8.759 Protecting memory [0x00007f92465b2000,0x00007f92465b6000] with protection modes 0
Event: 8.759 Protecting memory [0x00007f922a6ff000,0x00007f922a703000] with protection modes 0
Event: 8.760 Protecting memory [0x00007f922a5fe000,0x00007f922a602000] with protection modes 0
Event: 8.760 Protecting memory [0x00007f922a4fd000,0x00007f922a501000] with protection modes 0
Event: 8.760 Protecting memory [0x00007f922a3fc000,0x00007f922a400000] with protection modes 0
Event: 8.761 Protecting memory [0x00007f922a2fb000,0x00007f922a2ff000] with protection modes 0

Nmethod flushes (20 events):
Event: 13.499 Thread 0x00007f9274127500 flushing  nmethod 0x00007f9261aa8710
Event: 13.499 Thread 0x00007f9274127500 flushing  nmethod 0x00007f9261aeed10
Event: 13.499 Thread 0x00007f9274127500 flushing  nmethod 0x00007f9261aef710
Event: 13.499 Thread 0x00007f9274127500 flushing  nmethod 0x00007f9261b3f810
Event: 13.499 Thread 0x00007f9274127500 flushing  nmethod 0x00007f9261b40190
Event: 13.499 Thread 0x00007f9274127500 flushing  nmethod 0x00007f9261b40b10
Event: 13.499 Thread 0x00007f9274127500 flushing  nmethod 0x00007f9261b74410
Event: 13.499 Thread 0x00007f9274127500 flushing  nmethod 0x00007f9261b75710
Event: 13.499 Thread 0x00007f9274127500 flushing  nmethod 0x00007f9261bcbf90
Event: 13.499 Thread 0x00007f9274127500 flushing  nmethod 0x00007f9261c05610
Event: 13.499 Thread 0x00007f9274127500 flushing  nmethod 0x00007f9261d62310
Event: 13.499 Thread 0x00007f9274127500 flushing  nmethod 0x00007f9261e2c390
Event: 13.499 Thread 0x00007f9274127500 flushing  nmethod 0x00007f9261ea5190
Event: 13.499 Thread 0x00007f9274127500 flushing  nmethod 0x00007f9261ea6b10
Event: 13.499 Thread 0x00007f9274127500 flushing  nmethod 0x00007f9261ea7290
Event: 13.499 Thread 0x00007f9274127500 flushing  nmethod 0x00007f9261ea7c90
Event: 13.499 Thread 0x00007f9274127500 flushing  nmethod 0x00007f9261ea8410
Event: 13.499 Thread 0x00007f9274127500 flushing  nmethod 0x00007f9261f74b10
Event: 13.499 Thread 0x00007f9274127500 flushing  nmethod 0x00007f9261f9b710
Event: 13.499 Thread 0x00007f9274127500 flushing  nmethod 0x00007f9261fa5d10

Events (20 events):
Event: 1.423 Thread 0x00007f923c004020 Thread added: 0x00007f92380026f0
Event: 1.423 Thread 0x00007f923c005230 Thread added: 0x00007f924017a510
Event: 1.423 Thread 0x00007f92380026f0 Thread added: 0x00007f924c0077e0
Event: 1.423 Thread 0x00007f923c004020 Thread added: 0x00007f9238003d00
Event: 2.083 Thread 0x00007f92740313e0 Thread added: 0x00007f92752e35b0
Event: 2.095 Thread 0x00007f92740313e0 Thread added: 0x00007f92752ecd40
Event: 2.114 Thread 0x00007f92752e35b0 Thread exited: 0x00007f92752e35b0
Event: 2.396 Thread 0x00007f92752ecd40 Thread exited: 0x00007f92752ecd40
Event: 3.715 Thread 0x00007f92740313e0 Thread added: 0x00007f927619ab70
Event: 3.810 Thread 0x00007f92740313e0 Thread added: 0x00007f92762241c0
Event: 4.279 Thread 0x00007f92740313e0 Thread added: 0x00007f9276558400
Event: 6.266 Thread 0x00007f9274a79e90 Thread exited: 0x00007f9274a79e90
Event: 8.757 Thread 0x00007f92740313e0 Thread added: 0x00007f92757633d0
Event: 8.759 Thread 0x00007f92740313e0 Thread added: 0x00007f9275783510
Event: 8.759 Thread 0x00007f92740313e0 Thread added: 0x00007f92773ce1b0
Event: 8.760 Thread 0x00007f92740313e0 Thread added: 0x00007f92773cf260
Event: 8.760 Thread 0x00007f92740313e0 Thread added: 0x00007f92773d0510
Event: 8.760 Thread 0x00007f92740313e0 Thread added: 0x00007f92773d1740
Event: 8.761 Thread 0x00007f92740313e0 Thread added: 0x00007f92773d2a30
Event: 15.352 Thread 0x00007f927499ed20 Thread exited: 0x00007f927499ed20


Dynamic libraries:
40220000-40222000 r-xs 00000000 00:01 59032                              /memfd:/.glXXXXXX (deleted)
40e25000-40ed4000 rw-p 00000000 00:00 0 
600000000-65f800000 rw-p 00000000 00:00 0 
65f800000-67a400000 ---p 00000000 00:00 0 
67a400000-68a800000 rw-p 00000000 00:00 0 
68a800000-693000000 ---p 00000000 00:00 0 
693000000-693800000 rw-p 00000000 00:00 0 
693800000-7fe000000 ---p 00000000 00:00 0 
7fe000000-800040000 rw-p 00000000 00:00 0 
800040000-8000c0000 rw-p 00000000 00:00 0 
8000c0000-8000e0000 rw-p 00000000 00:00 0 
8000e0000-800140000 rw-p 00000000 00:00 0 
800140000-800180000 rw-p 00000000 00:00 0 
800180000-800200000 rw-p 00000000 00:00 0 
800200000-800240000 rw-p 00000000 00:00 0 
800240000-8002c0000 rw-p 00000000 00:00 0 
8002c0000-800300000 rw-p 00000000 00:00 0 
800300000-8003c0000 rw-p 00000000 00:00 0 
8003c0000-8003e0000 rw-p 00000000 00:00 0 
8003e0000-800400000 ---p 00000000 00:00 0 
800400000-8004c0000 rw-p 00000000 00:00 0 
8004c0000-8006f0000 rw-p 00000000 00:00 0 
8006f0000-840000000 ---p 00000000 00:00 0 
55f0aab4c000-55f0aab4d000 r-xp 00000000 103:07 449553                    /run/media/ashy/Shared/.minecraftx/jre/java-runtime-delta/bin/java
55f0aab4e000-55f0aab4f000 r--p 00001000 103:07 449553                    /run/media/ashy/Shared/.minecraftx/jre/java-runtime-delta/bin/java
55f0aab4f000-55f0aab50000 rw-p 00002000 103:07 449553                    /run/media/ashy/Shared/.minecraftx/jre/java-runtime-delta/bin/java
55f0bee94000-55f0bf27e000 rw-p 00000000 00:00 0                          [heap]
7f9224000000-7f9224389000 rw-p 00000000 00:00 0 
7f9224389000-7f9228000000 ---p 00000000 00:00 0 
7f922a014000-7f922a2fa000 rw-p 00000000 00:00 0 
7f922a2fa000-7f922a2fb000 rw-p 00000000 00:00 0 
7f922a2fb000-7f922a2ff000 ---p 00000000 00:00 0 
7f922a2ff000-7f922a3fc000 rw-p 00000000 00:00 0 
7f922a3fc000-7f922a400000 ---p 00000000 00:00 0 
7f922a400000-7f922a4fd000 rw-p 00000000 00:00 0 
7f922a4fd000-7f922a501000 ---p 00000000 00:00 0 
7f922a501000-7f922a5fe000 rw-p 00000000 00:00 0 
7f922a5fe000-7f922a602000 ---p 00000000 00:00 0 
7f922a602000-7f922a6ff000 rw-p 00000000 00:00 0 
7f922a6ff000-7f922a703000 ---p 00000000 00:00 0 
7f922a703000-7f922a7ff000 rw-p 00000000 00:00 0 
7f922a7ff000-7f922ac00000 rw-p 00000000 00:00 0 
7f922ac00000-7f922ac1e000 r-xp 00000000 103:07 93857                     /run/media/ashy/Shared/.minecraftx/versions/neoforge-21.1.248/neoforge-21.1.248-natives/jna11648205789580958392.tmp (deleted)
7f922ac1e000-7f922ae1d000 ---p 0001e000 103:07 93857                     /run/media/ashy/Shared/.minecraftx/versions/neoforge-21.1.248/neoforge-21.1.248-natives/jna11648205789580958392.tmp (deleted)
7f922ae1d000-7f922ae1e000 rw-p 0001d000 103:07 93857                     /run/media/ashy/Shared/.minecraftx/versions/neoforge-21.1.248/neoforge-21.1.248-natives/jna11648205789580958392.tmp (deleted)
7f922ae1e000-7f922ae1f000 rw-p 00000000 00:00 0 
7f922ae2e000-7f922aeae000 rw-s 00000000 00:07 1146                       /dev/nvidiactl
7f922aeae000-7f922aeaf000 rw-p 00000000 00:00 0 
7f922aeaf000-7f922aeb3000 ---p 00000000 00:00 0 
7f922aeb3000-7f922afaf000 rw-p 00000000 00:00 0 
7f922afaf000-7f922afb4000 r--p 00000000 00:21 16953                      /usr/lib/libudev.so.1.7.14
7f922afb4000-7f922afe2000 r-xp 00005000 00:21 16953                      /usr/lib/libudev.so.1.7.14
7f922afe2000-7f922aff9000 r--p 00033000 00:21 16953                      /usr/lib/libudev.so.1.7.14
7f922aff9000-7f922affe000 r--p 0004a000 00:21 16953                      /usr/lib/libudev.so.1.7.14
7f922affe000-7f922afff000 rw-p 0004f000 00:21 16953                      /usr/lib/libudev.so.1.7.14
7f922afff000-7f922b1ff000 rw-s 00000000 00:07 1146                       /dev/nvidiactl
7f922b1ff000-7f922ba00000 rw-p 00000000 00:00 0 
7f922ba00000-7f922c400000 rw-p 00000000 00:00 0 
7f922c430000-7f922c530000 rw-s 00000000 00:07 1146                       /dev/nvidiactl
7f922c530000-7f922c570000 rw-s 00000000 00:07 1146                       /dev/nvidiactl
7f922c570000-7f922c5b0000 rw-s 00000000 00:07 1146                       /dev/nvidiactl
7f922c5b0000-7f922cd18000 rw-s 00000000 00:07 1146                       /dev/nvidiactl
7f922cd18000-7f922d480000 rw-s 00000000 00:07 1146                       /dev/nvidiactl
7f922d480000-7f922d580000 rw-s 00000000 00:07 1146                       /dev/nvidiactl
7f922d580000-7f922d600000 rw-s 00000000 00:07 1146                       /dev/nvidiactl
7f922d600000-7f922d8ab000 r--p 00000000 00:21 143551                     /usr/lib/libnvidia-gpucomp.so.580.173.02
7f922d8ab000-7f9230999000 r-xp 002ab000 00:21 143551                     /usr/lib/libnvidia-gpucomp.so.580.173.02
7f9230999000-7f9231809000 r--p 03399000 00:21 143551                     /usr/lib/libnvidia-gpucomp.so.580.173.02
7f9231809000-7f923180a000 ---p 04209000 00:21 143551                     /usr/lib/libnvidia-gpucomp.so.580.173.02
7f923180a000-7f92319e1000 r--p 04209000 00:21 143551                     /usr/lib/libnvidia-gpucomp.so.580.173.02
7f92319e1000-7f9231aec000 rw-p 043e0000 00:21 143551                     /usr/lib/libnvidia-gpucomp.so.580.173.02
7f9231aec000-7f9231b8c000 rw-p 00000000 00:00 0 
7f9231b9a000-7f9231bad000 rw-s 00000000 00:07 1146                       /dev/nvidiactl
7f9231bad000-7f9231bc0000 rw-s 00000000 00:07 1146                       /dev/nvidiactl
7f9231bc0000-7f9231c00000 rw-s 00000000 00:07 1146                       /dev/nvidiactl
7f9231c00000-7f9231e59000 r-xp 00000000 00:21 143545                     /usr/lib/libnvidia-glcore.so.580.173.02
7f9231e59000-7f9231e7a000 rwxp 00259000 00:21 143545                     /usr/lib/libnvidia-glcore.so.580.173.02
7f9231e7a000-7f9232000000 r-xp 0027a000 00:21 143545                     /usr/lib/libnvidia-glcore.so.580.173.02
7f9232000000-7f9232c00000 r-xp 00400000 00:21 143545                     /usr/lib/libnvidia-glcore.so.580.173.02
7f9232c00000-7f9233d7b000 r-xp 01000000 00:21 143545                     /usr/lib/libnvidia-glcore.so.580.173.02
7f9233d7b000-7f9233ef6000 r--p 0217a000 00:21 143545                     /usr/lib/libnvidia-glcore.so.580.173.02
7f9233ef6000-7f9233f59000 rw-p 022f5000 00:21 143545                     /usr/lib/libnvidia-glcore.so.580.173.02
7f9233f59000-7f9233f79000 rw-p 00000000 00:00 0 
7f9233f79000-7f9233f80000 r--s 00000000 00:21 139723                     /usr/lib/gconv/gconv-modules.cache
7f9233f80000-7f9233fa0000 rw-s 00000000 00:07 1146                       /dev/nvidiactl
7f9233fa0000-7f9233fe0000 rw-s 00000000 00:07 1146                       /dev/nvidiactl
7f9233fe0000-7f9234000000 rw-s 00000000 00:07 1146                       /dev/nvidiactl
7f9234000000-7f9234500000 rw-p 00000000 00:00 0 
7f9234500000-7f9234520000 rw-p 00000000 00:00 0 
7f9234520000-7f9234540000 rw-p 00000000 00:00 0 
7f9234540000-7f9234580000 rw-p 00000000 00:00 0 
7f9234580000-7f9234700000 rw-p 00000000 00:00 0 
7f9234700000-7f9234720000 rw-p 00000000 00:00 0 
7f9234720000-7f9234740000 rw-p 00000000 00:00 0 
7f9234740000-7f9234780000 rw-p 00000000 00:00 0 
7f9234780000-7f9234a00000 rw-p 00000000 00:00 0 
7f9234a00000-7f9234b00000 rw-p 00000000 00:00 0 
7f9234b00000-7f9234d00000 rw-p 00000000 00:00 0 
7f9234d00000-7f9234f00000 rw-p 00000000 00:00 0 
7f9234f00000-7f9235000000 rw-p 00000000 00:00 0 
7f9235000000-7f9235100000 rw-p 00000000 00:00 0 
7f9235100000-7f9235200000 rw-p 00000000 00:00 0 
7f9235200000-7f9235280000 rw-p 00000000 00:00 0 
7f9235280000-7f9235300000 rw-p 00000000 00:00 0 
7f9235300000-7f9235440000 rw-p 00000000 00:00 0 
7f9235440000-7f9235480000 rw-p 00000000 00:00 0 
7f9235480000-7f9235500000 rw-p 00000000 00:00 0 
7f9235500000-7f9235700000 rw-p 00000000 00:00 0 
7f9235700000-7f9235800000 rw-p 00000000 00:00 0 
7f9235800000-7f9235900000 rw-p 00000000 00:00 0 
7f9235900000-7f9235a00000 rw-p 00000000 00:00 0 
7f9235a00000-7f9235e40000 rw-p 00000000 00:00 0 
7f9235e40000-7f9235e60000 rw-p 00000000 00:00 0 
7f9235e60000-7f9235f40000 rw-p 00000000 00:00 0 
7f9235f40000-7f9235f60000 rw-p 00000000 00:00 0 
7f9235f60000-7f9236300000 rw-p 00000000 00:00 0 
7f9236300000-7f9236400000 rw-p 00000000 00:00 0 
7f9236400000-7f9236500000 rw-p 00000000 00:00 0 
7f9236500000-7f9236600000 rw-p 00000000 00:00 0 
7f9236600000-7f9236700000 rw-p 00000000 00:00 0 
7f9236700000-7f9236800000 rw-p 00000000 00:00 0 
7f9236800000-7f9236bc0000 rw-p 00000000 00:00 0 
7f9236bc0000-7f9236c00000 rw-p 00000000 00:00 0 
7f9236c00000-7f9236f00000 rw-p 00000000 00:00 0 
7f9236f00000-7f9236f50000 rw-p 00000000 00:00 0 
7f9236f50000-7f9237000000 ---p 00000000 00:00 0 
7f9237000000-7f92374d0000 rw-p 00000000 00:00 0 
7f92374d0000-7f9238000000 ---p 00000000 00:00 0 
7f9238000000-7f92380fc000 rw-p 00000000 00:00 0 
7f92380fc000-7f923c000000 ---p 00000000 00:00 0 
7f923c000000-7f923c0f9000 rw-p 00000000 00:00 0 
7f923c0f9000-7f9240000000 ---p 00000000 00:00 0 
7f9240000000-7f92416dc000 rw-p 00000000 00:00 0 
7f92416dc000-7f9244000000 ---p 00000000 00:00 0 
7f9244003000-7f9244006000 rw-s 00000000 00:07 1146                       /dev/nvidiactl
7f9244006000-7f924400a000 rw-s 00000000 00:07 1146                       /dev/nvidiactl
7f924400a000-7f924404a000 rw-s 00000000 00:07 1146                       /dev/nvidiactl
7f924406f000-7f9244070000 rw-p 00000000 00:00 0 
7f9244070000-7f9244071000 rw-p 00000000 00:00 0 
7f9244071000-7f9244075000 rw-s 00000000 00:07 1146                       /dev/nvidiactl
7f9244075000-7f9244076000 rw-s 00000000 00:07 1148                       /dev/nvidia0
7f9244076000-7f9244078000 rw-s 00000000 00:07 1146                       /dev/nvidiactl
7f9244078000-7f9244079000 rw-s 00000000 00:07 1148                       /dev/nvidia0
7f9244079000-7f924407a000 rw-s 00000000 00:07 1148                       /dev/nvidia0
7f924407a000-7f924407b000 rw-s 00000000 00:07 1148                       /dev/nvidia0
7f924407b000-7f924407c000 rw-s 00000000 00:07 1146                       /dev/nvidiactl
7f924407c000-7f924409c000 rw-s 00000000 00:07 1146                       /dev/nvidiactl
7f924409c000-7f92440bc000 rw-s 00000000 00:07 1146                       /dev/nvidiactl
7f92440bc000-7f92440fc000 rw-s 00000000 00:07 1146                       /dev/nvidiactl
7f92440fc000-7f924411c000 rw-s 00000000 00:07 1146                       /dev/nvidiactl
7f924411c000-7f924414f000 r--p 00000000 103:07 456406                    /run/media/ashy/Shared/.minecraftx/versions/neoforge-21.1.248/neoforge-21.1.248-natives/liblwjgl_opengl.so
7f924414f000-7f9244163000 r-xp 00033000 103:07 456406                    /run/media/ashy/Shared/.minecraftx/versions/neoforge-21.1.248/neoforge-21.1.248-natives/liblwjgl_opengl.so
7f9244163000-7f9244173000 r--p 00047000 103:07 456406                    /run/media/ashy/Shared/.minecraftx/versions/neoforge-21.1.248/neoforge-21.1.248-natives/liblwjgl_opengl.so
7f9244173000-7f9244174000 r--p 00056000 103:07 456406                    /run/media/ashy/Shared/.minecraftx/versions/neoforge-21.1.248/neoforge-21.1.248-natives/liblwjgl_opengl.so
7f9244174000-7f9244175000 rw-p 00057000 103:07 456406                    /run/media/ashy/Shared/.minecraftx/versions/neoforge-21.1.248/neoforge-21.1.248-natives/liblwjgl_opengl.so
7f9244175000-7f9244176000 rw-s 00000000 00:07 1146                       /dev/nvidiactl
7f9244176000-7f924417a000 rw-s 00000000 00:07 1146                       /dev/nvidiactl
7f924417a000-7f924427a000 rw-s 00000000 00:07 1146                       /dev/nvidiactl
7f924427a000-7f924428d000 rw-s 00000000 00:07 1146                       /dev/nvidiactl
7f924428d000-7f924428e000 rw-s 00000000 00:07 1148                       /dev/nvidia0
7f924428e000-7f9244290000 rw-s 00000000 00:07 1146                       /dev/nvidiactl
7f9244290000-7f9244291000 rw-s 00000000 00:07 1148                       /dev/nvidia0
7f9244291000-7f9244292000 rw-s 00000000 00:07 1148                       /dev/nvidia0
7f9244292000-7f92442d2000 rw-s 00000000 00:07 1146                       /dev/nvidiactl
7f92442d2000-7f92442f2000 rw-s 00000000 00:07 1146                       /dev/nvidiactl
7f92442f2000-7f9244332000 rw-s 00000000 00:07 1146                       /dev/nvidiactl
7f9244332000-7f9244352000 rw-s 00000000 00:07 1146                       /dev/nvidiactl
7f9244352000-7f9244392000 rw-s 00000000 00:07 1146                       /dev/nvidiactl
7f92443b2000-7f92443b6000 r--p 00000000 00:21 143530                     /usr/lib/libnvidia-allocator.so.580.173.02
7f92443b6000-7f92443cf000 r-xp 00004000 00:21 143530                     /usr/lib/libnvidia-allocator.so.580.173.02
7f92443cf000-7f92443da000 r--p 0001d000 00:21 143530                     /usr/lib/libnvidia-allocator.so.580.173.02
7f92443da000-7f92443db000 r--p 00027000 00:21 143530                     /usr/lib/libnvidia-allocator.so.580.173.02
7f92443db000-7f92443dc000 rw-p 00028000 00:21 143530                     /usr/lib/libnvidia-allocator.so.580.173.02
7f92443dc000-7f92443de000 rw-p 00000000 00:00 0 
7f92443de000-7f92443e3000 r--p 00000000 00:21 63249                      /usr/lib/libdrm.so.2.134.0
7f92443e3000-7f92443f1000 r-xp 00005000 00:21 63249                      /usr/lib/libdrm.so.2.134.0
7f92443f1000-7f92443f5000 r--p 00013000 00:21 63249                      /usr/lib/libdrm.so.2.134.0
7f92443f5000-7f92443f6000 r--p 00017000 00:21 63249                      /usr/lib/libdrm.so.2.134.0
7f92443f6000-7f92443f7000 rw-p 00018000 00:21 63249                      /usr/lib/libdrm.so.2.134.0
7f92443f7000-7f924440c000 r--p 00000000 00:21 16950                      /usr/lib/libsystemd.so.0.44.0
7f924440c000-7f92444e5000 r-xp 00015000 00:21 16950                      /usr/lib/libsystemd.so.0.44.0
7f92444e5000-7f9244534000 r--p 000ee000 00:21 16950                      /usr/lib/libsystemd.so.0.44.0
7f9244534000-7f924453d000 r--p 0013c000 00:21 16950                      /usr/lib/libsystemd.so.0.44.0
7f924453d000-7f924453e000 rw-p 00145000 00:21 16950                      /usr/lib/libsystemd.so.0.44.0
7f924453e000-7f924453f000 rw-p 00000000 00:00 0 
7f924453f000-7f924454d000 r--p 00000000 00:21 26897                      /usr/lib/libdbus-1.so.3.38.3
7f924454d000-7f9244584000 r-xp 0000e000 00:21 26897                      /usr/lib/libdbus-1.so.3.38.3
7f9244584000-7f9244596000 r--p 00045000 00:21 26897                      /usr/lib/libdbus-1.so.3.38.3
7f9244596000-7f9244598000 r--p 00056000 00:21 26897                      /usr/lib/libdbus-1.so.3.38.3
7f9244598000-7f9244599000 rw-p 00058000 00:21 26897                      /usr/lib/libdbus-1.so.3.38.3
7f9244599000-7f924459c000 r--p 00000000 00:21 59406                      /usr/lib/libxcb-xfixes.so.0.0.0
7f924459c000-7f924459f000 r-xp 00003000 00:21 59406                      /usr/lib/libxcb-xfixes.so.0.0.0
7f924459f000-7f92445a0000 r--p 00006000 00:21 59406                      /usr/lib/libxcb-xfixes.so.0.0.0
7f92445a0000-7f92445a1000 r--p 00007000 00:21 59406                      /usr/lib/libxcb-xfixes.so.0.0.0
7f92445a1000-7f92445a2000 rw-p 00008000 00:21 59406                      /usr/lib/libxcb-xfixes.so.0.0.0
7f92445a2000-7f92445a5000 r--p 00000000 00:21 59400                      /usr/lib/libxcb-sync.so.1.0.0
7f92445a5000-7f92445a8000 r-xp 00003000 00:21 59400                      /usr/lib/libxcb-sync.so.1.0.0
7f92445a8000-7f92445a9000 r--p 00006000 00:21 59400                      /usr/lib/libxcb-sync.so.1.0.0
7f92445a9000-7f92445aa000 r--p 00007000 00:21 59400                      /usr/lib/libxcb-sync.so.1.0.0
7f92445aa000-7f92445ab000 rw-p 00008000 00:21 59400                      /usr/lib/libxcb-sync.so.1.0.0
7f92445ab000-7f92445ac000 r--p 00000000 00:21 59376                      /usr/lib/libxcb-present.so.0.0.0
7f92445ac000-7f92445ad000 r-xp 00001000 00:21 59376                      /usr/lib/libxcb-present.so.0.0.0
7f92445ad000-7f92445ae000 r--p 00002000 00:21 59376                      /usr/lib/libxcb-present.so.0.0.0
7f92445ae000-7f92445af000 r--p 00002000 00:21 59376                      /usr/lib/libxcb-present.so.0.0.0
7f92445af000-7f92445b0000 rw-p 00003000 00:21 59376                      /usr/lib/libxcb-present.so.0.0.0
7f92445b0000-7f92445bc000 r--p 00000000 00:21 59373                      /usr/lib/libxcb-glx.so.0.0.0
7f92445bc000-7f92445c5000 r-xp 0000c000 00:21 59373                      /usr/lib/libxcb-glx.so.0.0.0
7f92445c5000-7f92445ca000 r--p 00015000 00:21 59373                      /usr/lib/libxcb-glx.so.0.0.0
7f92445ca000-7f92445cc000 r--p 0001a000 00:21 59373                      /usr/lib/libxcb-glx.so.0.0.0
7f92445cc000-7f92445cd000 rw-p 0001c000 00:21 59373                      /usr/lib/libxcb-glx.so.0.0.0
7f92445cd000-7f92445dd000 r--p 00000000 00:21 143547                     /usr/lib/libnvidia-glsi.so.580.173.02
7f92445dd000-7f924463d000 r-xp 00010000 00:21 143547                     /usr/lib/libnvidia-glsi.so.580.173.02
7f924463d000-7f924465a000 r--p 00070000 00:21 143547                     /usr/lib/libnvidia-glsi.so.580.173.02
7f924465a000-7f9244660000 r--p 0008c000 00:21 143547                     /usr/lib/libnvidia-glsi.so.580.173.02
7f9244660000-7f9244661000 rw-p 00092000 00:21 143547                     /usr/lib/libnvidia-glsi.so.580.173.02
7f9244661000-7f9244669000 rw-p 00000000 00:00 0 
7f9244669000-7f92446ba000 r--p 00000000 00:21 143518                     /usr/lib/libGLX_nvidia.so.580.173.02
7f92446ba000-7f9244717000 r-xp 00051000 00:21 143518                     /usr/lib/libGLX_nvidia.so.580.173.02
7f9244717000-7f924474c000 rwxp 000ae000 00:21 143518                     /usr/lib/libGLX_nvidia.so.580.173.02
7f924474c000-7f924474d000 r-xp 000e3000 00:21 143518                     /usr/lib/libGLX_nvidia.so.580.173.02
7f924474d000-7f924476d000 r--p 000e4000 00:21 143518                     /usr/lib/libGLX_nvidia.so.580.173.02
7f924476d000-7f924478d000 r--p 00103000 00:21 143518                     /usr/lib/libGLX_nvidia.so.580.173.02
7f924478d000-7f9244792000 rw-p 00123000 00:21 143518                     /usr/lib/libGLX_nvidia.so.580.173.02
7f9244792000-7f9244794000 rw-p 00000000 00:00 0 
7f9244794000-7f9244796000 r--p 00000000 00:21 131477                     /usr/lib/libGLdispatch.so.0.0.0
7f9244796000-7f9244799000 r-xp 00002000 00:21 131477                     /usr/lib/libGLdispatch.so.0.0.0
7f9244799000-7f92447d4000 r-xp 00005000 00:21 131477                     /usr/lib/libGLdispatch.so.0.0.0
7f92447d4000-7f92447d5000 r-xp 00040000 00:21 131477                     /usr/lib/libGLdispatch.so.0.0.0
7f92447d5000-7f92447e8000 r--p 00041000 00:21 131477                     /usr/lib/libGLdispatch.so.0.0.0
7f92447e8000-7f9244804000 r--p 00054000 00:21 131477                     /usr/lib/libGLdispatch.so.0.0.0
7f9244804000-7f9244805000 rw-p 00070000 00:21 131477                     /usr/lib/libGLdispatch.so.0.0.0
7f9244805000-7f924480d000 rw-p 00000000 00:00 0 
7f924480d000-7f9244824000 r--p 00000000 00:21 61792                      /usr/lib/libX11.so.6.4.0
7f9244824000-7f92448da000 r-xp 00017000 00:21 61792                      /usr/lib/libX11.so.6.4.0
7f92448da000-7f924496f000 r--p 000cd000 00:21 61792                      /usr/lib/libX11.so.6.4.0
7f924496f000-7f9244972000 r--p 00162000 00:21 61792                      /usr/lib/libX11.so.6.4.0
7f9244972000-7f9244975000 rw-p 00165000 00:21 61792                      /usr/lib/libX11.so.6.4.0
7f9244975000-7f9244976000 rw-p 00000000 00:00 0 
7f9244976000-7f9244984000 r--p 00000000 103:07 456405                    /run/media/ashy/Shared/.minecraftx/versions/neoforge-21.1.248/neoforge-21.1.248-natives/libglfw.so
7f9244984000-7f92449a3000 r-xp 0000e000 103:07 456405                    /run/media/ashy/Shared/.minecraftx/versions/neoforge-21.1.248/neoforge-21.1.248-natives/libglfw.so
7f92449a3000-7f92449d6000 r--p 0002d000 103:07 456405                    /run/media/ashy/Shared/.minecraftx/versions/neoforge-21.1.248/neoforge-21.1.248-natives/libglfw.so
7f92449d6000-7f92449d7000 ---p 00060000 103:07 456405                    /run/media/ashy/Shared/.minecraftx/versions/neoforge-21.1.248/neoforge-21.1.248-natives/libglfw.so
7f92449d7000-7f92449da000 r--p 00060000 103:07 456405                    /run/media/ashy/Shared/.minecraftx/versions/neoforge-21.1.248/neoforge-21.1.248-natives/libglfw.so
7f92449da000-7f92449dd000 rw-p 00063000 103:07 456405                    /run/media/ashy/Shared/.minecraftx/versions/neoforge-21.1.248/neoforge-21.1.248-natives/libglfw.so
7f92449dd000-7f9244a00000 rw-p 00000000 00:00 0 
7f9244a00000-7f9245200000 rw-p 00000000 00:00 0 
7f9245200000-7f9245201000 rw-s 00000000 00:07 1148                       /dev/nvidia0
7f9245201000-7f9245202000 rw-s 00000000 00:07 1146                       /dev/nvidiactl
7f9245202000-7f9245204000 r--p 00000000 00:21 59370                      /usr/lib/libxcb-dri3.so.0.1.0
7f9245204000-7f9245206000 r-xp 00002000 00:21 59370                      /usr/lib/libxcb-dri3.so.0.1.0
7f9245206000-7f9245207000 r--p 00004000 00:21 59370                      /usr/lib/libxcb-dri3.so.0.1.0
7f9245207000-7f9245208000 r--p 00004000 00:21 59370                      /usr/lib/libxcb-dri3.so.0.1.0
7f9245208000-7f9245209000 rw-p 00005000 00:21 59370                      /usr/lib/libxcb-dri3.so.0.1.0
7f9245209000-7f9245210000 r--p 00000000 00:21 59379                      /usr/lib/libxcb-randr.so.0.1.0
7f9245210000-7f9245216000 r-xp 00007000 00:21 59379                      /usr/lib/libxcb-randr.so.0.1.0
7f9245216000-7f9245219000 r--p 0000d000 00:21 59379                      /usr/lib/libxcb-randr.so.0.1.0
7f9245219000-7f924521a000 r--p 00010000 00:21 59379                      /usr/lib/libxcb-randr.so.0.1.0
7f924521a000-7f924521b000 rw-p 00011000 00:21 59379                      /usr/lib/libxcb-randr.so.0.1.0
7f924521b000-7f924521d000 r--p 00000000 00:21 131474                     /usr/lib/libGLX.so.0.0.0
7f924521d000-7f9245238000 r-xp 00002000 00:21 131474                     /usr/lib/libGLX.so.0.0.0
7f9245238000-7f924523b000 r--p 0001d000 00:21 131474                     /usr/lib/libGLX.so.0.0.0
7f924523b000-7f924523c000 r--p 00020000 00:21 131474                     /usr/lib/libGLX.so.0.0.0
7f924523c000-7f924523d000 rw-p 00021000 00:21 131474                     /usr/lib/libGLX.so.0.0.0
7f924523d000-7f924524d000 rw-p 00000000 00:00 0 
7f924524d000-7f9245255000 r--p 00000000 103:07 456404                    /run/media/ashy/Shared/.minecraftx/versions/neoforge-21.1.248/neoforge-21.1.248-natives/libjemalloc.so
7f9245255000-7f92452aa000 r-xp 00008000 103:07 456404                    /run/media/ashy/Shared/.minecraftx/versions/neoforge-21.1.248/neoforge-21.1.248-natives/libjemalloc.so
7f92452aa000-7f92452ba000 r--p 0005d000 103:07 456404                    /run/media/ashy/Shared/.minecraftx/versions/neoforge-21.1.248/neoforge-21.1.248-natives/libjemalloc.so
7f92452ba000-7f92452bb000 ---p 0006d000 103:07 456404                    /run/media/ashy/Shared/.minecraftx/versions/neoforge-21.1.248/neoforge-21.1.248-natives/libjemalloc.so
7f92452bb000-7f92452c1000 r--p 0006d000 103:07 456404                    /run/media/ashy/Shared/.minecraftx/versions/neoforge-21.1.248/neoforge-21.1.248-natives/libjemalloc.so
7f92452c1000-7f92452c2000 rw-p 00073000 103:07 456404                    /run/media/ashy/Shared/.minecraftx/versions/neoforge-21.1.248/neoforge-21.1.248-natives/libjemalloc.so
7f92452c2000-7f92454cc000 rw-p 00000000 00:00 0 
7f92454cc000-7f92454f5000 r--p 00000000 103:07 456403                    /run/media/ashy/Shared/.minecraftx/versions/neoforge-21.1.248/neoforge-21.1.248-natives/liblwjgl.so
7f92454f5000-7f9245527000 r-xp 00029000 103:07 456403                    /run/media/ashy/Shared/.minecraftx/versions/neoforge-21.1.248/neoforge-21.1.248-natives/liblwjgl.so
7f9245527000-7f9245540000 r--p 0005b000 103:07 456403                    /run/media/ashy/Shared/.minecraftx/versions/neoforge-21.1.248/neoforge-21.1.248-natives/liblwjgl.so
7f9245540000-7f9245541000 r--p 00073000 103:07 456403                    /run/media/ashy/Shared/.minecraftx/versions/neoforge-21.1.248/neoforge-21.1.248-natives/liblwjgl.so
7f9245541000-7f9245542000 rw-p 00074000 103:07 456403                    /run/media/ashy/Shared/.minecraftx/versions/neoforge-21.1.248/neoforge-21.1.248-natives/liblwjgl.so
7f9245542000-7f9245943000 rw-p 00000000 00:00 0 
7f9245943000-7f9245944000 rw-p 00000000 00:00 0 
7f9245944000-7f9245948000 ---p 00000000 00:00 0 
7f9245948000-7f9245a45000 rw-p 00000000 00:00 0 
7f9245a45000-7f9245a49000 ---p 00000000 00:00 0 
7f9245a49000-7f9245e49000 rw-p 00000000 00:00 0 
7f9245e49000-7f9245e4d000 ---p 00000000 00:00 0 
7f9245e4d000-7f9245f4a000 rw-p 00000000 00:00 0 
7f9245f4a000-7f9245f4e000 ---p 00000000 00:00 0 
7f9245f4e000-7f924604b000 rw-p 00000000 00:00 0 
7f924604b000-7f924604f000 ---p 00000000 00:00 0 
7f924604f000-7f924614c000 rw-p 00000000 00:00 0 
7f924614c000-7f9246150000 ---p 00000000 00:00 0 
7f9246150000-7f924624d000 rw-p 00000000 00:00 0 
7f924624d000-7f9246251000 ---p 00000000 00:00 0 
7f9246251000-7f924634e000 rw-p 00000000 00:00 0 
7f924634e000-7f9246352000 ---p 00000000 00:00 0 
7f9246352000-7f924644f000 rw-p 00000000 00:00 0 
7f924644f000-7f9246453000 ---p 00000000 00:00 0 
7f9246453000-7f924654f000 rw-p 00000000 00:00 0 
7f92465b1000-7f92465b2000 rw-p 00000000 00:00 0 
7f92465b2000-7f92465b6000 ---p 00000000 00:00 0 
7f92465b6000-7f9246bb7000 rw-p 00000000 00:00 0 
7f9246bb7000-7f9246bb9000 rw-s 00000000 00:01 59032                      /memfd:/.glXXXXXX (deleted)
7f9246bb9000-7f9246bbb000 rw-s 00000000 00:07 1146                       /dev/nvidiactl
7f9246bbb000-7f9246bbc000 r--p 00000000 00:21 143581                     /usr/lib/libnvidia-tls.so.580.173.02
7f9246bbc000-7f9246bbe000 r-xp 00001000 00:21 143581                     /usr/lib/libnvidia-tls.so.580.173.02
7f9246bbe000-7f9246bbf000 r--p 00003000 00:21 143581                     /usr/lib/libnvidia-tls.so.580.173.02
7f9246bbf000-7f9246bc0000 r--p 00003000 00:21 143581                     /usr/lib/libnvidia-tls.so.580.173.02
7f9246bc0000-7f9246bc1000 rw-p 00004000 00:21 143581                     /usr/lib/libnvidia-tls.so.580.173.02
7f9246bc1000-7f9246bc2000 r--p 00000000 00:21 61789                      /usr/lib/libX11-xcb.so.1.0.0
7f9246bc2000-7f9246bc3000 r-xp 00001000 00:21 61789                      /usr/lib/libX11-xcb.so.1.0.0
7f9246bc3000-7f9246bc4000 r--p 00002000 00:21 61789                      /usr/lib/libX11-xcb.so.1.0.0
7f9246bc4000-7f9246bc5000 r--p 00002000 00:21 61789                      /usr/lib/libX11-xcb.so.1.0.0
7f9246bc5000-7f9246bc6000 rw-p 00003000 00:21 61789                      /usr/lib/libX11-xcb.so.1.0.0
7f9246bc6000-7f9246bc7000 r--p 00000000 00:21 149862                     /usr/lib/libXinerama.so.1.0.0
7f9246bc7000-7f9246bc8000 r-xp 00001000 00:21 149862                     /usr/lib/libXinerama.so.1.0.0
7f9246bc8000-7f9246bc9000 r--p 00002000 00:21 149862                     /usr/lib/libXinerama.so.1.0.0
7f9246bc9000-7f9246bca000 r--p 00002000 00:21 149862                     /usr/lib/libXinerama.so.1.0.0
7f9246bca000-7f9246bcb000 rw-p 00003000 00:21 149862                     /usr/lib/libXinerama.so.1.0.0
7f9246bcb000-7f9246bce000 r--p 00000000 00:21 149779                     /usr/lib/libXcursor.so.1.0.2
7f9246bce000-7f9246bd5000 r-xp 00003000 00:21 149779                     /usr/lib/libXcursor.so.1.0.2
7f9246bd5000-7f9246bd7000 r--p 0000a000 00:21 149779                     /usr/lib/libXcursor.so.1.0.2
7f9246bd7000-7f9246bd8000 r--p 0000c000 00:21 149779                     /usr/lib/libXcursor.so.1.0.2
7f9246bd8000-7f9246bd9000 rw-p 0000d000 00:21 149779                     /usr/lib/libXcursor.so.1.0.2
7f9246bd9000-7f9246bdb000 r--p 00000000 00:21 63113                      /usr/lib/libXrender.so.1.3.0
7f9246bdb000-7f9246be3000 r-xp 00002000 00:21 63113                      /usr/lib/libXrender.so.1.3.0
7f9246be3000-7f9246be5000 r--p 0000a000 00:21 63113                      /usr/lib/libXrender.so.1.3.0
7f9246be5000-7f9246be6000 r--p 0000b000 00:21 63113                      /usr/lib/libXrender.so.1.3.0
7f9246be6000-7f9246be7000 rw-p 0000c000 00:21 63113                      /usr/lib/libXrender.so.1.3.0
7f9246be7000-7f9246be9000 r--p 00000000 00:21 149878                     /usr/lib/libXrandr.so.2.2.0
7f9246be9000-7f9246bf2000 r-xp 00002000 00:21 149878                     /usr/lib/libXrandr.so.2.2.0
7f9246bf2000-7f9246bf4000 r--p 0000b000 00:21 149878                     /usr/lib/libXrandr.so.2.2.0
7f9246bf4000-7f9246bf5000 r--p 0000c000 00:21 149878                     /usr/lib/libXrandr.so.2.2.0
7f9246bf5000-7f9246bf6000 rw-p 0000d000 00:21 149878                     /usr/lib/libXrandr.so.2.2.0
7f9246bf6000-7f9246bf7000 rw-p 00000000 00:00 0 
7f9246bf7000-7f9246bfb000 ---p 00000000 00:00 0 
7f9246bfb000-7f9246cf8000 rw-p 00000000 00:00 0 
7f9246cf8000-7f9246cfc000 ---p 00000000 00:00 0 
7f9246cfc000-7f9246df9000 rw-p 00000000 00:00 0 
7f9246df9000-7f9246dfd000 ---p 00000000 00:00 0 
7f9246dfd000-7f9246efa000 rw-p 00000000 00:00 0 
7f9246efa000-7f9246efe000 ---p 00000000 00:00 0 
7f9246efe000-7f9246ffb000 rw-p 00000000 00:00 0 
7f9246ffb000-7f9246fff000 ---p 00000000 00:00 0 
7f9246fff000-7f92470fc000 rw-p 00000000 00:00 0 
7f92470fc000-7f9247100000 ---p 00000000 00:00 0 
7f9247100000-7f92471fd000 rw-p 00000000 00:00 0 
7f92471fd000-7f9247201000 ---p 00000000 00:00 0 
7f9247201000-7f92472fe000 rw-p 00000000 00:00 0 
7f92472fe000-7f9247302000 ---p 00000000 00:00 0 
7f9247302000-7f92473ff000 rw-p 00000000 00:00 0 
7f92473ff000-7f9247403000 ---p 00000000 00:00 0 
7f9247403000-7f9247500000 rw-p 00000000 00:00 0 
7f9247500000-7f9247504000 ---p 00000000 00:00 0 
7f9247504000-7f9247600000 rw-p 00000000 00:00 0 
7f9247600000-7f92478ed000 r--p 00000000 00:21 141812                     /usr/lib/locale/locale-archive
7f92478ed000-7f92478f1000 rw-s 00000000 00:07 1146                       /dev/nvidiactl
7f92478f1000-7f92478f3000 r--p 00000000 00:21 147988                     /usr/lib/libXfixes.so.3.1.0
7f92478f3000-7f92478f6000 r-xp 00002000 00:21 147988                     /usr/lib/libXfixes.so.3.1.0
7f92478f6000-7f92478f7000 r--p 00005000 00:21 147988                     /usr/lib/libXfixes.so.3.1.0
7f92478f7000-7f92478f8000 r--p 00006000 00:21 147988                     /usr/lib/libXfixes.so.3.1.0
7f92478f8000-7f92478f9000 rw-p 00007000 00:21 147988                     /usr/lib/libXfixes.so.3.1.0
7f92478f9000-7f92478fa000 rw-p 00000000 00:00 0 
7f92478fa000-7f92478fe000 ---p 00000000 00:00 0 
7f92478fe000-7f9247dfe000 rw-p 00000000 00:00 0 
7f9247dfe000-7f92483e8000 rw-p 00000000 00:00 0 
7f92483e8000-7f924c000000 ---p 00000000 00:00 0 
7f924c000000-7f924c129000 rw-p 00000000 00:00 0 
7f924c129000-7f9250000000 ---p 00000000 00:00 0 
7f9250000000-7f9252644000 rw-p 00000000 00:00 0 
7f9252644000-7f9254000000 ---p 00000000 00:00 0 
7f9254000000-7f9254001000 rw-s 00000000 00:07 1146                       /dev/nvidiactl
7f9254001000-7f9254004000 r--p 00000000 00:21 148001                     /usr/lib/libXi.so.6.1.0
7f9254004000-7f9254013000 r-xp 00003000 00:21 148001                     /usr/lib/libXi.so.6.1.0
7f9254013000-7f9254016000 r--p 00012000 00:21 148001                     /usr/lib/libXi.so.6.1.0
7f9254016000-7f9254017000 r--p 00014000 00:21 148001                     /usr/lib/libXi.so.6.1.0
7f9254017000-7f9254018000 rw-p 00015000 00:21 148001                     /usr/lib/libXi.so.6.1.0
7f9254018000-7f925401c000 r--p 00000000 00:21 63035                      /usr/lib/libXext.so.6.4.0
7f925401c000-7f925402c000 r-xp 00004000 00:21 63035                      /usr/lib/libXext.so.6.4.0
7f925402c000-7f9254030000 r--p 00014000 00:21 63035                      /usr/lib/libXext.so.6.4.0
7f9254030000-7f9254031000 r--p 00017000 00:21 63035                      /usr/lib/libXext.so.6.4.0
7f9254031000-7f9254032000 rw-p 00018000 00:21 63035                      /usr/lib/libXext.so.6.4.0
7f9254032000-7f9254035000 r--p 00000000 00:21 16946                      /usr/lib/libnss_resolve.so.2
7f9254035000-7f9254068000 r-xp 00003000 00:21 16946                      /usr/lib/libnss_resolve.so.2
7f9254068000-7f9254080000 r--p 00036000 00:21 16946                      /usr/lib/libnss_resolve.so.2
7f9254080000-7f9254087000 r--p 0004e000 00:21 16946                      /usr/lib/libnss_resolve.so.2
7f9254087000-7f9254088000 rw-p 00055000 00:21 16946                      /usr/lib/libnss_resolve.so.2
7f9254088000-7f925408c000 r--p 00000000 00:21 16945                      /usr/lib/libnss_mymachines.so.2
7f925408c000-7f92540dd000 r-xp 00004000 00:21 16945                      /usr/lib/libnss_mymachines.so.2
7f92540dd000-7f92540f7000 r--p 00055000 00:21 16945                      /usr/lib/libnss_mymachines.so.2
7f92540f7000-7f92540fa000 r--p 0006f000 00:21 16945                      /usr/lib/libnss_mymachines.so.2
7f92540fa000-7f92540fb000 rw-p 00072000 00:21 16945                      /usr/lib/libnss_mymachines.so.2
7f92540fb000-7f9256600000 rw-p 00000000 00:00 0 
7f9256600000-7f925660c000 r--p 00000000 00:21 59427                      /usr/lib/libxcb.so.1.1.0
7f925660c000-7f9256622000 r-xp 0000c000 00:21 59427                      /usr/lib/libxcb.so.1.1.0
7f9256622000-7f925662b000 r--p 00022000 00:21 59427                      /usr/lib/libxcb.so.1.1.0
7f925662b000-7f925662c000 r--p 0002a000 00:21 59427                      /usr/lib/libxcb.so.1.1.0
7f925662c000-7f925662d000 rw-p 0002b000 00:21 59427                      /usr/lib/libxcb.so.1.1.0
7f925662d000-7f92566fb000 r-xp 00000000 103:07 449599                    /run/media/ashy/Shared/.minecraftx/jre/java-runtime-delta/lib/libjsvml.so
7f92566fb000-7f92566fc000 r--p 000cd000 103:07 449599                    /run/media/ashy/Shared/.minecraftx/jre/java-runtime-delta/lib/libjsvml.so
7f92566fc000-7f92566fd000 rw-p 000ce000 103:07 449599                    /run/media/ashy/Shared/.minecraftx/jre/java-runtime-delta/lib/libjsvml.so
7f92566fd000-7f92567fe000 rw-p 00000000 00:00 0 
7f92567fe000-7f9256a00000 rw-p 00000000 00:00 0 
7f9256a00000-7f92581e0000 rw-p 00000000 00:00 0 
7f92581e0000-7f9258890000 ---p 00000000 00:00 0 
7f9258890000-7f9258ca0000 rw-p 00000000 00:00 0 
7f9258ca0000-7f9258ec0000 ---p 00000000 00:00 0 
7f9258ec0000-7f9258ee0000 rw-p 00000000 00:00 0 
7f9258ee0000-7f925e980000 ---p 00000000 00:00 0 
7f925e980000-7f925ecfc000 rw-p 00000000 00:00 0 
7f925ecfc000-7f925edd2000 ---p 00000000 00:00 0 
7f925edd2000-7f925ee54000 rw-p 00000000 00:00 0 
7f925ee54000-7f925ee98000 ---p 00000000 00:00 0 
7f925ee98000-7f925ee9c000 rw-p 00000000 00:00 0 
7f925ee9c000-7f925f9f0000 ---p 00000000 00:00 0 
7f925f9f0000-7f925fcfc000 rw-p 00000000 00:00 0 
7f925fcfc000-7f925fdd2000 ---p 00000000 00:00 0 
7f925fdd2000-7f925fe54000 rw-p 00000000 00:00 0 
7f925fe54000-7f925fe98000 ---p 00000000 00:00 0 
7f925fe98000-7f925fe9c000 rw-p 00000000 00:00 0 
7f925fe9c000-7f92609f0000 ---p 00000000 00:00 0 
7f92609f0000-7f9260a00000 rw-p 00000000 00:00 0 
7f9260a00000-7f9260a01000 rw-s 00000000 00:07 1148                       /dev/nvidia0
7f9260a01000-7f9260a02000 rw-s 00000000 00:07 1148                       /dev/nvidia0
7f9260a02000-7f9260a03000 rw-s 00000000 00:07 1148                       /dev/nvidia0
7f9260a03000-7f9260a04000 r--p 00000000 00:21 131164                     /usr/lib/libXxf86vm.so.1.0.0
7f9260a04000-7f9260a08000 r-xp 00001000 00:21 131164                     /usr/lib/libXxf86vm.so.1.0.0
7f9260a08000-7f9260a09000 r--p 00005000 00:21 131164                     /usr/lib/libXxf86vm.so.1.0.0
7f9260a09000-7f9260a0a000 r--p 00005000 00:21 131164                     /usr/lib/libXxf86vm.so.1.0.0
7f9260a0a000-7f9260a0b000 rw-p 00006000 00:21 131164                     /usr/lib/libXxf86vm.so.1.0.0
7f9260a0b000-7f9260a0d000 r--p 00000000 00:21 59289                      /usr/lib/libXdmcp.so.6.0.0
7f9260a0d000-7f9260a0f000 r-xp 00002000 00:21 59289                      /usr/lib/libXdmcp.so.6.0.0
7f9260a0f000-7f9260a11000 r--p 00004000 00:21 59289                      /usr/lib/libXdmcp.so.6.0.0
7f9260a11000-7f9260a12000 r--p 00005000 00:21 59289                      /usr/lib/libXdmcp.so.6.0.0
7f9260a12000-7f9260a13000 rw-p 00006000 00:21 59289                      /usr/lib/libXdmcp.so.6.0.0
7f9260a13000-7f9260a18000 r-xp 00000000 103:07 449604                    /run/media/ashy/Shared/.minecraftx/jre/java-runtime-delta/lib/libmanagement_ext.so
7f9260a18000-7f9260a19000 ---p 00005000 103:07 449604                    /run/media/ashy/Shared/.minecraftx/jre/java-runtime-delta/lib/libmanagement_ext.so
7f9260a19000-7f9260a1a000 r--p 00005000 103:07 449604                    /run/media/ashy/Shared/.minecraftx/jre/java-runtime-delta/lib/libmanagement_ext.so
7f9260a1a000-7f9260a1b000 rw-p 00006000 103:07 449604                    /run/media/ashy/Shared/.minecraftx/jre/java-runtime-delta/lib/libmanagement_ext.so
7f9260a1b000-7f9260af7000 rw-p 00000000 00:00 0 
7f9260af7000-7f9260bf8000 rw-p 00000000 00:00 0 
7f9260bf8000-7f9261400000 rw-p 00000000 00:00 0 
7f9261400000-7f9262510000 rwxp 00000000 00:00 0 
7f9262510000-7f9268937000 ---p 00000000 00:00 0 
7f9268937000-7f9268c07000 rwxp 00000000 00:00 0 
7f9268c07000-7f9268ec9000 ---p 00000000 00:00 0 
7f9268ec9000-7f9269479000 rwxp 00000000 00:00 0 
7f9269479000-7f9270400000 ---p 00000000 00:00 0 
7f9270400000-7f9270401000 rw-s 00000000 00:07 1148                       /dev/nvidia0
7f9270401000-7f9270402000 rw-s 00000000 00:07 1146                       /dev/nvidiactl
7f9270402000-7f9270403000 rw-s 00000000 00:07 1146                       /dev/nvidiactl
7f9270403000-7f9270404000 r--s 00000000 00:07 1146                       /dev/nvidiactl
7f9270404000-7f9270411000 r-xp 00000000 103:07 449616                    /run/media/ashy/Shared/.minecraftx/jre/java-runtime-delta/lib/libverify.so
7f9270411000-7f9270413000 r--p 0000c000 103:07 449616                    /run/media/ashy/Shared/.minecraftx/jre/java-runtime-delta/lib/libverify.so
7f9270413000-7f9270414000 rw-p 0000e000 103:07 449616                    /run/media/ashy/Shared/.minecraftx/jre/java-runtime-delta/lib/libverify.so
7f9270414000-7f9270418000 r--p 00000000 00:21 4965                       /usr/lib/libgcc_s.so.1
7f9270418000-7f9270442000 r-xp 00004000 00:21 4965                       /usr/lib/libgcc_s.so.1
7f9270442000-7f9270446000 r--p 0002e000 00:21 4965                       /usr/lib/libgcc_s.so.1
7f9270446000-7f9270447000 r--p 00032000 00:21 4965                       /usr/lib/libgcc_s.so.1
7f9270447000-7f9270448000 rw-p 00033000 00:21 4965                       /usr/lib/libgcc_s.so.1
7f9270448000-7f9270454000 r-xp 00000000 103:07 449613                    /run/media/ashy/Shared/.minecraftx/jre/java-runtime-delta/lib/libnet.so
7f9270454000-7f9270455000 r--p 0000b000 103:07 449613                    /run/media/ashy/Shared/.minecraftx/jre/java-runtime-delta/lib/libnet.so
7f9270455000-7f9270456000 rw-p 0000c000 103:07 449613                    /run/media/ashy/Shared/.minecraftx/jre/java-runtime-delta/lib/libnet.so
7f9270456000-7f9270497000 rw-p 00000000 00:00 0 
7f9270497000-7f9274000000 r--s 00000000 103:07 1993                      /run/media/ashy/Shared/.minecraftx/jre/java-runtime-delta/lib/modules
7f9274000000-7f9277ffe000 rw-p 00000000 00:00 0 
7f9277ffe000-7f9278000000 ---p 00000000 00:00 0 
7f9278000000-7f9278001000 r--p 00000000 00:21 59302                      /usr/lib/libXau.so.6.0.0
7f9278001000-7f9278002000 r-xp 00001000 00:21 59302                      /usr/lib/libXau.so.6.0.0
7f9278002000-7f9278003000 r--p 00002000 00:21 59302                      /usr/lib/libXau.so.6.0.0
7f9278003000-7f9278004000 r--p 00002000 00:21 59302                      /usr/lib/libXau.so.6.0.0
7f9278004000-7f9278005000 rw-p 00003000 00:21 59302                      /usr/lib/libXau.so.6.0.0
7f9278005000-7f9278006000 r-xp 00059000 103:07 456403                    /run/media/ashy/Shared/.minecraftx/versions/neoforge-21.1.248/neoforge-21.1.248-natives/liblwjgl.so
7f9278006000-7f9278007000 rw-p 00000000 00:00 0 
7f9278007000-7f927801b000 r-xp 00000000 103:07 449606                    /run/media/ashy/Shared/.minecraftx/jre/java-runtime-delta/lib/libnio.so
7f927801b000-7f927801c000 r--p 00013000 103:07 449606                    /run/media/ashy/Shared/.minecraftx/jre/java-runtime-delta/lib/libnio.so
7f927801c000-7f927801d000 rw-p 00014000 103:07 449606                    /run/media/ashy/Shared/.minecraftx/jre/java-runtime-delta/lib/libnio.so
7f927801d000-7f92780ae000 rw-p 00000000 00:00 0 
7f92780ae000-7f927818d000 ---p 00000000 00:00 0 
7f927818d000-7f92781b0000 rw-p 00000000 00:00 0 
7f92781b0000-7f9278278000 ---p 00000000 00:00 0 
7f9278278000-7f927827c000 ---p 00000000 00:00 0 
7f927827c000-7f9278378000 rw-p 00000000 00:00 0 
7f9278378000-7f9278388000 r--p 00000000 00:21 4157                       /usr/lib/libm.so.6
7f9278388000-7f927841e000 r-xp 00010000 00:21 4157                       /usr/lib/libm.so.6
7f927841e000-7f927847d000 r--p 000a6000 00:21 4157                       /usr/lib/libm.so.6
7f927847d000-7f927847e000 r--p 00105000 00:21 4157                       /usr/lib/libm.so.6
7f927847e000-7f927847f000 rw-p 00106000 00:21 4157                       /usr/lib/libm.so.6
7f927847f000-7f9279895000 r-xp 00000000 103:07 449621                    /run/media/ashy/Shared/.minecraftx/jre/java-runtime-delta/lib/server/libjvm.so
7f9279895000-7f9279896000 ---p 01416000 103:07 449621                    /run/media/ashy/Shared/.minecraftx/jre/java-runtime-delta/lib/server/libjvm.so
7f9279896000-7f927996a000 r--p 01416000 103:07 449621                    /run/media/ashy/Shared/.minecraftx/jre/java-runtime-delta/lib/server/libjvm.so
7f927996a000-7f927999a000 rw-p 014ea000 103:07 449621                    /run/media/ashy/Shared/.minecraftx/jre/java-runtime-delta/lib/server/libjvm.so
7f927999a000-7f9279a00000 rw-p 00000000 00:00 0 
7f9279a00000-7f9279a24000 r--p 00000000 00:21 4147                       /usr/lib/libc.so.6
7f9279a24000-7f9279bc3000 r-xp 00024000 00:21 4147                       /usr/lib/libc.so.6
7f9279bc3000-7f9279c3c000 r--p 001c3000 00:21 4147                       /usr/lib/libc.so.6
7f9279c3c000-7f9279c40000 r--p 0023c000 00:21 4147                       /usr/lib/libc.so.6
7f9279c40000-7f9279c42000 rw-p 00240000 00:21 4147                       /usr/lib/libc.so.6
7f9279c42000-7f9279c4b000 rw-p 00000000 00:00 0 
7f9279c4b000-7f9279c4f000 r-xp 00000000 103:07 449602                    /run/media/ashy/Shared/.minecraftx/jre/java-runtime-delta/lib/libmanagement.so
7f9279c4f000-7f9279c50000 r--p 00003000 103:07 449602                    /run/media/ashy/Shared/.minecraftx/jre/java-runtime-delta/lib/libmanagement.so
7f9279c50000-7f9279c51000 rw-p 00004000 103:07 449602                    /run/media/ashy/Shared/.minecraftx/jre/java-runtime-delta/lib/libmanagement.so
7f9279c51000-7f9279c53000 r-xp 00000000 103:07 449584                    /run/media/ashy/Shared/.minecraftx/jre/java-runtime-delta/lib/libextnet.so
7f9279c53000-7f9279c54000 r--p 00001000 103:07 449584                    /run/media/ashy/Shared/.minecraftx/jre/java-runtime-delta/lib/libextnet.so
7f9279c54000-7f9279c55000 rw-p 00002000 103:07 449584                    /run/media/ashy/Shared/.minecraftx/jre/java-runtime-delta/lib/libextnet.so
7f9279c55000-7f9279c5c000 r-xp 00000000 103:07 449614                    /run/media/ashy/Shared/.minecraftx/jre/java-runtime-delta/lib/libzip.so
7f9279c5c000-7f9279c5d000 ---p 00007000 103:07 449614                    /run/media/ashy/Shared/.minecraftx/jre/java-runtime-delta/lib/libzip.so
7f9279c5d000-7f9279c5e000 r--p 00007000 103:07 449614                    /run/media/ashy/Shared/.minecraftx/jre/java-runtime-delta/lib/libzip.so
7f9279c5e000-7f9279c5f000 rw-p 00008000 103:07 449614                    /run/media/ashy/Shared/.minecraftx/jre/java-runtime-delta/lib/libzip.so
7f9279c5f000-7f9279ce7000 rw-p 00000000 00:00 0 
7f9279ce7000-7f9279ced000 ---p 00000000 00:00 0 
7f9279ced000-7f9279cf5000 rw-s 00000000 00:38 20026                      /tmp/hsperfdata_ashy/1011590
7f9279cf5000-7f9279d15000 r-xp 00000000 103:07 449590                    /run/media/ashy/Shared/.minecraftx/jre/java-runtime-delta/lib/libjava.so
7f9279d15000-7f9279d16000 ---p 00020000 103:07 449590                    /run/media/ashy/Shared/.minecraftx/jre/java-runtime-delta/lib/libjava.so
7f9279d16000-7f9279d17000 r--p 00020000 103:07 449590                    /run/media/ashy/Shared/.minecraftx/jre/java-runtime-delta/lib/libjava.so
7f9279d17000-7f9279d18000 rw-p 00021000 103:07 449590                    /run/media/ashy/Shared/.minecraftx/jre/java-runtime-delta/lib/libjava.so
7f9279d18000-7f9279d19000 rw-p 00000000 00:00 0 
7f9279d19000-7f9279d23000 r-xp 00000000 103:07 449586                    /run/media/ashy/Shared/.minecraftx/jre/java-runtime-delta/lib/libinstrument.so
7f9279d23000-7f9279d24000 ---p 0000a000 103:07 449586                    /run/media/ashy/Shared/.minecraftx/jre/java-runtime-delta/lib/libinstrument.so
7f9279d24000-7f9279d25000 r--p 0000a000 103:07 449586                    /run/media/ashy/Shared/.minecraftx/jre/java-runtime-delta/lib/libinstrument.so
7f9279d25000-7f9279d26000 rw-p 0000b000 103:07 449586                    /run/media/ashy/Shared/.minecraftx/jre/java-runtime-delta/lib/libinstrument.so
7f9279d26000-7f9279d27000 ---p 00000000 00:00 0 
7f9279d27000-7f9279d28000 r--p 00000000 00:00 0 
7f9279d28000-7f9279d29000 ---p 00000000 00:00 0 
7f9279d29000-7f9279d44000 r-xp 00000000 103:07 449595                    /run/media/ashy/Shared/.minecraftx/jre/java-runtime-delta/lib/libjimage.so
7f9279d44000-7f9279d45000 ---p 0001b000 103:07 449595                    /run/media/ashy/Shared/.minecraftx/jre/java-runtime-delta/lib/libjimage.so
7f9279d45000-7f9279d47000 r--p 0001b000 103:07 449595                    /run/media/ashy/Shared/.minecraftx/jre/java-runtime-delta/lib/libjimage.so
7f9279d47000-7f9279d48000 rw-p 0001d000 103:07 449595                    /run/media/ashy/Shared/.minecraftx/jre/java-runtime-delta/lib/libjimage.so
7f9279d48000-7f9279d49000 r--p 00000000 00:21 4179                       /usr/lib/librt.so.1
7f9279d49000-7f9279d4a000 r-xp 00001000 00:21 4179                       /usr/lib/librt.so.1
7f9279d4a000-7f9279d4b000 r--p 00002000 00:21 4179                       /usr/lib/librt.so.1
7f9279d4b000-7f9279d4c000 r--p 00002000 00:21 4179                       /usr/lib/librt.so.1
7f9279d4c000-7f9279d4d000 rw-p 00003000 00:21 4179                       /usr/lib/librt.so.1
7f9279d4d000-7f9279d51000 rw-p 00000000 00:00 0 
7f9279d51000-7f9279d52000 r--p 00000000 00:21 4152                       /usr/lib/libdl.so.2
7f9279d52000-7f9279d53000 r-xp 00001000 00:21 4152                       /usr/lib/libdl.so.2
7f9279d53000-7f9279d54000 r--p 00002000 00:21 4152                       /usr/lib/libdl.so.2
7f9279d54000-7f9279d55000 r--p 00002000 00:21 4152                       /usr/lib/libdl.so.2
7f9279d55000-7f9279d56000 rw-p 00003000 00:21 4152                       /usr/lib/libdl.so.2
7f9279d56000-7f9279d57000 r--p 00000000 00:21 4174                       /usr/lib/libpthread.so.0
7f9279d57000-7f9279d58000 r-xp 00001000 00:21 4174                       /usr/lib/libpthread.so.0
7f9279d58000-7f9279d59000 r--p 00002000 00:21 4174                       /usr/lib/libpthread.so.0
7f9279d59000-7f9279d5a000 r--p 00002000 00:21 4174                       /usr/lib/libpthread.so.0
7f9279d5a000-7f9279d5b000 rw-p 00003000 00:21 4174                       /usr/lib/libpthread.so.0
7f9279d5b000-7f9279d69000 r-xp 00000000 103:07 449596                    /run/media/ashy/Shared/.minecraftx/jre/java-runtime-delta/lib/libjli.so
7f9279d69000-7f9279d6a000 ---p 0000e000 103:07 449596                    /run/media/ashy/Shared/.minecraftx/jre/java-runtime-delta/lib/libjli.so
7f9279d6a000-7f9279d6b000 r--p 0000e000 103:07 449596                    /run/media/ashy/Shared/.minecraftx/jre/java-runtime-delta/lib/libjli.so
7f9279d6b000-7f9279d6c000 rw-p 0000f000 103:07 449596                    /run/media/ashy/Shared/.minecraftx/jre/java-runtime-delta/lib/libjli.so
7f9279d6c000-7f9279d6f000 r--p 00000000 00:21 161704                     /usr/lib/libz.so.1.3.1.zlib-ng
7f9279d6f000-7f9279d9b000 r-xp 00003000 00:21 161704                     /usr/lib/libz.so.1.3.1.zlib-ng
7f9279d9b000-7f9279da5000 r--p 0002f000 00:21 161704                     /usr/lib/libz.so.1.3.1.zlib-ng
7f9279da5000-7f9279da6000 r--p 00038000 00:21 161704                     /usr/lib/libz.so.1.3.1.zlib-ng
7f9279da6000-7f9279da7000 rw-p 00039000 00:21 161704                     /usr/lib/libz.so.1.3.1.zlib-ng
7f9279da7000-7f9279da9000 rw-p 00000000 00:00 0 
7f9279da9000-7f9279dda000 r--p 00000000 00:21 829807                     /etc/ld.so.cache
7f9279dda000-7f9279dde000 r--p 00000000 00:00 0                          [vvar]
7f9279dde000-7f9279de0000 r--p 00000000 00:00 0                          [vvar_vclock]
7f9279de0000-7f9279de2000 r-xp 00000000 00:00 0                          [vdso]
7f9279de2000-7f9279de3000 r--p 00000000 00:21 4138                       /usr/lib/ld-linux-x86-64.so.2
7f9279de3000-7f9279e15000 r-xp 00001000 00:21 4138                       /usr/lib/ld-linux-x86-64.so.2
7f9279e15000-7f9279e25000 r--p 00033000 00:21 4138                       /usr/lib/ld-linux-x86-64.so.2
7f9279e25000-7f9279e27000 r--p 00043000 00:21 4138                       /usr/lib/ld-linux-x86-64.so.2
7f9279e27000-7f9279e28000 rw-p 00045000 00:21 4138                       /usr/lib/ld-linux-x86-64.so.2
7f9279e28000-7f9279e29000 rw-p 00000000 00:00 0 
7ffe67b40000-7ffe67b64000 rw-p 00000000 00:00 0                          [stack]
ffffffffff600000-ffffffffff601000 --xp 00000000 00:00 0                  [vsyscall]
Total number of mappings: 563


VM Arguments:
jvm_args: -Xms256M -Xmx8192M -javaagent:/run/media/ashy/Shared/.minecraftx/libraries/org/to2mbn/authlibinjector/1.2.8/authlibinjector-1.2.8.jar=http://localhost:25555/yggdrasil -Dauthlibinjector.side=client -Djava.library.path=/run/media/ashy/Shared/.minecraftx/versions/neoforge-21.1.248/neoforge-21.1.248-natives -Djna.tmpdir=/run/media/ashy/Shared/.minecraftx/versions/neoforge-21.1.248/neoforge-21.1.248-natives -Dorg.lwjgl.system.SharedLibraryExtractPath=/run/media/ashy/Shared/.minecraftx/versions/neoforge-21.1.248/neoforge-21.1.248-natives -Dio.netty.native.workdir=/run/media/ashy/Shared/.minecraftx/versions/neoforge-21.1.248/neoforge-21.1.248-natives -Dminecraft.launcher.brand=X Minecraft Launcher (0.65.1) -Dminecraft.launcher.version=X Minecraft Launcher (0.65.1) -Djava.net.preferIPv6Addresses=system -DignoreList=client-extra,1.21.1.jar -DlibraryDirectory=/run/media/ashy/Shared/.minecraftx/libraries --module-path=/run/media/ashy/Shared/.minecraftx/libraries/cpw/mods/bootstraplauncher/2.0.2/bootstraplauncher-2.0.2.jar:/run/media/ashy/Shared/.minecraftx/libraries/cpw/mods/securejarhandler/3.0.8/securejarhandler-3.0.8.jar:/run/media/ashy/Shared/.minecraftx/libraries/org/ow2/asm/asm-commons/9.10.1/asm-commons-9.10.1.jar:/run/media/ashy/Shared/.minecraftx/libraries/org/ow2/asm/asm-util/9.10.1/asm-util-9.10.1.jar:/run/media/ashy/Shared/.minecraftx/libraries/org/ow2/asm/asm-analysis/9.10.1/asm-analysis-9.10.1.jar:/run/media/ashy/Shared/.minecraftx/libraries/org/ow2/asm/asm-tree/9.10.1/asm-tree-9.10.1.jar:/run/media/ashy/Shared/.minecraftx/libraries/org/ow2/asm/asm/9.10.1/asm-9.10.1.jar:/run/media/ashy/Shared/.minecraftx/libraries/net/neoforged/JarJarFileSystems/0.4.1/JarJarFileSystems-0.4.1.jar --add-modules=ALL-MODULE-PATH --add-opens=java.base/java.util.jar=cpw.mods.securejarhandler --add-opens=java.base/java.lang.invoke=cpw.mods.securejarhandler --add-exports=java.base/sun.security.util=cpw.mods.securejarhandler --add-exports=jdk.naming.dns/com.sun.jndi.dns=java.naming -Dauthlibinjector.debug 
java_command: cpw.mods.bootstraplauncher.BootstrapLauncher --username Ashy --version neoforge-21.1.248 --gameDir /run/media/ashy/Shared/.minecraftx/instances/Gearfall Dev --assetsDir /run/media/ashy/Shared/.minecraftx/assets --assetIndex 818f68d092986c6933366762f435889884c36a52 --uuid 68af5072-46a5-387f-ac5e-a6b3c47d6c3f --accessToken 169e964af01b49a9a8c35ebcccb3ff92 --clientId ${clientid} --xuid ${auth_xuid} --userType msa --versionType release --fml.neoForgeVersion 21.1.248 --fml.fmlVersion 4.0.43 --fml.mcVersion 1.21.1 --fml.neoFormVersion 20240808.144430 --launchTarget forgeclient --fullscreen
java_class_path (initial): /run/media/ashy/Shared/.minecraftx/libraries/com/github/oshi/oshi-core/6.4.10/oshi-core-6.4.10.jar:/run/media/ashy/Shared/.minecraftx/libraries/com/google/code/gson/gson/2.10.1/gson-2.10.1.jar:/run/media/ashy/Shared/.minecraftx/libraries/com/google/guava/failureaccess/1.0.1/failureaccess-1.0.1.jar:/run/media/ashy/Shared/.minecraftx/libraries/com/google/guava/guava/32.1.2-jre/guava-32.1.2-jre.jar:/run/media/ashy/Shared/.minecraftx/libraries/com/ibm/icu/icu4j/73.2/icu4j-73.2.jar:/run/media/ashy/Shared/.minecraftx/libraries/com/mojang/authlib/6.0.54/authlib-6.0.54.jar:/run/media/ashy/Shared/.minecraftx/libraries/com/mojang/blocklist/1.0.10/blocklist-1.0.10.jar:/run/media/ashy/Shared/.minecraftx/libraries/com/mojang/brigadier/1.3.10/brigadier-1.3.10.jar:/run/media/ashy/Shared/.minecraftx/libraries/com/mojang/datafixerupper/8.0.16/datafixerupper-8.0.16.jar:/run/media/ashy/Shared/.minecraftx/libraries/com/mojang/logging/1.2.7/logging-1.2.7.jar:/run/media/ashy/Shared/.minecraftx/libraries/com/mojang/patchy/2.2.10/patchy-2.2.10.jar:/run/media/ashy/Shared/.minecraftx/libraries/com/mojang/text2speech/1.17.9/text2speech-1.17.9.jar:/run/media/ashy/Shared/.minecraftx/libraries/commons-codec/commons-codec/1.16.0/commons-codec-1.16.0.jar:/run/media/ashy/Shared/.minecraftx/libraries/commons-io/commons-io/2.15.1/commons-io-2.15.1.jar:/run/media/ashy/Shared/.minecraftx/libraries/commons-logging/commons-logging/1.2/commons-logging-1.2.jar:/run/media/ashy/Shared/.minecraftx/libraries/io/netty/netty-buffer/4.1.97.Final/netty-buffer-4.1.97.Final.jar:/run/media/ashy/Shared/.minecraftx/libraries/io/netty/netty-codec/4.1.97.Final/netty-codec-4.1.97.Final.jar:/run/media/ashy/Shared/.minecraftx/libraries/io/netty/netty-common/4.1.97.Final/netty-common-4.1.97.Final.jar:/run/media/ashy/Shared/.minecraftx/libraries/io/netty/netty-handler/4.1.97.Final/netty-handler-4.1.97.Final.jar:/run/media/ashy/Shared/.minecraftx/libraries/io/netty/netty-resolver/4.1.97.Final/netty-resolver-4.1.97.Final.jar:/run/media/ashy/Shared/.minecraftx/libraries/io/netty/netty-transport-classes-epoll/4.1.97.Final/netty-transport-classes-epoll-4.1.97.Final.jar:/run/media/ashy/Shared/.minecraftx/libraries/io/netty/netty-transport-native-epoll/4.1.97.Final/netty-transport-native-epoll-4.1.97.Final-linux-aarch_64.jar:/run/media/ashy/Shared/.minecraftx/libraries/io/netty/netty-transport-native-epoll/4.1.97.Final/netty-transport-native-epoll-4.1.97.Final-linux-x86_64.jar:/run/media/ashy/Shared/.minecraftx/libraries/io/netty/netty-transport-native-unix-common/4.1.97.Final/netty-transport-native-unix-common-4.1.97.Final.jar:/run/media/ashy/Shared/.minecraftx/libraries/io/netty/netty-transport/4.1.97.Final/netty-transport-4.1.97.Final.jar:/run/media/ashy/Shared/.minecraftx/libraries/it/unimi/dsi/fastutil/8.5.12/fastutil-8.5.12.jar:/run/media/ashy/Shared/.minecraftx/libraries/net/java/dev/jna/jna-platform/5.14.0/jna-platform-5.14.0.jar:/run/media/ashy/Shared/.minecraftx/libraries/net/java/dev/jna/jna/5.14.0/jna-5.14.0.jar:/run/media/ashy/Shared/.minecraftx/libraries/net/sf/jopt-simple/jopt-simple/5.0.4/jopt-simple-5.0.4.jar:/run/media/ashy/Shared/.minecraftx/libraries/org/apache/commons/commons-compress/1.26.0/commons-compress-1.26.0.jar:/run/media/ashy/Shared/.minecraftx/libraries/org/apache/commons/commons-lang3/3.14.0/commons-lang3-3.14.0.jar:/run/media/ashy/Shared/.minecraftx/libraries/org/apache/httpcomponents/httpclient/4.5.13/httpclient-4.5.13.jar:/run/media/ashy/Shared/.minecraftx/libraries/org/apache/httpcomponents/httpcore/4.4.16/httpcore-4.4.16.jar:/run/media/ashy/Shared/.minecraftx/libraries/org/apache/logging/log4j/log4j-api/2.22.1/log4j-api-2.22.1.jar:/run/media/ashy/Shared/.minecraftx/libraries/org/apache/logging/log4j/log4j-core/2.22.1/log4j-core-2.22.1.jar:/run/media/ashy/Shared/.minecraftx/libraries/org/apache/logging/log4j/log4j-slf4j2-impl/2.22.1/log4j-slf4j2-impl-2.22.1.jar:/run/media/ashy/Shared/.minecraftx/libraries/org/jcraft/jorbis/0.0.17/jorbis-0.0.17.jar:/run/media/ashy/Shared/.minecraftx/libraries/org/joml/joml/1.10.5/joml-1.10.5.jar:/run/media/ashy/Shared/.minecraftx/libraries/org/lwjgl/lwjgl-freetype/3.3.3/lwjgl-freetype-3.3.3.jar:/run/media/ashy/Shared/.minecraftx/libraries/org/lwjgl/lwjgl-freetype/3.3.3/lwjgl-freetype-3.3.3-natives-linux.jar:/run/media/ashy/Shared/.minecraftx/libraries/org/lwjgl/lwjgl-glfw/3.3.3/lwjgl-glfw-3.3.3.jar:/run/media/ashy/Shared/.minecraftx/libraries/org/lwjgl/lwjgl-glfw/3.3.3/lwjgl-glfw-3.3.3-natives-linux.jar:/run/media/ashy/Shared/.minecraftx/libraries/org/lwjgl/lwjgl-jemalloc/3.3.3/lwjgl-jemalloc-3.3.3.jar:/run/media/ashy/Shared/.minecraftx/libraries/org/lwjgl/lwjgl-jemalloc/3.3.3/lwjgl-jemalloc-3.3.3-natives-linux.jar:/run/media/ashy/Shared/.minecraftx/libraries/org/lwjgl/lwjgl-openal/3.3.3/lwjgl-openal-3.3.3.jar:/run/media/ashy/Shared/.minecraftx/libraries/org/lwjgl/lwjgl-openal/3.3.3/lwjgl-openal-3.3.3-natives-linux.jar:/run/media/ashy/Shared/.minecraftx/libraries/org/lwjgl/lwjgl-opengl/3.3.3/lwjgl-opengl-3.3.3.jar:/run/media/ashy/Shared/.minecraftx/libraries/org/lwjgl/lwjgl-opengl/3.3.3/lwjgl-opengl-3.3.3-natives-linux.jar:/run/media/ashy/Shared/.minecraftx/libraries/org/lwjgl/lwjgl-stb/3.3.3/lwjgl-stb-3.3.3.jar:/run/media/ashy/Shared/.minecraftx/libraries/org/lwjgl/lwjgl-stb/3.3.3/lwjgl-stb-3.3.3-natives-linux.jar:/run/media/ashy/Shared/.minecraftx/libraries/org/lwjgl/lwjgl-tinyfd/3.3.3/lwjgl-tinyfd-3.3.3.jar:/run/media/ashy/Shared/.minecraftx/libraries/org/lwjgl/lwjgl-tinyfd/3.3.3/lwjgl-tinyfd-3.3.3-natives-linux.jar:/run/media/ashy/Shared/.minecraftx/libraries/org/lwjgl/lwjgl/3.3.3/lwjgl-3.3.3.jar:/run/media/ashy/Shared/.minecraftx/libraries/org/lwjgl/lwjgl/3.3.3/lwjgl-3.3.3-natives-linux.jar:/run/media/ashy/Shared/.minecraftx/libraries/org/lz4/lz4-java/1.8.0/lz4-java-1.8.0.jar:/run/media/ashy/Shared/.minecraftx/libraries/org/slf4j/slf4j-api/2.0.9/slf4j-api-2.0.9.jar:/run/media/ashy/Shared/.minecraftx/libraries/net/neoforged/fancymodloader/earlydisplay/4.0.43/earlydisplay-4.0.43.jar:/run/media/ashy/Shared/.minecraftx/libraries/net/neoforged/fancymodloader/loader/4.0.43/loader-4.0.43.jar:/run/media/ashy/Shared/.minecraftx/libraries/net/neoforged/accesstransformers/at-modlauncher/10.0.1/at-modlauncher-10.0.1.jar:/run/media/ashy/Shared/.minecraftx/libraries/net/neoforged/accesstransformers/10.0.1/accesstransformers-10.0.1.jar:/run/media/ashy/Shared/.minecraftx/libraries/net/neoforged/bus/8.0.5/bus-8.0.5.jar:/run/media/ashy/Shared/.minecraftx/libraries/net/neoforged/coremods/7.0.3/coremods-7.0.3.jar:/run/media/ashy/Shared/.minecraftx/libraries/cpw/mods/modlauncher/11.0.5/modlauncher-11.0.5.jar:/run/media/ashy/Shared/.minecraftx/libraries/net/neoforged/mergetool/2.0.0/mergetool-2.0.0-api.jar:/run/media/ashy/Shared/.minecraftx/libraries/com/electronwill/night-config/toml/3.8.3/toml-3.8.3.jar:/run/media/ashy/Shared/.minecraftx/libraries/com/electronwill/night-config/core/3.8.3/core-3.8.3.jar:/run/media/ashy/Shared/.minecraftx/libraries/net/neoforged/JarJarSelector/0.4.1/JarJarSelector-0.4.1.jar:/run/media/ashy/Shared/.minecraftx/libraries/net/neoforged/JarJarMetadata/0.4.1/JarJarMetadata-0.4.1.jar:/run/media/ashy/Shared/.minecraftx/libraries/org/apache/maven/maven-artifact/3.8.5/maven-artifact-3.8.5.jar:/run/media/ashy/Shared/.minecraftx/libraries/net/jodah/typetools/0.6.3/typetools-0.6.3.jar:/run/media/ashy/Shared/.minecraftx/libraries/net/minecrell/terminalconsoleappender/1.3.0/terminalconsoleappender-1.3.0.jar:/run/media/ashy/Shared/.minecraftx/libraries/net/fabricmc/sponge-mixin/0.15.2+mixin.0.8.7/sponge-mixin-0.15.2+mixin.0.8.7.jar:/run/media/ashy/Shared/.minecraftx/libraries/org/openjdk/nashorn/nashorn-core/15.4/nashorn-core-15.4.jar:/run/media/ashy/Shared/.minecraftx/libraries/cpw/mods/bootstraplauncher/2.0.2/bootstraplauncher-2.0.2.jar:/run/media/ashy/Shared/.minecraftx/libraries/cpw/mods/securejarhandler/3.0.8/securejarhandler-3.0.8.jar:/run/media/ashy/Shared/.minecraftx/libraries/org/ow2/asm/asm-commons/9.10.1/asm-commons-9.10.1.jar:/run/media/ashy/Shared/.minecraftx/libraries/org/ow2/asm/asm-util/9.10.1/asm-util-9.10.1.jar:/run/media/ashy/Shared/.minecraftx/libraries/org/ow2/asm/asm-analysis/9.10.1/asm-analysis-9.10.1.jar:/run/media/ashy/Shared/.minecraftx/libraries/org/ow2/asm/asm-tree/9.10.1/asm-tree-9.10.1.jar:/run/media/ashy/Shared/.minecraftx/libraries/org/ow2/asm/asm/9.10.1/asm-9.10.1.jar:/run/media/ashy/Shared/.minecraftx/libraries/net/neoforged/JarJarFileSystems/0.4.1/JarJarFileSystems-0.4.1.jar:/run/media/ashy/Shared/.minecraftx/libraries/org/antlr/antlr4-runtime/4.13.1/antlr4-runtime-4.13.1.jar:/run/media/ashy/Shared/.minecraftx/libraries/org/jline/jline-reader/3.20.0/jline-reader-3.20.0.jar:/run/media/ashy/Shared/.minecraftx/libraries/org/jline/jline-terminal/3.20.0/jline-terminal-3.20.0.jar:/run/media/ashy/Shared/.minecraftx/libraries/net/minecraftforge/srgutils/0.4.15/srgutils-0.4.15.jar:/run/media/ashy/Shared/.minecraftx/libraries/com/google/guava/listenablefuture/9999.0-empty-to-avoid-conflict-with-guava/listenablefuture-9999.0-empty-to-avoid-conflict-with-guava.jar:/run/media/ashy/Shared/.minecraftx/libraries/com/google/code/findbugs/jsr305/3.0.2/jsr305-3.0.2.jar:/run/media/ashy/Shared/.minecraftx/libraries/org/checkerframework/checker-qual/3.33.0/checker-qual-3.33.0.jar:/run/media/ashy/Shared/.minecraftx/libraries/com/google/errorprone/error_prone_annotations/2.18.0/error_prone_annotations-2.18.0.jar:/run/media/ashy/Shared/.minecraftx/libraries/com/google/j2objc/j2objc-annotations/2.8/j2objc-annotations-2.8.jar:/run/media/ashy/Shared/.minecraftx/libraries/org/codehaus/plexus/plexus-utils/3.3.0/plexus-utils-3.3.0.jar:/run/media/ashy/Shared/.minecraftx/libraries/com/machinezoo/noexception/noexception/1.7.1/noexception-1.7.1.jar:/run/media/ashy/Shared/.minecraftx/versions/1.21.1/1.21.1.jar
Launcher Type: SUN_STANDARD

[Global flags]
     intx CICompilerCount                          = 4                                         {product} {ergonomic}
     uint ConcGCThreads                            = 2                                         {product} {ergonomic}
     uint G1ConcRefinementThreads                  = 8                                         {product} {ergonomic}
   size_t G1HeapRegionSize                         = 4194304                                   {product} {ergonomic}
    uintx GCDrainStackTargetSize                   = 64                                        {product} {ergonomic}
   size_t InitialHeapSize                          = 268435456                                 {product} {command line}
   size_t MarkStackSize                            = 4194304                                   {product} {ergonomic}
   size_t MaxHeapSize                              = 8589934592                                {product} {command line}
   size_t MaxNewSize                               = 5150605312                                {product} {ergonomic}
   size_t MinHeapDeltaBytes                        = 4194304                                   {product} {ergonomic}
   size_t MinHeapSize                              = 268435456                                 {product} {command line}
    uintx NonNMethodCodeHeapSize                   = 5839372                                {pd product} {ergonomic}
    uintx NonProfiledCodeHeapSize                  = 122909434                              {pd product} {ergonomic}
    uintx ProfiledCodeHeapSize                     = 122909434                              {pd product} {ergonomic}
    uintx ReservedCodeCacheSize                    = 251658240                              {pd product} {ergonomic}
     bool SegmentedCodeCache                       = true                                      {product} {ergonomic}
   size_t SoftMaxHeapSize                          = 8589934592                             {manageable} {ergonomic}
     bool UseCompressedOops                        = true                           {product lp64_product} {ergonomic}
     bool UseG1GC                                  = true                                      {product} {ergonomic}

Logging:
Log output configuration:
 #0: stdout all=warning uptime,level,tags foldmultilines=false
 #1: stderr all=off uptime,level,tags foldmultilines=false

Environment Variables:
PATH=/usr/bin:/usr/local/sbin:/usr/local/bin:/usr/bin:/opt/android-sdk/platform-tools:/opt/cuda/bin:/usr/bin/site_perl:/usr/bin/vendor_perl:/usr/bin/core_perl:/home/ashy/.local/share/JetBrains/Toolbox/scripts:/opt/android-sdk/platform-tools:/home/ashy/.local/share/JetBrains/Toolbox/scripts
XDG_CACHE_HOME=/home/ashy/.cache
XDG_CONFIG_HOME=/home/ashy/.config
SHELL=/bin/fish
DISPLAY=:0
LANG=en_US.UTF-8
LC_NUMERIC=en_US.UTF-8
LC_TIME=en_US.UTF-8

Active Locale:
LC_ALL=en_US.UTF-8
LC_COLLATE=en_US.UTF-8
LC_CTYPE=en_US.UTF-8
LC_MESSAGES=en_US.UTF-8
LC_MONETARY=en_US.UTF-8
LC_NUMERIC=en_US.UTF-8
LC_TIME=en_US.UTF-8

Signal Handlers:
   SIGSEGV: crash_handler in libjvm.so, mask=11100100010111111101111111111110, flags=SA_RESTART|SA_SIGINFO, unblocked
    SIGBUS: crash_handler in libjvm.so, mask=11100100010111111101111111111110, flags=SA_RESTART|SA_SIGINFO, unblocked
    SIGFPE: crash_handler in libjvm.so, mask=11100100010111111101111111111110, flags=SA_RESTART|SA_SIGINFO, unblocked
   SIGPIPE: javaSignalHandler in libjvm.so, mask=11100100010111111101111111111110, flags=SA_RESTART|SA_SIGINFO, blocked
   SIGXFSZ: javaSignalHandler in libjvm.so, mask=11100100010111111101111111111110, flags=SA_RESTART|SA_SIGINFO, blocked
    SIGILL: crash_handler in libjvm.so, mask=11100100010111111101111111111110, flags=SA_RESTART|SA_SIGINFO, unblocked
   SIGUSR2: SR_handler in libjvm.so, mask=00000000000000000000000000000000, flags=SA_RESTART|SA_SIGINFO, blocked
    SIGHUP: UserHandler in libjvm.so, mask=11100100010111111101111111111110, flags=SA_RESTART|SA_SIGINFO, blocked
    SIGINT: UserHandler in libjvm.so, mask=11100100010111111101111111111110, flags=SA_RESTART|SA_SIGINFO, blocked
   SIGTERM: UserHandler in libjvm.so, mask=11100100010111111101111111111110, flags=SA_RESTART|SA_SIGINFO, blocked
   SIGQUIT: UserHandler in libjvm.so, mask=11100100010111111101111111111110, flags=SA_RESTART|SA_SIGINFO, blocked
   SIGTRAP: crash_handler in libjvm.so, mask=11100100010111111101111111111110, flags=SA_RESTART|SA_SIGINFO, unblocked


Periodic native trim disabled

---------------  S Y S T E M  ---------------

OS:
DISTRIB_ID=cachyos
DISTRIB_RELEASE="rolling"
DISTRIB_DESCRIPTION="CachyOS"
uname: Linux 7.1.8-1-cachyos #1 SMP PREEMPT_DYNAMIC Tue, 11 Aug 2026 14:27:10 +0000 x86_64
OS uptime: 0 days 8:54 hours
libc: glibc 2.44 NPTL 2.44 
rlimit (soft/hard): STACK 8192k/infinity , CORE infinity/infinity , NPROC 45817/45817 , NOFILE 1048576/1048576 , AS infinity/infinity , CPU infinity/infinity , DATA infinity/infinity , FSIZE infinity/infinity , MEMLOCK 8192k/8192k
load average: 4.03 2.37 1.94

/proc/meminfo:
MemTotal:       12041768 kB
MemFree:          330016 kB
MemAvailable:    1684372 kB
Buffers:           14224 kB
Cached:          2588188 kB
SwapCached:       188592 kB
Active:          4158436 kB
Inactive:        3321028 kB
Active(anon):    3613300 kB
Inactive(anon):  2357720 kB
Active(file):     545136 kB
Inactive(file):   963308 kB
Unevictable:      472536 kB
Mlocked:           14260 kB
SwapTotal:      28818424 kB
SwapFree:       16821248 kB
Zswap:                 0 kB
Zswapped:              0 kB
Dirty:              2912 kB
Writeback:             0 kB
AnonPages:       5343340 kB
Mapped:           903604 kB
Shmem:            706312 kB
KReclaimable:     171596 kB
Slab:             448172 kB
SReclaimable:     171596 kB
SUnreclaim:       276576 kB
KernelStack:       45456 kB
PageTables:       156076 kB
SecPageTables:      2056 kB
NFS_Unstable:          0 kB
Bounce:                0 kB
WritebackTmp:          0 kB
CommitLimit:    34839308 kB
Committed_AS:   39948848 kB
VmallocTotal:   34359738367 kB
VmallocUsed:      307408 kB
VmallocChunk:          0 kB
Percpu:             7168 kB
HardwareCorrupted:     0 kB
AnonHugePages:    202752 kB
ShmemHugePages:    59392 kB
ShmemPmdMapped:        0 kB
FileHugePages:    114688 kB
FilePmdMapped:    114688 kB
CmaTotal:              0 kB
CmaFree:               0 kB
Unaccepted:            0 kB
Balloon:               0 kB
GPUActive:             0 kB
GPUReclaim:            0 kB
HugePages_Total:       0
HugePages_Free:        0
HugePages_Rsvd:        0
HugePages_Surp:        0
Hugepagesize:       2048 kB
Hugetlb:               0 kB
DirectMap4k:     6508308 kB
DirectMap2M:     5875712 kB
DirectMap1G:     2097152 kB

/sys/kernel/mm/transparent_hugepage/enabled: [always] madvise never
/sys/kernel/mm/transparent_hugepage/hpage_pmd_size: 2097152
/sys/kernel/mm/transparent_hugepage/defrag (defrag/compaction efforts parameter): always defer [defer+madvise] madvise never

Process Memory:
Virtual Size: 10815360K (peak: 10876328K)
Resident Set Size: 2191916K (peak: 2191916K) (anon: 2093720K, file: 98148K, shmem: 48K)
Swapped out: 0K
C-Heap outstanding allocations: 136053K, retained: 35678K
glibc malloc tunables: (default)

/proc/sys/kernel/threads-max (system-wide limit on the number of threads): 91634
/proc/sys/vm/max_map_count (maximum number of memory map areas a process may have): 1048576
/proc/sys/vm/swappiness (control to define how aggressively the kernel swaps out anonymous memory): 150
/proc/sys/kernel/pid_max (system-wide limit on number of process identifiers): 4194304

container information not found.
Steal ticks since vm start: 0
Steal ticks percentage since vm start:  0.000

CPU: total 8 (initial active 8) (4 cores per cpu, 2 threads per core) family 6 model 126 stepping 5 microcode 0xce, cx8, cmov, fxsr, ht, mmx, 3dnowpref, sse, sse2, sse3, ssse3, sse4.1, sse4.2, popcnt, lzcnt, tsc, tscinvbit, avx, avx2, aes, erms, clmul, bmi1, bmi2, adx, avx512f, avx512dq, avx512cd, avx512bw, avx512vl, sha, fma, vzeroupper, avx512_vpopcntdq, avx512_vpclmulqdq, avx512_vaes, avx512_vnni, clflush, clflushopt, avx512_vbmi2, avx512_vbmi, rdtscp, rdpid, fsrm, gfni, avx512_bitalg, f16c, pku, ospke, avx512_ifma
CPU Model and flags from /proc/cpuinfo:
model name	: Intel(R) Core(TM) i5-1035G1 CPU @ 1.00GHz
flags		: fpu vme de pse tsc msr pae mce cx8 apic sep mtrr pge mca cmov pat pse36 clflush dts acpi mmx fxsr sse sse2 ss ht tm pbe syscall nx pdpe1gb rdtscp lm constant_tsc art arch_perfmon pebs bts rep_good nopl xtopology nonstop_tsc cpuid aperfmperf tsc_known_freq pni pclmulqdq dtes64 monitor ds_cpl vmx est tm2 ssse3 sdbg fma cx16 xtpr pdcm pcid sse4_1 sse4_2 x2apic movbe popcnt tsc_deadline_timer aes xsave avx f16c rdrand lahf_lm abm 3dnowprefetch cpuid_fault epb ssbd ibrs ibpb stibp ibrs_enhanced tpr_shadow flexpriority ept vpid ept_ad fsgsbase tsc_adjust bmi1 avx2 smep bmi2 erms invpcid avx512f avx512dq rdseed adx smap avx512ifma clflushopt intel_pt avx512cd sha_ni avx512bw avx512vl xsaveopt xsavec xgetbv1 xsaves split_lock_detect dtherm ida arat pln pts hwp hwp_notify hwp_act_window hwp_epp hwp_pkg_req vnmi avx512vbmi umip pku ospke avx512_vbmi2 gfni vaes vpclmulqdq avx512_vnni avx512_bitalg avx512_vpopcntdq rdpid fsrm md_clear flush_l1d arch_capabilities

Online cpus: 0-7
Offline cpus: 
BIOS frequency limitation: <Not Available>
Frequency switch latency (ns): 0
Available cpu frequencies: <Not Available>
Current governor: powersave
Core performance/turbo boost: <Not Available>

Memory: 4k page, physical 12041768k(1684372k free), swap 28818424k(16821124k free)
Page Sizes: 4k

vm_info: OpenJDK 64-Bit Server VM (21.0.7+6-LTS) for linux-amd64 JRE (21.0.7+6-LTS), built on 2025-04-09T22:25:01Z by "MicrosoftCorporation" with gcc 11.3.0

END.
