#
# A fatal error has been detected by the Java Runtime Environment:
#
#  SIGSEGV (0xb) at pc=0x00007f49c069c705, pid=18452, tid=18483
#
# JRE version: OpenJDK Runtime Environment Microsoft-11369942 (21.0.7+6) (build 21.0.7+6-LTS)
# Java VM: OpenJDK 64-Bit Server VM Microsoft-11369942 (21.0.7+6-LTS, mixed mode, tiered, compressed oops, compressed class ptrs, g1 gc, linux-amd64)
# Problematic frame:
# V  [libjvm.so+0x81d705]  G1ParScanThreadState::trim_queue_to_threshold(unsigned int)+0x1d75
#
# Core dump will be written. Default location: Core dumps may be processed with "/usr/lib/systemd/systemd-coredump %P %u %g %s %t %c %h %d %F %I" (or dumping to /run/media/ashy/Shared/.minecraftx/instances/Gearfall Dev/core.18452)
#
# If you would like to submit a bug report, please visit:
#   https://aka.ms/minecraftjavacrashes
#

---------------  S U M M A R Y ------------

Command Line: -Xms256M -Xmx8192M -javaagent:/run/media/ashy/Shared/.minecraftx/libraries/org/to2mbn/authlibinjector/1.2.8/authlibinjector-1.2.8.jar=http://localhost:25555/yggdrasil -Dauthlibinjector.side=client -Djava.library.path=/run/media/ashy/Shared/.minecraftx/versions/neoforge-21.1.248/neoforge-21.1.248-natives -Djna.tmpdir=/run/media/ashy/Shared/.minecraftx/versions/neoforge-21.1.248/neoforge-21.1.248-natives -Dorg.lwjgl.system.SharedLibraryExtractPath=/run/media/ashy/Shared/.minecraftx/versions/neoforge-21.1.248/neoforge-21.1.248-natives -Dio.netty.native.workdir=/run/media/ashy/Shared/.minecraftx/versions/neoforge-21.1.248/neoforge-21.1.248-natives -Dminecraft.launcher.brand=X Minecraft Launcher (0.65.1) -Dminecraft.launcher.version=X Minecraft Launcher (0.65.1) -Djava.net.preferIPv6Addresses=system -DignoreList=client-extra,1.21.1.jar -DlibraryDirectory=/run/media/ashy/Shared/.minecraftx/libraries --module-path=/run/media/ashy/Shared/.minecraftx/libraries/cpw/mods/bootstraplauncher/2.0.2/bootstraplauncher-2.0.2.jar:/run/media/ashy/Shared/.minecraftx/libraries/cpw/mods/securejarhandler/3.0.8/securejarhandler-3.0.8.jar:/run/media/ashy/Shared/.minecraftx/libraries/org/ow2/asm/asm-commons/9.10.1/asm-commons-9.10.1.jar:/run/media/ashy/Shared/.minecraftx/libraries/org/ow2/asm/asm-util/9.10.1/asm-util-9.10.1.jar:/run/media/ashy/Shared/.minecraftx/libraries/org/ow2/asm/asm-analysis/9.10.1/asm-analysis-9.10.1.jar:/run/media/ashy/Shared/.minecraftx/libraries/org/ow2/asm/asm-tree/9.10.1/asm-tree-9.10.1.jar:/run/media/ashy/Shared/.minecraftx/libraries/org/ow2/asm/asm/9.10.1/asm-9.10.1.jar:/run/media/ashy/Shared/.minecraftx/libraries/net/neoforged/JarJarFileSystems/0.4.1/JarJarFileSystems-0.4.1.jar --add-modules=ALL-MODULE-PATH --add-opens=java.base/java.util.jar=cpw.mods.securejarhandler --add-opens=java.base/java.lang.invoke=cpw.mods.securejarhandler --add-exports=java.base/sun.security.util=cpw.mods.securejarhandler --add-exports=jdk.naming.dns/com.sun.jndi.dns=java.naming -Dauthlibinjector.debug cpw.mods.bootstraplauncher.BootstrapLauncher --username Ashy --version neoforge-21.1.248 --gameDir /run/media/ashy/Shared/.minecraftx/instances/Gearfall Dev --assetsDir /run/media/ashy/Shared/.minecraftx/assets --assetIndex 818f68d092986c6933366762f435889884c36a52 --uuid 68af5072-46a5-387f-ac5e-a6b3c47d6c3f --accessToken a7b2a826a0374b388647b5eae506ba8c --clientId ${clientid} --xuid ${auth_xuid} --userType msa --versionType release --fml.neoForgeVersion 21.1.248 --fml.fmlVersion 4.0.43 --fml.mcVersion 1.21.1 --fml.neoFormVersion 20240808.144430 --launchTarget forgeclient --fullscreen

Host: Intel(R) Core(TM) i5-1035G1 CPU @ 1.00GHz, 8 cores, 11G, CachyOS
Time: Fri Aug 28 09:42:35 2026 +0530 elapsed time: 1039.658344 seconds (0d 0h 17m 19s)

---------------  T H R E A D  ---------------

Current thread (0x000055672b839cd0):  WorkerThread "GC Thread#5"    [id=18483, stack(0x00007f498e0bb000,0x00007f498e1bb000) (1024K)]

Stack: [0x00007f498e0bb000,0x00007f498e1bb000],  sp=0x00007f498e1b9a70,  free space=1018k
Native frames: (J=compiled Java code, j=interpreted, Vv=VM code, C=native code)
V  [libjvm.so+0x81d705]  G1ParScanThreadState::trim_queue_to_threshold(unsigned int)+0x1d75
V  [libjvm.so+0x82188a]  G1ParScanThreadState::steal_and_trim_queue(GenericTaskQueueSet<OverflowTaskQueue<ScannerTask, (MEMFLAGS)5, 131072u>, (MEMFLAGS)5>*)+0x45a
V  [libjvm.so+0x857b43]  G1ParEvacuateFollowersClosure::do_void()+0xc3
V  [libjvm.so+0x85835b]  G1EvacuateRegionsTask::evacuate_live_objects(G1ParScanThreadState*, unsigned int)+0x8b
V  [libjvm.so+0x855c7a]  G1EvacuateRegionsBaseTask::work(unsigned int)+0x9a
V  [libjvm.so+0x103bce0]  WorkerThread::run()+0x80
V  [libjvm.so+0xf7f788]  Thread::call_run()+0xa8
V  [libjvm.so+0xd0aaea]  thread_native_entry(Thread*)+0xda

siginfo: si_signo: 11 (SIGSEGV), si_code: 1 (SEGV_MAPERR), si_addr: 0x000000088b4a1423

Registers:
RAX=0x000000088b4a141b, RBX=0x00007f4984e85590, RCX=0x0000000000000000, RDX=0x0000000000000001
RSP=0x00007f498e1b9a70, RBP=0x00007f498e1b9b10, RSI=0x00007f49c136ee80, RDI=0x0000000000001b7d
R8 =0x0000000000000000, R9 =0x0000000000000000, R10=0x000000068b4a15a8, R11=0x736b636972625f74
R12=0x000000068b4a1481, R13=0x00000006df5fd160, R14=0x00007f49c13706e8, R15=0x0000000000000001
RIP=0x00007f49c069c705, EFLAGS=0x0000000000010206, CSGSFS=0x002b000000000033, ERR=0x0000000000000004
  TRAPNO=0x000000000000000e

XMM[0]=0x0000000000000000 0x0000f1c50000dce0
XMM[1]=0x0000000000000000 0x000000000000f1c5
XMM[2]=0x0000000000000000 0x000000068b400000
XMM[3]=0x0000000000000000 0x0000000000000000
XMM[4]=0x0000000000000000 0x00007f498f5f40b0
XMM[5]=0x0000000000000000 0x0000000000000000
XMM[6]=0x0000000000000000 0x0000000000010404
XMM[7]=0x0000000000000000 0x0000000000000001
XMM[8]=0x3132333435363738 0x393a3b3c3d3e3f40
XMM[9]=0x0000000000000000 0x0000000000000000
XMM[10]=0x0000000600000004 0x0000000200000000
XMM[11]=0x0000000000000143 0x000000000000e5a4
XMM[12]=0x0102030405060708 0x090a0b0c0d0e0f10
XMM[13]=0x0000000000000000 0x0000000000000000
XMM[14]=0x0000000000000000 0x0000000000000000
XMM[15]=0x0000000000000000 0x0000000000000000
  MXCSR=0x00001fa2


Register to memory mapping:

RAX=0x000000088b4a141b is an unknown value
RBX=0x00007f4984e85590 points into unknown readable memory: 0x00007f49c12a2158 | 58 21 2a c1 49 7f 00 00
RCX=0x0 is null
RDX=0x0000000000000001 is an unknown value
RSP=0x00007f498e1b9a70 points into unknown readable memory: 0x000055672bab5f68 | 68 5f ab 2b 67 55 00 00
RBP=0x00007f498e1b9b10 points into unknown readable memory: 0x00007f498e1b9bb0 | b0 9b 1b 8e 49 7f 00 00
RSI=0x00007f49c136ee80: <offset 0x00000000014efe80> in /run/media/ashy/Shared/.minecraftx/jre/java-runtime-delta/lib/server/libjvm.so at 0x00007f49bfe7f000
RDI=0x0000000000001b7d is an unknown value
R8 =0x0 is null
R9 =0x0 is null
R10=0x000000068b4a15a8 is an oop: [B 
{0x000000068b4a15a8} - klass: {type array byte}
 - length: 75
R11=0x736b636972625f74 is an unknown value
R12=0x000000068b4a1481 is pointing into object: com.google.gson.internal.LinkedTreeMap 
{0x000000068b4a1458} - klass: 'com/google/gson/internal/LinkedTreeMap'
 - ---- fields (total size 7 words):
 - transient 'keySet' 'Ljava/util/Set;' @12  null (0x00000000)
 - transient 'values' 'Ljava/util/Collection;' @16  null (0x00000000)
 - 'size' 'I' @20  1 (0x00000001)
 - 'modCount' 'I' @24  1 (0x00000001)
 - private final 'allowNullValues' 'Z' @28  false (0x00)
 - private final 'comparator' 'Ljava/util/Comparator;' @32  a 'com/google/gson/internal/LinkedTreeMap$1'{0x00000006046c1260} (0xc08d824c)
 - 'root' 'Lcom/google/gson/internal/LinkedTreeMap$Node;' @36  a 'com/google/gson/internal/LinkedTreeMap$Node'{0x000000068b4a1490} (0xd1694292)
 - final 'header' 'Lcom/google/gson/internal/LinkedTreeMap$Node;' @40  
[error occurred during error reporting (printing register info), id 0xb, SIGSEGV (0xb) at pc=0x00007f49c0b6f7bd]
R13=
[error occurred during error reporting (printing register info, attempt 2), id 0xb, SIGSEGV (0xb) at pc=0x00007f49c064f0be]
R14=0x00007f49c13706e8: <offset 0x00000000014f16e8> in /run/media/ashy/Shared/.minecraftx/jre/java-runtime-delta/lib/server/libjvm.so at 0x00007f49bfe7f000
R15=0x0000000000000001 is an unknown value

Top of Stack: (sp=0x00007f498e1b9a70)
0x00007f498e1b9a70:   000055672bab5f68 00007f498e1b9b76
0x00007f498e1b9a80:   00007f4900000000 0000000000000001
0x00007f498e1b9a90:   000000000000000c 0000556730987dc0
0x00007f498e1b9aa0:   0000000600000000 000000088b4a141b
0x00007f498e1b9ab0:   000000068b4a1500 00007f49c136ee90
0x00007f498e1b9ac0:   000000008e1b9bd0 000000068b4a15a8
0x00007f498e1b9ad0:   00017f49c13b1518 0000000000000001
0x00007f498e1b9ae0:   0000000690bd7411 00000006935647b8
0x00007f498e1b9af0:   00000006935647b8 00007f49b804ce60
0x00007f498e1b9b00:   00007f4984e85590 00007f49b8002f10
0x00007f498e1b9b10:   00007f498e1b9bb0 00007f49c06a088a
0x00007f498e1b9b20:   0000000000000001 0000000000000009
0x00007f498e1b9b30:   000000000000000a 000055672baa3d20
0x00007f498e1b9b40:   0000000600000000 0000000800063800
0x00007f498e1b9b50:   0000000690bd7420 00007f49c136ee90
0x00007f498e1b9b60:   00007f49c13706e8 00000006becaba72
0x00007f498e1b9b70:   00017f4984e85590 0000000000000009
0x00007f498e1b9b80:   0000000000000000 00007f498e1b9ca0
0x00007f498e1b9b90:   00007f49c13b4c20 00007f49c0fa5fda
0x00007f498e1b9ba0:   00007f4984e85590 0000000000000000
0x00007f498e1b9bb0:   00007f498e1b9c70 00007f49c06d6b43
0x00007f498e1b9bc0:   000000000000002c 00007f498e1b9c50
0x00007f498e1b9bd0:   00007f498e1b9c40 00007f49c064ee54
0x00007f498e1b9be0:   0000000000000000 0000000000000000
0x00007f498e1b9bf0:   0000000000000000 00007f498f5f4080
0x00007f498e1b9c00:   000055672b8197a0 0000000000000001
0x00007f498e1b9c10:   0000000000000000 0000000000000000
0x00007f498e1b9c20:   00007f498e000000 00007f49c150214d
0x00007f498e1b9c30:   0000000000000012 00007f49c0b94e36
0x00007f498e1b9c40:   0000000000000f12 00007f498f5f4080
0x00007f498e1b9c50:   000055672b8197a0 0000000000000001
0x00007f498e1b9c60:   0000000000000001 00000000000003d8 

Instructions: (pc=0x00007f49c069c705)
0x00007f49c069c605:   d8 49 c1 e8 03 41 83 e0 0f 44 3b 83 80 01 00 00
0x00007f49c069c615:   19 d2 31 c0 83 c2 01 44 3b 83 80 01 00 00 44 0f
0x00007f49c069c625:   43 f8 48 8b 73 08 44 88 7d c6 88 55 c7 4c 8d 3d
0x00007f49c069c635:   fb 4e d1 00 8b 8e 18 02 00 00 48 8b 86 10 02 00
0x00007f49c069c645:   00 48 d3 e0 48 89 c1 4c 89 e8 48 29 c8 41 8b 0f
0x00007f49c069c655:   48 d3 e8 48 8b 8e f8 01 00 00 89 c0 48 8b 04 c1
0x00007f49c069c665:   8b b8 8c 00 00 00 48 89 45 98 48 8b 43 70 89 7d
0x00007f49c069c675:   a0 84 d2 0f 85 6f 0f 00 00 48 8b 48 10 89 fa 48
0x00007f49c069c685:   8b 14 d1 4c 8b 4a 30 48 8b 42 38 4c 29 c8 48 c1
0x00007f49c069c695:   e8 03 4c 39 d0 0f 82 92 0e 00 00 4b 8d 04 d1 48
0x00007f49c069c6a5:   89 42 30 4d 85 c9 0f 84 81 0e 00 00 48 8d 05 48
0x00007f49c069c6b5:   34 cd 00 48 8b 00 41 0f 18 0c 01 49 83 fa 08 0f
0x00007f49c069c6c5:   87 69 20 00 00 48 8d 3d 1b 47 9b 00 4a 63 04 97
0x00007f49c069c6d5:   48 01 f8 ff e0 4c 8d 35 07 40 cd 00 41 0f b6 16
0x00007f49c069c6e5:   84 d2 0f 84 72 07 00 00 48 8d 35 8c 27 cd 00 41
0x00007f49c069c6f5:   8b 45 08 8b 4e 08 48 d3 e0 48 03 06 48 89 45 98
0x00007f49c069c705:   8b 48 08 85 c9 0f 8e ba 0f 00 00 f6 c1 01 74 1a
0x00007f49c069c715:   48 8b 00 48 8d 3d c1 9c ac ff 48 8b 80 00 01 00
0x00007f49c069c725:   00 48 39 f8 0f 85 5b 24 00 00 c1 f9 03 4c 63 d1
0x00007f49c069c735:   80 7d a0 00 4c 89 5d c8 0f 85 0b 0f 00 00 48 8d
0x00007f49c069c745:   05 3e 38 cd 00 83 38 02 0f 84 1e 1e 00 00 41 83
0x00007f49c069c755:   e0 01 0f 84 1e 1e 00 00 4c 89 d8 48 c1 e8 03 41
0x00007f49c069c765:   89 c0 41 83 e0 0f 44 3b 83 80 01 00 00 19 d2 31
0x00007f49c069c775:   c0 83 c2 01 44 3b 83 80 01 00 00 44 0f 43 f8 48
0x00007f49c069c785:   8b 73 08 44 88 7d c6 88 55 c7 4c 8d 3d 9e 4d d1
0x00007f49c069c795:   00 8b 8e 18 02 00 00 48 8b 86 10 02 00 00 48 d3
0x00007f49c069c7a5:   e0 48 89 c1 4c 89 e8 48 29 c8 41 8b 0f 48 d3 e8
0x00007f49c069c7b5:   48 8b 8e f8 01 00 00 89 c0 48 8b 04 c1 8b b8 8c
0x00007f49c069c7c5:   00 00 00 48 89 45 88 48 8b 43 70 89 7d 90 84 d2
0x00007f49c069c7d5:   0f 85 67 0e 00 00 48 8b 48 10 89 fa 48 8b 14 d1
0x00007f49c069c7e5:   4c 8b 4a 30 48 8b 42 38 4c 29 c8 4c 89 4d b8 48
0x00007f49c069c7f5:   c1 e8 03 4c 39 d0 0f 82 5d 0e 00 00 4b 8d 04 d1 


Stack slot to memory mapping:

stack at sp + 0 slots: 0x000055672bab5f68 points into unknown readable memory: 0x0000000000000000 | 00 00 00 00 00 00 00 00
stack at sp + 1 slots: 0x00007f498e1b9b76 points into unknown readable memory: 01 00
stack at sp + 2 slots: 0x00007f4900000000 points into unknown readable memory: 0x00007f4984000030 | 30 00 00 84 49 7f 00 00
stack at sp + 3 slots: 0x0000000000000001 is an unknown value
stack at sp + 4 slots: 0x000000000000000c is an unknown value
stack at sp + 5 slots: 0x0000556730987dc0 points into unknown readable memory: 0x00000006df400000 | 00 00 40 df 06 00 00 00
stack at sp + 6 slots: 0x0000000600000000 is an oop: [B 
{0x0000000600000000} - klass: {type array byte}
 - length: 3008
stack at sp + 7 slots: 0x000000088b4a141b is an unknown value


---------------  P R O C E S S  ---------------

Threads class SMR info:
_java_thread_list=0x00007f49b968dbd0, length=94, elements={
0x00007f49b8031480, 0x00007f49b819ffd0, 0x00007f49b81b1140, 0x00007f49b81b2a20,
0x00007f49b81b3f80, 0x00007f49b81b5510, 0x00007f49b81b6cf0, 0x00007f49b81b8390,
0x00007f49b82af9f0, 0x00007f49b89ea760, 0x00007f49ba2d2840, 0x00007f49ba430ad0,
0x00007f49bba71e80, 0x00007f49bba74ed0, 0x000055672bc4cb60, 0x000055672bc5b6d0,
0x000055672bca5d40, 0x000055672bcb2db0, 0x000055672bde74b0, 0x00007f4999c6d0a0,
0x00007f49984330d0, 0x00007f49ba0b4e10, 0x00007f4994062ac0, 0x00007f49944c0150,
0x00007f496cbaccc0, 0x00007f496ccfb980, 0x00007f4984369830, 0x00007f49843702e0,
0x00007f4980907220, 0x000055672ca79990, 0x000055672ec4a380, 0x000055672eee5730,
0x000055672f03d1c0, 0x000055672f04da40, 0x000055672f22d9e0, 0x000055672f249260,
0x00007f4988bb5ab0, 0x0000556730df22d0, 0x0000556730e23d20, 0x0000556730f10560,
0x0000556730f114b0, 0x0000556747979720, 0x0000556747a14800, 0x00007f49bb5a4fc0,
0x0000556747a83d90, 0x00007f496d090120, 0x00007f499a85a900, 0x000055672f9a4050,
0x000055672f9897b0, 0x00007f498411f050, 0x000055672f9fbc40, 0x000055672fa005d0,
0x000055672fa03010, 0x00007f49850a1e10, 0x000055672fa04280, 0x00007f4984723a50,
0x000055672fb9f870, 0x000055672fe038c0, 0x000055672fe04780, 0x000055672fc47250,
0x00007f4992bff7d0, 0x00007f49871fd9a0, 0x00007f49959704d0, 0x00007f499a5b90b0,
0x00007f496d76cbd0, 0x00007f49925d32e0, 0x000055672feaf300, 0x00007f499a16cf30,
0x00007f496fd6d890, 0x00007f4999c4a6d0, 0x00005567300e2960, 0x00007f498048b3a0,
0x00005567304a0140, 0x0000556730d0eaf0, 0x000055673074d710, 0x00007f49897d60a0,
0x000055674b32a010, 0x00007f49898100e0, 0x00007f4995c5e330, 0x00007f4989322400,
0x00007f49925cb030, 0x00007f49915d2120, 0x00007f4999aab150, 0x00007f49915fa2c0,
0x00007f496e958b00, 0x00007f4988456830, 0x0000556730176c50, 0x000055672fdfc8d0,
0x00007f498980a6e0, 0x00007f499b2acd60, 0x00007f496d538860, 0x00005567309bbed0,
0x000055672ffe5bf0, 0x00007f496e47a820
}

Java Threads: ( => current thread )
  0x00007f49b8031480 JavaThread "Ixeris Event Polling Thread"        [_thread_blocked, id=18453, stack(0x00007f49bfc78000,0x00007f49bfd78000) (1024K)]
  0x00007f49b819ffd0 JavaThread "Reference Handler"          daemon [_thread_blocked, id=18463, stack(0x00007f498f100000,0x00007f498f200000) (1024K)]
  0x00007f49b81b1140 JavaThread "Finalizer"                  daemon [_thread_blocked, id=18464, stack(0x00007f498efff000,0x00007f498f0ff000) (1024K)]
  0x00007f49b81b2a20 JavaThread "Signal Dispatcher"          daemon [_thread_blocked, id=18465, stack(0x00007f498eefe000,0x00007f498effe000) (1024K)]
  0x00007f49b81b3f80 JavaThread "Service Thread"             daemon [_thread_blocked, id=18466, stack(0x00007f498edfd000,0x00007f498eefd000) (1024K)]
  0x00007f49b81b5510 JavaThread "Monitor Deflation Thread"   daemon [_thread_blocked, id=18467, stack(0x00007f498ecfc000,0x00007f498edfc000) (1024K)]
  0x00007f49b81b6cf0 JavaThread "C2 CompilerThread0"         daemon [_thread_blocked, id=18468, stack(0x00007f498ebfb000,0x00007f498ecfb000) (1024K)]
  0x00007f49b81b8390 JavaThread "C1 CompilerThread0"         daemon [_thread_blocked, id=18469, stack(0x00007f498eafa000,0x00007f498ebfa000) (1024K)]
  0x00007f49b82af9f0 JavaThread "Common-Cleaner"             daemon [_thread_blocked, id=18470, stack(0x00007f498e929000,0x00007f498ea29000) (1024K)]
  0x00007f49b89ea760 JavaThread "Notification Thread"        daemon [_thread_blocked, id=18474, stack(0x00007f498e5d0000,0x00007f498e6d0000) (1024K)]
  0x00007f49ba2d2840 JavaThread "LauncherLogger-Worker"      daemon [_thread_blocked, id=18554, stack(0x00007f498d34c000,0x00007f498d44c000) (1024K)]
  0x00007f49ba430ad0 JavaThread "JNA Cleaner"                daemon [_thread_blocked, id=18558, stack(0x00007f4971d00000,0x00007f4971e00000) (1024K)]
  0x00007f49bba71e80 JavaThread "Timer hack thread"          daemon [_thread_blocked, id=18680, stack(0x00007f498de57000,0x00007f498df57000) (1024K)]
  0x00007f49bba74ed0 JavaThread "Render thread"                     [_thread_blocked, id=18681, stack(0x00007f498e6d1000,0x00007f498e7d1000) (1024K)]
  0x000055672bc4cb60 JavaThread "WaterConfig-Worker"         daemon [_thread_blocked, id=18682, stack(0x00007f4970d00000,0x00007f4970e00000) (1024K)]
  0x000055672bc5b6d0 JavaThread "WaterConfig-IO"             daemon [_thread_blocked, id=18683, stack(0x00007f4970bff000,0x00007f4970cff000) (1024K)]
  0x000055672bca5d40 JavaThread "NanoHttpd Main Listener"    daemon [_thread_in_native, id=18686, stack(0x00007f4970afe000,0x00007f4970bfe000) (1024K)]
  0x000055672bcb2db0 JavaThread "Yggdrasil Key Fetcher"      daemon [_thread_blocked, id=18687, stack(0x00007f49709fd000,0x00007f4970afd000) (1024K)]
  0x000055672bde74b0 JavaThread "Cleaner-0"                  daemon [_thread_blocked, id=18694, stack(0x00007f498e828000,0x00007f498e928000) (1024K)]
  0x00007f4999c6d0a0 JavaThread "FileSystemWatchService"     daemon [_thread_in_native, id=18730, stack(0x00007f49740ae000,0x00007f49741ae000) (1024K)]
  0x00007f49984330d0 JavaThread "config-file-watcher-0-0"    daemon [_thread_blocked, id=18731, stack(0x00007f4973fad000,0x00007f49740ad000) (1024K)]
  0x00007f49ba0b4e10 JavaThread "FileWatcher-1-thread-1"     daemon [_thread_blocked, id=18732, stack(0x00007f4973eac000,0x00007f4973fac000) (1024K)]
  0x00007f4994062ac0 JavaThread "FileSystemWatchService"     daemon [_thread_in_native, id=18737, stack(0x00007f49706fa000,0x00007f49707fa000) (1024K)]
  0x00007f49944c0150 JavaThread "JEI Config File Watcher"    daemon [_thread_blocked, id=18738, stack(0x00007f49708fc000,0x00007f49709fc000) (1024K)]
  0x00007f496cbaccc0 JavaThread "FileSystemWatchService"     daemon [_thread_in_native, id=18751, stack(0x00007f49704f8000,0x00007f49705f8000) (1024K)]
  0x00007f496ccfb980 JavaThread "kubejs-background-thread"   daemon [_thread_blocked, id=18754, stack(0x00007f49726a0000,0x00007f49727a0000) (1024K)]
  0x00007f4984369830 JavaThread "FileSystemWatchService"     daemon [_thread_in_native, id=18759, stack(0x00007f497239d000,0x00007f497249d000) (1024K)]
  0x00007f49843702e0 JavaThread "config-file-watcher-1-0"    daemon [_thread_blocked, id=18760, stack(0x00007f497229c000,0x00007f497239c000) (1024K)]
  0x00007f4980907220 JavaThread "Tween thread"               daemon [_thread_blocked, id=18765, stack(0x00007f4967616000,0x00007f4967716000) (1024K)]
  0x000055672ca79990 JavaThread "modloading-sync-worker"     daemon [_thread_blocked, id=18770, stack(0x00007f4967515000,0x00007f4967615000) (1024K)]
  0x000055672ec4a380 JavaThread "Worker-Main-1"              daemon [_thread_blocked, id=18821, stack(0x00007f495432b000,0x00007f495442b000) (1024K)]
  0x000055672eee5730 JavaThread "FancyMenu-JsonPlaceholder-Cleanup" daemon [_thread_blocked, id=18827, stack(0x00007f4953b00000,0x00007f4953c00000) (1024K)]
  0x000055672f03d1c0 JavaThread "pool-17-thread-1"                  [_thread_blocked, id=18828, stack(0x00007f49539ff000,0x00007f4953aff000) (1024K)]
  0x000055672f04da40 JavaThread "pool-18-thread-1"                  [_thread_blocked, id=18829, stack(0x00007f49538fe000,0x00007f49539fe000) (1024K)]
  0x000055672f22d9e0 JavaThread "Thread-13"                         [_thread_blocked, id=18832, stack(0x00007f49537fd000,0x00007f49538fd000) (1024K)]
  0x000055672f249260 JavaThread "Thread-14"                         [_thread_blocked, id=18833, stack(0x00007f49536fc000,0x00007f49537fc000) (1024K)]
  0x00007f4988bb5ab0 JavaThread "Worker-Main-2"              daemon [_thread_blocked, id=18848, stack(0x00007f494cb00000,0x00007f494cc00000) (1024K)]
  0x0000556730df22d0 JavaThread "CullThread"                 daemon [_thread_blocked, id=21571, stack(0x00007f498d750000,0x00007f498d850000) (1024K)]
  0x0000556730e23d20 JavaThread "Thread-16"                  daemon [_thread_blocked, id=21574, stack(0x00007f498dd56000,0x00007f498de56000) (1024K)]
  0x0000556730f10560 JavaThread "KubeJS 2101.7.2-build.374"  daemon [_thread_blocked, id=21584, stack(0x00007f494c8fe000,0x00007f494c9fe000) (1024K)]
  0x0000556730f114b0 JavaThread "WSKeepAliveThread-/api/updates" daemon [_thread_blocked, id=21590, stack(0x00007f4967414000,0x00007f4967514000) (1024K)]
  0x0000556747979720 JavaThread "Cleaner-1"                  daemon [_thread_blocked, id=21697, stack(0x00007f49707fb000,0x00007f49708fb000) (1024K)]
  0x0000556747a14800 JavaThread "ForkJoinPool-5-worker-5"    daemon [_thread_blocked, id=21761, stack(0x00007f4954129000,0x00007f4954229000) (1024K)]
  0x00007f49bb5a4fc0 JavaThread "VirtualThread-unparker"     daemon [_thread_blocked, id=21762, stack(0x00007f494ae80000,0x00007f494af80000) (1024K)]
  0x0000556747a83d90 JavaThread "pool-21-thread-1"                  [_thread_blocked, id=21784, stack(0x00007f49477fd000,0x00007f49478fd000) (1024K)]
  0x00007f496d090120 JavaThread "ForkJoinPool-5-worker-6"    daemon [_thread_blocked, id=21930, stack(0x00007f498dc55000,0x00007f498dd55000) (1024K)]
  0x00007f499a85a900 JavaThread "ComputerCraft-Network-0"    daemon [_thread_blocked, id=21951, stack(0x00007f49476fc000,0x00007f49477fc000) (1024K)]
  0x000055672f9a4050 JavaThread "ComputerCraft-Network-1"    daemon [_thread_blocked, id=21952, stack(0x00007f49479ff000,0x00007f4947aff000) (1024K)]
  0x000055672f9897b0 JavaThread "ComputerCraft-Network-2"    daemon [_thread_blocked, id=21957, stack(0x00007f4946d29000,0x00007f4946e29000) (1024K)]
  0x00007f498411f050 JavaThread "ComputerCraft-Network-3"    daemon [_thread_blocked, id=21963, stack(0x00007f4946a26000,0x00007f4946b26000) (1024K)]
  0x000055672f9fbc40 JavaThread "Netty Server IO #0"         daemon [_thread_in_native, id=21999, stack(0x00007f49461f9000,0x00007f49462f9000) (1024K)]
  0x000055672fa005d0 JavaThread "Netty Server IO #1"         daemon [_thread_in_native, id=22000, stack(0x00007f49459f8000,0x00007f4945af8000) (1024K)]
  0x000055672fa03010 JavaThread "Netty Local Client IO #0"   daemon [_thread_blocked, id=22001, stack(0x00007f49451f8000,0x00007f49452f8000) (1024K)]
  0x00007f49850a1e10 JavaThread "Netty Server IO #2"         daemon [_thread_in_native, id=22002, stack(0x00007f493eef9000,0x00007f493eff9000) (1024K)]
  0x000055672fa04280 JavaThread "Netty Local Client IO #1"   daemon [_thread_blocked, id=22003, stack(0x00007f493dd00000,0x00007f493de00000) (1024K)]
  0x00007f4984723a50 JavaThread "Netty Server IO #3"         daemon [_thread_in_native, id=22004, stack(0x00007f493dbff000,0x00007f493dcff000) (1024K)]
  0x000055672fb9f870 JavaThread "HttpClient-3-SelectorManager" daemon [_thread_in_native, id=22021, stack(0x00007f493c7fb000,0x00007f493c8fb000) (1024K)]
  0x000055672fe038c0 JavaThread "Flywheel Task Executor #0"         [_thread_blocked, id=22023, stack(0x00007f493c5f9000,0x00007f493c6f9000) (1024K)]
  0x000055672fe04780 JavaThread "Flywheel Task Executor #1"         [_thread_blocked, id=22024, stack(0x00007f493c4f8000,0x00007f493c5f8000) (1024K)]
  0x000055672fc47250 JavaThread "JEI Delayed Executor 0"            [_thread_blocked, id=22047, stack(0x00007f493bff3000,0x00007f493c0f3000) (1024K)]
  0x00007f4992bff7d0 JavaThread "ForkJoinPool.commonPool-worker-10" daemon [_thread_blocked, id=24467, stack(0x00007f4946c28000,0x00007f4946d28000) (1024K)]
  0x00007f49871fd9a0 JavaThread "IO-Worker-14"                      [_thread_blocked, id=24468, stack(0x00007f494c9ff000,0x00007f494caff000) (1024K)]
  0x00007f49959704d0 JavaThread "Worker-Main-9"              daemon [_thread_blocked, id=24469, stack(0x00007f497249e000,0x00007f497259e000) (1024K)]
  0x00007f499a5b90b0 JavaThread "Worker-Main-8"              daemon [_thread_blocked, id=24470, stack(0x00007f498dfba000,0x00007f498e0ba000) (1024K)]
  0x00007f496d76cbd0 JavaThread "IO-Worker-16"                      [_thread_blocked, id=24472, stack(0x00007f493abfe000,0x00007f493acfe000) (1024K)]
  0x00007f49925d32e0 JavaThread "ForkJoinPool.commonPool-worker-11" daemon [_thread_blocked, id=24559, stack(0x00007f493d8fc000,0x00007f493d9fc000) (1024K)]
  0x000055672feaf300 JavaThread "Worker-ResourceReload-7"    daemon [_thread_blocked, id=24642, stack(0x00007f4947b00000,0x00007f4947c00000) (1024K)]
  0x00007f499a16cf30 JavaThread "Worker-ResourceReload-8"    daemon [_thread_blocked, id=24643, stack(0x00007f49478fe000,0x00007f49479fe000) (1024K)]
  0x00007f496fd6d890 JavaThread "Worker-ResourceReload-9"    daemon [_thread_blocked, id=24644, stack(0x00007f49474fa000,0x00007f49475fa000) (1024K)]
  0x00007f4999c4a6d0 JavaThread "Worker-ResourceReload-10"   daemon [_thread_blocked, id=24648, stack(0x00007f4946ff9000,0x00007f49470f9000) (1024K)]
  0x00005567300e2960 JavaThread "Worker-ResourceReload-11"   daemon [_thread_blocked, id=24650, stack(0x00007f49532f8000,0x00007f49533f8000) (1024K)]
  0x00007f498048b3a0 JavaThread "Worker-ResourceReload-13"   daemon [_thread_blocked, id=24651, stack(0x00007f49533f9000,0x00007f49534f9000) (1024K)]
  0x00005567304a0140 JavaThread "Netty Server IO #4"         daemon [_thread_in_native, id=24673, stack(0x00007f49531f7000,0x00007f49532f7000) (1024K)]
  0x0000556730d0eaf0 JavaThread "Netty Server IO #5"         daemon [_thread_in_native, id=24674, stack(0x00007f494e28a000,0x00007f494e38a000) (1024K)]
  0x000055673074d710 JavaThread "Netty Local Client IO #2"   daemon [_thread_blocked, id=24675, stack(0x00007f493ae00000,0x00007f493af00000) (1024K)]
  0x00007f49897d60a0 JavaThread "Netty Server IO #6"         daemon [_thread_in_native, id=24676, stack(0x00007f493bdf1000,0x00007f493bef1000) (1024K)]
  0x000055674b32a010 JavaThread "Netty Local Client IO #3"   daemon [_thread_blocked, id=24677, stack(0x00007f493c3f7000,0x00007f493c4f7000) (1024K)]
  0x00007f49898100e0 JavaThread "Netty Server IO #7"         daemon [_thread_in_native, id=24678, stack(0x00007f493aafd000,0x00007f493abfd000) (1024K)]
  0x00007f4995c5e330 JavaThread "ForkJoinPool.commonPool-worker-12" daemon [_thread_blocked, id=24748, stack(0x00007f4948080000,0x00007f4948180000) (1024K)]
  0x00007f4989322400 JavaThread "ForkJoinPool.commonPool-worker-13" daemon [_thread_blocked, id=24749, stack(0x00007f4967717000,0x00007f4967817000) (1024K)]
  0x00007f49925cb030 JavaThread "FastSuite Recipe Lookup Thread: 6" daemon [_thread_blocked, id=24751, stack(0x00007f498da53000,0x00007f498db53000) (1024K)]
  0x00007f49915d2120 JavaThread "FastSuite Recipe Lookup Thread: 7" daemon [_thread_blocked, id=24752, stack(0x00007f49703f7000,0x00007f49704f7000) (1024K)]
  0x00007f4999aab150 JavaThread "FastSuite Recipe Lookup Thread: 8" daemon [_thread_blocked, id=24753, stack(0x00007f497259f000,0x00007f497269f000) (1024K)]
  0x00007f49915fa2c0 JavaThread "ForkJoinPool.commonPool-worker-14" daemon [_thread_blocked, id=24760, stack(0x00007f493bcf0000,0x00007f493bdf0000) (1024K)]
  0x00007f496e958b00 JavaThread "IO-Worker-22"                      [_thread_blocked, id=25170, stack(0x00007f49534fa000,0x00007f49535fa000) (1024K)]
  0x00007f4988456830 JavaThread "IO-Worker-23"                      [_thread_blocked, id=25171, stack(0x00007f493c2f6000,0x00007f493c3f6000) (1024K)]
  0x0000556730176c50 JavaThread "Thread-82"                         [_thread_blocked, id=25178, stack(0x00007f49714fb000,0x00007f49715fb000) (1024K)]
  0x000055672fdfc8d0 JavaThread "Sound engine"               daemon [_thread_blocked, id=25179, stack(0x00007f49716fd000,0x00007f49717fd000) (1024K)]
  0x00007f498980a6e0 JavaThread "Worker-Main-10"             daemon [_thread_blocked, id=25190, stack(0x00007f498db54000,0x00007f498dc54000) (1024K)]
  0x00007f499b2acd60 JavaThread "IO-Worker-25"                      [_thread_blocked, id=25191, stack(0x00007f49705f9000,0x00007f49706f9000) (1024K)]
  0x00007f496d538860 JavaThread "IO-Worker-24"                      [_thread_blocked, id=25192, stack(0x00007f49712f9000,0x00007f49713f9000) (1024K)]
  0x00005567309bbed0 JavaThread "Download-14"                daemon [_thread_blocked, id=25312, stack(0x00007f49713fa000,0x00007f49714fa000) (1024K)]
  0x000055672ffe5bf0 JavaThread "pool-14-thread-4"                  [_thread_blocked, id=25317, stack(0x00007f493acff000,0x00007f493adff000) (1024K)]
  0x00007f496e47a820 JavaThread "Worker-ResourceReload-14"   daemon [_thread_blocked, id=25375, stack(0x00007f4946925000,0x00007f4946a25000) (1024K)]
Total: 94

Other Threads:
  0x00007f49b8127500 VMThread "VM Thread"                           [id=18461, stack(0x00007f498f4f6000,0x00007f498f5f6000) (1024K)]
  0x00007f49b80dc5d0 WatcherThread "VM Periodic Task Thread"        [id=18459, stack(0x00007f498f5f7000,0x00007f498f6f7000) (1024K)]
  0x00007f49b805bba0 WorkerThread "GC Thread#0"                     [id=18454, stack(0x00007f499e500000,0x00007f499e600000) (1024K)]
  0x000055672b837110 WorkerThread "GC Thread#1"                     [id=18479, stack(0x00007f498e4bf000,0x00007f498e5bf000) (1024K)]
  0x000055672b837ba0 WorkerThread "GC Thread#2"                     [id=18480, stack(0x00007f498e3be000,0x00007f498e4be000) (1024K)]
  0x000055672b8386b0 WorkerThread "GC Thread#3"                     [id=18481, stack(0x00007f498e2bd000,0x00007f498e3bd000) (1024K)]
  0x000055672b8391c0 WorkerThread "GC Thread#4"                     [id=18482, stack(0x00007f498e1bc000,0x00007f498e2bc000) (1024K)]
=>0x000055672b839cd0 WorkerThread "GC Thread#5"                     [id=18483, stack(0x00007f498e0bb000,0x00007f498e1bb000) (1024K)]
  0x000055672b847040 WorkerThread "GC Thread#6"                     [id=18517, stack(0x00007f498d64f000,0x00007f498d74f000) (1024K)]
  0x000055672b83c720 WorkerThread "GC Thread#7"                     [id=18518, stack(0x00007f498d54e000,0x00007f498d64e000) (1024K)]
  0x00007f49b806d1b0 ConcurrentGCThread "G1 Main Marker"            [id=18455, stack(0x00007f499e3ff000,0x00007f499e4ff000) (1024K)]
  0x00007f49b806e150 WorkerThread "G1 Conc#0"                       [id=18456, stack(0x00007f499e2fe000,0x00007f499e3fe000) (1024K)]
  0x00007f4990002050 WorkerThread "G1 Conc#1"                       [id=18519, stack(0x00007f498d44d000,0x00007f498d54d000) (1024K)]
  0x00007f49b80cb250 ConcurrentGCThread "G1 Refine#0"               [id=18457, stack(0x00007f498f7f9000,0x00007f498f8f9000) (1024K)]
  0x00007f49b80cc200 ConcurrentGCThread "G1 Service"                [id=18458, stack(0x00007f498f6f8000,0x00007f498f7f8000) (1024K)]
Total: 15

Threads with active compile tasks:
Total: 0

VM state: at safepoint (normal execution)

VM Mutex/Monitor currently owned by a thread:  ([mutex/lock_event])
[0x00007f49c13cbd70] Threads_lock - owner thread: 0x00007f49b8127500
[0x00007f49c13cbc70] Heap_lock - owner thread: 0x00005567300e2960

Heap address: 0x0000000600000000, size: 8192 MB, Compressed Oops mode: Zero based, Oop shift amount: 3

CDS archive(s) not mapped
Compressed class space mapped at: 0x0000000800000000-0x0000000840000000, reserved size: 1073741824
Narrow klass base: 0x0000000800000000, Narrow klass shift: 0, Narrow klass range: 0x40000000

GC Precious Log:
 CardTable entry size: 512
 Card Set container configuration: InlinePtr #cards 4 size 8 Array Of Cards #cards 32 size 80 Howl #buckets 8 coarsen threshold 7372 Howl Bitmap #cards 1024 size 144 coarsen threshold 921 Card regions per heap region 1 cards per card region 8192
 CPUs: 8 total, 8 available
 Memory: 11759M
 Large Page Support: Disabled
 NUMA Support: Disabled
 Compressed Oops: Enabled (Zero based)
 Heap Region Size: 4M
 Heap Min Capacity: 256M
 Heap Initial Capacity: 256M
 Heap Max Capacity: 8G
 Pre-touch: Disabled
 Parallel Workers: 8
 Concurrent Workers: 2
 Concurrent Refinement Workers: 8
 Periodic GC: Disabled

Heap:
 garbage-first heap   total 3878912K, used 3590399K [0x0000000600000000, 0x0000000800000000)
  region size 4096K, 382 young (1564672K), 37 survivors (151552K)
 Metaspace       used 552460K, committed 558592K, reserved 1507328K
  class space    used 98662K, committed 101440K, reserved 1048576K

Heap Regions: E=young(eden), S=young(survivor), O=old, HS=humongous(starts), HC=humongous(continues), CS=collection set, F=free, TAMS=top-at-mark-start, PB=parsable bottom
|   0|0x0000000600000000, 0x0000000600400000, 0x0000000600400000|100%| O|  |TAMS 0x0000000600400000| PB 0x0000000600000000| Untracked 
|   1|0x0000000600400000, 0x0000000600800000, 0x0000000600800000|100%| O|  |TAMS 0x0000000600800000| PB 0x0000000600400000| Untracked 
|   2|0x0000000600800000, 0x0000000600c00000, 0x0000000600c00000|100%| O|  |TAMS 0x0000000600c00000| PB 0x0000000600800000| Untracked 
|   3|0x0000000600c00000, 0x0000000600fffff8, 0x0000000601000000| 99%| O|  |TAMS 0x0000000600fffff8| PB 0x0000000600c00000| Untracked 
|   4|0x0000000601000000, 0x00000006013ffff8, 0x0000000601400000| 99%| O|  |TAMS 0x00000006013ffff8| PB 0x0000000601000000| Untracked 
|   5|0x0000000601400000, 0x00000006017ffff0, 0x0000000601800000| 99%| O|  |TAMS 0x00000006017ffff0| PB 0x0000000601400000| Untracked 
|   6|0x0000000601800000, 0x0000000601c00000, 0x0000000601c00000|100%| O|  |TAMS 0x0000000601c00000| PB 0x0000000601800000| Untracked 
|   7|0x0000000601c00000, 0x0000000601fffff8, 0x0000000602000000| 99%| O|  |TAMS 0x0000000601fffff8| PB 0x0000000601c00000| Untracked 
|   8|0x0000000602000000, 0x0000000602400000, 0x0000000602400000|100%| O|  |TAMS 0x0000000602400000| PB 0x0000000602000000| Untracked 
|   9|0x0000000602400000, 0x0000000602800000, 0x0000000602800000|100%| O|  |TAMS 0x0000000602800000| PB 0x0000000602400000| Untracked 
|  10|0x0000000602800000, 0x0000000602c00000, 0x0000000602c00000|100%| O|  |TAMS 0x0000000602c00000| PB 0x0000000602800000| Untracked 
|  11|0x0000000602c00000, 0x0000000602ffffe8, 0x0000000603000000| 99%| O|  |TAMS 0x0000000602ffffe8| PB 0x0000000602c00000| Untracked 
|  12|0x0000000603000000, 0x0000000603400000, 0x0000000603400000|100%| O|  |TAMS 0x0000000603400000| PB 0x0000000603000000| Untracked 
|  13|0x0000000603400000, 0x00000006037ffff0, 0x0000000603800000| 99%| O|  |TAMS 0x00000006037ffff0| PB 0x0000000603400000| Untracked 
|  14|0x0000000603800000, 0x0000000603bffff8, 0x0000000603c00000| 99%| O|  |TAMS 0x0000000603bffff8| PB 0x0000000603800000| Untracked 
|  15|0x0000000603c00000, 0x0000000604000000, 0x0000000604000000|100%|HS|  |TAMS 0x0000000604000000| PB 0x0000000603c00000| Untracked 
|  16|0x0000000604000000, 0x0000000604400000, 0x0000000604400000|100%|HC|  |TAMS 0x0000000604400000| PB 0x0000000604000000| Untracked 
|  17|0x0000000604400000, 0x00000006047ffff8, 0x0000000604800000| 99%| O|  |TAMS 0x00000006047ffff8| PB 0x0000000604400000| Untracked 
|  18|0x0000000604800000, 0x0000000604c00000, 0x0000000604c00000|100%| O|  |TAMS 0x0000000604c00000| PB 0x0000000604800000| Untracked 
|  19|0x0000000604c00000, 0x0000000605000000, 0x0000000605000000|100%| O|  |TAMS 0x0000000605000000| PB 0x0000000604c00000| Untracked 
|  20|0x0000000605000000, 0x0000000605400000, 0x0000000605400000|100%| O|  |TAMS 0x0000000605400000| PB 0x0000000605000000| Untracked 
|  21|0x0000000605400000, 0x00000006057ffff0, 0x0000000605800000| 99%| O|  |TAMS 0x00000006057ffff0| PB 0x0000000605400000| Untracked 
|  22|0x0000000605800000, 0x0000000605bffff0, 0x0000000605c00000| 99%| O|  |TAMS 0x0000000605bffff0| PB 0x0000000605800000| Untracked 
|  23|0x0000000605c00000, 0x0000000606000000, 0x0000000606000000|100%| O|  |TAMS 0x0000000606000000| PB 0x0000000605c00000| Untracked 
|  24|0x0000000606000000, 0x00000006063ffff8, 0x0000000606400000| 99%| O|  |TAMS 0x00000006063ffff8| PB 0x0000000606000000| Untracked 
|  25|0x0000000606400000, 0x0000000606800000, 0x0000000606800000|100%| O|  |TAMS 0x0000000606800000| PB 0x0000000606400000| Untracked 
|  26|0x0000000606800000, 0x0000000606bffff8, 0x0000000606c00000| 99%| O|  |TAMS 0x0000000606bffff8| PB 0x0000000606800000| Untracked 
|  27|0x0000000606c00000, 0x0000000607000000, 0x0000000607000000|100%| O|  |TAMS 0x0000000607000000| PB 0x0000000606c00000| Untracked 
|  28|0x0000000607000000, 0x0000000607400000, 0x0000000607400000|100%| O|  |TAMS 0x0000000607400000| PB 0x0000000607000000| Untracked 
|  29|0x0000000607400000, 0x00000006077fffd8, 0x0000000607800000| 99%| O|  |TAMS 0x00000006077fffd8| PB 0x0000000607400000| Untracked 
|  30|0x0000000607800000, 0x0000000607c00000, 0x0000000607c00000|100%| O|  |TAMS 0x0000000607c00000| PB 0x0000000607800000| Untracked 
|  31|0x0000000607c00000, 0x0000000608000000, 0x0000000608000000|100%| O|  |TAMS 0x0000000608000000| PB 0x0000000607c00000| Untracked 
|  32|0x0000000608000000, 0x0000000608400000, 0x0000000608400000|100%| O|  |TAMS 0x0000000608400000| PB 0x0000000608000000| Untracked 
|  33|0x0000000608400000, 0x00000006087ffff0, 0x0000000608800000| 99%| O|  |TAMS 0x00000006087ffff0| PB 0x0000000608400000| Untracked 
|  34|0x0000000608800000, 0x0000000608c00000, 0x0000000608c00000|100%| O|  |TAMS 0x0000000608c00000| PB 0x0000000608800000| Untracked 
|  35|0x0000000608c00000, 0x0000000609000000, 0x0000000609000000|100%| O|  |TAMS 0x0000000609000000| PB 0x0000000608c00000| Untracked 
|  36|0x0000000609000000, 0x00000006093ffe50, 0x0000000609400000| 99%| O|  |TAMS 0x00000006093ffe50| PB 0x0000000609000000| Untracked 
|  37|0x0000000609400000, 0x00000006097ffff8, 0x0000000609800000| 99%| O|  |TAMS 0x00000006097ffff8| PB 0x0000000609400000| Untracked 
|  38|0x0000000609800000, 0x0000000609c00000, 0x0000000609c00000|100%| O|  |TAMS 0x0000000609c00000| PB 0x0000000609800000| Untracked 
|  39|0x0000000609c00000, 0x000000060a000000, 0x000000060a000000|100%| O|  |TAMS 0x000000060a000000| PB 0x0000000609c00000| Untracked 
|  40|0x000000060a000000, 0x000000060a400000, 0x000000060a400000|100%| O|  |TAMS 0x000000060a400000| PB 0x000000060a000000| Untracked 
|  41|0x000000060a400000, 0x000000060a800000, 0x000000060a800000|100%| O|  |TAMS 0x000000060a800000| PB 0x000000060a400000| Untracked 
|  42|0x000000060a800000, 0x000000060ac00000, 0x000000060ac00000|100%| O|  |TAMS 0x000000060ac00000| PB 0x000000060a800000| Untracked 
|  43|0x000000060ac00000, 0x000000060b000000, 0x000000060b000000|100%| O|  |TAMS 0x000000060b000000| PB 0x000000060ac00000| Untracked 
|  44|0x000000060b000000, 0x000000060b400000, 0x000000060b400000|100%| O|  |TAMS 0x000000060b400000| PB 0x000000060b000000| Untracked 
|  45|0x000000060b400000, 0x000000060b800000, 0x000000060b800000|100%| O|  |TAMS 0x000000060b800000| PB 0x000000060b400000| Untracked 
|  46|0x000000060b800000, 0x000000060bc00000, 0x000000060bc00000|100%| O|  |TAMS 0x000000060bc00000| PB 0x000000060b800000| Untracked 
|  47|0x000000060bc00000, 0x000000060c000000, 0x000000060c000000|100%| O|  |TAMS 0x000000060c000000| PB 0x000000060bc00000| Untracked 
|  48|0x000000060c000000, 0x000000060c3ffff0, 0x000000060c400000| 99%| O|  |TAMS 0x000000060c3ffff0| PB 0x000000060c000000| Untracked 
|  49|0x000000060c400000, 0x000000060c800000, 0x000000060c800000|100%| O|  |TAMS 0x000000060c800000| PB 0x000000060c400000| Untracked 
|  50|0x000000060c800000, 0x000000060cc00000, 0x000000060cc00000|100%| O|  |TAMS 0x000000060cc00000| PB 0x000000060c800000| Untracked 
|  51|0x000000060cc00000, 0x000000060cffffd0, 0x000000060d000000| 99%| O|  |TAMS 0x000000060cffffd0| PB 0x000000060cc00000| Untracked 
|  52|0x000000060d000000, 0x000000060d3ffff8, 0x000000060d400000| 99%| O|  |TAMS 0x000000060d3ffff8| PB 0x000000060d000000| Untracked 
|  53|0x000000060d400000, 0x000000060d7ffff8, 0x000000060d800000| 99%| O|  |TAMS 0x000000060d7ffff8| PB 0x000000060d400000| Untracked 
|  54|0x000000060d800000, 0x000000060dc00000, 0x000000060dc00000|100%| O|  |TAMS 0x000000060dc00000| PB 0x000000060d800000| Untracked 
|  55|0x000000060dc00000, 0x000000060e000000, 0x000000060e000000|100%| O|  |TAMS 0x000000060e000000| PB 0x000000060dc00000| Untracked 
|  56|0x000000060e000000, 0x000000060e400000, 0x000000060e400000|100%| O|  |TAMS 0x000000060e400000| PB 0x000000060e000000| Untracked 
|  57|0x000000060e400000, 0x000000060e800000, 0x000000060e800000|100%| O|  |TAMS 0x000000060e800000| PB 0x000000060e400000| Untracked 
|  58|0x000000060e800000, 0x000000060ec00000, 0x000000060ec00000|100%| O|  |TAMS 0x000000060ec00000| PB 0x000000060e800000| Untracked 
|  59|0x000000060ec00000, 0x000000060f000000, 0x000000060f000000|100%| O|  |TAMS 0x000000060f000000| PB 0x000000060ec00000| Untracked 
|  60|0x000000060f000000, 0x000000060f400000, 0x000000060f400000|100%| O|  |TAMS 0x000000060f400000| PB 0x000000060f000000| Untracked 
|  61|0x000000060f400000, 0x000000060f800000, 0x000000060f800000|100%| O|  |TAMS 0x000000060f800000| PB 0x000000060f400000| Untracked 
|  62|0x000000060f800000, 0x000000060fc00000, 0x000000060fc00000|100%| O|  |TAMS 0x000000060fc00000| PB 0x000000060f800000| Untracked 
|  63|0x000000060fc00000, 0x0000000610000000, 0x0000000610000000|100%| O|  |TAMS 0x0000000610000000| PB 0x000000060fc00000| Untracked 
|  64|0x0000000610000000, 0x0000000610400000, 0x0000000610400000|100%| O|  |TAMS 0x0000000610400000| PB 0x0000000610000000| Untracked 
|  65|0x0000000610400000, 0x00000006107fffb8, 0x0000000610800000| 99%| O|  |TAMS 0x00000006107fffb8| PB 0x0000000610400000| Untracked 
|  66|0x0000000610800000, 0x0000000610c00000, 0x0000000610c00000|100%| O|  |TAMS 0x0000000610c00000| PB 0x0000000610800000| Untracked 
|  67|0x0000000610c00000, 0x0000000611000000, 0x0000000611000000|100%| O|  |TAMS 0x0000000611000000| PB 0x0000000610c00000| Untracked 
|  68|0x0000000611000000, 0x0000000611400000, 0x0000000611400000|100%| O|  |TAMS 0x0000000611400000| PB 0x0000000611000000| Untracked 
|  69|0x0000000611400000, 0x0000000611800000, 0x0000000611800000|100%| O|  |TAMS 0x0000000611800000| PB 0x0000000611400000| Untracked 
|  70|0x0000000611800000, 0x0000000611c00000, 0x0000000611c00000|100%| O|  |TAMS 0x0000000611c00000| PB 0x0000000611800000| Untracked 
|  71|0x0000000611c00000, 0x0000000612000000, 0x0000000612000000|100%| O|  |TAMS 0x0000000612000000| PB 0x0000000611c00000| Untracked 
|  72|0x0000000612000000, 0x0000000612400000, 0x0000000612400000|100%| O|  |TAMS 0x0000000612400000| PB 0x0000000612000000| Untracked 
|  73|0x0000000612400000, 0x0000000612800000, 0x0000000612800000|100%| O|  |TAMS 0x0000000612800000| PB 0x0000000612400000| Untracked 
|  74|0x0000000612800000, 0x0000000612c00000, 0x0000000612c00000|100%| O|  |TAMS 0x0000000612c00000| PB 0x0000000612800000| Untracked 
|  75|0x0000000612c00000, 0x0000000613000000, 0x0000000613000000|100%| O|  |TAMS 0x0000000613000000| PB 0x0000000612c00000| Untracked 
|  76|0x0000000613000000, 0x0000000613400000, 0x0000000613400000|100%| O|  |TAMS 0x0000000613400000| PB 0x0000000613000000| Untracked 
|  77|0x0000000613400000, 0x0000000613800000, 0x0000000613800000|100%|HS|  |TAMS 0x0000000613800000| PB 0x0000000613400000| Untracked 
|  78|0x0000000613800000, 0x0000000613c00000, 0x0000000613c00000|100%| O|  |TAMS 0x0000000613c00000| PB 0x0000000613800000| Untracked 
|  79|0x0000000613c00000, 0x0000000614000000, 0x0000000614000000|100%| O|  |TAMS 0x0000000614000000| PB 0x0000000613c00000| Untracked 
|  80|0x0000000614000000, 0x0000000614400000, 0x0000000614400000|100%|HS|  |TAMS 0x0000000614400000| PB 0x0000000614000000| Untracked 
|  81|0x0000000614400000, 0x0000000614800000, 0x0000000614800000|100%|HC|  |TAMS 0x0000000614800000| PB 0x0000000614400000| Untracked 
|  82|0x0000000614800000, 0x0000000614c00000, 0x0000000614c00000|100%| O|  |TAMS 0x0000000614c00000| PB 0x0000000614800000| Untracked 
|  83|0x0000000614c00000, 0x0000000615000000, 0x0000000615000000|100%| O|  |TAMS 0x0000000615000000| PB 0x0000000614c00000| Untracked 
|  84|0x0000000615000000, 0x0000000615400000, 0x0000000615400000|100%| O|  |TAMS 0x0000000615400000| PB 0x0000000615000000| Untracked 
|  85|0x0000000615400000, 0x0000000615800000, 0x0000000615800000|100%| O|  |TAMS 0x0000000615800000| PB 0x0000000615400000| Untracked 
|  86|0x0000000615800000, 0x0000000615c00000, 0x0000000615c00000|100%| O|  |TAMS 0x0000000615c00000| PB 0x0000000615800000| Untracked 
|  87|0x0000000615c00000, 0x0000000616000000, 0x0000000616000000|100%| O|  |TAMS 0x0000000616000000| PB 0x0000000615c00000| Untracked 
|  88|0x0000000616000000, 0x0000000616400000, 0x0000000616400000|100%| O|  |TAMS 0x0000000616400000| PB 0x0000000616000000| Untracked 
|  89|0x0000000616400000, 0x0000000616800000, 0x0000000616800000|100%| O|  |TAMS 0x0000000616800000| PB 0x0000000616400000| Untracked 
|  90|0x0000000616800000, 0x0000000616c00000, 0x0000000616c00000|100%| O|  |TAMS 0x0000000616c00000| PB 0x0000000616800000| Untracked 
|  91|0x0000000616c00000, 0x0000000617000000, 0x0000000617000000|100%| O|  |TAMS 0x0000000617000000| PB 0x0000000616c00000| Untracked 
|  92|0x0000000617000000, 0x0000000617400000, 0x0000000617400000|100%| O|  |TAMS 0x0000000617400000| PB 0x0000000617000000| Untracked 
|  93|0x0000000617400000, 0x0000000617800000, 0x0000000617800000|100%| O|  |TAMS 0x0000000617800000| PB 0x0000000617400000| Untracked 
|  94|0x0000000617800000, 0x0000000617c00000, 0x0000000617c00000|100%| O|  |TAMS 0x0000000617c00000| PB 0x0000000617800000| Untracked 
|  95|0x0000000617c00000, 0x0000000618000000, 0x0000000618000000|100%| O|  |TAMS 0x0000000618000000| PB 0x0000000617c00000| Untracked 
|  96|0x0000000618000000, 0x0000000618400000, 0x0000000618400000|100%| O|  |TAMS 0x0000000618400000| PB 0x0000000618000000| Untracked 
|  97|0x0000000618400000, 0x0000000618800000, 0x0000000618800000|100%| O|  |TAMS 0x0000000618800000| PB 0x0000000618400000| Untracked 
|  98|0x0000000618800000, 0x0000000618c00000, 0x0000000618c00000|100%| O|  |TAMS 0x0000000618c00000| PB 0x0000000618800000| Untracked 
|  99|0x0000000618c00000, 0x0000000619000000, 0x0000000619000000|100%| O|  |TAMS 0x0000000619000000| PB 0x0000000618c00000| Untracked 
| 100|0x0000000619000000, 0x0000000619400000, 0x0000000619400000|100%| O|  |TAMS 0x0000000619400000| PB 0x0000000619000000| Untracked 
| 101|0x0000000619400000, 0x0000000619800000, 0x0000000619800000|100%| O|  |TAMS 0x0000000619800000| PB 0x0000000619400000| Untracked 
| 102|0x0000000619800000, 0x0000000619c00000, 0x0000000619c00000|100%| O|  |TAMS 0x0000000619c00000| PB 0x0000000619800000| Untracked 
| 103|0x0000000619c00000, 0x0000000619ffffe8, 0x000000061a000000| 99%| O|  |TAMS 0x0000000619ffffe8| PB 0x0000000619c00000| Untracked 
| 104|0x000000061a000000, 0x000000061a400000, 0x000000061a400000|100%| O|  |TAMS 0x000000061a400000| PB 0x000000061a000000| Untracked 
| 105|0x000000061a400000, 0x000000061a800000, 0x000000061a800000|100%| O|  |TAMS 0x000000061a800000| PB 0x000000061a400000| Untracked 
| 106|0x000000061a800000, 0x000000061abfffe8, 0x000000061ac00000| 99%| O|  |TAMS 0x000000061abfffe8| PB 0x000000061a800000| Untracked 
| 107|0x000000061ac00000, 0x000000061affe8a0, 0x000000061b000000| 99%| O|  |TAMS 0x000000061affe8a0| PB 0x000000061ac00000| Untracked 
| 108|0x000000061b000000, 0x000000061b3ffff8, 0x000000061b400000| 99%| O|  |TAMS 0x000000061b3ffff8| PB 0x000000061b000000| Untracked 
| 109|0x000000061b400000, 0x000000061b800000, 0x000000061b800000|100%| O|  |TAMS 0x000000061b800000| PB 0x000000061b400000| Untracked 
| 110|0x000000061b800000, 0x000000061bc00000, 0x000000061bc00000|100%| O|  |TAMS 0x000000061bc00000| PB 0x000000061b800000| Untracked 
| 111|0x000000061bc00000, 0x000000061c000000, 0x000000061c000000|100%| O|  |TAMS 0x000000061c000000| PB 0x000000061bc00000| Untracked 
| 112|0x000000061c000000, 0x000000061c3fff98, 0x000000061c400000| 99%| O|  |TAMS 0x000000061c3fff98| PB 0x000000061c000000| Untracked 
| 113|0x000000061c400000, 0x000000061c7ffff0, 0x000000061c800000| 99%| O|  |TAMS 0x000000061c7ffff0| PB 0x000000061c400000| Untracked 
| 114|0x000000061c800000, 0x000000061cbffff8, 0x000000061cc00000| 99%| O|  |TAMS 0x000000061cbffff8| PB 0x000000061c800000| Untracked 
| 115|0x000000061cc00000, 0x000000061d000000, 0x000000061d000000|100%| O|  |TAMS 0x000000061d000000| PB 0x000000061cc00000| Untracked 
| 116|0x000000061d000000, 0x000000061d353820, 0x000000061d400000| 83%| O|  |TAMS 0x000000061d353820| PB 0x000000061d000000| Untracked 
| 117|0x000000061d400000, 0x000000061d800000, 0x000000061d800000|100%| O|  |TAMS 0x000000061d800000| PB 0x000000061d400000| Untracked 
| 118|0x000000061d800000, 0x000000061dc00000, 0x000000061dc00000|100%| O|  |TAMS 0x000000061dc00000| PB 0x000000061d800000| Untracked 
| 119|0x000000061dc00000, 0x000000061dfffff0, 0x000000061e000000| 99%| O|  |TAMS 0x000000061dfffff0| PB 0x000000061dc00000| Untracked 
| 120|0x000000061e000000, 0x000000061e3fffc8, 0x000000061e400000| 99%| O|  |TAMS 0x000000061e3fffc8| PB 0x000000061e000000| Untracked 
| 121|0x000000061e400000, 0x000000061e800000, 0x000000061e800000|100%| O|  |TAMS 0x000000061e800000| PB 0x000000061e400000| Untracked 
| 122|0x000000061e800000, 0x000000061ec00000, 0x000000061ec00000|100%| O|  |TAMS 0x000000061ec00000| PB 0x000000061e800000| Untracked 
| 123|0x000000061ec00000, 0x000000061f000000, 0x000000061f000000|100%| O|  |TAMS 0x000000061f000000| PB 0x000000061ec00000| Untracked 
| 124|0x000000061f000000, 0x000000061f400000, 0x000000061f400000|100%| O|  |TAMS 0x000000061f400000| PB 0x000000061f000000| Untracked 
| 125|0x000000061f400000, 0x000000061f800000, 0x000000061f800000|100%| O|  |TAMS 0x000000061f800000| PB 0x000000061f400000| Untracked 
| 126|0x000000061f800000, 0x000000061fc00000, 0x000000061fc00000|100%| O|  |TAMS 0x000000061fc00000| PB 0x000000061f800000| Untracked 
| 127|0x000000061fc00000, 0x000000061fffa8d0, 0x0000000620000000| 99%| O|  |TAMS 0x000000061fffa8d0| PB 0x000000061fc00000| Untracked 
| 128|0x0000000620000000, 0x00000006203fffe0, 0x0000000620400000| 99%| O|  |TAMS 0x00000006203fffe0| PB 0x0000000620000000| Untracked 
| 129|0x0000000620400000, 0x0000000620800000, 0x0000000620800000|100%| O|  |TAMS 0x0000000620800000| PB 0x0000000620400000| Untracked 
| 130|0x0000000620800000, 0x0000000620bfffe8, 0x0000000620c00000| 99%| O|  |TAMS 0x0000000620bfffe8| PB 0x0000000620800000| Untracked 
| 131|0x0000000620c00000, 0x0000000620fffff0, 0x0000000621000000| 99%| O|  |TAMS 0x0000000620fffff0| PB 0x0000000620c00000| Untracked 
| 132|0x0000000621000000, 0x00000006213fffe0, 0x0000000621400000| 99%| O|  |TAMS 0x00000006213fffe0| PB 0x0000000621000000| Untracked 
| 133|0x0000000621400000, 0x00000006217ffff0, 0x0000000621800000| 99%| O|  |TAMS 0x00000006217ffff0| PB 0x0000000621400000| Untracked 
| 134|0x0000000621800000, 0x0000000621c00000, 0x0000000621c00000|100%| O|  |TAMS 0x0000000621c00000| PB 0x0000000621800000| Untracked 
| 135|0x0000000621c00000, 0x0000000622000000, 0x0000000622000000|100%| O|  |TAMS 0x0000000622000000| PB 0x0000000621c00000| Untracked 
| 136|0x0000000622000000, 0x0000000622400000, 0x0000000622400000|100%| O|  |TAMS 0x0000000622400000| PB 0x0000000622000000| Untracked 
| 137|0x0000000622400000, 0x0000000622800000, 0x0000000622800000|100%| O|  |TAMS 0x0000000622800000| PB 0x0000000622400000| Untracked 
| 138|0x0000000622800000, 0x0000000622c00000, 0x0000000622c00000|100%| O|  |TAMS 0x0000000622c00000| PB 0x0000000622800000| Untracked 
| 139|0x0000000622c00000, 0x0000000623000000, 0x0000000623000000|100%| O|  |TAMS 0x0000000623000000| PB 0x0000000622c00000| Untracked 
| 140|0x0000000623000000, 0x0000000623400000, 0x0000000623400000|100%| O|  |TAMS 0x0000000623400000| PB 0x0000000623000000| Untracked 
| 141|0x0000000623400000, 0x0000000623800000, 0x0000000623800000|100%| O|  |TAMS 0x0000000623800000| PB 0x0000000623400000| Untracked 
| 142|0x0000000623800000, 0x0000000623bfffd0, 0x0000000623c00000| 99%| O|  |TAMS 0x0000000623bfffd0| PB 0x0000000623800000| Untracked 
| 143|0x0000000623c00000, 0x0000000623fffff0, 0x0000000624000000| 99%| O|  |TAMS 0x0000000623fffff0| PB 0x0000000623c00000| Untracked 
| 144|0x0000000624000000, 0x0000000624400000, 0x0000000624400000|100%| O|  |TAMS 0x0000000624400000| PB 0x0000000624000000| Untracked 
| 145|0x0000000624400000, 0x00000006247fffe8, 0x0000000624800000| 99%| O|  |TAMS 0x00000006247fffe8| PB 0x0000000624400000| Untracked 
| 146|0x0000000624800000, 0x0000000624c00000, 0x0000000624c00000|100%| O|  |TAMS 0x0000000624c00000| PB 0x0000000624800000| Untracked 
| 147|0x0000000624c00000, 0x0000000625000000, 0x0000000625000000|100%| O|  |TAMS 0x0000000625000000| PB 0x0000000624c00000| Untracked 
| 148|0x0000000625000000, 0x00000006253fffd8, 0x0000000625400000| 99%| O|  |TAMS 0x00000006253fffd8| PB 0x0000000625000000| Untracked 
| 149|0x0000000625400000, 0x00000006257ffff8, 0x0000000625800000| 99%| O|  |TAMS 0x00000006257ffff8| PB 0x0000000625400000| Untracked 
| 150|0x0000000625800000, 0x0000000625c00000, 0x0000000625c00000|100%| O|  |TAMS 0x0000000625c00000| PB 0x0000000625800000| Untracked 
| 151|0x0000000625c00000, 0x0000000625fe7d28, 0x0000000626000000| 97%| O|  |TAMS 0x0000000625fe7d28| PB 0x0000000625c00000| Untracked 
| 152|0x0000000626000000, 0x0000000626400000, 0x0000000626400000|100%| O|  |TAMS 0x0000000626400000| PB 0x0000000626000000| Untracked 
| 153|0x0000000626400000, 0x0000000626800000, 0x0000000626800000|100%| O|  |TAMS 0x0000000626800000| PB 0x0000000626400000| Untracked 
| 154|0x0000000626800000, 0x0000000626c00000, 0x0000000626c00000|100%| O|  |TAMS 0x0000000626c00000| PB 0x0000000626800000| Untracked 
| 155|0x0000000626c00000, 0x0000000626fffff8, 0x0000000627000000| 99%| O|  |TAMS 0x0000000626fffff8| PB 0x0000000626c00000| Untracked 
| 156|0x0000000627000000, 0x00000006273fffe8, 0x0000000627400000| 99%| O|  |TAMS 0x00000006273fffe8| PB 0x0000000627000000| Untracked 
| 157|0x0000000627400000, 0x0000000627800000, 0x0000000627800000|100%| O|  |TAMS 0x0000000627800000| PB 0x0000000627400000| Untracked 
| 158|0x0000000627800000, 0x0000000627bfffe0, 0x0000000627c00000| 99%| O|  |TAMS 0x0000000627bfffe0| PB 0x0000000627800000| Untracked 
| 159|0x0000000627c00000, 0x0000000628000000, 0x0000000628000000|100%| O|  |TAMS 0x0000000628000000| PB 0x0000000627c00000| Untracked 
| 160|0x0000000628000000, 0x00000006283fff98, 0x0000000628400000| 99%| O|  |TAMS 0x00000006283fff98| PB 0x0000000628000000| Untracked 
| 161|0x0000000628400000, 0x00000006287ffff0, 0x0000000628800000| 99%| O|  |TAMS 0x00000006287ffff0| PB 0x0000000628400000| Untracked 
| 162|0x0000000628800000, 0x0000000628c00000, 0x0000000628c00000|100%| O|  |TAMS 0x0000000628c00000| PB 0x0000000628800000| Untracked 
| 163|0x0000000628c00000, 0x0000000629000000, 0x0000000629000000|100%| O|  |TAMS 0x0000000629000000| PB 0x0000000628c00000| Untracked 
| 164|0x0000000629000000, 0x0000000629400000, 0x0000000629400000|100%| O|  |TAMS 0x0000000629400000| PB 0x0000000629000000| Untracked 
| 165|0x0000000629400000, 0x0000000629800000, 0x0000000629800000|100%| O|  |TAMS 0x0000000629800000| PB 0x0000000629400000| Untracked 
| 166|0x0000000629800000, 0x0000000629bfffc8, 0x0000000629c00000| 99%| O|  |TAMS 0x0000000629bfffc8| PB 0x0000000629800000| Untracked 
| 167|0x0000000629c00000, 0x000000062a000000, 0x000000062a000000|100%|HS|  |TAMS 0x000000062a000000| PB 0x0000000629c00000| Untracked 
| 168|0x000000062a000000, 0x000000062a400000, 0x000000062a400000|100%|HC|  |TAMS 0x000000062a400000| PB 0x000000062a000000| Untracked 
| 169|0x000000062a400000, 0x000000062a800000, 0x000000062a800000|100%| O|  |TAMS 0x000000062a800000| PB 0x000000062a400000| Untracked 
| 170|0x000000062a800000, 0x000000062ac00000, 0x000000062ac00000|100%| O|  |TAMS 0x000000062ac00000| PB 0x000000062a800000| Untracked 
| 171|0x000000062ac00000, 0x000000062b000000, 0x000000062b000000|100%| O|  |TAMS 0x000000062b000000| PB 0x000000062ac00000| Untracked 
| 172|0x000000062b000000, 0x000000062b400000, 0x000000062b400000|100%| O|  |TAMS 0x000000062b400000| PB 0x000000062b000000| Untracked 
| 173|0x000000062b400000, 0x000000062b800000, 0x000000062b800000|100%| O|  |TAMS 0x000000062b800000| PB 0x000000062b400000| Untracked 
| 174|0x000000062b800000, 0x000000062bbffff8, 0x000000062bc00000| 99%| O|  |TAMS 0x000000062bbffff8| PB 0x000000062b800000| Untracked 
| 175|0x000000062bc00000, 0x000000062c000000, 0x000000062c000000|100%| O|  |TAMS 0x000000062c000000| PB 0x000000062bc00000| Untracked 
| 176|0x000000062c000000, 0x000000062c400000, 0x000000062c400000|100%| O|  |TAMS 0x000000062c400000| PB 0x000000062c000000| Untracked 
| 177|0x000000062c400000, 0x000000062c800000, 0x000000062c800000|100%| O|  |TAMS 0x000000062c800000| PB 0x000000062c400000| Untracked 
| 178|0x000000062c800000, 0x000000062cbfffa0, 0x000000062cc00000| 99%| O|  |TAMS 0x000000062cbfffa0| PB 0x000000062c800000| Untracked 
| 179|0x000000062cc00000, 0x000000062cfffff8, 0x000000062d000000| 99%| O|  |TAMS 0x000000062cfffff8| PB 0x000000062cc00000| Untracked 
| 180|0x000000062d000000, 0x000000062d400000, 0x000000062d400000|100%| O|  |TAMS 0x000000062d400000| PB 0x000000062d000000| Untracked 
| 181|0x000000062d400000, 0x000000062d800000, 0x000000062d800000|100%| O|  |TAMS 0x000000062d800000| PB 0x000000062d400000| Untracked 
| 182|0x000000062d800000, 0x000000062dbffff8, 0x000000062dc00000| 99%| O|  |TAMS 0x000000062dbffff8| PB 0x000000062d800000| Untracked 
| 183|0x000000062dc00000, 0x000000062e000000, 0x000000062e000000|100%| O|  |TAMS 0x000000062e000000| PB 0x000000062dc00000| Untracked 
| 184|0x000000062e000000, 0x000000062e400000, 0x000000062e400000|100%| O|  |TAMS 0x000000062e400000| PB 0x000000062e000000| Untracked 
| 185|0x000000062e400000, 0x000000062e800000, 0x000000062e800000|100%| O|  |TAMS 0x000000062e800000| PB 0x000000062e400000| Untracked 
| 186|0x000000062e800000, 0x000000062ec00000, 0x000000062ec00000|100%| O|  |TAMS 0x000000062ec00000| PB 0x000000062e800000| Untracked 
| 187|0x000000062ec00000, 0x000000062f000000, 0x000000062f000000|100%| O|  |TAMS 0x000000062f000000| PB 0x000000062ec00000| Untracked 
| 188|0x000000062f000000, 0x000000062f400000, 0x000000062f400000|100%| O|  |TAMS 0x000000062f400000| PB 0x000000062f000000| Untracked 
| 189|0x000000062f400000, 0x000000062f800000, 0x000000062f800000|100%| O|  |TAMS 0x000000062f800000| PB 0x000000062f400000| Untracked 
| 190|0x000000062f800000, 0x000000062fbffff0, 0x000000062fc00000| 99%| O|  |TAMS 0x000000062fbffff0| PB 0x000000062f800000| Untracked 
| 191|0x000000062fc00000, 0x000000062fffffe8, 0x0000000630000000| 99%| O|  |TAMS 0x000000062fffffe8| PB 0x000000062fc00000| Untracked 
| 192|0x0000000630000000, 0x00000006303ffff8, 0x0000000630400000| 99%| O|  |TAMS 0x00000006303ffff8| PB 0x0000000630000000| Untracked 
| 193|0x0000000630400000, 0x0000000630800000, 0x0000000630800000|100%| O|  |TAMS 0x0000000630800000| PB 0x0000000630400000| Untracked 
| 194|0x0000000630800000, 0x0000000630bffff0, 0x0000000630c00000| 99%| O|  |TAMS 0x0000000630bffff0| PB 0x0000000630800000| Untracked 
| 195|0x0000000630c00000, 0x0000000631000000, 0x0000000631000000|100%| O|  |TAMS 0x0000000631000000| PB 0x0000000630c00000| Untracked 
| 196|0x0000000631000000, 0x0000000631400000, 0x0000000631400000|100%| O|  |TAMS 0x0000000631400000| PB 0x0000000631000000| Untracked 
| 197|0x0000000631400000, 0x0000000631800000, 0x0000000631800000|100%| O|  |TAMS 0x0000000631800000| PB 0x0000000631400000| Untracked 
| 198|0x0000000631800000, 0x0000000631bfffd8, 0x0000000631c00000| 99%| O|  |TAMS 0x0000000631bfffd8| PB 0x0000000631800000| Untracked 
| 199|0x0000000631c00000, 0x0000000632000000, 0x0000000632000000|100%| O|  |TAMS 0x0000000632000000| PB 0x0000000631c00000| Untracked 
| 200|0x0000000632000000, 0x00000006323fffd0, 0x0000000632400000| 99%| O|  |TAMS 0x00000006323fffd0| PB 0x0000000632000000| Untracked 
| 201|0x0000000632400000, 0x0000000632800000, 0x0000000632800000|100%| O|  |TAMS 0x0000000632800000| PB 0x0000000632400000| Untracked 
| 202|0x0000000632800000, 0x0000000632c00000, 0x0000000632c00000|100%| O|  |TAMS 0x0000000632c00000| PB 0x0000000632800000| Untracked 
| 203|0x0000000632c00000, 0x0000000633000000, 0x0000000633000000|100%| O|  |TAMS 0x0000000633000000| PB 0x0000000632c00000| Untracked 
| 204|0x0000000633000000, 0x0000000633400000, 0x0000000633400000|100%| O|  |TAMS 0x0000000633400000| PB 0x0000000633000000| Untracked 
| 205|0x0000000633400000, 0x0000000633800000, 0x0000000633800000|100%| O|  |TAMS 0x0000000633800000| PB 0x0000000633400000| Untracked 
| 206|0x0000000633800000, 0x0000000633bfffe0, 0x0000000633c00000| 99%| O|  |TAMS 0x0000000633bfffe0| PB 0x0000000633800000| Untracked 
| 207|0x0000000633c00000, 0x0000000633ffffe8, 0x0000000634000000| 99%| O|  |TAMS 0x0000000633ffffe8| PB 0x0000000633c00000| Untracked 
| 208|0x0000000634000000, 0x0000000634400000, 0x0000000634400000|100%| O|  |TAMS 0x0000000634400000| PB 0x0000000634000000| Untracked 
| 209|0x0000000634400000, 0x0000000634800000, 0x0000000634800000|100%| O|  |TAMS 0x0000000634800000| PB 0x0000000634400000| Untracked 
| 210|0x0000000634800000, 0x0000000634c00000, 0x0000000634c00000|100%| O|  |TAMS 0x0000000634c00000| PB 0x0000000634800000| Untracked 
| 211|0x0000000634c00000, 0x0000000634ffffd0, 0x0000000635000000| 99%| O|  |TAMS 0x0000000634ffffd0| PB 0x0000000634c00000| Untracked 
| 212|0x0000000635000000, 0x00000006353ffa88, 0x0000000635400000| 99%| O|  |TAMS 0x00000006353ffa88| PB 0x0000000635000000| Untracked 
| 213|0x0000000635400000, 0x00000006357fff88, 0x0000000635800000| 99%| O|  |TAMS 0x00000006357fff88| PB 0x0000000635400000| Untracked 
| 214|0x0000000635800000, 0x0000000635c00000, 0x0000000635c00000|100%| O|  |TAMS 0x0000000635c00000| PB 0x0000000635800000| Untracked 
| 215|0x0000000635c00000, 0x0000000636000000, 0x0000000636000000|100%| O|  |TAMS 0x0000000636000000| PB 0x0000000635c00000| Untracked 
| 216|0x0000000636000000, 0x0000000636400000, 0x0000000636400000|100%| O|  |TAMS 0x0000000636400000| PB 0x0000000636000000| Untracked 
| 217|0x0000000636400000, 0x0000000636800000, 0x0000000636800000|100%| O|  |TAMS 0x0000000636800000| PB 0x0000000636400000| Untracked 
| 218|0x0000000636800000, 0x0000000636c00000, 0x0000000636c00000|100%| O|  |TAMS 0x0000000636c00000| PB 0x0000000636800000| Untracked 
| 219|0x0000000636c00000, 0x0000000637000000, 0x0000000637000000|100%| O|  |TAMS 0x0000000637000000| PB 0x0000000636c00000| Untracked 
| 220|0x0000000637000000, 0x0000000637400000, 0x0000000637400000|100%| O|  |TAMS 0x0000000637400000| PB 0x0000000637000000| Untracked 
| 221|0x0000000637400000, 0x00000006377ffff8, 0x0000000637800000| 99%| O|  |TAMS 0x00000006377ffff8| PB 0x0000000637400000| Untracked 
| 222|0x0000000637800000, 0x0000000637c00000, 0x0000000637c00000|100%| O|  |TAMS 0x0000000637c00000| PB 0x0000000637800000| Untracked 
| 223|0x0000000637c00000, 0x0000000638000000, 0x0000000638000000|100%| O|  |TAMS 0x0000000638000000| PB 0x0000000637c00000| Untracked 
| 224|0x0000000638000000, 0x00000006383fffd8, 0x0000000638400000| 99%| O|  |TAMS 0x00000006383fffd8| PB 0x0000000638000000| Untracked 
| 225|0x0000000638400000, 0x0000000638800000, 0x0000000638800000|100%| O|  |TAMS 0x0000000638800000| PB 0x0000000638400000| Untracked 
| 226|0x0000000638800000, 0x0000000638bfffe8, 0x0000000638c00000| 99%| O|  |TAMS 0x0000000638bfffe8| PB 0x0000000638800000| Untracked 
| 227|0x0000000638c00000, 0x0000000639000000, 0x0000000639000000|100%| O|  |TAMS 0x0000000639000000| PB 0x0000000638c00000| Untracked 
| 228|0x0000000639000000, 0x0000000639400000, 0x0000000639400000|100%| O|  |TAMS 0x0000000639400000| PB 0x0000000639000000| Untracked 
| 229|0x0000000639400000, 0x0000000639800000, 0x0000000639800000|100%| O|  |TAMS 0x0000000639800000| PB 0x0000000639400000| Untracked 
| 230|0x0000000639800000, 0x0000000639bfffa8, 0x0000000639c00000| 99%| O|  |TAMS 0x0000000639bfffa8| PB 0x0000000639800000| Untracked 
| 231|0x0000000639c00000, 0x000000063a000000, 0x000000063a000000|100%| O|  |TAMS 0x000000063a000000| PB 0x0000000639c00000| Untracked 
| 232|0x000000063a000000, 0x000000063a400000, 0x000000063a400000|100%| O|  |TAMS 0x000000063a400000| PB 0x000000063a000000| Untracked 
| 233|0x000000063a400000, 0x000000063a7fffe8, 0x000000063a800000| 99%| O|  |TAMS 0x000000063a7fffe8| PB 0x000000063a400000| Untracked 
| 234|0x000000063a800000, 0x000000063ac00000, 0x000000063ac00000|100%| O|  |TAMS 0x000000063ac00000| PB 0x000000063a800000| Untracked 
| 235|0x000000063ac00000, 0x000000063affffe8, 0x000000063b000000| 99%| O|  |TAMS 0x000000063affffe8| PB 0x000000063ac00000| Untracked 
| 236|0x000000063b000000, 0x000000063b3fffd8, 0x000000063b400000| 99%| O|  |TAMS 0x000000063b3fffd8| PB 0x000000063b000000| Untracked 
| 237|0x000000063b400000, 0x000000063b800000, 0x000000063b800000|100%| O|  |TAMS 0x000000063b800000| PB 0x000000063b400000| Untracked 
| 238|0x000000063b800000, 0x000000063bc00000, 0x000000063bc00000|100%| O|  |TAMS 0x000000063bc00000| PB 0x000000063b800000| Untracked 
| 239|0x000000063bc00000, 0x000000063c000000, 0x000000063c000000|100%| O|  |TAMS 0x000000063c000000| PB 0x000000063bc00000| Untracked 
| 240|0x000000063c000000, 0x000000063c400000, 0x000000063c400000|100%| O|  |TAMS 0x000000063c400000| PB 0x000000063c000000| Untracked 
| 241|0x000000063c400000, 0x000000063c800000, 0x000000063c800000|100%| O|  |TAMS 0x000000063c800000| PB 0x000000063c400000| Untracked 
| 242|0x000000063c800000, 0x000000063cc00000, 0x000000063cc00000|100%|HS|  |TAMS 0x000000063cc00000| PB 0x000000063c800000| Untracked 
| 243|0x000000063cc00000, 0x000000063d000000, 0x000000063d000000|100%|HC|  |TAMS 0x000000063d000000| PB 0x000000063cc00000| Untracked 
| 244|0x000000063d000000, 0x000000063d400000, 0x000000063d400000|100%| O|  |TAMS 0x000000063d400000| PB 0x000000063d000000| Untracked 
| 245|0x000000063d400000, 0x000000063d800000, 0x000000063d800000|100%| O|  |TAMS 0x000000063d800000| PB 0x000000063d400000| Untracked 
| 246|0x000000063d800000, 0x000000063dc00000, 0x000000063dc00000|100%| O|  |TAMS 0x000000063dc00000| PB 0x000000063d800000| Untracked 
| 247|0x000000063dc00000, 0x000000063e000000, 0x000000063e000000|100%| O|  |TAMS 0x000000063e000000| PB 0x000000063dc00000| Untracked 
| 248|0x000000063e000000, 0x000000063e400000, 0x000000063e400000|100%| O|  |TAMS 0x000000063e400000| PB 0x000000063e000000| Untracked 
| 249|0x000000063e400000, 0x000000063e800000, 0x000000063e800000|100%| O|  |TAMS 0x000000063e800000| PB 0x000000063e400000| Untracked 
| 250|0x000000063e800000, 0x000000063ec00000, 0x000000063ec00000|100%| O|  |TAMS 0x000000063ec00000| PB 0x000000063e800000| Untracked 
| 251|0x000000063ec00000, 0x000000063efffff8, 0x000000063f000000| 99%| O|  |TAMS 0x000000063efffff8| PB 0x000000063ec00000| Untracked 
| 252|0x000000063f000000, 0x000000063f400000, 0x000000063f400000|100%| O|  |TAMS 0x000000063f400000| PB 0x000000063f000000| Untracked 
| 253|0x000000063f400000, 0x000000063f7fffe8, 0x000000063f800000| 99%| O|  |TAMS 0x000000063f7fffe8| PB 0x000000063f400000| Untracked 
| 254|0x000000063f800000, 0x000000063fbfffe8, 0x000000063fc00000| 99%| O|  |TAMS 0x000000063fbfffe8| PB 0x000000063f800000| Untracked 
| 255|0x000000063fc00000, 0x000000063ffffff0, 0x0000000640000000| 99%| O|  |TAMS 0x000000063ffffff0| PB 0x000000063fc00000| Untracked 
| 256|0x0000000640000000, 0x0000000640400000, 0x0000000640400000|100%| O|  |TAMS 0x0000000640400000| PB 0x0000000640000000| Untracked 
| 257|0x0000000640400000, 0x0000000640800000, 0x0000000640800000|100%|HS|  |TAMS 0x0000000640800000| PB 0x0000000640400000| Untracked 
| 258|0x0000000640800000, 0x0000000640c00000, 0x0000000640c00000|100%|HC|  |TAMS 0x0000000640c00000| PB 0x0000000640800000| Untracked 
| 259|0x0000000640c00000, 0x0000000641000000, 0x0000000641000000|100%|HS|  |TAMS 0x0000000641000000| PB 0x0000000640c00000| Untracked 
| 260|0x0000000641000000, 0x0000000641400000, 0x0000000641400000|100%|HC|  |TAMS 0x0000000641400000| PB 0x0000000641000000| Untracked 
| 261|0x0000000641400000, 0x0000000641800000, 0x0000000641800000|100%|HS|  |TAMS 0x0000000641800000| PB 0x0000000641400000| Untracked 
| 262|0x0000000641800000, 0x0000000641c00000, 0x0000000641c00000|100%|HC|  |TAMS 0x0000000641c00000| PB 0x0000000641800000| Untracked 
| 263|0x0000000641c00000, 0x0000000641fffff8, 0x0000000642000000| 99%| O|  |TAMS 0x0000000641fffff8| PB 0x0000000641c00000| Untracked 
| 264|0x0000000642000000, 0x00000006423ffff8, 0x0000000642400000| 99%| O|  |TAMS 0x00000006423ffff8| PB 0x0000000642000000| Untracked 
| 265|0x0000000642400000, 0x0000000642800000, 0x0000000642800000|100%| O|  |TAMS 0x0000000642800000| PB 0x0000000642400000| Untracked 
| 266|0x0000000642800000, 0x0000000642c00000, 0x0000000642c00000|100%| O|  |TAMS 0x0000000642c00000| PB 0x0000000642800000| Untracked 
| 267|0x0000000642c00000, 0x0000000643000000, 0x0000000643000000|100%| O|  |TAMS 0x0000000643000000| PB 0x0000000642c00000| Untracked 
| 268|0x0000000643000000, 0x0000000643400000, 0x0000000643400000|100%| O|  |TAMS 0x0000000643400000| PB 0x0000000643000000| Untracked 
| 269|0x0000000643400000, 0x0000000643800000, 0x0000000643800000|100%| O|  |TAMS 0x0000000643800000| PB 0x0000000643400000| Untracked 
| 270|0x0000000643800000, 0x0000000643c00000, 0x0000000643c00000|100%| O|  |TAMS 0x0000000643c00000| PB 0x0000000643800000| Untracked 
| 271|0x0000000643c00000, 0x0000000644000000, 0x0000000644000000|100%| O|  |TAMS 0x0000000644000000| PB 0x0000000643c00000| Untracked 
| 272|0x0000000644000000, 0x0000000644400000, 0x0000000644400000|100%| O|  |TAMS 0x0000000644400000| PB 0x0000000644000000| Untracked 
| 273|0x0000000644400000, 0x0000000644800000, 0x0000000644800000|100%| O|  |TAMS 0x0000000644800000| PB 0x0000000644400000| Untracked 
| 274|0x0000000644800000, 0x0000000644c00000, 0x0000000644c00000|100%| O|  |TAMS 0x0000000644c00000| PB 0x0000000644800000| Untracked 
| 275|0x0000000644c00000, 0x0000000644fffff8, 0x0000000645000000| 99%| O|  |TAMS 0x0000000644fffff8| PB 0x0000000644c00000| Untracked 
| 276|0x0000000645000000, 0x00000006453ffff8, 0x0000000645400000| 99%| O|  |TAMS 0x00000006453ffff8| PB 0x0000000645000000| Untracked 
| 277|0x0000000645400000, 0x0000000645800000, 0x0000000645800000|100%| O|  |TAMS 0x0000000645800000| PB 0x0000000645400000| Untracked 
| 278|0x0000000645800000, 0x0000000645c00000, 0x0000000645c00000|100%| O|  |TAMS 0x0000000645c00000| PB 0x0000000645800000| Untracked 
| 279|0x0000000645c00000, 0x0000000646000000, 0x0000000646000000|100%| O|  |TAMS 0x0000000646000000| PB 0x0000000645c00000| Untracked 
| 280|0x0000000646000000, 0x00000006463ffff0, 0x0000000646400000| 99%| O|  |TAMS 0x00000006463ffff0| PB 0x0000000646000000| Untracked 
| 281|0x0000000646400000, 0x00000006467ffff0, 0x0000000646800000| 99%| O|  |TAMS 0x00000006467ffff0| PB 0x0000000646400000| Untracked 
| 282|0x0000000646800000, 0x0000000646bffff0, 0x0000000646c00000| 99%| O|  |TAMS 0x0000000646bffff0| PB 0x0000000646800000| Untracked 
| 283|0x0000000646c00000, 0x0000000647000000, 0x0000000647000000|100%| O|  |TAMS 0x0000000647000000| PB 0x0000000646c00000| Untracked 
| 284|0x0000000647000000, 0x0000000647400000, 0x0000000647400000|100%| O|  |TAMS 0x0000000647400000| PB 0x0000000647000000| Untracked 
| 285|0x0000000647400000, 0x0000000647800000, 0x0000000647800000|100%| O|  |TAMS 0x0000000647800000| PB 0x0000000647400000| Untracked 
| 286|0x0000000647800000, 0x0000000647c00000, 0x0000000647c00000|100%| O|  |TAMS 0x0000000647c00000| PB 0x0000000647800000| Untracked 
| 287|0x0000000647c00000, 0x0000000648000000, 0x0000000648000000|100%| O|  |TAMS 0x0000000648000000| PB 0x0000000647c00000| Untracked 
| 288|0x0000000648000000, 0x0000000648400000, 0x0000000648400000|100%| O|  |TAMS 0x0000000648400000| PB 0x0000000648000000| Untracked 
| 289|0x0000000648400000, 0x0000000648800000, 0x0000000648800000|100%| O|  |TAMS 0x0000000648800000| PB 0x0000000648400000| Untracked 
| 290|0x0000000648800000, 0x0000000648c00000, 0x0000000648c00000|100%| O|  |TAMS 0x0000000648c00000| PB 0x0000000648800000| Untracked 
| 291|0x0000000648c00000, 0x0000000648ffffd0, 0x0000000649000000| 99%| O|  |TAMS 0x0000000648ffffd0| PB 0x0000000648c00000| Untracked 
| 292|0x0000000649000000, 0x00000006493ffff0, 0x0000000649400000| 99%| O|  |TAMS 0x00000006493ffff0| PB 0x0000000649000000| Untracked 
| 293|0x0000000649400000, 0x0000000649800000, 0x0000000649800000|100%| O|  |TAMS 0x0000000649800000| PB 0x0000000649400000| Untracked 
| 294|0x0000000649800000, 0x0000000649c00000, 0x0000000649c00000|100%|HS|  |TAMS 0x0000000649c00000| PB 0x0000000649800000| Untracked 
| 295|0x0000000649c00000, 0x000000064a000000, 0x000000064a000000|100%|HC|  |TAMS 0x000000064a000000| PB 0x0000000649c00000| Untracked 
| 296|0x000000064a000000, 0x000000064a400000, 0x000000064a400000|100%| O|  |TAMS 0x000000064a400000| PB 0x000000064a000000| Untracked 
| 297|0x000000064a400000, 0x000000064a800000, 0x000000064a800000|100%| O|  |TAMS 0x000000064a800000| PB 0x000000064a400000| Untracked 
| 298|0x000000064a800000, 0x000000064ac00000, 0x000000064ac00000|100%| O|  |TAMS 0x000000064ac00000| PB 0x000000064a800000| Untracked 
| 299|0x000000064ac00000, 0x000000064b000000, 0x000000064b000000|100%| O|  |TAMS 0x000000064b000000| PB 0x000000064ac00000| Untracked 
| 300|0x000000064b000000, 0x000000064b400000, 0x000000064b400000|100%| O|  |TAMS 0x000000064b400000| PB 0x000000064b000000| Untracked 
| 301|0x000000064b400000, 0x000000064b800000, 0x000000064b800000|100%| O|  |TAMS 0x000000064b800000| PB 0x000000064b400000| Untracked 
| 302|0x000000064b800000, 0x000000064bc00000, 0x000000064bc00000|100%| O|  |TAMS 0x000000064bc00000| PB 0x000000064b800000| Untracked 
| 303|0x000000064bc00000, 0x000000064bffff80, 0x000000064c000000| 99%| O|  |TAMS 0x000000064bffff80| PB 0x000000064bc00000| Untracked 
| 304|0x000000064c000000, 0x000000064c400000, 0x000000064c400000|100%| O|  |TAMS 0x000000064c400000| PB 0x000000064c000000| Untracked 
| 305|0x000000064c400000, 0x000000064c800000, 0x000000064c800000|100%| O|  |TAMS 0x000000064c800000| PB 0x000000064c400000| Untracked 
| 306|0x000000064c800000, 0x000000064cc00000, 0x000000064cc00000|100%| O|  |TAMS 0x000000064cc00000| PB 0x000000064c800000| Untracked 
| 307|0x000000064cc00000, 0x000000064d000000, 0x000000064d000000|100%| O|  |TAMS 0x000000064d000000| PB 0x000000064cc00000| Untracked 
| 308|0x000000064d000000, 0x000000064d400000, 0x000000064d400000|100%| O|  |TAMS 0x000000064d400000| PB 0x000000064d000000| Untracked 
| 309|0x000000064d400000, 0x000000064d800000, 0x000000064d800000|100%| O|  |TAMS 0x000000064d800000| PB 0x000000064d400000| Untracked 
| 310|0x000000064d800000, 0x000000064dc00000, 0x000000064dc00000|100%| O|  |TAMS 0x000000064dc00000| PB 0x000000064d800000| Untracked 
| 311|0x000000064dc00000, 0x000000064dfed688, 0x000000064e000000| 98%| O|  |TAMS 0x000000064dfed688| PB 0x000000064dc00000| Untracked 
| 312|0x000000064e000000, 0x000000064e3ffff0, 0x000000064e400000| 99%| O|  |TAMS 0x000000064e3ffff0| PB 0x000000064e000000| Untracked 
| 313|0x000000064e400000, 0x000000064e800000, 0x000000064e800000|100%| O|  |TAMS 0x000000064e800000| PB 0x000000064e400000| Untracked 
| 314|0x000000064e800000, 0x000000064ec00000, 0x000000064ec00000|100%| O|  |TAMS 0x000000064ec00000| PB 0x000000064e800000| Untracked 
| 315|0x000000064ec00000, 0x000000064f000000, 0x000000064f000000|100%| O|  |TAMS 0x000000064f000000| PB 0x000000064ec00000| Untracked 
| 316|0x000000064f000000, 0x000000064f400000, 0x000000064f400000|100%| O|  |TAMS 0x000000064f400000| PB 0x000000064f000000| Untracked 
| 317|0x000000064f400000, 0x000000064f800000, 0x000000064f800000|100%| O|  |TAMS 0x000000064f800000| PB 0x000000064f400000| Untracked 
| 318|0x000000064f800000, 0x000000064fbfffd8, 0x000000064fc00000| 99%| O|  |TAMS 0x000000064fbfffd8| PB 0x000000064f800000| Untracked 
| 319|0x000000064fc00000, 0x0000000650000000, 0x0000000650000000|100%| O|  |TAMS 0x0000000650000000| PB 0x000000064fc00000| Untracked 
| 320|0x0000000650000000, 0x0000000650400000, 0x0000000650400000|100%| O|  |TAMS 0x0000000650400000| PB 0x0000000650000000| Untracked 
| 321|0x0000000650400000, 0x0000000650800000, 0x0000000650800000|100%| O|  |TAMS 0x0000000650800000| PB 0x0000000650400000| Untracked 
| 322|0x0000000650800000, 0x0000000650c00000, 0x0000000650c00000|100%| O|  |TAMS 0x0000000650c00000| PB 0x0000000650800000| Untracked 
| 323|0x0000000650c00000, 0x0000000651000000, 0x0000000651000000|100%| O|  |TAMS 0x0000000651000000| PB 0x0000000650c00000| Untracked 
| 324|0x0000000651000000, 0x0000000651400000, 0x0000000651400000|100%| O|  |TAMS 0x0000000651400000| PB 0x0000000651000000| Untracked 
| 325|0x0000000651400000, 0x00000006517ffff8, 0x0000000651800000| 99%| O|  |TAMS 0x00000006517ffff8| PB 0x0000000651400000| Untracked 
| 326|0x0000000651800000, 0x0000000651bffff0, 0x0000000651c00000| 99%| O|  |TAMS 0x0000000651bffff0| PB 0x0000000651800000| Untracked 
| 327|0x0000000651c00000, 0x0000000651fffff0, 0x0000000652000000| 99%| O|  |TAMS 0x0000000651fffff0| PB 0x0000000651c00000| Untracked 
| 328|0x0000000652000000, 0x00000006523ffff0, 0x0000000652400000| 99%| O|  |TAMS 0x00000006523ffff0| PB 0x0000000652000000| Untracked 
| 329|0x0000000652400000, 0x0000000652800000, 0x0000000652800000|100%| O|  |TAMS 0x0000000652800000| PB 0x0000000652400000| Untracked 
| 330|0x0000000652800000, 0x0000000652c00000, 0x0000000652c00000|100%| O|  |TAMS 0x0000000652c00000| PB 0x0000000652800000| Untracked 
| 331|0x0000000652c00000, 0x0000000652ffff00, 0x0000000653000000| 99%| O|  |TAMS 0x0000000652ffff00| PB 0x0000000652c00000| Untracked 
| 332|0x0000000653000000, 0x0000000653400000, 0x0000000653400000|100%| O|  |TAMS 0x0000000653400000| PB 0x0000000653000000| Untracked 
| 333|0x0000000653400000, 0x00000006537fffd0, 0x0000000653800000| 99%| O|  |TAMS 0x00000006537fffd0| PB 0x0000000653400000| Untracked 
| 334|0x0000000653800000, 0x0000000653bfffa8, 0x0000000653c00000| 99%| O|  |TAMS 0x0000000653bfffa8| PB 0x0000000653800000| Untracked 
| 335|0x0000000653c00000, 0x0000000653fffff0, 0x0000000654000000| 99%| O|  |TAMS 0x0000000653fffff0| PB 0x0000000653c00000| Untracked 
| 336|0x0000000654000000, 0x00000006543ffff8, 0x0000000654400000| 99%| O|  |TAMS 0x00000006543ffff8| PB 0x0000000654000000| Untracked 
| 337|0x0000000654400000, 0x00000006547fffe0, 0x0000000654800000| 99%| O|  |TAMS 0x00000006547fffe0| PB 0x0000000654400000| Untracked 
| 338|0x0000000654800000, 0x0000000654be4a00, 0x0000000654c00000| 97%| O|  |TAMS 0x0000000654be4a00| PB 0x0000000654800000| Untracked 
| 339|0x0000000654c00000, 0x0000000654fffff0, 0x0000000655000000| 99%| O|  |TAMS 0x0000000654fffff0| PB 0x0000000654c00000| Untracked 
| 340|0x0000000655000000, 0x00000006553fffd0, 0x0000000655400000| 99%| O|  |TAMS 0x00000006553fffd0| PB 0x0000000655000000| Untracked 
| 341|0x0000000655400000, 0x00000006557ffff8, 0x0000000655800000| 99%| O|  |TAMS 0x00000006557ffff8| PB 0x0000000655400000| Untracked 
| 342|0x0000000655800000, 0x0000000655c00000, 0x0000000655c00000|100%|HS|  |TAMS 0x0000000655c00000| PB 0x0000000655800000| Untracked 
| 343|0x0000000655c00000, 0x0000000656000000, 0x0000000656000000|100%|HC|  |TAMS 0x0000000656000000| PB 0x0000000655c00000| Untracked 
| 344|0x0000000656000000, 0x0000000656400000, 0x0000000656400000|100%|HS|  |TAMS 0x0000000656400000| PB 0x0000000656000000| Untracked 
| 345|0x0000000656400000, 0x0000000656800000, 0x0000000656800000|100%|HC|  |TAMS 0x0000000656800000| PB 0x0000000656400000| Untracked 
| 346|0x0000000656800000, 0x0000000656c00000, 0x0000000656c00000|100%|HC|  |TAMS 0x0000000656c00000| PB 0x0000000656800000| Untracked 
| 347|0x0000000656c00000, 0x0000000657000000, 0x0000000657000000|100%| O|  |TAMS 0x0000000657000000| PB 0x0000000656c00000| Untracked 
| 348|0x0000000657000000, 0x0000000657400000, 0x0000000657400000|100%| O|  |TAMS 0x0000000657400000| PB 0x0000000657000000| Untracked 
| 349|0x0000000657400000, 0x0000000657800000, 0x0000000657800000|100%| O|  |TAMS 0x0000000657800000| PB 0x0000000657400000| Untracked 
| 350|0x0000000657800000, 0x0000000657bfffe8, 0x0000000657c00000| 99%| O|  |TAMS 0x0000000657bfffe8| PB 0x0000000657800000| Untracked 
| 351|0x0000000657c00000, 0x0000000658000000, 0x0000000658000000|100%| O|  |TAMS 0x0000000658000000| PB 0x0000000657c00000| Untracked 
| 352|0x0000000658000000, 0x0000000658400000, 0x0000000658400000|100%| O|  |TAMS 0x0000000658400000| PB 0x0000000658000000| Untracked 
| 353|0x0000000658400000, 0x0000000658800000, 0x0000000658800000|100%| O|  |TAMS 0x0000000658800000| PB 0x0000000658400000| Untracked 
| 354|0x0000000658800000, 0x0000000658c00000, 0x0000000658c00000|100%| O|  |TAMS 0x0000000658c00000| PB 0x0000000658800000| Untracked 
| 355|0x0000000658c00000, 0x0000000659000000, 0x0000000659000000|100%| O|  |TAMS 0x0000000659000000| PB 0x0000000658c00000| Untracked 
| 356|0x0000000659000000, 0x0000000659400000, 0x0000000659400000|100%| O|  |TAMS 0x0000000659400000| PB 0x0000000659000000| Untracked 
| 357|0x0000000659400000, 0x00000006597ffff0, 0x0000000659800000| 99%| O|  |TAMS 0x00000006597ffff0| PB 0x0000000659400000| Untracked 
| 358|0x0000000659800000, 0x0000000659c00000, 0x0000000659c00000|100%| O|  |TAMS 0x0000000659c00000| PB 0x0000000659800000| Untracked 
| 359|0x0000000659c00000, 0x000000065a000000, 0x000000065a000000|100%| O|  |TAMS 0x000000065a000000| PB 0x0000000659c00000| Untracked 
| 360|0x000000065a000000, 0x000000065a400000, 0x000000065a400000|100%| O|  |TAMS 0x000000065a400000| PB 0x000000065a000000| Untracked 
| 361|0x000000065a400000, 0x000000065a800000, 0x000000065a800000|100%| O|  |TAMS 0x000000065a800000| PB 0x000000065a400000| Untracked 
| 362|0x000000065a800000, 0x000000065ac00000, 0x000000065ac00000|100%| O|  |TAMS 0x000000065ac00000| PB 0x000000065a800000| Untracked 
| 363|0x000000065ac00000, 0x000000065b000000, 0x000000065b000000|100%| O|  |TAMS 0x000000065b000000| PB 0x000000065ac00000| Untracked 
| 364|0x000000065b000000, 0x000000065b400000, 0x000000065b400000|100%| O|  |TAMS 0x000000065b400000| PB 0x000000065b000000| Untracked 
| 365|0x000000065b400000, 0x000000065b800000, 0x000000065b800000|100%| O|  |TAMS 0x000000065b800000| PB 0x000000065b400000| Untracked 
| 366|0x000000065b800000, 0x000000065bc00000, 0x000000065bc00000|100%| O|  |TAMS 0x000000065bc00000| PB 0x000000065b800000| Untracked 
| 367|0x000000065bc00000, 0x000000065c000000, 0x000000065c000000|100%| O|  |TAMS 0x000000065c000000| PB 0x000000065bc00000| Untracked 
| 368|0x000000065c000000, 0x000000065c400000, 0x000000065c400000|100%| O|  |TAMS 0x000000065c400000| PB 0x000000065c000000| Untracked 
| 369|0x000000065c400000, 0x000000065c800000, 0x000000065c800000|100%| O|  |TAMS 0x000000065c800000| PB 0x000000065c400000| Untracked 
| 370|0x000000065c800000, 0x000000065cc00000, 0x000000065cc00000|100%| O|  |TAMS 0x000000065cc00000| PB 0x000000065c800000| Untracked 
| 371|0x000000065cc00000, 0x000000065d000000, 0x000000065d000000|100%| O|  |TAMS 0x000000065d000000| PB 0x000000065cc00000| Untracked 
| 372|0x000000065d000000, 0x000000065d400000, 0x000000065d400000|100%| O|  |TAMS 0x000000065d400000| PB 0x000000065d000000| Untracked 
| 373|0x000000065d400000, 0x000000065d800000, 0x000000065d800000|100%| O|  |TAMS 0x000000065d800000| PB 0x000000065d400000| Untracked 
| 374|0x000000065d800000, 0x000000065dc00000, 0x000000065dc00000|100%| O|  |TAMS 0x000000065dc00000| PB 0x000000065d800000| Untracked 
| 375|0x000000065dc00000, 0x000000065e000000, 0x000000065e000000|100%| O|  |TAMS 0x000000065e000000| PB 0x000000065dc00000| Untracked 
| 376|0x000000065e000000, 0x000000065e400000, 0x000000065e400000|100%| O|  |TAMS 0x000000065e400000| PB 0x000000065e000000| Untracked 
| 377|0x000000065e400000, 0x000000065e800000, 0x000000065e800000|100%| O|  |TAMS 0x000000065e800000| PB 0x000000065e400000| Untracked 
| 378|0x000000065e800000, 0x000000065ec00000, 0x000000065ec00000|100%| O|  |TAMS 0x000000065ec00000| PB 0x000000065e800000| Untracked 
| 379|0x000000065ec00000, 0x000000065f000000, 0x000000065f000000|100%| O|  |TAMS 0x000000065f000000| PB 0x000000065ec00000| Untracked 
| 380|0x000000065f000000, 0x000000065f400000, 0x000000065f400000|100%| O|  |TAMS 0x000000065f400000| PB 0x000000065f000000| Untracked 
| 381|0x000000065f400000, 0x000000065f800000, 0x000000065f800000|100%| O|  |TAMS 0x000000065f800000| PB 0x000000065f400000| Untracked 
| 382|0x000000065f800000, 0x000000065fc00000, 0x000000065fc00000|100%| O|  |TAMS 0x000000065fc00000| PB 0x000000065f800000| Untracked 
| 383|0x000000065fc00000, 0x0000000660000000, 0x0000000660000000|100%| O|  |TAMS 0x0000000660000000| PB 0x000000065fc00000| Untracked 
| 384|0x0000000660000000, 0x0000000660400000, 0x0000000660400000|100%| O|  |TAMS 0x0000000660400000| PB 0x0000000660000000| Untracked 
| 385|0x0000000660400000, 0x0000000660800000, 0x0000000660800000|100%| O|  |TAMS 0x0000000660800000| PB 0x0000000660400000| Untracked 
| 386|0x0000000660800000, 0x0000000660c00000, 0x0000000660c00000|100%| O|  |TAMS 0x0000000660c00000| PB 0x0000000660800000| Untracked 
| 387|0x0000000660c00000, 0x0000000661000000, 0x0000000661000000|100%| O|  |TAMS 0x0000000661000000| PB 0x0000000660c00000| Untracked 
| 388|0x0000000661000000, 0x0000000661400000, 0x0000000661400000|100%| O|  |TAMS 0x0000000661400000| PB 0x0000000661000000| Untracked 
| 389|0x0000000661400000, 0x0000000661800000, 0x0000000661800000|100%| O|  |TAMS 0x0000000661800000| PB 0x0000000661400000| Untracked 
| 390|0x0000000661800000, 0x0000000661c00000, 0x0000000661c00000|100%| O|  |TAMS 0x0000000661c00000| PB 0x0000000661800000| Untracked 
| 391|0x0000000661c00000, 0x0000000662000000, 0x0000000662000000|100%| O|  |TAMS 0x0000000662000000| PB 0x0000000661c00000| Untracked 
| 392|0x0000000662000000, 0x0000000662400000, 0x0000000662400000|100%| O|  |TAMS 0x0000000662400000| PB 0x0000000662000000| Untracked 
| 393|0x0000000662400000, 0x0000000662800000, 0x0000000662800000|100%| O|  |TAMS 0x0000000662800000| PB 0x0000000662400000| Untracked 
| 394|0x0000000662800000, 0x0000000662c00000, 0x0000000662c00000|100%| O|  |TAMS 0x0000000662c00000| PB 0x0000000662800000| Untracked 
| 395|0x0000000662c00000, 0x0000000663000000, 0x0000000663000000|100%| O|  |TAMS 0x0000000663000000| PB 0x0000000662c00000| Untracked 
| 396|0x0000000663000000, 0x0000000663400000, 0x0000000663400000|100%| O|  |TAMS 0x0000000663400000| PB 0x0000000663000000| Untracked 
| 397|0x0000000663400000, 0x0000000663800000, 0x0000000663800000|100%| O|  |TAMS 0x0000000663800000| PB 0x0000000663400000| Untracked 
| 398|0x0000000663800000, 0x0000000663c00000, 0x0000000663c00000|100%| O|  |TAMS 0x0000000663c00000| PB 0x0000000663800000| Untracked 
| 399|0x0000000663c00000, 0x0000000664000000, 0x0000000664000000|100%| O|  |TAMS 0x0000000664000000| PB 0x0000000663c00000| Untracked 
| 400|0x0000000664000000, 0x0000000664400000, 0x0000000664400000|100%| O|  |TAMS 0x0000000664400000| PB 0x0000000664000000| Untracked 
| 401|0x0000000664400000, 0x0000000664800000, 0x0000000664800000|100%| O|  |TAMS 0x0000000664800000| PB 0x0000000664400000| Untracked 
| 402|0x0000000664800000, 0x0000000664c00000, 0x0000000664c00000|100%| O|  |TAMS 0x0000000664c00000| PB 0x0000000664800000| Untracked 
| 403|0x0000000664c00000, 0x0000000665000000, 0x0000000665000000|100%| O|  |TAMS 0x0000000665000000| PB 0x0000000664c00000| Untracked 
| 404|0x0000000665000000, 0x0000000665400000, 0x0000000665400000|100%| O|  |TAMS 0x0000000665400000| PB 0x0000000665000000| Untracked 
| 405|0x0000000665400000, 0x0000000665800000, 0x0000000665800000|100%| O|  |TAMS 0x0000000665800000| PB 0x0000000665400000| Untracked 
| 406|0x0000000665800000, 0x0000000665c00000, 0x0000000665c00000|100%| O|  |TAMS 0x0000000665c00000| PB 0x0000000665800000| Untracked 
| 407|0x0000000665c00000, 0x0000000666000000, 0x0000000666000000|100%| O|  |TAMS 0x0000000666000000| PB 0x0000000665c00000| Untracked 
| 408|0x0000000666000000, 0x0000000666400000, 0x0000000666400000|100%| O|  |TAMS 0x0000000666400000| PB 0x0000000666000000| Untracked 
| 409|0x0000000666400000, 0x0000000666800000, 0x0000000666800000|100%|HS|  |TAMS 0x0000000666800000| PB 0x0000000666400000| Untracked 
| 410|0x0000000666800000, 0x0000000666c00000, 0x0000000666c00000|100%|HC|  |TAMS 0x0000000666c00000| PB 0x0000000666800000| Untracked 
| 411|0x0000000666c00000, 0x0000000666ffc3e8, 0x0000000667000000| 99%| O|  |TAMS 0x0000000666ffc3e8| PB 0x0000000666c00000| Untracked 
| 412|0x0000000667000000, 0x0000000667400000, 0x0000000667400000|100%|HS|  |TAMS 0x0000000667400000| PB 0x0000000667000000| Untracked 
| 413|0x0000000667400000, 0x0000000667800000, 0x0000000667800000|100%|HC|  |TAMS 0x0000000667800000| PB 0x0000000667400000| Untracked 
| 414|0x0000000667800000, 0x0000000667bffff0, 0x0000000667c00000| 99%| O|  |TAMS 0x0000000667bffff0| PB 0x0000000667800000| Untracked 
| 415|0x0000000667c00000, 0x0000000667fffff0, 0x0000000668000000| 99%| O|  |TAMS 0x0000000667fffff0| PB 0x0000000667c00000| Untracked 
| 416|0x0000000668000000, 0x00000006683fffd8, 0x0000000668400000| 99%| O|  |TAMS 0x00000006683fffd8| PB 0x0000000668000000| Untracked 
| 417|0x0000000668400000, 0x00000006687fffe8, 0x0000000668800000| 99%| O|  |TAMS 0x00000006687fffe8| PB 0x0000000668400000| Untracked 
| 418|0x0000000668800000, 0x0000000668c00000, 0x0000000668c00000|100%| O|  |TAMS 0x0000000668c00000| PB 0x0000000668800000| Untracked 
| 419|0x0000000668c00000, 0x0000000668ffffe8, 0x0000000669000000| 99%| O|  |TAMS 0x0000000668ffffe8| PB 0x0000000668c00000| Untracked 
| 420|0x0000000669000000, 0x0000000669400000, 0x0000000669400000|100%| O|  |TAMS 0x0000000669400000| PB 0x0000000669000000| Untracked 
| 421|0x0000000669400000, 0x0000000669800000, 0x0000000669800000|100%| O|  |TAMS 0x0000000669800000| PB 0x0000000669400000| Untracked 
| 422|0x0000000669800000, 0x0000000669bffff8, 0x0000000669c00000| 99%| O|  |TAMS 0x0000000669bffff8| PB 0x0000000669800000| Untracked 
| 423|0x0000000669c00000, 0x0000000669fffff8, 0x000000066a000000| 99%| O|  |TAMS 0x0000000669fffff8| PB 0x0000000669c00000| Untracked 
| 424|0x000000066a000000, 0x000000066a400000, 0x000000066a400000|100%| O|  |TAMS 0x000000066a400000| PB 0x000000066a000000| Untracked 
| 425|0x000000066a400000, 0x000000066a800000, 0x000000066a800000|100%| O|  |TAMS 0x000000066a800000| PB 0x000000066a400000| Untracked 
| 426|0x000000066a800000, 0x000000066ac00000, 0x000000066ac00000|100%| O|  |TAMS 0x000000066ac00000| PB 0x000000066a800000| Untracked 
| 427|0x000000066ac00000, 0x000000066b000000, 0x000000066b000000|100%| O|  |TAMS 0x000000066b000000| PB 0x000000066ac00000| Untracked 
| 428|0x000000066b000000, 0x000000066b400000, 0x000000066b400000|100%| O|  |TAMS 0x000000066b400000| PB 0x000000066b000000| Untracked 
| 429|0x000000066b400000, 0x000000066b800000, 0x000000066b800000|100%| O|  |TAMS 0x000000066b800000| PB 0x000000066b400000| Untracked 
| 430|0x000000066b800000, 0x000000066bc00000, 0x000000066bc00000|100%| O|  |TAMS 0x000000066bc00000| PB 0x000000066b800000| Untracked 
| 431|0x000000066bc00000, 0x000000066bffffe8, 0x000000066c000000| 99%| O|  |TAMS 0x000000066bffffe8| PB 0x000000066bc00000| Untracked 
| 432|0x000000066c000000, 0x000000066c3ffff0, 0x000000066c400000| 99%| O|  |TAMS 0x000000066c3ffff0| PB 0x000000066c000000| Untracked 
| 433|0x000000066c400000, 0x000000066c7fffc8, 0x000000066c800000| 99%| O|  |TAMS 0x000000066c7fffc8| PB 0x000000066c400000| Untracked 
| 434|0x000000066c800000, 0x000000066cbffc18, 0x000000066cc00000| 99%| O|  |TAMS 0x000000066cbffc18| PB 0x000000066c800000| Untracked 
| 435|0x000000066cc00000, 0x000000066d000000, 0x000000066d000000|100%| O|  |TAMS 0x000000066d000000| PB 0x000000066cc00000| Untracked 
| 436|0x000000066d000000, 0x000000066d3ffff8, 0x000000066d400000| 99%| O|  |TAMS 0x000000066d3ffff8| PB 0x000000066d000000| Untracked 
| 437|0x000000066d400000, 0x000000066d7fffe0, 0x000000066d800000| 99%| O|  |TAMS 0x000000066d7fffe0| PB 0x000000066d400000| Untracked 
| 438|0x000000066d800000, 0x000000066dc00000, 0x000000066dc00000|100%| O|  |TAMS 0x000000066dc00000| PB 0x000000066d800000| Untracked 
| 439|0x000000066dc00000, 0x000000066dffffd0, 0x000000066e000000| 99%| O|  |TAMS 0x000000066dffffd0| PB 0x000000066dc00000| Untracked 
| 440|0x000000066e000000, 0x000000066e3ffff8, 0x000000066e400000| 99%| O|  |TAMS 0x000000066e3ffff8| PB 0x000000066e000000| Untracked 
| 441|0x000000066e400000, 0x000000066e800000, 0x000000066e800000|100%| O|  |TAMS 0x000000066e800000| PB 0x000000066e400000| Untracked 
| 442|0x000000066e800000, 0x000000066ec00000, 0x000000066ec00000|100%| O|  |TAMS 0x000000066ec00000| PB 0x000000066e800000| Untracked 
| 443|0x000000066ec00000, 0x000000066efffff0, 0x000000066f000000| 99%| O|  |TAMS 0x000000066efffff0| PB 0x000000066ec00000| Untracked 
| 444|0x000000066f000000, 0x000000066f400000, 0x000000066f400000|100%| O|  |TAMS 0x000000066f400000| PB 0x000000066f000000| Untracked 
| 445|0x000000066f400000, 0x000000066f7fffe8, 0x000000066f800000| 99%| O|  |TAMS 0x000000066f7fffe8| PB 0x000000066f400000| Untracked 
| 446|0x000000066f800000, 0x000000066fbfffe0, 0x000000066fc00000| 99%| O|  |TAMS 0x000000066fbfffe0| PB 0x000000066f800000| Untracked 
| 447|0x000000066fc00000, 0x0000000670000000, 0x0000000670000000|100%| O|  |TAMS 0x0000000670000000| PB 0x000000066fc00000| Untracked 
| 448|0x0000000670000000, 0x00000006703fffe0, 0x0000000670400000| 99%| O|  |TAMS 0x00000006703fffe0| PB 0x0000000670000000| Untracked 
| 449|0x0000000670400000, 0x0000000670800000, 0x0000000670800000|100%| O|  |TAMS 0x0000000670800000| PB 0x0000000670400000| Untracked 
| 450|0x0000000670800000, 0x0000000670bfffe8, 0x0000000670c00000| 99%| O|  |TAMS 0x0000000670bfffe8| PB 0x0000000670800000| Untracked 
| 451|0x0000000670c00000, 0x0000000670ffe070, 0x0000000671000000| 99%| O|  |TAMS 0x0000000670ffe070| PB 0x0000000670c00000| Untracked 
| 452|0x0000000671000000, 0x0000000671400000, 0x0000000671400000|100%| O|  |TAMS 0x0000000671400000| PB 0x0000000671000000| Untracked 
| 453|0x0000000671400000, 0x00000006717ffff8, 0x0000000671800000| 99%| O|  |TAMS 0x00000006717ffff8| PB 0x0000000671400000| Untracked 
| 454|0x0000000671800000, 0x0000000671bffff8, 0x0000000671c00000| 99%| O|  |TAMS 0x0000000671bffff8| PB 0x0000000671800000| Untracked 
| 455|0x0000000671c00000, 0x0000000671f5dc38, 0x0000000672000000| 84%| O|  |TAMS 0x0000000671f5dc38| PB 0x0000000671c00000| Untracked 
| 456|0x0000000672000000, 0x0000000672400000, 0x0000000672400000|100%| O|  |TAMS 0x0000000672400000| PB 0x0000000672000000| Untracked 
| 457|0x0000000672400000, 0x0000000672800000, 0x0000000672800000|100%| O|  |TAMS 0x0000000672800000| PB 0x0000000672400000| Untracked 
| 458|0x0000000672800000, 0x0000000672c00000, 0x0000000672c00000|100%| O|  |TAMS 0x0000000672c00000| PB 0x0000000672800000| Untracked 
| 459|0x0000000672c00000, 0x0000000672fffff8, 0x0000000673000000| 99%| O|  |TAMS 0x0000000672fffff8| PB 0x0000000672c00000| Untracked 
| 460|0x0000000673000000, 0x0000000673400000, 0x0000000673400000|100%| O|  |TAMS 0x0000000673400000| PB 0x0000000673000000| Untracked 
| 461|0x0000000673400000, 0x0000000673800000, 0x0000000673800000|100%| O|  |TAMS 0x0000000673800000| PB 0x0000000673400000| Untracked 
| 462|0x0000000673800000, 0x0000000673bffff8, 0x0000000673c00000| 99%| O|  |TAMS 0x0000000673bffff8| PB 0x0000000673800000| Untracked 
| 463|0x0000000673c00000, 0x0000000673d821f0, 0x0000000674000000| 37%| O|  |TAMS 0x0000000673d821f0| PB 0x0000000673c00000| Untracked 
| 464|0x0000000674000000, 0x0000000674400000, 0x0000000674400000|100%| O|  |TAMS 0x0000000674400000| PB 0x0000000674000000| Untracked 
| 465|0x0000000674400000, 0x00000006747ffc18, 0x0000000674800000| 99%| O|  |TAMS 0x00000006747ffc18| PB 0x0000000674400000| Untracked 
| 466|0x0000000674800000, 0x0000000674c00000, 0x0000000674c00000|100%| O|  |TAMS 0x0000000674c00000| PB 0x0000000674800000| Untracked 
| 467|0x0000000674c00000, 0x0000000674c00000, 0x0000000675000000|  0%| F|  |TAMS 0x0000000674c00000| PB 0x0000000674c00000| Untracked 
| 468|0x0000000675000000, 0x00000006753fffb0, 0x0000000675400000| 99%| O|  |TAMS 0x00000006753fffb0| PB 0x0000000675000000| Untracked 
| 469|0x0000000675400000, 0x0000000675800000, 0x0000000675800000|100%| O|  |TAMS 0x0000000675800000| PB 0x0000000675400000| Untracked 
| 470|0x0000000675800000, 0x0000000675c00000, 0x0000000675c00000|100%|HS|  |TAMS 0x0000000675c00000| PB 0x0000000675800000| Untracked 
| 471|0x0000000675c00000, 0x0000000676000000, 0x0000000676000000|100%|HC|  |TAMS 0x0000000676000000| PB 0x0000000675c00000| Untracked 
| 472|0x0000000676000000, 0x0000000676400000, 0x0000000676400000|100%|HS|  |TAMS 0x0000000676400000| PB 0x0000000676000000| Untracked 
| 473|0x0000000676400000, 0x0000000676800000, 0x0000000676800000|100%|HC|  |TAMS 0x0000000676800000| PB 0x0000000676400000| Untracked 
| 474|0x0000000676800000, 0x0000000676c00000, 0x0000000676c00000|100%|HS|  |TAMS 0x0000000676c00000| PB 0x0000000676800000| Untracked 
| 475|0x0000000676c00000, 0x0000000677000000, 0x0000000677000000|100%|HC|  |TAMS 0x0000000677000000| PB 0x0000000676c00000| Untracked 
| 476|0x0000000677000000, 0x0000000677400000, 0x0000000677400000|100%| O|  |TAMS 0x0000000677400000| PB 0x0000000677000000| Untracked 
| 477|0x0000000677400000, 0x0000000677800000, 0x0000000677800000|100%| O|  |TAMS 0x0000000677800000| PB 0x0000000677400000| Untracked 
| 478|0x0000000677800000, 0x0000000677bf8170, 0x0000000677c00000| 99%| O|  |TAMS 0x0000000677bf8170| PB 0x0000000677800000| Untracked 
| 479|0x0000000677c00000, 0x0000000678000000, 0x0000000678000000|100%| O|  |TAMS 0x0000000678000000| PB 0x0000000677c00000| Untracked 
| 480|0x0000000678000000, 0x000000067821e2d8, 0x0000000678400000| 52%| O|  |TAMS 0x000000067821e2d8| PB 0x0000000678000000| Untracked 
| 481|0x0000000678400000, 0x000000067850ba20, 0x0000000678800000| 26%| O|  |TAMS 0x000000067850ba20| PB 0x0000000678400000| Untracked 
| 482|0x0000000678800000, 0x0000000678800000, 0x0000000678c00000|  0%| F|  |TAMS 0x0000000678800000| PB 0x0000000678800000| Untracked 
| 483|0x0000000678c00000, 0x0000000678c098a8, 0x0000000679000000|  0%| O|  |TAMS 0x0000000678c098a8| PB 0x0000000678c00000| Untracked 
| 484|0x0000000679000000, 0x0000000679400000, 0x0000000679400000|100%| O|  |TAMS 0x0000000679400000| PB 0x0000000679000000| Untracked 
| 485|0x0000000679400000, 0x0000000679800000, 0x0000000679800000|100%| O|  |TAMS 0x0000000679800000| PB 0x0000000679400000| Untracked 
| 486|0x0000000679800000, 0x0000000679b7c410, 0x0000000679c00000| 87%| O|  |TAMS 0x0000000679b7c410| PB 0x0000000679800000| Untracked 
| 487|0x0000000679c00000, 0x0000000679c00000, 0x000000067a000000|  0%| F|  |TAMS 0x0000000679c00000| PB 0x0000000679c00000| Untracked 
| 488|0x000000067a000000, 0x000000067a3ffff0, 0x000000067a400000| 99%| O|  |TAMS 0x000000067a3ffff0| PB 0x000000067a000000| Untracked 
| 489|0x000000067a400000, 0x000000067a800000, 0x000000067a800000|100%|HS|  |TAMS 0x000000067a800000| PB 0x000000067a400000| Untracked 
| 490|0x000000067a800000, 0x000000067ac00000, 0x000000067ac00000|100%| O|  |TAMS 0x000000067ac00000| PB 0x000000067a800000| Untracked 
| 491|0x000000067ac00000, 0x000000067b000000, 0x000000067b000000|100%| O|  |TAMS 0x000000067b000000| PB 0x000000067ac00000| Untracked 
| 492|0x000000067b000000, 0x000000067b35ca38, 0x000000067b400000| 84%| O|  |TAMS 0x000000067b35ca38| PB 0x000000067b000000| Untracked 
| 493|0x000000067b400000, 0x000000067b800000, 0x000000067b800000|100%|HS|  |TAMS 0x000000067b800000| PB 0x000000067b400000| Untracked 
| 494|0x000000067b800000, 0x000000067b800000, 0x000000067bc00000|  0%| F|  |TAMS 0x000000067b800000| PB 0x000000067b800000| Untracked 
| 495|0x000000067bc00000, 0x000000067bc00000, 0x000000067c000000|  0%| F|  |TAMS 0x000000067bc00000| PB 0x000000067bc00000| Untracked 
| 496|0x000000067c000000, 0x000000067c000000, 0x000000067c400000|  0%| F|  |TAMS 0x000000067c000000| PB 0x000000067c000000| Untracked 
| 497|0x000000067c400000, 0x000000067c400000, 0x000000067c800000|  0%| F|  |TAMS 0x000000067c400000| PB 0x000000067c400000| Untracked 
| 498|0x000000067c800000, 0x000000067c800000, 0x000000067cc00000|  0%| F|  |TAMS 0x000000067c800000| PB 0x000000067c800000| Untracked 
| 499|0x000000067cc00000, 0x000000067d000000, 0x000000067d000000|100%| O|  |TAMS 0x000000067d000000| PB 0x000000067cc00000| Untracked 
| 500|0x000000067d000000, 0x000000067d000000, 0x000000067d400000|  0%| F|  |TAMS 0x000000067d000000| PB 0x000000067d000000| Untracked 
| 501|0x000000067d400000, 0x000000067d45cc08, 0x000000067d800000|  9%| O|  |TAMS 0x000000067d45cc08| PB 0x000000067d400000| Untracked 
| 502|0x000000067d800000, 0x000000067d800000, 0x000000067dc00000|  0%| F|  |TAMS 0x000000067d800000| PB 0x000000067d800000| Untracked 
| 503|0x000000067dc00000, 0x000000067dc00000, 0x000000067e000000|  0%| F|  |TAMS 0x000000067dc00000| PB 0x000000067dc00000| Untracked 
| 504|0x000000067e000000, 0x000000067e400000, 0x000000067e400000|100%| O|  |TAMS 0x000000067e400000| PB 0x000000067e000000| Untracked 
| 505|0x000000067e400000, 0x000000067e800000, 0x000000067e800000|100%| O|  |TAMS 0x000000067e800000| PB 0x000000067e400000| Untracked 
| 506|0x000000067e800000, 0x000000067e800000, 0x000000067ec00000|  0%| F|  |TAMS 0x000000067e800000| PB 0x000000067e800000| Untracked 
| 507|0x000000067ec00000, 0x000000067f000000, 0x000000067f000000|100%| O|  |TAMS 0x000000067f000000| PB 0x000000067ec00000| Untracked 
| 508|0x000000067f000000, 0x000000067f000000, 0x000000067f400000|  0%| F|  |TAMS 0x000000067f000000| PB 0x000000067f000000| Untracked 
| 509|0x000000067f400000, 0x000000067f400000, 0x000000067f800000|  0%| F|  |TAMS 0x000000067f400000| PB 0x000000067f400000| Untracked 
| 510|0x000000067f800000, 0x000000067f800000, 0x000000067fc00000|  0%| F|  |TAMS 0x000000067f800000| PB 0x000000067f800000| Untracked 
| 511|0x000000067fc00000, 0x000000067fc00000, 0x0000000680000000|  0%| F|  |TAMS 0x000000067fc00000| PB 0x000000067fc00000| Untracked 
| 512|0x0000000680000000, 0x0000000680000000, 0x0000000680400000|  0%| F|  |TAMS 0x0000000680000000| PB 0x0000000680000000| Untracked 
| 513|0x0000000680400000, 0x0000000680400000, 0x0000000680800000|  0%| F|  |TAMS 0x0000000680400000| PB 0x0000000680400000| Untracked 
| 514|0x0000000680800000, 0x0000000680800000, 0x0000000680c00000|  0%| F|  |TAMS 0x0000000680800000| PB 0x0000000680800000| Untracked 
| 515|0x0000000680c00000, 0x0000000681000000, 0x0000000681000000|100%|HS|  |TAMS 0x0000000681000000| PB 0x0000000680c00000| Untracked 
| 516|0x0000000681000000, 0x0000000681400000, 0x0000000681400000|100%|HC|  |TAMS 0x0000000681400000| PB 0x0000000681000000| Untracked 
| 517|0x0000000681400000, 0x0000000681400000, 0x0000000681800000|  0%| F|  |TAMS 0x0000000681400000| PB 0x0000000681400000| Untracked 
| 518|0x0000000681800000, 0x0000000681800000, 0x0000000681c00000|  0%| F|  |TAMS 0x0000000681800000| PB 0x0000000681800000| Untracked 
| 519|0x0000000681c00000, 0x0000000681c00000, 0x0000000682000000|  0%| F|  |TAMS 0x0000000681c00000| PB 0x0000000681c00000| Untracked 
| 520|0x0000000682000000, 0x0000000682000000, 0x0000000682400000|  0%| F|  |TAMS 0x0000000682000000| PB 0x0000000682000000| Untracked 
| 521|0x0000000682400000, 0x0000000682400000, 0x0000000682800000|  0%| F|  |TAMS 0x0000000682400000| PB 0x0000000682400000| Untracked 
| 522|0x0000000682800000, 0x0000000682c00000, 0x0000000682c00000|100%| O|  |TAMS 0x0000000682c00000| PB 0x0000000682800000| Untracked 
| 523|0x0000000682c00000, 0x0000000682c00000, 0x0000000683000000|  0%| F|  |TAMS 0x0000000682c00000| PB 0x0000000682c00000| Untracked 
| 524|0x0000000683000000, 0x0000000683400000, 0x0000000683400000|100%| O|  |TAMS 0x0000000683400000| PB 0x0000000683000000| Untracked 
| 525|0x0000000683400000, 0x0000000683800000, 0x0000000683800000|100%|HS|  |TAMS 0x0000000683800000| PB 0x0000000683400000| Untracked 
| 526|0x0000000683800000, 0x0000000683c00000, 0x0000000683c00000|100%|HC|  |TAMS 0x0000000683c00000| PB 0x0000000683800000| Untracked 
| 527|0x0000000683c00000, 0x0000000684000000, 0x0000000684000000|100%|HS|  |TAMS 0x0000000684000000| PB 0x0000000683c00000| Untracked 
| 528|0x0000000684000000, 0x0000000684400000, 0x0000000684400000|100%|HC|  |TAMS 0x0000000684400000| PB 0x0000000684000000| Untracked 
| 529|0x0000000684400000, 0x0000000684800000, 0x0000000684800000|100%| O|  |TAMS 0x0000000684800000| PB 0x0000000684400000| Untracked 
| 530|0x0000000684800000, 0x0000000684c00000, 0x0000000684c00000|100%| O|  |TAMS 0x0000000684c00000| PB 0x0000000684800000| Untracked 
| 531|0x0000000684c00000, 0x0000000685000000, 0x0000000685000000|100%| O|  |TAMS 0x0000000685000000| PB 0x0000000684c00000| Untracked 
| 532|0x0000000685000000, 0x0000000685400000, 0x0000000685400000|100%| O|  |TAMS 0x0000000685400000| PB 0x0000000685000000| Untracked 
| 533|0x0000000685400000, 0x0000000685800000, 0x0000000685800000|100%| O|  |TAMS 0x0000000685800000| PB 0x0000000685400000| Untracked 
| 534|0x0000000685800000, 0x0000000685c00000, 0x0000000685c00000|100%| O|  |TAMS 0x0000000685c00000| PB 0x0000000685800000| Untracked 
| 535|0x0000000685c00000, 0x0000000686000000, 0x0000000686000000|100%| O|  |TAMS 0x0000000686000000| PB 0x0000000685c00000| Untracked 
| 536|0x0000000686000000, 0x0000000686400000, 0x0000000686400000|100%| O|  |TAMS 0x0000000686400000| PB 0x0000000686000000| Untracked 
| 537|0x0000000686400000, 0x0000000686800000, 0x0000000686800000|100%| O|  |TAMS 0x0000000686800000| PB 0x0000000686400000| Untracked 
| 538|0x0000000686800000, 0x0000000686c00000, 0x0000000686c00000|100%| O|  |TAMS 0x0000000686c00000| PB 0x0000000686800000| Untracked 
| 539|0x0000000686c00000, 0x0000000686c00000, 0x0000000687000000|  0%| F|  |TAMS 0x0000000686c00000| PB 0x0000000686c00000| Untracked 
| 540|0x0000000687000000, 0x0000000687000000, 0x0000000687400000|  0%| F|  |TAMS 0x0000000687000000| PB 0x0000000687000000| Untracked 
| 541|0x0000000687400000, 0x0000000687400000, 0x0000000687800000|  0%| F|  |TAMS 0x0000000687400000| PB 0x0000000687400000| Untracked 
| 542|0x0000000687800000, 0x0000000687800000, 0x0000000687c00000|  0%| F|  |TAMS 0x0000000687800000| PB 0x0000000687800000| Untracked 
| 543|0x0000000687c00000, 0x0000000687e00000, 0x0000000688000000| 50%| S|  |TAMS 0x0000000687c00000| PB 0x0000000687c00000| Complete 
| 544|0x0000000688000000, 0x0000000688400000, 0x0000000688400000|100%| S|  |TAMS 0x0000000688000000| PB 0x0000000688000000| Complete 
| 545|0x0000000688400000, 0x0000000688800000, 0x0000000688800000|100%| S|  |TAMS 0x0000000688400000| PB 0x0000000688400000| Complete 
| 546|0x0000000688800000, 0x0000000688c00000, 0x0000000688c00000|100%| S|  |TAMS 0x0000000688800000| PB 0x0000000688800000| Complete 
| 547|0x0000000688c00000, 0x0000000689000000, 0x0000000689000000|100%| S|  |TAMS 0x0000000688c00000| PB 0x0000000688c00000| Complete 
| 548|0x0000000689000000, 0x0000000689400000, 0x0000000689400000|100%| S|  |TAMS 0x0000000689000000| PB 0x0000000689000000| Complete 
| 549|0x0000000689400000, 0x0000000689800000, 0x0000000689800000|100%| S|  |TAMS 0x0000000689400000| PB 0x0000000689400000| Complete 
| 550|0x0000000689800000, 0x0000000689c00000, 0x0000000689c00000|100%| E|CS|TAMS 0x0000000689800000| PB 0x0000000689800000| Complete 
| 551|0x0000000689c00000, 0x000000068a000000, 0x000000068a000000|100%| E|CS|TAMS 0x0000000689c00000| PB 0x0000000689c00000| Complete 
| 552|0x000000068a000000, 0x000000068a400000, 0x000000068a400000|100%| E|CS|TAMS 0x000000068a000000| PB 0x000000068a000000| Complete 
| 553|0x000000068a400000, 0x000000068a800000, 0x000000068a800000|100%| E|CS|TAMS 0x000000068a400000| PB 0x000000068a400000| Complete 
| 554|0x000000068a800000, 0x000000068ac00000, 0x000000068ac00000|100%| E|CS|TAMS 0x000000068a800000| PB 0x000000068a800000| Complete 
| 555|0x000000068ac00000, 0x000000068b000000, 0x000000068b000000|100%| E|CS|TAMS 0x000000068ac00000| PB 0x000000068ac00000| Complete 
| 556|0x000000068b000000, 0x000000068b400000, 0x000000068b400000|100%|HS|  |TAMS 0x000000068b400000| PB 0x000000068b000000| Untracked 
| 557|0x000000068b400000, 0x000000068b800000, 0x000000068b800000|100%| S|  |TAMS 0x000000068b400000| PB 0x000000068b400000| Complete 
| 558|0x000000068b800000, 0x000000068bc00000, 0x000000068bc00000|100%| S|  |TAMS 0x000000068b800000| PB 0x000000068b800000| Complete 
| 559|0x000000068bc00000, 0x000000068c000000, 0x000000068c000000|100%|HS|  |TAMS 0x000000068c000000| PB 0x000000068bc00000| Untracked 
| 560|0x000000068c000000, 0x000000068c400000, 0x000000068c400000|100%| S|  |TAMS 0x000000068c000000| PB 0x000000068c000000| Complete 
| 561|0x000000068c400000, 0x000000068c800000, 0x000000068c800000|100%| S|  |TAMS 0x000000068c400000| PB 0x000000068c400000| Complete 
| 562|0x000000068c800000, 0x000000068cc00000, 0x000000068cc00000|100%| S|  |TAMS 0x000000068c800000| PB 0x000000068c800000| Complete 
| 563|0x000000068cc00000, 0x000000068d000000, 0x000000068d000000|100%| S|  |TAMS 0x000000068cc00000| PB 0x000000068cc00000| Complete 
| 564|0x000000068d000000, 0x000000068d400000, 0x000000068d400000|100%|HS|  |TAMS 0x000000068d400000| PB 0x000000068d000000| Untracked 
| 565|0x000000068d400000, 0x000000068d800000, 0x000000068d800000|100%|HS|  |TAMS 0x000000068d800000| PB 0x000000068d400000| Untracked 
| 566|0x000000068d800000, 0x000000068dc00000, 0x000000068dc00000|100%| E|CS|TAMS 0x000000068d800000| PB 0x000000068d800000| Complete 
| 567|0x000000068dc00000, 0x000000068e000000, 0x000000068e000000|100%| E|CS|TAMS 0x000000068dc00000| PB 0x000000068dc00000| Complete 
| 568|0x000000068e000000, 0x000000068e400000, 0x000000068e400000|100%| E|CS|TAMS 0x000000068e000000| PB 0x000000068e000000| Complete 
| 569|0x000000068e400000, 0x000000068e800000, 0x000000068e800000|100%| E|CS|TAMS 0x000000068e400000| PB 0x000000068e400000| Complete 
| 570|0x000000068e800000, 0x000000068ec00000, 0x000000068ec00000|100%| E|CS|TAMS 0x000000068e800000| PB 0x000000068e800000| Complete 
| 571|0x000000068ec00000, 0x000000068f000000, 0x000000068f000000|100%| E|CS|TAMS 0x000000068ec00000| PB 0x000000068ec00000| Complete 
| 572|0x000000068f000000, 0x000000068f400000, 0x000000068f400000|100%| E|CS|TAMS 0x000000068f000000| PB 0x000000068f000000| Complete 
| 573|0x000000068f400000, 0x000000068f800000, 0x000000068f800000|100%| E|CS|TAMS 0x000000068f400000| PB 0x000000068f400000| Complete 
| 574|0x000000068f800000, 0x000000068fc00000, 0x000000068fc00000|100%| E|CS|TAMS 0x000000068f800000| PB 0x000000068f800000| Complete 
| 575|0x000000068fc00000, 0x0000000690000000, 0x0000000690000000|100%| E|CS|TAMS 0x000000068fc00000| PB 0x000000068fc00000| Complete 
| 576|0x0000000690000000, 0x0000000690400000, 0x0000000690400000|100%| E|CS|TAMS 0x0000000690000000| PB 0x0000000690000000| Complete 
| 577|0x0000000690400000, 0x0000000690800000, 0x0000000690800000|100%| E|CS|TAMS 0x0000000690400000| PB 0x0000000690400000| Complete 
| 578|0x0000000690800000, 0x0000000690c00000, 0x0000000690c00000|100%| S|  |TAMS 0x0000000690800000| PB 0x0000000690800000| Complete 
| 579|0x0000000690c00000, 0x0000000691000000, 0x0000000691000000|100%| S|  |TAMS 0x0000000690c00000| PB 0x0000000690c00000| Complete 
| 580|0x0000000691000000, 0x0000000691400000, 0x0000000691400000|100%| S|  |TAMS 0x0000000691000000| PB 0x0000000691000000| Complete 
| 581|0x0000000691400000, 0x0000000691800000, 0x0000000691800000|100%| S|  |TAMS 0x0000000691400000| PB 0x0000000691400000| Complete 
| 582|0x0000000691800000, 0x0000000691c00000, 0x0000000691c00000|100%| S|  |TAMS 0x0000000691800000| PB 0x0000000691800000| Complete 
| 583|0x0000000691c00000, 0x0000000692000000, 0x0000000692000000|100%| S|  |TAMS 0x0000000691c00000| PB 0x0000000691c00000| Complete 
| 584|0x0000000692000000, 0x0000000692400000, 0x0000000692400000|100%| S|  |TAMS 0x0000000692000000| PB 0x0000000692000000| Complete 
| 585|0x0000000692400000, 0x0000000692800000, 0x0000000692800000|100%| S|  |TAMS 0x0000000692400000| PB 0x0000000692400000| Complete 
| 586|0x0000000692800000, 0x0000000692c00000, 0x0000000692c00000|100%| S|  |TAMS 0x0000000692800000| PB 0x0000000692800000| Complete 
| 587|0x0000000692c00000, 0x0000000693000000, 0x0000000693000000|100%| S|  |TAMS 0x0000000692c00000| PB 0x0000000692c00000| Complete 
| 588|0x0000000693000000, 0x0000000693400000, 0x0000000693400000|100%| S|  |TAMS 0x0000000693000000| PB 0x0000000693000000| Complete 
| 589|0x0000000693400000, 0x0000000693800000, 0x0000000693800000|100%| S|  |TAMS 0x0000000693400000| PB 0x0000000693400000| Complete 
| 590|0x0000000693800000, 0x0000000693c00000, 0x0000000693c00000|100%| S|  |TAMS 0x0000000693800000| PB 0x0000000693800000| Complete 
| 591|0x0000000693c00000, 0x0000000694000000, 0x0000000694000000|100%| S|  |TAMS 0x0000000693c00000| PB 0x0000000693c00000| Complete 
| 592|0x0000000694000000, 0x0000000694400000, 0x0000000694400000|100%| S|  |TAMS 0x0000000694000000| PB 0x0000000694000000| Complete 
| 593|0x0000000694400000, 0x0000000694800000, 0x0000000694800000|100%| S|  |TAMS 0x0000000694400000| PB 0x0000000694400000| Complete 
| 594|0x0000000694800000, 0x0000000694c00000, 0x0000000694c00000|100%| S|  |TAMS 0x0000000694800000| PB 0x0000000694800000| Complete 
| 595|0x0000000694c00000, 0x0000000695000000, 0x0000000695000000|100%| S|  |TAMS 0x0000000694c00000| PB 0x0000000694c00000| Complete 
| 596|0x0000000695000000, 0x0000000695400000, 0x0000000695400000|100%| S|  |TAMS 0x0000000695000000| PB 0x0000000695000000| Complete 
| 597|0x0000000695400000, 0x0000000695800000, 0x0000000695800000|100%| S|  |TAMS 0x0000000695400000| PB 0x0000000695400000| Complete 
| 598|0x0000000695800000, 0x0000000695c00000, 0x0000000695c00000|100%| S|  |TAMS 0x0000000695800000| PB 0x0000000695800000| Complete 
| 599|0x0000000695c00000, 0x0000000696000000, 0x0000000696000000|100%| S|  |TAMS 0x0000000695c00000| PB 0x0000000695c00000| Complete 
| 600|0x0000000696000000, 0x0000000696400000, 0x0000000696400000|100%| S|  |TAMS 0x0000000696000000| PB 0x0000000696000000| Complete 
| 601|0x0000000696400000, 0x0000000696800000, 0x0000000696800000|100%| S|  |TAMS 0x0000000696400000| PB 0x0000000696400000| Complete 
| 602|0x0000000696800000, 0x0000000696c00000, 0x0000000696c00000|100%| E|CS|TAMS 0x0000000696800000| PB 0x0000000696800000| Complete 
| 603|0x0000000696c00000, 0x0000000697000000, 0x0000000697000000|100%| E|CS|TAMS 0x0000000696c00000| PB 0x0000000696c00000| Complete 
| 604|0x0000000697000000, 0x0000000697400000, 0x0000000697400000|100%| E|CS|TAMS 0x0000000697000000| PB 0x0000000697000000| Complete 
| 605|0x0000000697400000, 0x0000000697800000, 0x0000000697800000|100%| E|CS|TAMS 0x0000000697400000| PB 0x0000000697400000| Complete 
| 606|0x0000000697800000, 0x0000000697c00000, 0x0000000697c00000|100%| E|CS|TAMS 0x0000000697800000| PB 0x0000000697800000| Complete 
| 607|0x0000000697c00000, 0x0000000698000000, 0x0000000698000000|100%| E|CS|TAMS 0x0000000697c00000| PB 0x0000000697c00000| Complete 
| 608|0x0000000698000000, 0x0000000698400000, 0x0000000698400000|100%| E|CS|TAMS 0x0000000698000000| PB 0x0000000698000000| Complete 
| 609|0x0000000698400000, 0x0000000698800000, 0x0000000698800000|100%| E|CS|TAMS 0x0000000698400000| PB 0x0000000698400000| Complete 
| 610|0x0000000698800000, 0x0000000698c00000, 0x0000000698c00000|100%| E|CS|TAMS 0x0000000698800000| PB 0x0000000698800000| Complete 
| 611|0x0000000698c00000, 0x0000000699000000, 0x0000000699000000|100%| E|CS|TAMS 0x0000000698c00000| PB 0x0000000698c00000| Complete 
| 612|0x0000000699000000, 0x0000000699400000, 0x0000000699400000|100%| E|CS|TAMS 0x0000000699000000| PB 0x0000000699000000| Complete 
| 613|0x0000000699400000, 0x0000000699800000, 0x0000000699800000|100%| E|CS|TAMS 0x0000000699400000| PB 0x0000000699400000| Complete 
| 614|0x0000000699800000, 0x0000000699c00000, 0x0000000699c00000|100%| E|CS|TAMS 0x0000000699800000| PB 0x0000000699800000| Complete 
| 615|0x0000000699c00000, 0x000000069a000000, 0x000000069a000000|100%| E|CS|TAMS 0x0000000699c00000| PB 0x0000000699c00000| Complete 
| 616|0x000000069a000000, 0x000000069a400000, 0x000000069a400000|100%| E|CS|TAMS 0x000000069a000000| PB 0x000000069a000000| Complete 
| 617|0x000000069a400000, 0x000000069a800000, 0x000000069a800000|100%| E|CS|TAMS 0x000000069a400000| PB 0x000000069a400000| Complete 
| 618|0x000000069a800000, 0x000000069ac00000, 0x000000069ac00000|100%| E|CS|TAMS 0x000000069a800000| PB 0x000000069a800000| Complete 
| 619|0x000000069ac00000, 0x000000069b000000, 0x000000069b000000|100%| E|CS|TAMS 0x000000069ac00000| PB 0x000000069ac00000| Complete 
| 620|0x000000069b000000, 0x000000069b400000, 0x000000069b400000|100%| E|CS|TAMS 0x000000069b000000| PB 0x000000069b000000| Complete 
| 621|0x000000069b400000, 0x000000069b800000, 0x000000069b800000|100%| E|CS|TAMS 0x000000069b400000| PB 0x000000069b400000| Complete 
| 622|0x000000069b800000, 0x000000069bc00000, 0x000000069bc00000|100%| E|CS|TAMS 0x000000069b800000| PB 0x000000069b800000| Complete 
| 623|0x000000069bc00000, 0x000000069c000000, 0x000000069c000000|100%| E|CS|TAMS 0x000000069bc00000| PB 0x000000069bc00000| Complete 
| 624|0x000000069c000000, 0x000000069c400000, 0x000000069c400000|100%| E|CS|TAMS 0x000000069c000000| PB 0x000000069c000000| Complete 
| 625|0x000000069c400000, 0x000000069c800000, 0x000000069c800000|100%| E|CS|TAMS 0x000000069c400000| PB 0x000000069c400000| Complete 
| 626|0x000000069c800000, 0x000000069cc00000, 0x000000069cc00000|100%| E|CS|TAMS 0x000000069c800000| PB 0x000000069c800000| Complete 
| 627|0x000000069cc00000, 0x000000069d000000, 0x000000069d000000|100%| E|CS|TAMS 0x000000069cc00000| PB 0x000000069cc00000| Complete 
| 628|0x000000069d000000, 0x000000069d400000, 0x000000069d400000|100%| E|CS|TAMS 0x000000069d000000| PB 0x000000069d000000| Complete 
| 629|0x000000069d400000, 0x000000069d800000, 0x000000069d800000|100%| E|CS|TAMS 0x000000069d400000| PB 0x000000069d400000| Complete 
| 630|0x000000069d800000, 0x000000069dc00000, 0x000000069dc00000|100%| E|CS|TAMS 0x000000069d800000| PB 0x000000069d800000| Complete 
| 631|0x000000069dc00000, 0x000000069e000000, 0x000000069e000000|100%| E|CS|TAMS 0x000000069dc00000| PB 0x000000069dc00000| Complete 
| 632|0x000000069e000000, 0x000000069e400000, 0x000000069e400000|100%| E|CS|TAMS 0x000000069e000000| PB 0x000000069e000000| Complete 
| 633|0x000000069e400000, 0x000000069e800000, 0x000000069e800000|100%| E|CS|TAMS 0x000000069e400000| PB 0x000000069e400000| Complete 
| 634|0x000000069e800000, 0x000000069ec00000, 0x000000069ec00000|100%| E|CS|TAMS 0x000000069e800000| PB 0x000000069e800000| Complete 
| 635|0x000000069ec00000, 0x000000069f000000, 0x000000069f000000|100%| E|CS|TAMS 0x000000069ec00000| PB 0x000000069ec00000| Complete 
| 636|0x000000069f000000, 0x000000069f400000, 0x000000069f400000|100%| E|CS|TAMS 0x000000069f000000| PB 0x000000069f000000| Complete 
| 637|0x000000069f400000, 0x000000069f800000, 0x000000069f800000|100%| E|CS|TAMS 0x000000069f400000| PB 0x000000069f400000| Complete 
| 638|0x000000069f800000, 0x000000069fc00000, 0x000000069fc00000|100%| E|CS|TAMS 0x000000069f800000| PB 0x000000069f800000| Complete 
| 639|0x000000069fc00000, 0x00000006a0000000, 0x00000006a0000000|100%| E|CS|TAMS 0x000000069fc00000| PB 0x000000069fc00000| Complete 
| 640|0x00000006a0000000, 0x00000006a0400000, 0x00000006a0400000|100%| E|CS|TAMS 0x00000006a0000000| PB 0x00000006a0000000| Complete 
| 641|0x00000006a0400000, 0x00000006a0800000, 0x00000006a0800000|100%| E|CS|TAMS 0x00000006a0400000| PB 0x00000006a0400000| Complete 
| 642|0x00000006a0800000, 0x00000006a0c00000, 0x00000006a0c00000|100%| E|CS|TAMS 0x00000006a0800000| PB 0x00000006a0800000| Complete 
| 643|0x00000006a0c00000, 0x00000006a1000000, 0x00000006a1000000|100%| E|CS|TAMS 0x00000006a0c00000| PB 0x00000006a0c00000| Complete 
| 644|0x00000006a1000000, 0x00000006a1400000, 0x00000006a1400000|100%| E|CS|TAMS 0x00000006a1000000| PB 0x00000006a1000000| Complete 
| 645|0x00000006a1400000, 0x00000006a1800000, 0x00000006a1800000|100%| E|CS|TAMS 0x00000006a1400000| PB 0x00000006a1400000| Complete 
| 646|0x00000006a1800000, 0x00000006a1c00000, 0x00000006a1c00000|100%| E|CS|TAMS 0x00000006a1800000| PB 0x00000006a1800000| Complete 
| 647|0x00000006a1c00000, 0x00000006a2000000, 0x00000006a2000000|100%| E|CS|TAMS 0x00000006a1c00000| PB 0x00000006a1c00000| Complete 
| 648|0x00000006a2000000, 0x00000006a2400000, 0x00000006a2400000|100%| E|CS|TAMS 0x00000006a2000000| PB 0x00000006a2000000| Complete 
| 649|0x00000006a2400000, 0x00000006a2800000, 0x00000006a2800000|100%| E|CS|TAMS 0x00000006a2400000| PB 0x00000006a2400000| Complete 
| 650|0x00000006a2800000, 0x00000006a2c00000, 0x00000006a2c00000|100%| E|CS|TAMS 0x00000006a2800000| PB 0x00000006a2800000| Complete 
| 651|0x00000006a2c00000, 0x00000006a3000000, 0x00000006a3000000|100%| E|CS|TAMS 0x00000006a2c00000| PB 0x00000006a2c00000| Complete 
| 652|0x00000006a3000000, 0x00000006a3400000, 0x00000006a3400000|100%| E|CS|TAMS 0x00000006a3000000| PB 0x00000006a3000000| Complete 
| 653|0x00000006a3400000, 0x00000006a3800000, 0x00000006a3800000|100%| E|CS|TAMS 0x00000006a3400000| PB 0x00000006a3400000| Complete 
| 654|0x00000006a3800000, 0x00000006a3c00000, 0x00000006a3c00000|100%| E|CS|TAMS 0x00000006a3800000| PB 0x00000006a3800000| Complete 
| 655|0x00000006a3c00000, 0x00000006a4000000, 0x00000006a4000000|100%| E|CS|TAMS 0x00000006a3c00000| PB 0x00000006a3c00000| Complete 
| 656|0x00000006a4000000, 0x00000006a4400000, 0x00000006a4400000|100%| E|CS|TAMS 0x00000006a4000000| PB 0x00000006a4000000| Complete 
| 657|0x00000006a4400000, 0x00000006a4800000, 0x00000006a4800000|100%| E|CS|TAMS 0x00000006a4400000| PB 0x00000006a4400000| Complete 
| 658|0x00000006a4800000, 0x00000006a4c00000, 0x00000006a4c00000|100%| E|CS|TAMS 0x00000006a4800000| PB 0x00000006a4800000| Complete 
| 659|0x00000006a4c00000, 0x00000006a5000000, 0x00000006a5000000|100%| E|CS|TAMS 0x00000006a4c00000| PB 0x00000006a4c00000| Complete 
| 660|0x00000006a5000000, 0x00000006a5400000, 0x00000006a5400000|100%| E|CS|TAMS 0x00000006a5000000| PB 0x00000006a5000000| Complete 
| 661|0x00000006a5400000, 0x00000006a5800000, 0x00000006a5800000|100%| E|CS|TAMS 0x00000006a5400000| PB 0x00000006a5400000| Complete 
| 662|0x00000006a5800000, 0x00000006a5c00000, 0x00000006a5c00000|100%| E|CS|TAMS 0x00000006a5800000| PB 0x00000006a5800000| Complete 
| 663|0x00000006a5c00000, 0x00000006a6000000, 0x00000006a6000000|100%| E|CS|TAMS 0x00000006a5c00000| PB 0x00000006a5c00000| Complete 
| 664|0x00000006a6000000, 0x00000006a6400000, 0x00000006a6400000|100%| E|CS|TAMS 0x00000006a6000000| PB 0x00000006a6000000| Complete 
| 665|0x00000006a6400000, 0x00000006a6800000, 0x00000006a6800000|100%| E|CS|TAMS 0x00000006a6400000| PB 0x00000006a6400000| Complete 
| 666|0x00000006a6800000, 0x00000006a6c00000, 0x00000006a6c00000|100%| E|CS|TAMS 0x00000006a6800000| PB 0x00000006a6800000| Complete 
| 667|0x00000006a6c00000, 0x00000006a7000000, 0x00000006a7000000|100%| E|CS|TAMS 0x00000006a6c00000| PB 0x00000006a6c00000| Complete 
| 668|0x00000006a7000000, 0x00000006a7400000, 0x00000006a7400000|100%| E|CS|TAMS 0x00000006a7000000| PB 0x00000006a7000000| Complete 
| 669|0x00000006a7400000, 0x00000006a7800000, 0x00000006a7800000|100%| E|CS|TAMS 0x00000006a7400000| PB 0x00000006a7400000| Complete 
| 670|0x00000006a7800000, 0x00000006a7c00000, 0x00000006a7c00000|100%| E|CS|TAMS 0x00000006a7800000| PB 0x00000006a7800000| Complete 
| 671|0x00000006a7c00000, 0x00000006a8000000, 0x00000006a8000000|100%| E|CS|TAMS 0x00000006a7c00000| PB 0x00000006a7c00000| Complete 
| 672|0x00000006a8000000, 0x00000006a8400000, 0x00000006a8400000|100%| E|CS|TAMS 0x00000006a8000000| PB 0x00000006a8000000| Complete 
| 673|0x00000006a8400000, 0x00000006a8800000, 0x00000006a8800000|100%| E|CS|TAMS 0x00000006a8400000| PB 0x00000006a8400000| Complete 
| 674|0x00000006a8800000, 0x00000006a8c00000, 0x00000006a8c00000|100%| E|CS|TAMS 0x00000006a8800000| PB 0x00000006a8800000| Complete 
| 675|0x00000006a8c00000, 0x00000006a9000000, 0x00000006a9000000|100%| E|CS|TAMS 0x00000006a8c00000| PB 0x00000006a8c00000| Complete 
| 676|0x00000006a9000000, 0x00000006a9400000, 0x00000006a9400000|100%| E|CS|TAMS 0x00000006a9000000| PB 0x00000006a9000000| Complete 
| 677|0x00000006a9400000, 0x00000006a9800000, 0x00000006a9800000|100%| E|CS|TAMS 0x00000006a9400000| PB 0x00000006a9400000| Complete 
| 678|0x00000006a9800000, 0x00000006a9c00000, 0x00000006a9c00000|100%| E|CS|TAMS 0x00000006a9800000| PB 0x00000006a9800000| Complete 
| 679|0x00000006a9c00000, 0x00000006aa000000, 0x00000006aa000000|100%| E|CS|TAMS 0x00000006a9c00000| PB 0x00000006a9c00000| Complete 
| 680|0x00000006aa000000, 0x00000006aa400000, 0x00000006aa400000|100%| E|CS|TAMS 0x00000006aa000000| PB 0x00000006aa000000| Complete 
| 681|0x00000006aa400000, 0x00000006aa800000, 0x00000006aa800000|100%| E|CS|TAMS 0x00000006aa400000| PB 0x00000006aa400000| Complete 
| 682|0x00000006aa800000, 0x00000006aac00000, 0x00000006aac00000|100%| E|CS|TAMS 0x00000006aa800000| PB 0x00000006aa800000| Complete 
| 683|0x00000006aac00000, 0x00000006ab000000, 0x00000006ab000000|100%| E|CS|TAMS 0x00000006aac00000| PB 0x00000006aac00000| Complete 
| 684|0x00000006ab000000, 0x00000006ab400000, 0x00000006ab400000|100%| E|CS|TAMS 0x00000006ab000000| PB 0x00000006ab000000| Complete 
| 685|0x00000006ab400000, 0x00000006ab800000, 0x00000006ab800000|100%| E|CS|TAMS 0x00000006ab400000| PB 0x00000006ab400000| Complete 
| 686|0x00000006ab800000, 0x00000006abc00000, 0x00000006abc00000|100%| E|CS|TAMS 0x00000006ab800000| PB 0x00000006ab800000| Complete 
| 687|0x00000006abc00000, 0x00000006ac000000, 0x00000006ac000000|100%| E|CS|TAMS 0x00000006abc00000| PB 0x00000006abc00000| Complete 
| 688|0x00000006ac000000, 0x00000006ac400000, 0x00000006ac400000|100%| E|CS|TAMS 0x00000006ac000000| PB 0x00000006ac000000| Complete 
| 689|0x00000006ac400000, 0x00000006ac800000, 0x00000006ac800000|100%| E|CS|TAMS 0x00000006ac400000| PB 0x00000006ac400000| Complete 
| 690|0x00000006ac800000, 0x00000006acc00000, 0x00000006acc00000|100%| E|CS|TAMS 0x00000006ac800000| PB 0x00000006ac800000| Complete 
| 691|0x00000006acc00000, 0x00000006ad000000, 0x00000006ad000000|100%| E|CS|TAMS 0x00000006acc00000| PB 0x00000006acc00000| Complete 
| 692|0x00000006ad000000, 0x00000006ad400000, 0x00000006ad400000|100%| E|CS|TAMS 0x00000006ad000000| PB 0x00000006ad000000| Complete 
| 693|0x00000006ad400000, 0x00000006ad800000, 0x00000006ad800000|100%| E|CS|TAMS 0x00000006ad400000| PB 0x00000006ad400000| Complete 
| 694|0x00000006ad800000, 0x00000006adc00000, 0x00000006adc00000|100%| E|CS|TAMS 0x00000006ad800000| PB 0x00000006ad800000| Complete 
| 695|0x00000006adc00000, 0x00000006ae000000, 0x00000006ae000000|100%| E|CS|TAMS 0x00000006adc00000| PB 0x00000006adc00000| Complete 
| 696|0x00000006ae000000, 0x00000006ae400000, 0x00000006ae400000|100%| E|CS|TAMS 0x00000006ae000000| PB 0x00000006ae000000| Complete 
| 697|0x00000006ae400000, 0x00000006ae800000, 0x00000006ae800000|100%| E|CS|TAMS 0x00000006ae400000| PB 0x00000006ae400000| Complete 
| 698|0x00000006ae800000, 0x00000006aec00000, 0x00000006aec00000|100%| E|CS|TAMS 0x00000006ae800000| PB 0x00000006ae800000| Complete 
| 699|0x00000006aec00000, 0x00000006af000000, 0x00000006af000000|100%| E|CS|TAMS 0x00000006aec00000| PB 0x00000006aec00000| Complete 
| 700|0x00000006af000000, 0x00000006af400000, 0x00000006af400000|100%| E|CS|TAMS 0x00000006af000000| PB 0x00000006af000000| Complete 
| 701|0x00000006af400000, 0x00000006af800000, 0x00000006af800000|100%| E|CS|TAMS 0x00000006af400000| PB 0x00000006af400000| Complete 
| 702|0x00000006af800000, 0x00000006afc00000, 0x00000006afc00000|100%| E|CS|TAMS 0x00000006af800000| PB 0x00000006af800000| Complete 
| 703|0x00000006afc00000, 0x00000006b0000000, 0x00000006b0000000|100%| E|CS|TAMS 0x00000006afc00000| PB 0x00000006afc00000| Complete 
| 704|0x00000006b0000000, 0x00000006b0400000, 0x00000006b0400000|100%| E|CS|TAMS 0x00000006b0000000| PB 0x00000006b0000000| Complete 
| 705|0x00000006b0400000, 0x00000006b0800000, 0x00000006b0800000|100%| E|CS|TAMS 0x00000006b0400000| PB 0x00000006b0400000| Complete 
| 706|0x00000006b0800000, 0x00000006b0c00000, 0x00000006b0c00000|100%| E|CS|TAMS 0x00000006b0800000| PB 0x00000006b0800000| Complete 
| 707|0x00000006b0c00000, 0x00000006b1000000, 0x00000006b1000000|100%| E|CS|TAMS 0x00000006b0c00000| PB 0x00000006b0c00000| Complete 
| 708|0x00000006b1000000, 0x00000006b1400000, 0x00000006b1400000|100%| E|CS|TAMS 0x00000006b1000000| PB 0x00000006b1000000| Complete 
| 709|0x00000006b1400000, 0x00000006b1800000, 0x00000006b1800000|100%| E|CS|TAMS 0x00000006b1400000| PB 0x00000006b1400000| Complete 
| 710|0x00000006b1800000, 0x00000006b1c00000, 0x00000006b1c00000|100%| E|CS|TAMS 0x00000006b1800000| PB 0x00000006b1800000| Complete 
| 711|0x00000006b1c00000, 0x00000006b2000000, 0x00000006b2000000|100%| E|CS|TAMS 0x00000006b1c00000| PB 0x00000006b1c00000| Complete 
| 712|0x00000006b2000000, 0x00000006b2400000, 0x00000006b2400000|100%| E|CS|TAMS 0x00000006b2000000| PB 0x00000006b2000000| Complete 
| 713|0x00000006b2400000, 0x00000006b2800000, 0x00000006b2800000|100%| E|CS|TAMS 0x00000006b2400000| PB 0x00000006b2400000| Complete 
| 714|0x00000006b2800000, 0x00000006b2c00000, 0x00000006b2c00000|100%| E|CS|TAMS 0x00000006b2800000| PB 0x00000006b2800000| Complete 
| 715|0x00000006b2c00000, 0x00000006b3000000, 0x00000006b3000000|100%| E|CS|TAMS 0x00000006b2c00000| PB 0x00000006b2c00000| Complete 
| 716|0x00000006b3000000, 0x00000006b3400000, 0x00000006b3400000|100%| E|CS|TAMS 0x00000006b3000000| PB 0x00000006b3000000| Complete 
| 717|0x00000006b3400000, 0x00000006b3800000, 0x00000006b3800000|100%| E|CS|TAMS 0x00000006b3400000| PB 0x00000006b3400000| Complete 
| 718|0x00000006b3800000, 0x00000006b3c00000, 0x00000006b3c00000|100%| E|CS|TAMS 0x00000006b3800000| PB 0x00000006b3800000| Complete 
| 719|0x00000006b3c00000, 0x00000006b4000000, 0x00000006b4000000|100%| E|CS|TAMS 0x00000006b3c00000| PB 0x00000006b3c00000| Complete 
| 720|0x00000006b4000000, 0x00000006b4400000, 0x00000006b4400000|100%| E|CS|TAMS 0x00000006b4000000| PB 0x00000006b4000000| Complete 
| 721|0x00000006b4400000, 0x00000006b4800000, 0x00000006b4800000|100%| E|CS|TAMS 0x00000006b4400000| PB 0x00000006b4400000| Complete 
| 722|0x00000006b4800000, 0x00000006b4c00000, 0x00000006b4c00000|100%| E|CS|TAMS 0x00000006b4800000| PB 0x00000006b4800000| Complete 
| 723|0x00000006b4c00000, 0x00000006b5000000, 0x00000006b5000000|100%| E|CS|TAMS 0x00000006b4c00000| PB 0x00000006b4c00000| Complete 
| 724|0x00000006b5000000, 0x00000006b5400000, 0x00000006b5400000|100%| E|CS|TAMS 0x00000006b5000000| PB 0x00000006b5000000| Complete 
| 725|0x00000006b5400000, 0x00000006b5800000, 0x00000006b5800000|100%| E|CS|TAMS 0x00000006b5400000| PB 0x00000006b5400000| Complete 
| 726|0x00000006b5800000, 0x00000006b5c00000, 0x00000006b5c00000|100%| E|CS|TAMS 0x00000006b5800000| PB 0x00000006b5800000| Complete 
| 727|0x00000006b5c00000, 0x00000006b6000000, 0x00000006b6000000|100%| E|CS|TAMS 0x00000006b5c00000| PB 0x00000006b5c00000| Complete 
| 728|0x00000006b6000000, 0x00000006b6400000, 0x00000006b6400000|100%| E|CS|TAMS 0x00000006b6000000| PB 0x00000006b6000000| Complete 
| 729|0x00000006b6400000, 0x00000006b6800000, 0x00000006b6800000|100%| E|CS|TAMS 0x00000006b6400000| PB 0x00000006b6400000| Complete 
| 730|0x00000006b6800000, 0x00000006b6c00000, 0x00000006b6c00000|100%| E|CS|TAMS 0x00000006b6800000| PB 0x00000006b6800000| Complete 
| 731|0x00000006b6c00000, 0x00000006b7000000, 0x00000006b7000000|100%| E|CS|TAMS 0x00000006b6c00000| PB 0x00000006b6c00000| Complete 
| 732|0x00000006b7000000, 0x00000006b7400000, 0x00000006b7400000|100%| E|CS|TAMS 0x00000006b7000000| PB 0x00000006b7000000| Complete 
| 733|0x00000006b7400000, 0x00000006b7800000, 0x00000006b7800000|100%| E|CS|TAMS 0x00000006b7400000| PB 0x00000006b7400000| Complete 
| 734|0x00000006b7800000, 0x00000006b7c00000, 0x00000006b7c00000|100%| E|CS|TAMS 0x00000006b7800000| PB 0x00000006b7800000| Complete 
| 735|0x00000006b7c00000, 0x00000006b8000000, 0x00000006b8000000|100%| E|CS|TAMS 0x00000006b7c00000| PB 0x00000006b7c00000| Complete 
| 736|0x00000006b8000000, 0x00000006b8400000, 0x00000006b8400000|100%| E|CS|TAMS 0x00000006b8000000| PB 0x00000006b8000000| Complete 
| 737|0x00000006b8400000, 0x00000006b8800000, 0x00000006b8800000|100%| E|CS|TAMS 0x00000006b8400000| PB 0x00000006b8400000| Complete 
| 738|0x00000006b8800000, 0x00000006b8c00000, 0x00000006b8c00000|100%| E|CS|TAMS 0x00000006b8800000| PB 0x00000006b8800000| Complete 
| 739|0x00000006b8c00000, 0x00000006b9000000, 0x00000006b9000000|100%| E|CS|TAMS 0x00000006b8c00000| PB 0x00000006b8c00000| Complete 
| 740|0x00000006b9000000, 0x00000006b9400000, 0x00000006b9400000|100%| E|CS|TAMS 0x00000006b9000000| PB 0x00000006b9000000| Complete 
| 741|0x00000006b9400000, 0x00000006b9800000, 0x00000006b9800000|100%| E|CS|TAMS 0x00000006b9400000| PB 0x00000006b9400000| Complete 
| 742|0x00000006b9800000, 0x00000006b9c00000, 0x00000006b9c00000|100%| E|CS|TAMS 0x00000006b9800000| PB 0x00000006b9800000| Complete 
| 743|0x00000006b9c00000, 0x00000006ba000000, 0x00000006ba000000|100%| E|CS|TAMS 0x00000006b9c00000| PB 0x00000006b9c00000| Complete 
| 744|0x00000006ba000000, 0x00000006ba400000, 0x00000006ba400000|100%| E|CS|TAMS 0x00000006ba000000| PB 0x00000006ba000000| Complete 
| 745|0x00000006ba400000, 0x00000006ba800000, 0x00000006ba800000|100%| E|CS|TAMS 0x00000006ba400000| PB 0x00000006ba400000| Complete 
| 746|0x00000006ba800000, 0x00000006bac00000, 0x00000006bac00000|100%| E|CS|TAMS 0x00000006ba800000| PB 0x00000006ba800000| Complete 
| 747|0x00000006bac00000, 0x00000006bb000000, 0x00000006bb000000|100%| E|CS|TAMS 0x00000006bac00000| PB 0x00000006bac00000| Complete 
| 748|0x00000006bb000000, 0x00000006bb400000, 0x00000006bb400000|100%| E|CS|TAMS 0x00000006bb000000| PB 0x00000006bb000000| Complete 
| 749|0x00000006bb400000, 0x00000006bb800000, 0x00000006bb800000|100%| E|CS|TAMS 0x00000006bb400000| PB 0x00000006bb400000| Complete 
| 750|0x00000006bb800000, 0x00000006bbc00000, 0x00000006bbc00000|100%| E|CS|TAMS 0x00000006bb800000| PB 0x00000006bb800000| Complete 
| 751|0x00000006bbc00000, 0x00000006bc000000, 0x00000006bc000000|100%| E|CS|TAMS 0x00000006bbc00000| PB 0x00000006bbc00000| Complete 
| 752|0x00000006bc000000, 0x00000006bc400000, 0x00000006bc400000|100%| E|CS|TAMS 0x00000006bc000000| PB 0x00000006bc000000| Complete 
| 753|0x00000006bc400000, 0x00000006bc800000, 0x00000006bc800000|100%| E|CS|TAMS 0x00000006bc400000| PB 0x00000006bc400000| Complete 
| 754|0x00000006bc800000, 0x00000006bcc00000, 0x00000006bcc00000|100%| E|CS|TAMS 0x00000006bc800000| PB 0x00000006bc800000| Complete 
| 755|0x00000006bcc00000, 0x00000006bd000000, 0x00000006bd000000|100%| E|CS|TAMS 0x00000006bcc00000| PB 0x00000006bcc00000| Complete 
| 756|0x00000006bd000000, 0x00000006bd400000, 0x00000006bd400000|100%| E|CS|TAMS 0x00000006bd000000| PB 0x00000006bd000000| Complete 
| 757|0x00000006bd400000, 0x00000006bd800000, 0x00000006bd800000|100%| E|CS|TAMS 0x00000006bd400000| PB 0x00000006bd400000| Complete 
| 758|0x00000006bd800000, 0x00000006bdc00000, 0x00000006bdc00000|100%| E|CS|TAMS 0x00000006bd800000| PB 0x00000006bd800000| Complete 
| 759|0x00000006bdc00000, 0x00000006be000000, 0x00000006be000000|100%| E|CS|TAMS 0x00000006bdc00000| PB 0x00000006bdc00000| Complete 
| 760|0x00000006be000000, 0x00000006be400000, 0x00000006be400000|100%| E|CS|TAMS 0x00000006be000000| PB 0x00000006be000000| Complete 
| 761|0x00000006be400000, 0x00000006be800000, 0x00000006be800000|100%| E|CS|TAMS 0x00000006be400000| PB 0x00000006be400000| Complete 
| 762|0x00000006be800000, 0x00000006bec00000, 0x00000006bec00000|100%| E|CS|TAMS 0x00000006be800000| PB 0x00000006be800000| Complete 
| 763|0x00000006bec00000, 0x00000006bf000000, 0x00000006bf000000|100%| E|CS|TAMS 0x00000006bec00000| PB 0x00000006bec00000| Complete 
| 764|0x00000006bf000000, 0x00000006bf400000, 0x00000006bf400000|100%| E|CS|TAMS 0x00000006bf000000| PB 0x00000006bf000000| Complete 
| 765|0x00000006bf400000, 0x00000006bf800000, 0x00000006bf800000|100%| E|CS|TAMS 0x00000006bf400000| PB 0x00000006bf400000| Complete 
| 766|0x00000006bf800000, 0x00000006bfc00000, 0x00000006bfc00000|100%| E|CS|TAMS 0x00000006bf800000| PB 0x00000006bf800000| Complete 
| 767|0x00000006bfc00000, 0x00000006c0000000, 0x00000006c0000000|100%| E|CS|TAMS 0x00000006bfc00000| PB 0x00000006bfc00000| Complete 
| 768|0x00000006c0000000, 0x00000006c0400000, 0x00000006c0400000|100%| E|CS|TAMS 0x00000006c0000000| PB 0x00000006c0000000| Complete 
| 769|0x00000006c0400000, 0x00000006c0800000, 0x00000006c0800000|100%| E|CS|TAMS 0x00000006c0400000| PB 0x00000006c0400000| Complete 
| 770|0x00000006c0800000, 0x00000006c0c00000, 0x00000006c0c00000|100%| E|CS|TAMS 0x00000006c0800000| PB 0x00000006c0800000| Complete 
| 771|0x00000006c0c00000, 0x00000006c1000000, 0x00000006c1000000|100%| E|CS|TAMS 0x00000006c0c00000| PB 0x00000006c0c00000| Complete 
| 772|0x00000006c1000000, 0x00000006c1400000, 0x00000006c1400000|100%| E|CS|TAMS 0x00000006c1000000| PB 0x00000006c1000000| Complete 
| 773|0x00000006c1400000, 0x00000006c1800000, 0x00000006c1800000|100%| E|CS|TAMS 0x00000006c1400000| PB 0x00000006c1400000| Complete 
| 774|0x00000006c1800000, 0x00000006c1c00000, 0x00000006c1c00000|100%| E|CS|TAMS 0x00000006c1800000| PB 0x00000006c1800000| Complete 
| 775|0x00000006c1c00000, 0x00000006c2000000, 0x00000006c2000000|100%| E|CS|TAMS 0x00000006c1c00000| PB 0x00000006c1c00000| Complete 
| 776|0x00000006c2000000, 0x00000006c2400000, 0x00000006c2400000|100%| E|CS|TAMS 0x00000006c2000000| PB 0x00000006c2000000| Complete 
| 777|0x00000006c2400000, 0x00000006c2800000, 0x00000006c2800000|100%| E|CS|TAMS 0x00000006c2400000| PB 0x00000006c2400000| Complete 
| 778|0x00000006c2800000, 0x00000006c2c00000, 0x00000006c2c00000|100%| E|CS|TAMS 0x00000006c2800000| PB 0x00000006c2800000| Complete 
| 779|0x00000006c2c00000, 0x00000006c3000000, 0x00000006c3000000|100%| E|CS|TAMS 0x00000006c2c00000| PB 0x00000006c2c00000| Complete 
| 780|0x00000006c3000000, 0x00000006c3400000, 0x00000006c3400000|100%| E|CS|TAMS 0x00000006c3000000| PB 0x00000006c3000000| Complete 
| 781|0x00000006c3400000, 0x00000006c3800000, 0x00000006c3800000|100%| E|CS|TAMS 0x00000006c3400000| PB 0x00000006c3400000| Complete 
| 782|0x00000006c3800000, 0x00000006c3c00000, 0x00000006c3c00000|100%| E|CS|TAMS 0x00000006c3800000| PB 0x00000006c3800000| Complete 
| 783|0x00000006c3c00000, 0x00000006c4000000, 0x00000006c4000000|100%| E|CS|TAMS 0x00000006c3c00000| PB 0x00000006c3c00000| Complete 
| 784|0x00000006c4000000, 0x00000006c4400000, 0x00000006c4400000|100%| E|CS|TAMS 0x00000006c4000000| PB 0x00000006c4000000| Complete 
| 785|0x00000006c4400000, 0x00000006c4800000, 0x00000006c4800000|100%| E|CS|TAMS 0x00000006c4400000| PB 0x00000006c4400000| Complete 
| 786|0x00000006c4800000, 0x00000006c4c00000, 0x00000006c4c00000|100%| E|CS|TAMS 0x00000006c4800000| PB 0x00000006c4800000| Complete 
| 787|0x00000006c4c00000, 0x00000006c5000000, 0x00000006c5000000|100%| E|CS|TAMS 0x00000006c4c00000| PB 0x00000006c4c00000| Complete 
| 788|0x00000006c5000000, 0x00000006c5400000, 0x00000006c5400000|100%| E|CS|TAMS 0x00000006c5000000| PB 0x00000006c5000000| Complete 
| 789|0x00000006c5400000, 0x00000006c5800000, 0x00000006c5800000|100%| E|CS|TAMS 0x00000006c5400000| PB 0x00000006c5400000| Complete 
| 790|0x00000006c5800000, 0x00000006c5c00000, 0x00000006c5c00000|100%| E|CS|TAMS 0x00000006c5800000| PB 0x00000006c5800000| Complete 
| 791|0x00000006c5c00000, 0x00000006c6000000, 0x00000006c6000000|100%| E|CS|TAMS 0x00000006c5c00000| PB 0x00000006c5c00000| Complete 
| 792|0x00000006c6000000, 0x00000006c6400000, 0x00000006c6400000|100%| E|CS|TAMS 0x00000006c6000000| PB 0x00000006c6000000| Complete 
| 793|0x00000006c6400000, 0x00000006c6800000, 0x00000006c6800000|100%| E|CS|TAMS 0x00000006c6400000| PB 0x00000006c6400000| Complete 
| 794|0x00000006c6800000, 0x00000006c6c00000, 0x00000006c6c00000|100%| E|CS|TAMS 0x00000006c6800000| PB 0x00000006c6800000| Complete 
| 795|0x00000006c6c00000, 0x00000006c7000000, 0x00000006c7000000|100%| E|CS|TAMS 0x00000006c6c00000| PB 0x00000006c6c00000| Complete 
| 796|0x00000006c7000000, 0x00000006c7400000, 0x00000006c7400000|100%| E|CS|TAMS 0x00000006c7000000| PB 0x00000006c7000000| Complete 
| 797|0x00000006c7400000, 0x00000006c7800000, 0x00000006c7800000|100%| E|CS|TAMS 0x00000006c7400000| PB 0x00000006c7400000| Complete 
| 798|0x00000006c7800000, 0x00000006c7c00000, 0x00000006c7c00000|100%| E|CS|TAMS 0x00000006c7800000| PB 0x00000006c7800000| Complete 
| 799|0x00000006c7c00000, 0x00000006c8000000, 0x00000006c8000000|100%| E|CS|TAMS 0x00000006c7c00000| PB 0x00000006c7c00000| Complete 
| 800|0x00000006c8000000, 0x00000006c8400000, 0x00000006c8400000|100%| E|CS|TAMS 0x00000006c8000000| PB 0x00000006c8000000| Complete 
| 801|0x00000006c8400000, 0x00000006c8800000, 0x00000006c8800000|100%| E|CS|TAMS 0x00000006c8400000| PB 0x00000006c8400000| Complete 
| 802|0x00000006c8800000, 0x00000006c8c00000, 0x00000006c8c00000|100%| E|CS|TAMS 0x00000006c8800000| PB 0x00000006c8800000| Complete 
| 803|0x00000006c8c00000, 0x00000006c9000000, 0x00000006c9000000|100%| E|CS|TAMS 0x00000006c8c00000| PB 0x00000006c8c00000| Complete 
| 804|0x00000006c9000000, 0x00000006c9400000, 0x00000006c9400000|100%| E|CS|TAMS 0x00000006c9000000| PB 0x00000006c9000000| Complete 
| 805|0x00000006c9400000, 0x00000006c9800000, 0x00000006c9800000|100%| E|CS|TAMS 0x00000006c9400000| PB 0x00000006c9400000| Complete 
| 806|0x00000006c9800000, 0x00000006c9c00000, 0x00000006c9c00000|100%| E|CS|TAMS 0x00000006c9800000| PB 0x00000006c9800000| Complete 
| 807|0x00000006c9c00000, 0x00000006ca000000, 0x00000006ca000000|100%| E|CS|TAMS 0x00000006c9c00000| PB 0x00000006c9c00000| Complete 
| 808|0x00000006ca000000, 0x00000006ca400000, 0x00000006ca400000|100%| E|CS|TAMS 0x00000006ca000000| PB 0x00000006ca000000| Complete 
| 809|0x00000006ca400000, 0x00000006ca800000, 0x00000006ca800000|100%| E|CS|TAMS 0x00000006ca400000| PB 0x00000006ca400000| Complete 
| 810|0x00000006ca800000, 0x00000006cac00000, 0x00000006cac00000|100%| E|CS|TAMS 0x00000006ca800000| PB 0x00000006ca800000| Complete 
| 811|0x00000006cac00000, 0x00000006cb000000, 0x00000006cb000000|100%| E|CS|TAMS 0x00000006cac00000| PB 0x00000006cac00000| Complete 
| 812|0x00000006cb000000, 0x00000006cb400000, 0x00000006cb400000|100%| E|CS|TAMS 0x00000006cb000000| PB 0x00000006cb000000| Complete 
| 813|0x00000006cb400000, 0x00000006cb800000, 0x00000006cb800000|100%| E|CS|TAMS 0x00000006cb400000| PB 0x00000006cb400000| Complete 
| 814|0x00000006cb800000, 0x00000006cbc00000, 0x00000006cbc00000|100%| E|CS|TAMS 0x00000006cb800000| PB 0x00000006cb800000| Complete 
| 815|0x00000006cbc00000, 0x00000006cc000000, 0x00000006cc000000|100%| E|CS|TAMS 0x00000006cbc00000| PB 0x00000006cbc00000| Complete 
| 816|0x00000006cc000000, 0x00000006cc400000, 0x00000006cc400000|100%| E|CS|TAMS 0x00000006cc000000| PB 0x00000006cc000000| Complete 
| 817|0x00000006cc400000, 0x00000006cc800000, 0x00000006cc800000|100%| E|CS|TAMS 0x00000006cc400000| PB 0x00000006cc400000| Complete 
| 818|0x00000006cc800000, 0x00000006ccc00000, 0x00000006ccc00000|100%| E|CS|TAMS 0x00000006cc800000| PB 0x00000006cc800000| Complete 
| 819|0x00000006ccc00000, 0x00000006cd000000, 0x00000006cd000000|100%| E|CS|TAMS 0x00000006ccc00000| PB 0x00000006ccc00000| Complete 
| 820|0x00000006cd000000, 0x00000006cd400000, 0x00000006cd400000|100%| E|CS|TAMS 0x00000006cd000000| PB 0x00000006cd000000| Complete 
| 821|0x00000006cd400000, 0x00000006cd800000, 0x00000006cd800000|100%| E|CS|TAMS 0x00000006cd400000| PB 0x00000006cd400000| Complete 
| 822|0x00000006cd800000, 0x00000006cdc00000, 0x00000006cdc00000|100%| E|CS|TAMS 0x00000006cd800000| PB 0x00000006cd800000| Complete 
| 823|0x00000006cdc00000, 0x00000006ce000000, 0x00000006ce000000|100%| E|CS|TAMS 0x00000006cdc00000| PB 0x00000006cdc00000| Complete 
| 824|0x00000006ce000000, 0x00000006ce400000, 0x00000006ce400000|100%| E|CS|TAMS 0x00000006ce000000| PB 0x00000006ce000000| Complete 
| 825|0x00000006ce400000, 0x00000006ce800000, 0x00000006ce800000|100%| E|CS|TAMS 0x00000006ce400000| PB 0x00000006ce400000| Complete 
| 826|0x00000006ce800000, 0x00000006cec00000, 0x00000006cec00000|100%| E|CS|TAMS 0x00000006ce800000| PB 0x00000006ce800000| Complete 
| 827|0x00000006cec00000, 0x00000006cf000000, 0x00000006cf000000|100%| E|CS|TAMS 0x00000006cec00000| PB 0x00000006cec00000| Complete 
| 828|0x00000006cf000000, 0x00000006cf400000, 0x00000006cf400000|100%| E|CS|TAMS 0x00000006cf000000| PB 0x00000006cf000000| Complete 
| 829|0x00000006cf400000, 0x00000006cf800000, 0x00000006cf800000|100%| E|CS|TAMS 0x00000006cf400000| PB 0x00000006cf400000| Complete 
| 830|0x00000006cf800000, 0x00000006cfc00000, 0x00000006cfc00000|100%| E|CS|TAMS 0x00000006cf800000| PB 0x00000006cf800000| Complete 
| 831|0x00000006cfc00000, 0x00000006d0000000, 0x00000006d0000000|100%| E|CS|TAMS 0x00000006cfc00000| PB 0x00000006cfc00000| Complete 
| 832|0x00000006d0000000, 0x00000006d0400000, 0x00000006d0400000|100%| E|CS|TAMS 0x00000006d0000000| PB 0x00000006d0000000| Complete 
| 833|0x00000006d0400000, 0x00000006d0800000, 0x00000006d0800000|100%| E|CS|TAMS 0x00000006d0400000| PB 0x00000006d0400000| Complete 
| 834|0x00000006d0800000, 0x00000006d0c00000, 0x00000006d0c00000|100%| E|CS|TAMS 0x00000006d0800000| PB 0x00000006d0800000| Complete 
| 835|0x00000006d0c00000, 0x00000006d1000000, 0x00000006d1000000|100%| E|CS|TAMS 0x00000006d0c00000| PB 0x00000006d0c00000| Complete 
| 836|0x00000006d1000000, 0x00000006d1400000, 0x00000006d1400000|100%| E|CS|TAMS 0x00000006d1000000| PB 0x00000006d1000000| Complete 
| 837|0x00000006d1400000, 0x00000006d1800000, 0x00000006d1800000|100%| E|CS|TAMS 0x00000006d1400000| PB 0x00000006d1400000| Complete 
| 838|0x00000006d1800000, 0x00000006d1c00000, 0x00000006d1c00000|100%| E|CS|TAMS 0x00000006d1800000| PB 0x00000006d1800000| Complete 
| 839|0x00000006d1c00000, 0x00000006d2000000, 0x00000006d2000000|100%| E|CS|TAMS 0x00000006d1c00000| PB 0x00000006d1c00000| Complete 
| 840|0x00000006d2000000, 0x00000006d2400000, 0x00000006d2400000|100%| E|CS|TAMS 0x00000006d2000000| PB 0x00000006d2000000| Complete 
| 841|0x00000006d2400000, 0x00000006d2800000, 0x00000006d2800000|100%| E|CS|TAMS 0x00000006d2400000| PB 0x00000006d2400000| Complete 
| 842|0x00000006d2800000, 0x00000006d2c00000, 0x00000006d2c00000|100%| E|CS|TAMS 0x00000006d2800000| PB 0x00000006d2800000| Complete 
| 843|0x00000006d2c00000, 0x00000006d3000000, 0x00000006d3000000|100%| E|CS|TAMS 0x00000006d2c00000| PB 0x00000006d2c00000| Complete 
| 844|0x00000006d3000000, 0x00000006d3400000, 0x00000006d3400000|100%| E|CS|TAMS 0x00000006d3000000| PB 0x00000006d3000000| Complete 
| 845|0x00000006d3400000, 0x00000006d3800000, 0x00000006d3800000|100%| E|CS|TAMS 0x00000006d3400000| PB 0x00000006d3400000| Complete 
| 846|0x00000006d3800000, 0x00000006d3c00000, 0x00000006d3c00000|100%| E|CS|TAMS 0x00000006d3800000| PB 0x00000006d3800000| Complete 
| 847|0x00000006d3c00000, 0x00000006d4000000, 0x00000006d4000000|100%| E|CS|TAMS 0x00000006d3c00000| PB 0x00000006d3c00000| Complete 
| 848|0x00000006d4000000, 0x00000006d4400000, 0x00000006d4400000|100%| E|CS|TAMS 0x00000006d4000000| PB 0x00000006d4000000| Complete 
| 849|0x00000006d4400000, 0x00000006d4800000, 0x00000006d4800000|100%| E|CS|TAMS 0x00000006d4400000| PB 0x00000006d4400000| Complete 
| 850|0x00000006d4800000, 0x00000006d4c00000, 0x00000006d4c00000|100%| E|CS|TAMS 0x00000006d4800000| PB 0x00000006d4800000| Complete 
| 851|0x00000006d4c00000, 0x00000006d5000000, 0x00000006d5000000|100%| E|CS|TAMS 0x00000006d4c00000| PB 0x00000006d4c00000| Complete 
| 852|0x00000006d5000000, 0x00000006d5400000, 0x00000006d5400000|100%| E|CS|TAMS 0x00000006d5000000| PB 0x00000006d5000000| Complete 
| 853|0x00000006d5400000, 0x00000006d5800000, 0x00000006d5800000|100%| E|CS|TAMS 0x00000006d5400000| PB 0x00000006d5400000| Complete 
| 854|0x00000006d5800000, 0x00000006d5c00000, 0x00000006d5c00000|100%| E|CS|TAMS 0x00000006d5800000| PB 0x00000006d5800000| Complete 
| 855|0x00000006d5c00000, 0x00000006d6000000, 0x00000006d6000000|100%| E|CS|TAMS 0x00000006d5c00000| PB 0x00000006d5c00000| Complete 
| 856|0x00000006d6000000, 0x00000006d6400000, 0x00000006d6400000|100%| E|CS|TAMS 0x00000006d6000000| PB 0x00000006d6000000| Complete 
| 857|0x00000006d6400000, 0x00000006d6800000, 0x00000006d6800000|100%| E|CS|TAMS 0x00000006d6400000| PB 0x00000006d6400000| Complete 
| 858|0x00000006d6800000, 0x00000006d6c00000, 0x00000006d6c00000|100%| E|CS|TAMS 0x00000006d6800000| PB 0x00000006d6800000| Complete 
| 859|0x00000006d6c00000, 0x00000006d7000000, 0x00000006d7000000|100%| E|CS|TAMS 0x00000006d6c00000| PB 0x00000006d6c00000| Complete 
| 860|0x00000006d7000000, 0x00000006d7400000, 0x00000006d7400000|100%| E|CS|TAMS 0x00000006d7000000| PB 0x00000006d7000000| Complete 
| 861|0x00000006d7400000, 0x00000006d7800000, 0x00000006d7800000|100%| E|CS|TAMS 0x00000006d7400000| PB 0x00000006d7400000| Complete 
| 862|0x00000006d7800000, 0x00000006d7c00000, 0x00000006d7c00000|100%| E|CS|TAMS 0x00000006d7800000| PB 0x00000006d7800000| Complete 
| 863|0x00000006d7c00000, 0x00000006d8000000, 0x00000006d8000000|100%| E|CS|TAMS 0x00000006d7c00000| PB 0x00000006d7c00000| Complete 
| 864|0x00000006d8000000, 0x00000006d8400000, 0x00000006d8400000|100%| E|CS|TAMS 0x00000006d8000000| PB 0x00000006d8000000| Complete 
| 865|0x00000006d8400000, 0x00000006d8800000, 0x00000006d8800000|100%| E|CS|TAMS 0x00000006d8400000| PB 0x00000006d8400000| Complete 
| 866|0x00000006d8800000, 0x00000006d8c00000, 0x00000006d8c00000|100%| E|CS|TAMS 0x00000006d8800000| PB 0x00000006d8800000| Complete 
| 867|0x00000006d8c00000, 0x00000006d9000000, 0x00000006d9000000|100%| E|CS|TAMS 0x00000006d8c00000| PB 0x00000006d8c00000| Complete 
| 868|0x00000006d9000000, 0x00000006d9400000, 0x00000006d9400000|100%| E|CS|TAMS 0x00000006d9000000| PB 0x00000006d9000000| Complete 
| 869|0x00000006d9400000, 0x00000006d9800000, 0x00000006d9800000|100%| E|CS|TAMS 0x00000006d9400000| PB 0x00000006d9400000| Complete 
| 870|0x00000006d9800000, 0x00000006d9c00000, 0x00000006d9c00000|100%| E|CS|TAMS 0x00000006d9800000| PB 0x00000006d9800000| Complete 
| 871|0x00000006d9c00000, 0x00000006da000000, 0x00000006da000000|100%| E|CS|TAMS 0x00000006d9c00000| PB 0x00000006d9c00000| Complete 
| 872|0x00000006da000000, 0x00000006da400000, 0x00000006da400000|100%| E|CS|TAMS 0x00000006da000000| PB 0x00000006da000000| Complete 
| 873|0x00000006da400000, 0x00000006da800000, 0x00000006da800000|100%| E|CS|TAMS 0x00000006da400000| PB 0x00000006da400000| Complete 
| 874|0x00000006da800000, 0x00000006dac00000, 0x00000006dac00000|100%| E|CS|TAMS 0x00000006da800000| PB 0x00000006da800000| Complete 
| 875|0x00000006dac00000, 0x00000006db000000, 0x00000006db000000|100%| E|CS|TAMS 0x00000006dac00000| PB 0x00000006dac00000| Complete 
| 876|0x00000006db000000, 0x00000006db400000, 0x00000006db400000|100%| E|CS|TAMS 0x00000006db000000| PB 0x00000006db000000| Complete 
| 877|0x00000006db400000, 0x00000006db800000, 0x00000006db800000|100%| E|CS|TAMS 0x00000006db400000| PB 0x00000006db400000| Complete 
| 878|0x00000006db800000, 0x00000006dbc00000, 0x00000006dbc00000|100%| E|CS|TAMS 0x00000006db800000| PB 0x00000006db800000| Complete 
| 879|0x00000006dbc00000, 0x00000006dc000000, 0x00000006dc000000|100%| E|CS|TAMS 0x00000006dbc00000| PB 0x00000006dbc00000| Complete 
| 880|0x00000006dc000000, 0x00000006dc400000, 0x00000006dc400000|100%| E|CS|TAMS 0x00000006dc000000| PB 0x00000006dc000000| Complete 
| 881|0x00000006dc400000, 0x00000006dc800000, 0x00000006dc800000|100%| E|CS|TAMS 0x00000006dc400000| PB 0x00000006dc400000| Complete 
| 882|0x00000006dc800000, 0x00000006dcc00000, 0x00000006dcc00000|100%| E|CS|TAMS 0x00000006dc800000| PB 0x00000006dc800000| Complete 
| 883|0x00000006dcc00000, 0x00000006dd000000, 0x00000006dd000000|100%| E|CS|TAMS 0x00000006dcc00000| PB 0x00000006dcc00000| Complete 
| 884|0x00000006dd000000, 0x00000006dd400000, 0x00000006dd400000|100%| E|CS|TAMS 0x00000006dd000000| PB 0x00000006dd000000| Complete 
| 885|0x00000006dd400000, 0x00000006dd800000, 0x00000006dd800000|100%| E|CS|TAMS 0x00000006dd400000| PB 0x00000006dd400000| Complete 
| 886|0x00000006dd800000, 0x00000006ddc00000, 0x00000006ddc00000|100%| E|CS|TAMS 0x00000006dd800000| PB 0x00000006dd800000| Complete 
| 887|0x00000006ddc00000, 0x00000006de000000, 0x00000006de000000|100%| E|CS|TAMS 0x00000006ddc00000| PB 0x00000006ddc00000| Complete 
| 888|0x00000006de000000, 0x00000006de400000, 0x00000006de400000|100%| E|CS|TAMS 0x00000006de000000| PB 0x00000006de000000| Complete 
| 889|0x00000006de400000, 0x00000006de800000, 0x00000006de800000|100%| E|CS|TAMS 0x00000006de400000| PB 0x00000006de400000| Complete 
| 890|0x00000006de800000, 0x00000006dec00000, 0x00000006dec00000|100%| E|CS|TAMS 0x00000006de800000| PB 0x00000006de800000| Complete 
| 891|0x00000006dec00000, 0x00000006df000000, 0x00000006df000000|100%| E|CS|TAMS 0x00000006dec00000| PB 0x00000006dec00000| Complete 
| 892|0x00000006df000000, 0x00000006df400000, 0x00000006df400000|100%| E|CS|TAMS 0x00000006df000000| PB 0x00000006df000000| Complete 
| 893|0x00000006df400000, 0x00000006df800000, 0x00000006df800000|100%| E|CS|TAMS 0x00000006df400000| PB 0x00000006df400000| Complete 
| 894|0x00000006df800000, 0x00000006dfc00000, 0x00000006dfc00000|100%| E|CS|TAMS 0x00000006df800000| PB 0x00000006df800000| Complete 
| 895|0x00000006dfc00000, 0x00000006e0000000, 0x00000006e0000000|100%| E|CS|TAMS 0x00000006dfc00000| PB 0x00000006dfc00000| Complete 
| 896|0x00000006e0000000, 0x00000006e0400000, 0x00000006e0400000|100%| E|CS|TAMS 0x00000006e0000000| PB 0x00000006e0000000| Complete 
| 897|0x00000006e0400000, 0x00000006e0800000, 0x00000006e0800000|100%| E|CS|TAMS 0x00000006e0400000| PB 0x00000006e0400000| Complete 
| 898|0x00000006e0800000, 0x00000006e0c00000, 0x00000006e0c00000|100%| E|CS|TAMS 0x00000006e0800000| PB 0x00000006e0800000| Complete 
| 899|0x00000006e0c00000, 0x00000006e1000000, 0x00000006e1000000|100%| E|CS|TAMS 0x00000006e0c00000| PB 0x00000006e0c00000| Complete 
| 900|0x00000006e1000000, 0x00000006e1400000, 0x00000006e1400000|100%| E|CS|TAMS 0x00000006e1000000| PB 0x00000006e1000000| Complete 
| 901|0x00000006e1400000, 0x00000006e1800000, 0x00000006e1800000|100%| E|CS|TAMS 0x00000006e1400000| PB 0x00000006e1400000| Complete 
| 902|0x00000006e1800000, 0x00000006e1c00000, 0x00000006e1c00000|100%| E|CS|TAMS 0x00000006e1800000| PB 0x00000006e1800000| Complete 
| 903|0x00000006e1c00000, 0x00000006e2000000, 0x00000006e2000000|100%| E|CS|TAMS 0x00000006e1c00000| PB 0x00000006e1c00000| Complete 
| 904|0x00000006e2000000, 0x00000006e2400000, 0x00000006e2400000|100%| E|CS|TAMS 0x00000006e2000000| PB 0x00000006e2000000| Complete 
| 905|0x00000006e2400000, 0x00000006e2800000, 0x00000006e2800000|100%| E|CS|TAMS 0x00000006e2400000| PB 0x00000006e2400000| Complete 
| 906|0x00000006e2800000, 0x00000006e2c00000, 0x00000006e2c00000|100%| E|CS|TAMS 0x00000006e2800000| PB 0x00000006e2800000| Complete 
| 907|0x00000006e2c00000, 0x00000006e3000000, 0x00000006e3000000|100%| E|CS|TAMS 0x00000006e2c00000| PB 0x00000006e2c00000| Complete 
| 908|0x00000006e3000000, 0x00000006e3400000, 0x00000006e3400000|100%| E|CS|TAMS 0x00000006e3000000| PB 0x00000006e3000000| Complete 
| 909|0x00000006e3400000, 0x00000006e3800000, 0x00000006e3800000|100%| E|CS|TAMS 0x00000006e3400000| PB 0x00000006e3400000| Complete 
| 910|0x00000006e3800000, 0x00000006e3c00000, 0x00000006e3c00000|100%| E|CS|TAMS 0x00000006e3800000| PB 0x00000006e3800000| Complete 
| 911|0x00000006e3c00000, 0x00000006e4000000, 0x00000006e4000000|100%| E|CS|TAMS 0x00000006e3c00000| PB 0x00000006e3c00000| Complete 
| 912|0x00000006e4000000, 0x00000006e4400000, 0x00000006e4400000|100%| E|CS|TAMS 0x00000006e4000000| PB 0x00000006e4000000| Complete 
| 913|0x00000006e4400000, 0x00000006e4800000, 0x00000006e4800000|100%| E|CS|TAMS 0x00000006e4400000| PB 0x00000006e4400000| Complete 
| 914|0x00000006e4800000, 0x00000006e4c00000, 0x00000006e4c00000|100%| E|CS|TAMS 0x00000006e4800000| PB 0x00000006e4800000| Complete 
| 915|0x00000006e4c00000, 0x00000006e5000000, 0x00000006e5000000|100%| E|CS|TAMS 0x00000006e4c00000| PB 0x00000006e4c00000| Complete 
| 916|0x00000006e5000000, 0x00000006e5400000, 0x00000006e5400000|100%| E|CS|TAMS 0x00000006e5000000| PB 0x00000006e5000000| Complete 
| 917|0x00000006e5400000, 0x00000006e5800000, 0x00000006e5800000|100%| E|CS|TAMS 0x00000006e5400000| PB 0x00000006e5400000| Complete 
| 918|0x00000006e5800000, 0x00000006e5c00000, 0x00000006e5c00000|100%| E|CS|TAMS 0x00000006e5800000| PB 0x00000006e5800000| Complete 
| 919|0x00000006e5c00000, 0x00000006e6000000, 0x00000006e6000000|100%| E|CS|TAMS 0x00000006e5c00000| PB 0x00000006e5c00000| Complete 
| 920|0x00000006e6000000, 0x00000006e6400000, 0x00000006e6400000|100%| E|CS|TAMS 0x00000006e6000000| PB 0x00000006e6000000| Complete 
| 921|0x00000006e6400000, 0x00000006e6800000, 0x00000006e6800000|100%| E|CS|TAMS 0x00000006e6400000| PB 0x00000006e6400000| Complete 
| 922|0x00000006e6800000, 0x00000006e6c00000, 0x00000006e6c00000|100%| E|CS|TAMS 0x00000006e6800000| PB 0x00000006e6800000| Complete 
| 923|0x00000006e6c00000, 0x00000006e7000000, 0x00000006e7000000|100%| E|CS|TAMS 0x00000006e6c00000| PB 0x00000006e6c00000| Complete 
| 924|0x00000006e7000000, 0x00000006e7400000, 0x00000006e7400000|100%| E|CS|TAMS 0x00000006e7000000| PB 0x00000006e7000000| Complete 
| 925|0x00000006e7400000, 0x00000006e7800000, 0x00000006e7800000|100%| E|CS|TAMS 0x00000006e7400000| PB 0x00000006e7400000| Complete 
| 926|0x00000006e7800000, 0x00000006e7c00000, 0x00000006e7c00000|100%| E|CS|TAMS 0x00000006e7800000| PB 0x00000006e7800000| Complete 
| 927|0x00000006e7c00000, 0x00000006e8000000, 0x00000006e8000000|100%| E|CS|TAMS 0x00000006e7c00000| PB 0x00000006e7c00000| Complete 
| 928|0x00000006e8000000, 0x00000006e8400000, 0x00000006e8400000|100%| E|CS|TAMS 0x00000006e8000000| PB 0x00000006e8000000| Complete 
| 929|0x00000006e8400000, 0x00000006e8800000, 0x00000006e8800000|100%| E|CS|TAMS 0x00000006e8400000| PB 0x00000006e8400000| Complete 
| 930|0x00000006e8800000, 0x00000006e8c00000, 0x00000006e8c00000|100%| E|CS|TAMS 0x00000006e8800000| PB 0x00000006e8800000| Complete 
| 931|0x00000006e8c00000, 0x00000006e9000000, 0x00000006e9000000|100%| E|CS|TAMS 0x00000006e8c00000| PB 0x00000006e8c00000| Complete 
| 932|0x00000006e9000000, 0x00000006e9400000, 0x00000006e9400000|100%| E|CS|TAMS 0x00000006e9000000| PB 0x00000006e9000000| Complete 
| 933|0x00000006e9400000, 0x00000006e9800000, 0x00000006e9800000|100%| E|CS|TAMS 0x00000006e9400000| PB 0x00000006e9400000| Complete 
| 934|0x00000006e9800000, 0x00000006e9c00000, 0x00000006e9c00000|100%| E|CS|TAMS 0x00000006e9800000| PB 0x00000006e9800000| Complete 
| 935|0x00000006e9c00000, 0x00000006ea000000, 0x00000006ea000000|100%| E|CS|TAMS 0x00000006e9c00000| PB 0x00000006e9c00000| Complete 
| 936|0x00000006ea000000, 0x00000006ea400000, 0x00000006ea400000|100%| E|CS|TAMS 0x00000006ea000000| PB 0x00000006ea000000| Complete 
| 937|0x00000006ea400000, 0x00000006ea800000, 0x00000006ea800000|100%| E|CS|TAMS 0x00000006ea400000| PB 0x00000006ea400000| Complete 
| 938|0x00000006ea800000, 0x00000006eac00000, 0x00000006eac00000|100%| E|CS|TAMS 0x00000006ea800000| PB 0x00000006ea800000| Complete 
| 939|0x00000006eac00000, 0x00000006eb000000, 0x00000006eb000000|100%| E|CS|TAMS 0x00000006eac00000| PB 0x00000006eac00000| Complete 
| 940|0x00000006eb000000, 0x00000006eb400000, 0x00000006eb400000|100%| E|CS|TAMS 0x00000006eb000000| PB 0x00000006eb000000| Complete 
| 941|0x00000006eb400000, 0x00000006eb800000, 0x00000006eb800000|100%| E|CS|TAMS 0x00000006eb400000| PB 0x00000006eb400000| Complete 
|2043|0x00000007fec00000, 0x00000007ff000000, 0x00000007ff000000|100%| E|CS|TAMS 0x00000007fec00000| PB 0x00000007fec00000| Complete 
|2044|0x00000007ff000000, 0x00000007ff400000, 0x00000007ff400000|100%| E|CS|TAMS 0x00000007ff000000| PB 0x00000007ff000000| Complete 
|2045|0x00000007ff400000, 0x00000007ff800000, 0x00000007ff800000|100%| E|CS|TAMS 0x00000007ff400000| PB 0x00000007ff400000| Complete 
|2046|0x00000007ff800000, 0x00000007ffc00000, 0x00000007ffc00000|100%| E|CS|TAMS 0x00000007ff800000| PB 0x00000007ff800000| Complete 
|2047|0x00000007ffc00000, 0x0000000800000000, 0x0000000800000000|100%| E|CS|TAMS 0x00000007ffc00000| PB 0x00000007ffc00000| Complete 

Card table byte_map: [0x00007f49a6600000,0x00007f49a7600000] _byte_map_base: 0x00007f49a3600000

Marking Bits: (CMBitMap*) 0x00007f49b805c6c0
 Bits: [0x00007f499e600000, 0x00007f49a6600000)

Polling page: 0x00007f49c1681000

Metaspace:

Usage:
  Non-class:    443.16 MB used.
      Class:     96.35 MB used.
       Both:    539.51 MB used.

Virtual space:
  Non-class space:      448.00 MB reserved,     446.44 MB (>99%) committed,  7 nodes.
      Class space:        1.00 GB reserved,      99.06 MB ( 10%) committed,  1 nodes.
             Both:        1.44 GB reserved,     545.50 MB ( 37%) committed. 

Chunk freelists:
   Non-Class:  1.52 MB
       Class:  12.94 MB
        Both:  14.45 MB

MaxMetaspaceSize: unlimited
CompressedClassSpaceSize: 1.00 GB
Initial GC threshold: 21.00 MB
Current GC threshold: 908.75 MB
CDS: off
 - commit_granule_bytes: 65536.
 - commit_granule_words: 8192.
 - virtual_space_node_default_size: 8388608.
 - enlarge_chunks_in_place: 1.
 - use_allocation_guard: 0.


Internal statistics:

num_allocs_failed_limit: 256.
num_arena_births: 12320.
num_arena_deaths: 1750.
num_vsnodes_births: 8.
num_vsnodes_deaths: 0.
num_space_committed: 8765.
num_space_uncommitted: 28.
num_chunks_returned_to_freelist: 3266.
num_chunks_taken_from_freelist: 42477.
num_chunk_merges: 1553.
num_chunk_splits: 25698.
num_chunks_enlarged: 15562.
num_inconsistent_stats: 0.

CodeHeap 'non-profiled nmethods': size=120028Kb used=52278Kb max_used=52292Kb free=67749Kb
 bounds [0x00007f49b0ac9000, 0x00007f49b3df9000, 0x00007f49b8000000]
CodeHeap 'profiled nmethods': size=120028Kb used=38052Kb max_used=73996Kb free=81976Kb
 bounds [0x00007f49a9000000, 0x00007f49ad960000, 0x00007f49b0537000]
CodeHeap 'non-nmethods': size=5704Kb used=5627Kb max_used=5627Kb free=76Kb
 bounds [0x00007f49b0537000, 0x00007f49b0ac9000, 0x00007f49b0ac9000]
 total_blobs=33457 nmethods=29314 adapters=4043
 compilation: enabled
              stopped_count=0, restarted_count=0
 full_count=0

Compilation events (20 events):
Event: 1039.485 Thread 0x00007f49b81b6cf0 113710       4       java.nio.file.FileTreeWalker$DirectoryNode::<init> (30 bytes)
Event: 1039.495 Thread 0x00007f49b81b6cf0 nmethod 113710 0x00007f49b2bec510 code [0x00007f49b2bec6e0, 0x00007f49b2bece88]
Event: 1039.495 Thread 0x00007f49b81b6cf0 113613       4       net.minecraft.world.level.storage.loot.predicates.LootItemBlockStatePropertyCondition::getType (4 bytes)
Event: 1039.495 Thread 0x00007f49b81b6cf0 nmethod 113613 0x00007f49b23afe10 code [0x00007f49b23aff80, 0x00007f49b23b0010]
Event: 1039.495 Thread 0x00007f49b81b6cf0 113420       4       com.mojang.serialization.Decoder$3::decode (21 bytes)
Event: 1039.496 Thread 0x00007f49b81b6cf0 nmethod 113420 0x00007f49b0f27f10 code [0x00007f49b0f280a0, 0x00007f49b0f28198]
Event: 1039.496 Thread 0x00007f49b81b6cf0 113711       4       net.minecraft.server.packs.VanillaPackResources::getResources (18 bytes)
Event: 1039.525 Thread 0x00007f49b81b8390 113786       3       plus.dragons.createdragonsplus.data.runtime.RuntimePackResources$$Lambda/0x0000000805648000::get (8 bytes)
Event: 1039.526 Thread 0x00007f49b81b8390 nmethod 113786 0x00007f49ab0d4390 code [0x00007f49ab0d4540, 0x00007f49ab0d4890]
Event: 1039.526 Thread 0x00007f49b81b8390 113787       3       plus.dragons.createdragonsplus.data.runtime.RuntimePackResources::lambda$writeIfNeeded$3 (9 bytes)
Event: 1039.526 Thread 0x00007f49b81b8390 nmethod 113787 0x00007f49ab903690 code [0x00007f49ab903840, 0x00007f49ab903b10]
Event: 1039.555 Thread 0x00007f49b81b6cf0 nmethod 113711 0x00007f49b3439d90 code [0x00007f49b343a240, 0x00007f49b343c270]
Event: 1039.555 Thread 0x00007f49b81b6cf0 113788       4       net.minecraft.server.packs.resources.MultiPackResourceManager::listResourceStacks (68 bytes)
Event: 1039.591 Thread 0x00007f49b81b6cf0 nmethod 113788 0x00007f49b3437f10 code [0x00007f49b3438180, 0x00007f49b3439068]
Event: 1039.591 Thread 0x00007f49b81b6cf0 113789       4       net.minecraft.client.gui.screens.worldselection.WorldOpenFlows$$Lambda/0x00000008056c5000::getAsBoolean (8 bytes)
Event: 1039.592 Thread 0x00007f49b81b6cf0 nmethod 113789 0x00007f49b0f27a90 code [0x00007f49b0f27c20, 0x00007f49b0f27cf0]
Event: 1039.592 Thread 0x00007f49b81b6cf0 113410       4       net.mehvahdjukaar.moonlight.core.misc.FilteredResManager::isModResourcePack (5 bytes)
Event: 1039.593 Thread 0x00007f49b81b6cf0 nmethod 113410 0x00007f49b3435e90 code [0x00007f49b3436040, 0x00007f49b3436180]
Event: 1039.593 Thread 0x00007f49b81b6cf0 113780       4       com.mojang.datafixers.util.Either$Right::hashCode (8 bytes)
Event: 1039.595 Thread 0x00007f49b81b6cf0 nmethod 113780 0x00007f49b2bebf90 code [0x00007f49b2bec140, 0x00007f49b2bec330]

GC Heap History (20 events):
Event: 953.419 GC heap after
{Heap after GC invocations=208 (full 1):
 garbage-first heap   total 3702784K, used 2229374K [0x0000000600000000, 0x0000000800000000)
  region size 4096K, 36 young (147456K), 36 survivors (147456K)
 Metaspace       used 551698K, committed 557760K, reserved 1507328K
  class space    used 98613K, committed 101376K, reserved 1048576K
}
Event: 955.787 GC heap before
{Heap before GC invocations=208 (full 1):
 garbage-first heap   total 3702784K, used 3355774K [0x0000000600000000, 0x0000000800000000)
  region size 4096K, 311 young (1273856K), 36 survivors (147456K)
 Metaspace       used 551778K, committed 557888K, reserved 1507328K
  class space    used 98620K, committed 101376K, reserved 1048576K
}
Event: 955.862 GC heap after
{Heap after GC invocations=209 (full 1):
 garbage-first heap   total 3702784K, used 2260753K [0x0000000600000000, 0x0000000800000000)
  region size 4096K, 29 young (118784K), 29 survivors (118784K)
 Metaspace       used 551778K, committed 557888K, reserved 1507328K
  class space    used 98620K, committed 101376K, reserved 1048576K
}
Event: 958.370 GC heap before
{Heap before GC invocations=209 (full 1):
 garbage-first heap   total 3702784K, used 3383057K [0x0000000600000000, 0x0000000800000000)
  region size 4096K, 304 young (1245184K), 29 survivors (118784K)
 Metaspace       used 551841K, committed 557952K, reserved 1507328K
  class space    used 98621K, committed 101376K, reserved 1048576K
}
Event: 958.438 GC heap after
{Heap after GC invocations=210 (full 1):
 garbage-first heap   total 3702784K, used 2303761K [0x0000000600000000, 0x0000000800000000)
  region size 4096K, 23 young (94208K), 23 survivors (94208K)
 Metaspace       used 551841K, committed 557952K, reserved 1507328K
  class space    used 98621K, committed 101376K, reserved 1048576K
}
Event: 961.586 GC heap before
{Heap before GC invocations=211 (full 1):
 garbage-first heap   total 3858432K, used 3397393K [0x0000000600000000, 0x0000000800000000)
  region size 4096K, 291 young (1191936K), 23 survivors (94208K)
 Metaspace       used 552120K, committed 558272K, reserved 1507328K
  class space    used 98662K, committed 101440K, reserved 1048576K
}
Event: 961.666 GC heap after
{Heap after GC invocations=212 (full 1):
 garbage-first heap   total 3858432K, used 2352344K [0x0000000600000000, 0x0000000800000000)
  region size 4096K, 26 young (106496K), 26 survivors (106496K)
 Metaspace       used 552120K, committed 558272K, reserved 1507328K
  class space    used 98662K, committed 101440K, reserved 1048576K
}
Event: 972.076 GC heap before
{Heap before GC invocations=212 (full 1):
 garbage-first heap   total 3858432K, used 3601624K [0x0000000600000000, 0x0000000800000000)
  region size 4096K, 317 young (1298432K), 26 survivors (106496K)
 Metaspace       used 552172K, committed 558336K, reserved 1507328K
  class space    used 98662K, committed 101440K, reserved 1048576K
}
Event: 972.124 GC heap after
{Heap after GC invocations=213 (full 1):
 garbage-first heap   total 3858432K, used 2339332K [0x0000000600000000, 0x0000000800000000)
  region size 4096K, 10 young (40960K), 10 survivors (40960K)
 Metaspace       used 552172K, committed 558336K, reserved 1507328K
  class space    used 98662K, committed 101440K, reserved 1048576K
}
Event: 994.680 GC heap before
{Heap before GC invocations=213 (full 1):
 garbage-first heap   total 3858432K, used 3613188K [0x0000000600000000, 0x0000000800000000)
  region size 4096K, 321 young (1314816K), 10 survivors (40960K)
 Metaspace       used 552172K, committed 558336K, reserved 1507328K
  class space    used 98662K, committed 101440K, reserved 1048576K
}
Event: 994.693 GC heap after
{Heap after GC invocations=214 (full 1):
 garbage-first heap   total 3858432K, used 2336286K [0x0000000600000000, 0x0000000800000000)
  region size 4096K, 9 young (36864K), 9 survivors (36864K)
 Metaspace       used 552172K, committed 558336K, reserved 1507328K
  class space    used 98662K, committed 101440K, reserved 1048576K
}
Event: 1016.670 GC heap before
{Heap before GC invocations=215 (full 1):
 garbage-first heap   total 3878912K, used 3601950K [0x0000000600000000, 0x0000000800000000)
  region size 4096K, 322 young (1318912K), 9 survivors (36864K)
 Metaspace       used 552172K, committed 558336K, reserved 1507328K
  class space    used 98662K, committed 101440K, reserved 1048576K
}
Event: 1016.687 GC heap after
{Heap after GC invocations=216 (full 1):
 garbage-first heap   total 3878912K, used 2318785K [0x0000000600000000, 0x0000000800000000)
  region size 4096K, 9 young (36864K), 9 survivors (36864K)
 Metaspace       used 552172K, committed 558336K, reserved 1507328K
  class space    used 98662K, committed 101440K, reserved 1048576K
}
Event: 1021.912 GC heap before
{Heap before GC invocations=216 (full 1):
 garbage-first heap   total 3878912K, used 3154369K [0x0000000600000000, 0x0000000800000000)
  region size 4096K, 215 young (880640K), 9 survivors (36864K)
 Metaspace       used 552219K, committed 558336K, reserved 1507328K
  class space    used 98662K, committed 101440K, reserved 1048576K
}
Event: 1023.288 GC heap after
{Heap after GC invocations=217 (full 2):
 garbage-first heap   total 3878912K, used 2103551K [0x0000000600000000, 0x0000000800000000)
  region size 4096K, 0 young (0K), 0 survivors (0K)
 Metaspace       used 552219K, committed 558336K, reserved 1507328K
  class space    used 98662K, committed 101440K, reserved 1048576K
}
Event: 1037.958 GC heap before
{Heap before GC invocations=217 (full 2):
 garbage-first heap   total 3878912K, used 3660031K [0x0000000600000000, 0x0000000800000000)
  region size 4096K, 381 young (1560576K), 0 survivors (0K)
 Metaspace       used 552356K, committed 558464K, reserved 1507328K
  class space    used 98662K, committed 101440K, reserved 1048576K
}
Event: 1037.983 GC heap after
{Heap after GC invocations=218 (full 2):
 garbage-first heap   total 3878912K, used 2128035K [0x0000000600000000, 0x0000000800000000)
  region size 4096K, 6 young (24576K), 6 survivors (24576K)
 Metaspace       used 552356K, committed 558464K, reserved 1507328K
  class space    used 98662K, committed 101440K, reserved 1048576K
}
Event: 1039.128 GC heap before
{Heap before GC invocations=218 (full 2):
 garbage-first heap   total 3878912K, used 3635363K [0x0000000600000000, 0x0000000800000000)
  region size 4096K, 375 young (1536000K), 6 survivors (24576K)
 Metaspace       used 552457K, committed 558592K, reserved 1507328K
  class space    used 98662K, committed 101440K, reserved 1048576K
}
Event: 1039.162 GC heap after
{Heap after GC invocations=219 (full 2):
 garbage-first heap   total 3878912K, used 2177279K [0x0000000600000000, 0x0000000800000000)
  region size 4096K, 18 young (73728K), 18 survivors (73728K)
 Metaspace       used 552457K, committed 558592K, reserved 1507328K
  class space    used 98662K, committed 101440K, reserved 1048576K
}
Event: 1039.605 GC heap before
{Heap before GC invocations=219 (full 2):
 garbage-first heap   total 3878912K, used 3590399K [0x0000000600000000, 0x0000000800000000)
  region size 4096K, 363 young (1486848K), 18 survivors (73728K)
 Metaspace       used 552460K, committed 558592K, reserved 1507328K
  class space    used 98662K, committed 101440K, reserved 1048576K
}

Dll operation events (20 events):
Event: 0.075 Loaded shared library /run/media/ashy/Shared/.minecraftx/jre/java-runtime-delta/lib/libjsvml.so
Event: 0.085 Loaded shared library /run/media/ashy/Shared/.minecraftx/jre/java-runtime-delta/lib/libnio.so
Event: 0.160 Loaded shared library /run/media/ashy/Shared/.minecraftx/jre/java-runtime-delta/lib/libzip.so
Event: 0.249 Loaded shared library /run/media/ashy/Shared/.minecraftx/jre/java-runtime-delta/lib/libinstrument.so
Event: 0.390 Loaded shared library /run/media/ashy/Shared/.minecraftx/jre/java-runtime-delta/lib/libnet.so
Event: 0.413 Loaded shared library /run/media/ashy/Shared/.minecraftx/jre/java-runtime-delta/lib/libjimage.so
Event: 0.467 Loaded shared library /run/media/ashy/Shared/.minecraftx/jre/java-runtime-delta/lib/libextnet.so
Event: 0.651 Loaded shared library /run/media/ashy/Shared/.minecraftx/jre/java-runtime-delta/lib/libverify.so
Event: 2.701 Loaded shared library /run/media/ashy/Shared/.minecraftx/jre/java-runtime-delta/lib/libmanagement.so
Event: 2.703 Loaded shared library /run/media/ashy/Shared/.minecraftx/jre/java-runtime-delta/lib/libmanagement_ext.so
Event: 3.606 Loaded shared library /run/media/ashy/Shared/.minecraftx/versions/neoforge-21.1.248/neoforge-21.1.248-natives/liblwjgl.so
Event: 4.511 Loaded shared library /run/media/ashy/Shared/.minecraftx/versions/neoforge-21.1.248/neoforge-21.1.248-natives/liblwjgl_opengl.so
Event: 5.032 Loaded shared library /run/media/ashy/Shared/.minecraftx/versions/neoforge-21.1.248/neoforge-21.1.248-natives/jna14752943732664038662.tmp
Event: 31.996 Loaded shared library /run/media/ashy/Shared/.minecraftx/versions/neoforge-21.1.248/neoforge-21.1.248-natives/liblwjgl_stb.so
Event: 32.853 Loaded shared library /tmp/native-17942632833265861651.so
Event: 32.858 Loaded shared library /tmp/native-1309992866244201504.so
Event: 37.835 Loaded shared library /run/media/ashy/Shared/.minecraftx/jre/java-runtime-delta/lib/libawt.so
Event: 37.836 Loaded shared library /run/media/ashy/Shared/.minecraftx/jre/java-runtime-delta/lib/libawt_headless.so
Event: 256.307 Loaded shared library /run/media/ashy/Shared/.minecraftx/instances/Gearfall Dev/.sable/natives/sable_rapier_x86_64_linux.so
Event: 446.954 Loaded shared library /tmp/sqlite-3.46.1.3-0977bac4-06b6-4c8d-94b4-d6190784ae9b-libsqlitejdbc.so

Deoptimization events (20 events):
Event: 1038.776 Thread 0x000055672feaf300 DEOPT PACKING pc=0x00007f49b3a77cec sp=0x00007f4947bfe2e0
Event: 1038.776 Thread 0x000055672feaf300 DEOPT UNPACKING pc=0x00007f49b058e619 sp=0x00007f4947bfe2d8 mode 2
Event: 1038.798 Thread 0x000055672feaf300 Uncommon trap: trap_request=0xffffffc6 fr.pc=0x00007f49b2c37400 relative=0x0000000000000e20
Event: 1038.798 Thread 0x000055672feaf300 Uncommon trap: reason=bimorphic_or_optimized_type_check action=maybe_recompile pc=0x00007f49b2c37400 method=java.util.concurrent.CompletableFuture.uniRunNow(Ljava/lang/Object;Ljava/util/concurrent/Executor;Ljava/lang/Runnable;)Ljava/util/concurrent/Comple
Event: 1038.798 Thread 0x000055672feaf300 DEOPT PACKING pc=0x00007f49b2c37400 sp=0x00007f4947bfe330
Event: 1038.798 Thread 0x000055672feaf300 DEOPT UNPACKING pc=0x00007f49b058e619 sp=0x00007f4947bfe280 mode 2
Event: 1039.078 Thread 0x00007f498048b3a0 Uncommon trap: trap_request=0xffffff45 fr.pc=0x00007f49b3c001e4 relative=0x0000000000005564
Event: 1039.078 Thread 0x00007f498048b3a0 Uncommon trap: reason=unstable_if action=reinterpret pc=0x00007f49b3c001e4 method=net.minecraft.tags.TagLoader.build(Lnet/minecraft/tags/TagEntry$Lookup;Ljava/util/List;)Lcom/mojang/datafixers/util/Either; @ 89 c2
Event: 1039.078 Thread 0x00007f498048b3a0 DEOPT PACKING pc=0x00007f49b3c001e4 sp=0x00007f49534f73a0
Event: 1039.078 Thread 0x00007f498048b3a0 DEOPT UNPACKING pc=0x00007f49b058e619 sp=0x00007f49534f7078 mode 2
Event: 1039.088 Thread 0x00007f498048b3a0 Uncommon trap: trap_request=0xffffff54 fr.pc=0x00007f49b325eaf8 relative=0x0000000000000c18
Event: 1039.088 Thread 0x00007f498048b3a0 Uncommon trap: reason=speculate_null_assert action=make_not_entrant pc=0x00007f49b325eaf8 method=net.neoforged.neoforge.registries.BaseMappedRegistry.resolve(Lnet/minecraft/resources/ResourceLocation;)Lnet/minecraft/resources/ResourceLocation; @ 25 c2
Event: 1039.088 Thread 0x00007f498048b3a0 DEOPT PACKING pc=0x00007f49b325eaf8 sp=0x00007f49534f7120
Event: 1039.088 Thread 0x00007f498048b3a0 DEOPT UNPACKING pc=0x00007f49b058e619 sp=0x00007f49534f7088 mode 2
Event: 1039.114 Thread 0x00007f496e47a820 Uncommon trap: trap_request=0xffffffde fr.pc=0x00007f49b2aa25bc relative=0x00000000000000fc
Event: 1039.114 Thread 0x00007f496e47a820 Uncommon trap: reason=class_check action=maybe_recompile pc=0x00007f49b2aa25bc method=net.minecraft.server.packs.resources.SimpleJsonResourceReloadListener.md162c06$bookshelf$lambda$prepare$0$0(Ljava/util/Map$Entry;)Z @ 8 c2
Event: 1039.114 Thread 0x00007f496e47a820 DEOPT PACKING pc=0x00007f49b2aa25bc sp=0x00007f4946a23530
Event: 1039.114 Thread 0x00007f496e47a820 DEOPT UNPACKING pc=0x00007f49b058e619 sp=0x00007f4946a23470 mode 2
Event: 1039.537 Thread 0x000055672feaf300 DEOPT PACKING pc=0x00007f49aa6285f6 sp=0x00007f4947bfe140
Event: 1039.537 Thread 0x000055672feaf300 DEOPT UNPACKING pc=0x00007f49b058f14f sp=0x00007f4947bfd678 mode 0

Classes loaded (20 events):
Event: 301.716 Loading class java/util/stream/Sink$OfDouble done
Event: 301.716 Loading class java/util/stream/ReduceOps$13ReducingSink done
Event: 301.716 Loading class java/util/stream/ReferencePipeline$6$1
Event: 301.717 Loading class java/util/stream/ReferencePipeline$6$1 done
Event: 301.772 Loading class java/lang/FdLibm$Acos
Event: 301.773 Loading class java/lang/FdLibm$Acos done
Event: 302.493 Loading class java/lang/invoke/BoundMethodHandle$Species_LLLLLLLLLL
Event: 302.493 Loading class java/lang/invoke/BoundMethodHandle$Species_LLLLLLLLLL done
Event: 302.496 Loading class java/lang/invoke/BoundMethodHandle$Species_LLLLLLLLLLL
Event: 302.496 Loading class java/lang/invoke/BoundMethodHandle$Species_LLLLLLLLLLL done
Event: 355.101 Loading class sun/reflect/generics/tree/FloatSignature
Event: 355.101 Loading class sun/reflect/generics/tree/FloatSignature done
Event: 384.877 Loading class java/util/ArrayList$SubList$2
Event: 384.877 Loading class java/util/ArrayList$SubList$2 done
Event: 392.752 Loading class java/util/DualPivotQuicksort$Sorter
Event: 392.753 Loading class java/util/DualPivotQuicksort$Sorter done
Event: 959.131 Loading class java/lang/invoke/BoundMethodHandle$Species_LLLLLLLLLLLL
Event: 959.133 Loading class java/lang/invoke/BoundMethodHandle$Species_LLLLLLLLLLLL done
Event: 959.136 Loading class java/lang/invoke/BoundMethodHandle$Species_LLLLLLLLLLLLL
Event: 959.136 Loading class java/lang/invoke/BoundMethodHandle$Species_LLLLLLLLLLLLL done

Classes unloaded (20 events):
Event: 22.884 Thread 0x00007f49b8127500 Unloading class 0x0000000800399400 'java/lang/invoke/LambdaForm$MH+0x0000000800399400'
Event: 22.884 Thread 0x00007f49b8127500 Unloading class 0x0000000800398400 'java/lang/invoke/LambdaForm$MH+0x0000000800398400'
Event: 22.884 Thread 0x00007f49b8127500 Unloading class 0x0000000800393800 'java/lang/invoke/LambdaForm$MH+0x0000000800393800'
Event: 22.884 Thread 0x00007f49b8127500 Unloading class 0x0000000800393400 'java/lang/invoke/LambdaForm$MH+0x0000000800393400'
Event: 22.884 Thread 0x00007f49b8127500 Unloading class 0x0000000800392400 'java/lang/invoke/LambdaForm$MH+0x0000000800392400'
Event: 22.884 Thread 0x00007f49b8127500 Unloading class 0x0000000800391c00 'java/lang/invoke/LambdaForm$MH+0x0000000800391c00'
Event: 22.884 Thread 0x00007f49b8127500 Unloading class 0x0000000800392000 'java/lang/invoke/LambdaForm$MH+0x0000000800392000'
Event: 22.884 Thread 0x00007f49b8127500 Unloading class 0x0000000800391800 'java/lang/invoke/LambdaForm$MH+0x0000000800391800'
Event: 22.884 Thread 0x00007f49b8127500 Unloading class 0x0000000800391400 'java/lang/invoke/LambdaForm$MH+0x0000000800391400'
Event: 22.884 Thread 0x00007f49b8127500 Unloading class 0x0000000800390c00 'java/lang/invoke/LambdaForm$MH+0x0000000800390c00'
Event: 22.884 Thread 0x00007f49b8127500 Unloading class 0x0000000800391000 'java/lang/invoke/LambdaForm$MH+0x0000000800391000'
Event: 22.884 Thread 0x00007f49b8127500 Unloading class 0x0000000800390000 'java/lang/invoke/LambdaForm$MH+0x0000000800390000'
Event: 22.884 Thread 0x00007f49b8127500 Unloading class 0x0000000800390400 'java/lang/invoke/LambdaForm$MH+0x0000000800390400'
Event: 22.884 Thread 0x00007f49b8127500 Unloading class 0x000000080040cc00 'java/lang/invoke/LambdaForm$MH+0x000000080040cc00'
Event: 51.196 Thread 0x00007f49b8127500 Unloading class 0x000000080113d400 'com/google/gson/internal/reflect/ReflectionHelper$RecordSupportedHelper$$InjectedInvoker+0x000000080113d400'
Event: 51.196 Thread 0x00007f49b8127500 Unloading class 0x000000080113cc00 'java/lang/invoke/LambdaForm$MH+0x000000080113cc00'
Event: 51.196 Thread 0x00007f49b8127500 Unloading class 0x000000080113c400 'java/lang/invoke/LambdaForm$MH+0x000000080113c400'
Event: 61.500 Thread 0x00007f49b8127500 Unloading class 0x0000000804b18400 'java/lang/invoke/LambdaForm$DMH+0x0000000804b18400'
Event: 485.938 Thread 0x00007f49b8127500 Unloading class 0x0000000806198c00 'java/lang/invoke/LambdaForm$DMH+0x0000000806198c00'
Event: 485.938 Thread 0x00007f49b8127500 Unloading class 0x0000000806198800 'java/lang/invoke/LambdaForm$DMH+0x0000000806198800'

Classes redefined (0 events):
No events

Internal exceptions (20 events):
Event: 1023.291 Thread 0x00007f49989c84a0 Exception <a 'sun/nio/fs/UnixException'{0x00000007ffa0a450}> (0x00000007ffa0a450) 
thrown [src/hotspot/share/prims/jni.cpp, line 520]
Event: 1023.291 Thread 0x00007f49989c84a0 Exception <a 'sun/nio/fs/UnixException'{0x00000007ffa0a5b8}> (0x00000007ffa0a5b8) 
thrown [src/hotspot/share/prims/jni.cpp, line 520]
Event: 1023.291 Thread 0x00007f49989c84a0 Exception <a 'sun/nio/fs/UnixException'{0x00000007ffa0aa20}> (0x00000007ffa0aa20) 
thrown [src/hotspot/share/prims/jni.cpp, line 520]
Event: 1023.291 Thread 0x00007f49989c84a0 Exception <a 'sun/nio/fs/UnixException'{0x00000007ffa0f688}> (0x00000007ffa0f688) 
thrown [src/hotspot/share/prims/jni.cpp, line 520]
Event: 1023.291 Thread 0x00007f49989c84a0 Exception <a 'sun/nio/fs/UnixException'{0x00000007ffa0fac0}> (0x00000007ffa0fac0) 
thrown [src/hotspot/share/prims/jni.cpp, line 520]
Event: 1023.291 Thread 0x00007f49989c84a0 Exception <a 'sun/nio/fs/UnixException'{0x00000007ffa0fc28}> (0x00000007ffa0fc28) 
thrown [src/hotspot/share/prims/jni.cpp, line 520]
Event: 1024.904 Thread 0x0000556730176c50 Implicit null exception at 0x00007f49ac005099 to 0x00007f49ac00b73e
Event: 1024.904 Thread 0x0000556730176c50 Exception <a 'java/lang/NullPointerException'{0x00000006d530a0d0}> (0x00000006d530a0d0) 
thrown [src/hotspot/share/runtime/sharedRuntime.cpp, line 625]
Event: 1024.936 Thread 0x0000556730176c50 Implicit null exception at 0x00007f49b186f030 to 0x00007f49b186fd70
Event: 1036.965 Thread 0x00007f49bba74ed0 Exception <a 'sun/nio/fs/UnixException'{0x00000006a6f815c8}> (0x00000006a6f815c8) 
thrown [src/hotspot/share/prims/jni.cpp, line 520]
Event: 1037.351 Thread 0x00007f49bba74ed0 Exception <a 'sun/nio/fs/UnixException'{0x00000006a34e2590}> (0x00000006a34e2590) 
thrown [src/hotspot/share/prims/jni.cpp, line 520]
Event: 1037.361 Thread 0x00007f49bba74ed0 Exception <a 'sun/nio/fs/UnixException'{0x00000006a1408390}> (0x00000006a1408390) 
thrown [src/hotspot/share/prims/jni.cpp, line 520]
Event: 1037.394 Thread 0x00007f49bba74ed0 Exception <a 'sun/nio/fs/UnixException'{0x00000006a0e20f70}> (0x00000006a0e20f70) 
thrown [src/hotspot/share/prims/jni.cpp, line 520]
Event: 1037.400 Thread 0x00007f49bba74ed0 Exception <a 'sun/nio/fs/UnixException'{0x00000006a0672558}> (0x00000006a0672558) 
thrown [src/hotspot/share/prims/jni.cpp, line 520]
Event: 1037.413 Thread 0x00007f49bba74ed0 Exception <a 'sun/nio/fs/UnixException'{0x000000069f835540}> (0x000000069f835540) 
thrown [src/hotspot/share/prims/jni.cpp, line 520]
Event: 1039.113 Thread 0x00007f498048b3a0 Exception <a 'sun/nio/fs/UnixException'{0x0000000693b626a0}> (0x0000000693b626a0) 
thrown [src/hotspot/share/prims/jni.cpp, line 520]
Event: 1039.113 Thread 0x00007f498048b3a0 Exception <a 'sun/nio/fs/UnixException'{0x0000000693b6a628}> (0x0000000693b6a628) 
thrown [src/hotspot/share/prims/jni.cpp, line 520]
Event: 1039.113 Thread 0x00007f498048b3a0 Exception <a 'sun/nio/fs/UnixException'{0x0000000693b73728}> (0x0000000693b73728) 
thrown [src/hotspot/share/prims/jni.cpp, line 520]
Event: 1039.114 Thread 0x00007f498048b3a0 Exception <a 'sun/nio/fs/UnixException'{0x0000000693b7b910}> (0x0000000693b7b910) 
thrown [src/hotspot/share/prims/jni.cpp, line 520]
Event: 1039.114 Thread 0x00007f498048b3a0 Exception <a 'sun/nio/fs/UnixException'{0x0000000693b7be00}> (0x0000000693b7be00) 
thrown [src/hotspot/share/prims/jni.cpp, line 520]

ZGC Phase Switch (0 events):
No events

VM Operations (20 events):
Event: 1021.312 Executing VM operation: Cleanup done
Event: 1021.912 Executing VM operation: G1CollectFull (System.gc())
Event: 1023.288 Executing VM operation: G1CollectFull (System.gc()) done
Event: 1024.288 Executing VM operation: Cleanup
Event: 1024.288 Executing VM operation: Cleanup done
Event: 1025.288 Executing VM operation: Cleanup
Event: 1025.288 Executing VM operation: Cleanup done
Event: 1029.289 Executing VM operation: Cleanup
Event: 1029.289 Executing VM operation: Cleanup done
Event: 1036.289 Executing VM operation: Cleanup
Event: 1036.289 Executing VM operation: Cleanup done
Event: 1037.289 Executing VM operation: Cleanup
Event: 1037.289 Executing VM operation: Cleanup done
Event: 1037.957 Executing VM operation: G1CollectForAllocation (G1 Evacuation Pause)
Event: 1037.983 Executing VM operation: G1CollectForAllocation (G1 Evacuation Pause) done
Event: 1038.983 Executing VM operation: Cleanup
Event: 1038.984 Executing VM operation: Cleanup done
Event: 1039.128 Executing VM operation: G1CollectForAllocation (G1 Evacuation Pause)
Event: 1039.162 Executing VM operation: G1CollectForAllocation (G1 Evacuation Pause) done
Event: 1039.605 Executing VM operation: G1CollectForAllocation (G1 Evacuation Pause)

Memory protections (20 events):
Event: 953.759 Protecting memory [0x00007f497219b000,0x00007f497219f000] with protection modes 0
Event: 953.761 Protecting memory [0x00007f498da53000,0x00007f498da57000] with protection modes 0
Event: 953.762 Protecting memory [0x00007f49703f7000,0x00007f49703fb000] with protection modes 0
Event: 953.762 Protecting memory [0x00007f497259f000,0x00007f49725a3000] with protection modes 0
Event: 955.104 Protecting memory [0x00007f493bcf0000,0x00007f493bcf4000] with protection modes 0
Event: 961.032 Protecting memory [0x00007f493c6fa000,0x00007f493c6fe000] with protection modes 0
Event: 963.764 Protecting memory [0x00007f493c6fa000,0x00007f493c6fe000] with protection modes 0
Event: 963.764 Protecting memory [0x00007f49715fc000,0x00007f4971600000] with protection modes 0
Event: 1020.090 Protecting memory [0x00007f49534fa000,0x00007f49534fe000] with protection modes 0
Event: 1020.090 Protecting memory [0x00007f493c2f6000,0x00007f493c2fa000] with protection modes 0
Event: 1020.722 Protecting memory [0x00007f49714fb000,0x00007f49714ff000] with protection modes 0
Event: 1020.828 Protecting memory [0x00007f49714fb000,0x00007f49714ff000] with protection modes 0
Event: 1021.535 Protecting memory [0x00007f49714fb000,0x00007f49714ff000] with protection modes 0
Event: 1021.536 Protecting memory [0x00007f49716fd000,0x00007f4971701000] with protection modes 0
Event: 1021.591 Protecting memory [0x00007f498db54000,0x00007f498db58000] with protection modes 0
Event: 1021.862 Protecting memory [0x00007f49705f9000,0x00007f49705fd000] with protection modes 0
Event: 1021.862 Protecting memory [0x00007f49712f9000,0x00007f49712fd000] with protection modes 0
Event: 1036.064 Protecting memory [0x00007f49713fa000,0x00007f49713fe000] with protection modes 0
Event: 1037.412 Protecting memory [0x00007f493acff000,0x00007f493ad03000] with protection modes 0
Event: 1038.800 Protecting memory [0x00007f4946925000,0x00007f4946929000] with protection modes 0

Nmethod flushes (20 events):
Event: 1022.715 Thread 0x00007f49b8127500 flushing  nmethod 0x00007f49ab91ef10
Event: 1022.715 Thread 0x00007f49b8127500 flushing  nmethod 0x00007f49ab993190
Event: 1022.715 Thread 0x00007f49b8127500 flushing  nmethod 0x00007f49ab997210
Event: 1022.715 Thread 0x00007f49b8127500 flushing  nmethod 0x00007f49ab9e9490
Event: 1022.715 Thread 0x00007f49b8127500 flushing  nmethod 0x00007f49ab9f0e10
Event: 1022.715 Thread 0x00007f49b8127500 flushing  nmethod 0x00007f49abb2e490
Event: 1022.715 Thread 0x00007f49b8127500 flushing  nmethod 0x00007f49abbdea10
Event: 1022.715 Thread 0x00007f49b8127500 flushing  nmethod 0x00007f49abbdf590
Event: 1022.715 Thread 0x00007f49b8127500 flushing  nmethod 0x00007f49abd79910
Event: 1022.715 Thread 0x00007f49b8127500 flushing  nmethod 0x00007f49abf21a10
Event: 1022.715 Thread 0x00007f49b8127500 flushing osr nmethod 0x00007f49ac09ae10
Event: 1022.715 Thread 0x00007f49b8127500 flushing  nmethod 0x00007f49ac09eb90
Event: 1022.715 Thread 0x00007f49b8127500 flushing  nmethod 0x00007f49ac0a0e90
Event: 1022.715 Thread 0x00007f49b8127500 flushing  nmethod 0x00007f49ac5dd610
Event: 1022.715 Thread 0x00007f49b8127500 flushing  nmethod 0x00007f49ac5de190
Event: 1022.715 Thread 0x00007f49b8127500 flushing  nmethod 0x00007f49ac5de610
Event: 1022.715 Thread 0x00007f49b8127500 flushing  nmethod 0x00007f49acf7ef10
Event: 1022.715 Thread 0x00007f49b8127500 flushing  nmethod 0x00007f49ad113490
Event: 1022.715 Thread 0x00007f49b8127500 flushing  nmethod 0x00007f49ad11dc90
Event: 1022.715 Thread 0x00007f49b8127500 flushing  nmethod 0x00007f49ad740390

Events (20 events):
Event: 1020.722 Thread 0x00007f49bba74ed0 Thread added: 0x0000556730176c50
Event: 1020.728 Thread 0x0000556730176c50 Thread exited: 0x0000556730176c50
Event: 1020.828 Thread 0x00007f49bba74ed0 Thread added: 0x0000556730176c50
Event: 1020.829 Thread 0x0000556730176c50 Thread exited: 0x0000556730176c50
Event: 1021.535 Thread 0x00007f49bba74ed0 Thread added: 0x0000556730176c50
Event: 1021.535 Thread 0x000055672fdfc8d0 Thread exited: 0x000055672fdfc8d0
Event: 1021.536 Thread 0x00007f49bba74ed0 Thread added: 0x000055672fdfc8d0
Event: 1021.591 Thread 0x000055672ec4a380 Thread added: 0x00007f498980a6e0
Event: 1021.862 Thread 0x00007f4988456830 Thread added: 0x00007f499b2acd60
Event: 1021.862 Thread 0x00007f49871fd9a0 Thread added: 0x00007f496d538860
Event: 1023.289 Thread 0x00007f4999bb8350 Thread exited: 0x00007f4999bb8350
Event: 1023.291 Thread 0x00007f49989c84a0 Thread exited: 0x00007f49989c84a0
Event: 1023.293 Thread 0x000055672c44e130 Thread exited: 0x000055672c44e130
Event: 1023.293 Thread 0x00007f499bf47cd0 Thread exited: 0x00007f499bf47cd0
Event: 1023.361 Thread 0x0000556730034c60 Thread exited: 0x0000556730034c60
Event: 1023.361 Thread 0x000055673044cf60 Thread exited: 0x000055673044cf60
Event: 1036.009 Thread 0x00007f499b35f260 Thread exited: 0x00007f499b35f260
Event: 1036.064 Thread 0x00007f49bba74ed0 Thread added: 0x00005567309bbed0
Event: 1037.412 Thread 0x00007f49bba74ed0 Thread added: 0x000055672ffe5bf0
Event: 1038.800 Thread 0x00007f499a16cf30 Thread added: 0x00007f496e47a820


Dynamic libraries:
40211000-402c0000 rw-p 00000000 00:00 0 
4116d000-4116f000 r-xs 00000000 00:01 5889                               /memfd:/.glXXXXXX (deleted)
600000000-6eb800000 rw-p 00000000 00:00 0 
6eb800000-7fec00000 ---p 00000000 00:00 0 
7fec00000-800040000 rw-p 00000000 00:00 0 
800040000-8000c0000 rw-p 00000000 00:00 0 
8000c0000-8000e0000 rw-p 00000000 00:00 0 
8000e0000-800140000 rw-p 00000000 00:00 0 
800140000-800180000 rw-p 00000000 00:00 0 
800180000-800200000 rw-p 00000000 00:00 0 
800200000-800240000 rw-p 00000000 00:00 0 
800240000-8002c0000 rw-p 00000000 00:00 0 
8002c0000-800300000 rw-p 00000000 00:00 0 
800300000-8003c0000 rw-p 00000000 00:00 0 
8003c0000-800400000 rw-p 00000000 00:00 0 
800400000-8004c0000 rw-p 00000000 00:00 0 
8004c0000-801340000 rw-p 00000000 00:00 0 
801340000-801380000 rw-p 00000000 00:00 0 
801380000-8049e0000 rw-p 00000000 00:00 0 
8049e0000-804a00000 rw-p 00000000 00:00 0 
804a00000-804d40000 rw-p 00000000 00:00 0 
804d40000-804d80000 rw-p 00000000 00:00 0 
804d80000-805540000 rw-p 00000000 00:00 0 
805540000-805580000 rw-p 00000000 00:00 0 
805580000-806310000 rw-p 00000000 00:00 0 
806310000-840000000 ---p 00000000 00:00 0 
5567192e8000-5567192e9000 r-xp 00000000 103:07 449553                    /run/media/ashy/Shared/.minecraftx/jre/java-runtime-delta/bin/java
5567192ea000-5567192eb000 r--p 00001000 103:07 449553                    /run/media/ashy/Shared/.minecraftx/jre/java-runtime-delta/bin/java
5567192eb000-5567192ec000 rw-p 00002000 103:07 449553                    /run/media/ashy/Shared/.minecraftx/jre/java-runtime-delta/bin/java
55672b80a000-55674d4f2000 rw-p 00000000 00:00 0                          [heap]
7f48f4000000-7f48f7f8e000 rw-p 00000000 00:00 0 
7f48f7f8e000-7f48f8000000 ---p 00000000 00:00 0 
7f48f8000000-7f48f8eea000 rw-p 00000000 00:00 0 
7f48f8eea000-7f48fc000000 ---p 00000000 00:00 0 
7f48fc000000-7f48fff49000 rw-p 00000000 00:00 0 
7f48fff49000-7f4900000000 ---p 00000000 00:00 0 
7f4900000000-7f4903f49000 rw-p 00000000 00:00 0 
7f4903f49000-7f4904000000 ---p 00000000 00:00 0 
7f4904000000-7f490413a000 rw-p 00000000 00:00 0 
7f490413a000-7f4908000000 ---p 00000000 00:00 0 
7f490c000000-7f490ff9e000 rw-p 00000000 00:00 0 
7f490ff9e000-7f4910000000 ---p 00000000 00:00 0 
7f4910c00000-7f4910cfa000 r-xp 00000000 00:39 422                        /tmp/sqlite-3.46.1.3-0977bac4-06b6-4c8d-94b4-d6190784ae9b-libsqlitejdbc.so
7f4910cfa000-7f4910efa000 ---p 000fa000 00:39 422                        /tmp/sqlite-3.46.1.3-0977bac4-06b6-4c8d-94b4-d6190784ae9b-libsqlitejdbc.so
7f4910efa000-7f4910f02000 rw-p 000fa000 00:39 422                        /tmp/sqlite-3.46.1.3-0977bac4-06b6-4c8d-94b4-d6190784ae9b-libsqlitejdbc.so
7f4911000000-7f4911400000 rw-s 00000000 00:07 1147                       /dev/nvidiactl
7f4911400000-7f4914000000 rw-p 00000000 00:00 0 
7f4914000000-7f491597f000 rw-p 00000000 00:00 0 
7f491597f000-7f4918000000 ---p 00000000 00:00 0 
7f4918200000-7f4918600000 rw-s 00000000 00:07 1147                       /dev/nvidiactl
7f4918600000-7f491e000000 rw-p 00000000 00:00 0 
7f491e100000-7f4921000000 rw-p 00000000 00:00 0 
7f4921000000-7f4922500000 rw-p 00000000 00:00 0 
7f4922500000-7f49225f0000 rw-p 00000000 00:00 0 
7f49225f0000-7f4922600000 ---p 00000000 00:00 0 
7f4922600000-7f4924e80000 rw-p 00000000 00:00 0 
7f4924e80000-7f4925000000 ---p 00000000 00:00 0 
7f4925200000-7f4925e00000 rw-p 00000000 00:00 0 
7f4925fff000-7f4926800000 rw-p 00000000 00:00 0 
7f4926800000-7f4927a00000 rw-p 00000000 00:00 0 
7f4927afe000-7f49282ff000 rw-p 00000000 00:00 0 
7f49282ff000-7f4928cff000 rw-p 00000000 00:00 0 
7f4928cff000-7f4929500000 rw-p 00000000 00:00 0 
7f4929500000-7f4929e00000 rw-p 00000000 00:00 0 
7f4929e80000-7f492aa00000 rw-p 00000000 00:00 0 
7f492ab80000-7f492c000000 rw-p 00000000 00:00 0 
7f492c000000-7f492c300000 rw-p 00000000 00:00 0 
7f492c300000-7f492c380000 rw-p 00000000 00:00 0 
7f492c380000-7f492c400000 rw-p 00000000 00:00 0 
7f492c400000-7f492d700000 rw-p 00000000 00:00 0 
7f492d700000-7f492d800000 rw-p 00000000 00:00 0 
7f492d800000-7f492fd00000 rw-p 00000000 00:00 0 
7f492fd00000-7f492fe00000 rw-p 00000000 00:00 0 
7f492fe00000-7f4930000000 rw-p 00000000 00:00 0 
7f4930200000-7f4933e00000 rw-p 00000000 00:00 0 
7f4933e17000-7f4934600000 rw-s 00000000 00:07 1147                       /dev/nvidiactl
7f4934600000-7f4934e00000 rw-p 00000000 00:00 0 
7f49350fb000-7f4935efb000 rw-p 00000000 00:00 0 
7f4935f80000-7f4937a00000 rw-p 00000000 00:00 0 
7f4937b00000-7f4938800000 rw-p 00000000 00:00 0 
7f4938900000-7f4939200000 rw-p 00000000 00:00 0 
7f4939280000-7f4939a00000 rw-p 00000000 00:00 0 
7f4939afc000-7f493aafc000 rw-s 00000000 00:07 1147                       /dev/nvidiactl
7f493aafc000-7f493aafd000 rw-p 00000000 00:00 0 
7f493aafd000-7f493ab01000 ---p 00000000 00:00 0 
7f493ab01000-7f493abfe000 rw-p 00000000 00:00 0 
7f493abfe000-7f493ac02000 ---p 00000000 00:00 0 
7f493ac02000-7f493acff000 rw-p 00000000 00:00 0 
7f493acff000-7f493ad03000 ---p 00000000 00:00 0 
7f493ad03000-7f493ae00000 rw-p 00000000 00:00 0 
7f493ae00000-7f493ae04000 ---p 00000000 00:00 0 
7f493ae04000-7f493af00000 rw-p 00000000 00:00 0 
7f493af00000-7f493bc00000 rw-p 00000000 00:00 0 
7f493bcef000-7f493bcf0000 rw-p 00000000 00:00 0 
7f493bcf0000-7f493bcf4000 ---p 00000000 00:00 0 
7f493bcf4000-7f493bdf1000 rw-p 00000000 00:00 0 
7f493bdf1000-7f493bdf5000 ---p 00000000 00:00 0 
7f493bdf5000-7f493bef1000 rw-p 00000000 00:00 0 
7f493bff2000-7f493bff3000 rw-p 00000000 00:00 0 
7f493bff3000-7f493bff7000 ---p 00000000 00:00 0 
7f493bff7000-7f493c0f3000 rw-p 00000000 00:00 0 
7f493c1f4000-7f493c1f5000 rw-p 00000000 00:00 0 
7f493c1f5000-7f493c1f9000 ---p 00000000 00:00 0 
7f493c1f9000-7f493c2f6000 rw-p 00000000 00:00 0 
7f493c2f6000-7f493c2fa000 ---p 00000000 00:00 0 
7f493c2fa000-7f493c3f7000 rw-p 00000000 00:00 0 
7f493c3f7000-7f493c3fb000 ---p 00000000 00:00 0 
7f493c3fb000-7f493c4f8000 rw-p 00000000 00:00 0 
7f493c4f8000-7f493c4fc000 ---p 00000000 00:00 0 
7f493c4fc000-7f493c5f9000 rw-p 00000000 00:00 0 
7f493c5f9000-7f493c5fd000 ---p 00000000 00:00 0 
7f493c5fd000-7f493c6fa000 rw-p 00000000 00:00 0 
7f493c6fa000-7f493c6fe000 ---p 00000000 00:00 0 
7f493c6fe000-7f493c7fb000 rw-p 00000000 00:00 0 
7f493c7fb000-7f493c7ff000 ---p 00000000 00:00 0 
7f493c7ff000-7f493c8fb000 rw-p 00000000 00:00 0 
7f493c8fb000-7f493d8fb000 rw-s 00000000 00:07 1147                       /dev/nvidiactl
7f493d8fb000-7f493d8fc000 rw-p 00000000 00:00 0 
7f493d8fc000-7f493d900000 ---p 00000000 00:00 0 
7f493d900000-7f493d9fd000 rw-p 00000000 00:00 0 
7f493d9fd000-7f493da01000 ---p 00000000 00:00 0 
7f493da01000-7f493dafe000 rw-p 00000000 00:00 0 
7f493dafe000-7f493db02000 ---p 00000000 00:00 0 
7f493db02000-7f493dbff000 rw-p 00000000 00:00 0 
7f493dbff000-7f493dc03000 ---p 00000000 00:00 0 
7f493dc03000-7f493dd00000 rw-p 00000000 00:00 0 
7f493dd00000-7f493dd04000 ---p 00000000 00:00 0 
7f493dd04000-7f493de00000 rw-p 00000000 00:00 0 
7f493de00000-7f493ee00000 rw-p 00000000 00:00 0 
7f493eef8000-7f493eef9000 rw-p 00000000 00:00 0 
7f493eef9000-7f493eefd000 ---p 00000000 00:00 0 
7f493eefd000-7f493fbff000 rw-p 00000000 00:00 0 
7f493fbff000-7f493ffff000 rw-s 00000000 00:07 1147                       /dev/nvidiactl
7f493ffff000-7f4944000000 rw-p 00000000 00:00 0 
7f4944000000-7f4944600000 rw-p 00000000 00:00 0 
7f49446fd000-7f4944bfd000 rw-p 00000000 00:00 0 
7f4944e00000-7f4945000000 rw-p 00000000 00:00 0 
7f49451f7000-7f49451f8000 rw-p 00000000 00:00 0 
7f49451f8000-7f49451fc000 ---p 00000000 00:00 0 
7f49451fc000-7f49454f9000 rw-p 00000000 00:00 0 
7f4945600000-7f4945800000 rw-p 00000000 00:00 0 
7f49459f7000-7f49459f8000 rw-p 00000000 00:00 0 
7f49459f8000-7f49459fc000 ---p 00000000 00:00 0 
7f49459fc000-7f4945cf9000 rw-p 00000000 00:00 0 
7f4945df8000-7f49461f8000 rw-s 00000000 00:07 1147                       /dev/nvidiactl
7f49461f8000-7f49461f9000 rw-p 00000000 00:00 0 
7f49461f9000-7f49461fd000 ---p 00000000 00:00 0 
7f49461fd000-7f49462f9000 rw-p 00000000 00:00 0 
7f49462f9000-7f49464f9000 rw-s 00000000 00:07 1147                       /dev/nvidiactl
7f49464f9000-7f49468f9000 rw-s 00000000 00:07 1147                       /dev/nvidiactl
7f4946924000-7f4946925000 rw-p 00000000 00:00 0 
7f4946925000-7f4946929000 ---p 00000000 00:00 0 
7f4946929000-7f4946a26000 rw-p 00000000 00:00 0 
7f4946a26000-7f4946a2a000 ---p 00000000 00:00 0 
7f4946a2a000-7f4946b27000 rw-p 00000000 00:00 0 
7f4946b27000-7f4946b2b000 ---p 00000000 00:00 0 
7f4946b2b000-7f4946c28000 rw-p 00000000 00:00 0 
7f4946c28000-7f4946c2c000 ---p 00000000 00:00 0 
7f4946c2c000-7f4946d29000 rw-p 00000000 00:00 0 
7f4946d29000-7f4946d2d000 ---p 00000000 00:00 0 
7f4946d2d000-7f4946e29000 rw-p 00000000 00:00 0 
7f4946e29000-7f4946e7c000 r--p 00000000 103:07 94999                     /run/media/ashy/Shared/.minecraftx/instances/Gearfall Dev/.sable/natives/sable_rapier_x86_64_linux.so
7f4946e7c000-7f4946fe6000 r-xp 00052000 103:07 94999                     /run/media/ashy/Shared/.minecraftx/instances/Gearfall Dev/.sable/natives/sable_rapier_x86_64_linux.so
7f4946fe6000-7f4946ff6000 r--p 001bb000 103:07 94999                     /run/media/ashy/Shared/.minecraftx/instances/Gearfall Dev/.sable/natives/sable_rapier_x86_64_linux.so
7f4946ff6000-7f4946ff7000 rw-p 001ca000 103:07 94999                     /run/media/ashy/Shared/.minecraftx/instances/Gearfall Dev/.sable/natives/sable_rapier_x86_64_linux.so
7f4946ff7000-7f4946ff8000 rw-p 00000000 00:00 0 
7f4946ff8000-7f4946ff9000 rw-p 00000000 00:00 0 
7f4946ff9000-7f4946ffd000 ---p 00000000 00:00 0 
7f4946ffd000-7f49470f9000 rw-p 00000000 00:00 0 
7f49470f9000-7f49472f9000 rw-s 00000000 00:07 1147                       /dev/nvidiactl
7f49472f9000-7f49474f9000 rw-s 00000000 00:07 1147                       /dev/nvidiactl
7f49474f9000-7f49474fa000 rw-p 00000000 00:00 0 
7f49474fa000-7f49474fe000 ---p 00000000 00:00 0 
7f49474fe000-7f49475fa000 rw-p 00000000 00:00 0 
7f49476fb000-7f49476fc000 rw-p 00000000 00:00 0 
7f49476fc000-7f4947700000 ---p 00000000 00:00 0 
7f4947700000-7f49477fd000 rw-p 00000000 00:00 0 
7f49477fd000-7f4947801000 ---p 00000000 00:00 0 
7f4947801000-7f49478fe000 rw-p 00000000 00:00 0 
7f49478fe000-7f4947902000 ---p 00000000 00:00 0 
7f4947902000-7f49479ff000 rw-p 00000000 00:00 0 
7f49479ff000-7f4947a03000 ---p 00000000 00:00 0 
7f4947a03000-7f4947b00000 rw-p 00000000 00:00 0 
7f4947b00000-7f4947b04000 ---p 00000000 00:00 0 
7f4947b04000-7f4947c00000 rw-p 00000000 00:00 0 
7f4947c00000-7f4948000000 rw-p 00000000 00:00 0 
7f494807f000-7f4948080000 rw-p 00000000 00:00 0 
7f4948080000-7f4948084000 ---p 00000000 00:00 0 
7f4948084000-7f4948180000 rw-p 00000000 00:00 0 
7f4948180000-7f4949600000 rw-p 00000000 00:00 0 
7f4949700000-7f494ae00000 rw-p 00000000 00:00 0 
7f494ae7f000-7f494ae80000 rw-p 00000000 00:00 0 
7f494ae80000-7f494ae84000 ---p 00000000 00:00 0 
7f494ae84000-7f494af80000 rw-p 00000000 00:00 0 
7f494af80000-7f494c200000 rw-p 00000000 00:00 0 
7f494c2ff000-7f494c300000 rw-p 00000000 00:00 0 
7f494c300000-7f494c304000 ---p 00000000 00:00 0 
7f494c304000-7f494c400000 rw-p 00000000 00:00 0 
7f494c400000-7f494c800000 rw-p 00000000 00:00 0 
7f494c8fd000-7f494c8fe000 rw-p 00000000 00:00 0 
7f494c8fe000-7f494c902000 ---p 00000000 00:00 0 
7f494c902000-7f494c9ff000 rw-p 00000000 00:00 0 
7f494c9ff000-7f494ca03000 ---p 00000000 00:00 0 
7f494ca03000-7f494cb00000 rw-p 00000000 00:00 0 
7f494cb00000-7f494cb04000 ---p 00000000 00:00 0 
7f494cb04000-7f494cc00000 rw-p 00000000 00:00 0 
7f494cc00000-7f494e200000 rw-p 00000000 00:00 0 
7f494e289000-7f494e28a000 rw-p 00000000 00:00 0 
7f494e28a000-7f494e28e000 ---p 00000000 00:00 0 
7f494e28e000-7f494e38a000 rw-p 00000000 00:00 0 
7f494e38a000-7f494e3a8000 r--p 00000000 103:07 94821                     /run/media/ashy/Shared/.minecraftx/versions/neoforge-21.1.248/neoforge-21.1.248-natives/libfreetype.so
7f494e3a8000-7f494e58c000 r-xp 0001e000 103:07 94821                     /run/media/ashy/Shared/.minecraftx/versions/neoforge-21.1.248/neoforge-21.1.248-natives/libfreetype.so
7f494e58c000-7f494e5f6000 r--p 00202000 103:07 94821                     /run/media/ashy/Shared/.minecraftx/versions/neoforge-21.1.248/neoforge-21.1.248-natives/libfreetype.so
7f494e5f6000-7f494e5f7000 ---p 0026c000 103:07 94821                     /run/media/ashy/Shared/.minecraftx/versions/neoforge-21.1.248/neoforge-21.1.248-natives/libfreetype.so
7f494e5f7000-7f494e5fe000 r--p 0026c000 103:07 94821                     /run/media/ashy/Shared/.minecraftx/versions/neoforge-21.1.248/neoforge-21.1.248-natives/libfreetype.so
7f494e5fe000-7f494e600000 rw-p 00273000 103:07 94821                     /run/media/ashy/Shared/.minecraftx/versions/neoforge-21.1.248/neoforge-21.1.248-natives/libfreetype.so
7f494e600000-7f494f600000 rw-p 00000000 00:00 0 
7f494f700000-7f4950400000 rw-p 00000000 00:00 0 
7f4950500000-7f4952000000 rw-p 00000000 00:00 0 
7f4952180000-7f4953000000 rw-p 00000000 00:00 0 
7f49531f6000-7f49531f7000 rw-p 00000000 00:00 0 
7f49531f7000-7f49531fb000 ---p 00000000 00:00 0 
7f49531fb000-7f49532f8000 rw-p 00000000 00:00 0 
7f49532f8000-7f49532fc000 ---p 00000000 00:00 0 
7f49532fc000-7f49533f9000 rw-p 00000000 00:00 0 
7f49533f9000-7f49533fd000 ---p 00000000 00:00 0 
7f49533fd000-7f49534fa000 rw-p 00000000 00:00 0 
7f49534fa000-7f49534fe000 ---p 00000000 00:00 0 
7f49534fe000-7f49535fb000 rw-p 00000000 00:00 0 
7f49535fb000-7f49535ff000 ---p 00000000 00:00 0 
7f49535ff000-7f49536fc000 rw-p 00000000 00:00 0 
7f49536fc000-7f4953700000 ---p 00000000 00:00 0 
7f4953700000-7f49537fd000 rw-p 00000000 00:00 0 
7f49537fd000-7f4953801000 ---p 00000000 00:00 0 
7f4953801000-7f49538fe000 rw-p 00000000 00:00 0 
7f49538fe000-7f4953902000 ---p 00000000 00:00 0 
7f4953902000-7f49539ff000 rw-p 00000000 00:00 0 
7f49539ff000-7f4953a03000 ---p 00000000 00:00 0 
7f4953a03000-7f4953b00000 rw-p 00000000 00:00 0 
7f4953b00000-7f4953b04000 ---p 00000000 00:00 0 
7f4953b04000-7f4953c00000 rw-p 00000000 00:00 0 
7f4953c00000-7f4954000000 rw-p 00000000 00:00 0 
7f4954128000-7f4954129000 rw-p 00000000 00:00 0 
7f4954129000-7f495412d000 ---p 00000000 00:00 0 
7f495412d000-7f495422a000 rw-p 00000000 00:00 0 
7f495422a000-7f495422e000 ---p 00000000 00:00 0 
7f495422e000-7f495432b000 rw-p 00000000 00:00 0 
7f495432b000-7f495432f000 ---p 00000000 00:00 0 
7f495432f000-7f495442b000 rw-p 00000000 00:00 0 
7f495442b000-7f49553fe000 rw-p 00000000 00:00 0 
7f49553fe000-7f49555fe000 rw-s 00000000 00:07 1147                       /dev/nvidiactl
7f49555fe000-7f49565ff000 rw-p 00000000 00:00 0 
7f49565ff000-7f4956e00000 rw-p 00000000 00:00 0 
7f4956e00000-7f4956e9a000 r--p 00000000 00:21 4974                       /usr/lib/libstdc++.so.6.0.36
7f4956e9a000-7f495707a000 r-xp 0009a000 00:21 4974                       /usr/lib/libstdc++.so.6.0.36
7f495707a000-7f495711a000 r--p 0027a000 00:21 4974                       /usr/lib/libstdc++.so.6.0.36
7f495711a000-7f495712b000 r--p 0031a000 00:21 4974                       /usr/lib/libstdc++.so.6.0.36
7f495712b000-7f495712c000 rw-p 0032b000 00:21 4974                       /usr/lib/libstdc++.so.6.0.36
7f495712c000-7f4957130000 rw-p 00000000 00:00 0 
7f4957200000-7f4957a00000 rw-p 00000000 00:00 0 
7f4957b00000-7f4959a00000 rw-p 00000000 00:00 0 
7f4959b00000-7f495a000000 rw-p 00000000 00:00 0 
7f495a000000-7f495b980000 rw-p 00000000 00:00 0 
7f495b980000-7f495ba00000 rw-p 00000000 00:00 0 
7f495ba00000-7f495d000000 rw-p 00000000 00:00 0 
7f495d000000-7f495d900000 rw-p 00000000 00:00 0 
7f495d900000-7f495da00000 rw-p 00000000 00:00 0 
7f495da00000-7f495e000000 rw-p 00000000 00:00 0 
7f495e000000-7f495e100000 rw-p 00000000 00:00 0 
7f495e100000-7f495e200000 rw-p 00000000 00:00 0 
7f495e200000-7f4962000000 rw-p 00000000 00:00 0 
7f4962000000-7f4966000000 rw-p 00000000 00:00 0 
7f4966000000-7f4966053000 r--p 00000000 00:21 9342                       /usr/lib/libcrypto.so.3
7f4966053000-7f49664ef000 r-xp 00053000 00:21 9342                       /usr/lib/libcrypto.so.3
7f49664ef000-7f496661b000 r--p 004ef000 00:21 9342                       /usr/lib/libcrypto.so.3
7f496661b000-7f496669a000 r--p 0061a000 00:21 9342                       /usr/lib/libcrypto.so.3
7f496669a000-7f496669d000 rw-p 00699000 00:21 9342                       /usr/lib/libcrypto.so.3
7f496669d000-7f49666a0000 rw-p 00000000 00:00 0 
7f49666ac000-7f49666bf000 r--p 00000000 103:07 456462                    /run/media/ashy/Shared/.minecraftx/versions/neoforge-21.1.248/neoforge-21.1.248-natives/libopenal.so
7f49666bf000-7f496675f000 r-xp 00013000 103:07 456462                    /run/media/ashy/Shared/.minecraftx/versions/neoforge-21.1.248/neoforge-21.1.248-natives/libopenal.so
7f496675f000-7f49667c1000 r--p 000b3000 103:07 456462                    /run/media/ashy/Shared/.minecraftx/versions/neoforge-21.1.248/neoforge-21.1.248-natives/libopenal.so
7f49667c1000-7f49667c2000 ---p 00115000 103:07 456462                    /run/media/ashy/Shared/.minecraftx/versions/neoforge-21.1.248/neoforge-21.1.248-natives/libopenal.so
7f49667c2000-7f49667c7000 r--p 00115000 103:07 456462                    /run/media/ashy/Shared/.minecraftx/versions/neoforge-21.1.248/neoforge-21.1.248-natives/libopenal.so
7f49667c7000-7f49667c8000 rw-p 0011a000 103:07 456462                    /run/media/ashy/Shared/.minecraftx/versions/neoforge-21.1.248/neoforge-21.1.248-natives/libopenal.so
7f49667c8000-7f4966843000 rw-p 00000000 00:00 0 
7f4966843000-7f496702c000 rw-s 00000000 00:07 1147                       /dev/nvidiactl
7f4967093000-7f4967413000 rw-p 00000000 00:00 0 
7f4967413000-7f4967414000 rw-p 00000000 00:00 0 
7f4967414000-7f4967418000 ---p 00000000 00:00 0 
7f4967418000-7f4967515000 rw-p 00000000 00:00 0 
7f4967515000-7f4967519000 ---p 00000000 00:00 0 
7f4967519000-7f4967616000 rw-p 00000000 00:00 0 
7f4967616000-7f496761a000 ---p 00000000 00:00 0 
7f496761a000-7f4967717000 rw-p 00000000 00:00 0 
7f4967717000-7f496771b000 ---p 00000000 00:00 0 
7f496771b000-7f4967817000 rw-p 00000000 00:00 0 
7f4967817000-7f4968000000 rw-s 00000000 00:07 1147                       /dev/nvidiactl
7f4968000000-7f49681e0000 rw-p 00000000 00:00 0 
7f49681e0000-7f4968b80000 rw-p 00000000 00:00 0 
7f4968b80000-7f4969fe0000 rw-p 00000000 00:00 0 
7f4969fe0000-7f496a000000 rw-p 00000000 00:00 0 
7f496a000000-7f496a780000 rw-p 00000000 00:00 0 
7f496a780000-7f496a800000 rw-p 00000000 00:00 0 
7f496a800000-7f496ab00000 rw-p 00000000 00:00 0 
7f496ab00000-7f496abc0000 rw-p 00000000 00:00 0 
7f496abc0000-7f496ac00000 rw-p 00000000 00:00 0 
7f496ac00000-7f496ad00000 rw-p 00000000 00:00 0 
7f496ad00000-7f496ae00000 rw-p 00000000 00:00 0 
7f496ae00000-7f496c000000 rw-p 00000000 00:00 0 
7f496c000000-7f496fff9000 rw-p 00000000 00:00 0 
7f496fff9000-7f4970000000 ---p 00000000 00:00 0 
7f4970026000-7f4970033000 r--p 00000000 00:21 167454                     /usr/lib/libpipewire-0.3.so.0.1608.0
7f4970033000-7f49700ba000 r-xp 0000d000 00:21 167454                     /usr/lib/libpipewire-0.3.so.0.1608.0
7f49700ba000-7f49700d8000 r--p 00094000 00:21 167454                     /usr/lib/libpipewire-0.3.so.0.1608.0
7f49700d8000-7f49700f4000 r--p 000b2000 00:21 167454                     /usr/lib/libpipewire-0.3.so.0.1608.0
7f49700f4000-7f49700f5000 rw-p 000ce000 00:21 167454                     /usr/lib/libpipewire-0.3.so.0.1608.0
7f49700f5000-7f49700f6000 rw-p 00000000 00:00 0 
7f49700f6000-7f49702f6000 rw-s 00000000 00:07 1147                       /dev/nvidiactl
7f4970316000-7f4970318000 r--p 00000000 00:21 179058                     /usr/lib/spa-0.2/audioconvert/libspa-audioconvert.so
7f4970318000-7f4970379000 r-xp 00002000 00:21 179058                     /usr/lib/spa-0.2/audioconvert/libspa-audioconvert.so
7f4970379000-7f49703e5000 r--p 00063000 00:21 179058                     /usr/lib/spa-0.2/audioconvert/libspa-audioconvert.so
7f49703e5000-7f49703f3000 r--p 000ce000 00:21 179058                     /usr/lib/spa-0.2/audioconvert/libspa-audioconvert.so
7f49703f3000-7f49703f6000 rw-p 000dc000 00:21 179058                     /usr/lib/spa-0.2/audioconvert/libspa-audioconvert.so
7f49703f6000-7f49703f7000 rw-p 00000000 00:00 0 
7f49703f7000-7f49703fb000 ---p 00000000 00:00 0 
7f49703fb000-7f49704f8000 rw-p 00000000 00:00 0 
7f49704f8000-7f49704fc000 ---p 00000000 00:00 0 
7f49704fc000-7f49705f9000 rw-p 00000000 00:00 0 
7f49705f9000-7f49705fd000 ---p 00000000 00:00 0 
7f49705fd000-7f49706fa000 rw-p 00000000 00:00 0 
7f49706fa000-7f49706fe000 ---p 00000000 00:00 0 
7f49706fe000-7f49707fb000 rw-p 00000000 00:00 0 
7f49707fb000-7f49707ff000 ---p 00000000 00:00 0 
7f49707ff000-7f49708fc000 rw-p 00000000 00:00 0 
7f49708fc000-7f4970900000 ---p 00000000 00:00 0 
7f4970900000-7f49709fd000 rw-p 00000000 00:00 0 
7f49709fd000-7f4970a01000 ---p 00000000 00:00 0 
7f4970a01000-7f4970afe000 rw-p 00000000 00:00 0 
7f4970afe000-7f4970b02000 ---p 00000000 00:00 0 
7f4970b02000-7f4970bff000 rw-p 00000000 00:00 0 
7f4970bff000-7f4970c03000 ---p 00000000 00:00 0 
7f4970c03000-7f4970d00000 rw-p 00000000 00:00 0 
7f4970d00000-7f4970d04000 ---p 00000000 00:00 0 
7f4970d04000-7f4970e00000 rw-p 00000000 00:00 0 
7f4970e00000-7f4971200000 rw-p 00000000 00:00 0 
7f4971278000-7f49712b8000 rw-s 00000000 00:07 1147                       /dev/nvidiactl
7f49712b8000-7f49712f8000 rw-s 00000000 00:07 1147                       /dev/nvidiactl
7f49712f8000-7f49712f9000 rw-p 00000000 00:00 0 
7f49712f9000-7f49712fd000 ---p 00000000 00:00 0 
7f49712fd000-7f49713fa000 rw-p 00000000 00:00 0 
7f49713fa000-7f49713fe000 ---p 00000000 00:00 0 
7f49713fe000-7f49714fb000 rw-p 00000000 00:00 0 
7f49714fb000-7f49714ff000 ---p 00000000 00:00 0 
7f49714ff000-7f49715fc000 rw-p 00000000 00:00 0 
7f49715fc000-7f4971600000 ---p 00000000 00:00 0 
7f4971600000-7f49716fd000 rw-p 00000000 00:00 0 
7f49716fd000-7f4971701000 ---p 00000000 00:00 0 
7f4971701000-7f49717fe000 rw-p 00000000 00:00 0 
7f49717fe000-7f4971802000 ---p 00000000 00:00 0 
7f4971802000-7f49718fe000 rw-p 00000000 00:00 0 
7f49718fe000-7f4971cff000 rw-p 00000000 00:00 0 
7f4971cff000-7f4971d00000 rw-p 00000000 00:00 0 
7f4971d00000-7f4971d04000 ---p 00000000 00:00 0 
7f4971d04000-7f4971e00000 rw-p 00000000 00:00 0 
7f4971e00000-7f4971e1e000 r-xp 00000000 103:07 93677                     /run/media/ashy/Shared/.minecraftx/versions/neoforge-21.1.248/neoforge-21.1.248-natives/jna14752943732664038662.tmp (deleted)
7f4971e1e000-7f497201d000 ---p 0001e000 103:07 93677                     /run/media/ashy/Shared/.minecraftx/versions/neoforge-21.1.248/neoforge-21.1.248-natives/jna14752943732664038662.tmp (deleted)
7f497201d000-7f497201e000 rw-p 0001d000 103:07 93677                     /run/media/ashy/Shared/.minecraftx/versions/neoforge-21.1.248/neoforge-21.1.248-natives/jna14752943732664038662.tmp (deleted)
7f497201e000-7f497201f000 rw-p 00000000 00:00 0 
7f497204b000-7f49720cb000 rw-s 00000000 00:07 1147                       /dev/nvidiactl
7f49720cb000-7f49720d0000 r--p 00000000 00:21 16953                      /usr/lib/libudev.so.1.7.14
7f49720d0000-7f49720fe000 r-xp 00005000 00:21 16953                      /usr/lib/libudev.so.1.7.14
7f49720fe000-7f4972115000 r--p 00033000 00:21 16953                      /usr/lib/libudev.so.1.7.14
7f4972115000-7f497211a000 r--p 0004a000 00:21 16953                      /usr/lib/libudev.so.1.7.14
7f497211a000-7f497211b000 rw-p 0004f000 00:21 16953                      /usr/lib/libudev.so.1.7.14
7f497219a000-7f497219b000 rw-p 00000000 00:00 0 
7f497219b000-7f497219f000 ---p 00000000 00:00 0 
7f497219f000-7f497229c000 rw-p 00000000 00:00 0 
7f497229c000-7f49722a0000 ---p 00000000 00:00 0 
7f49722a0000-7f497239d000 rw-p 00000000 00:00 0 
7f497239d000-7f49723a1000 ---p 00000000 00:00 0 
7f49723a1000-7f497249e000 rw-p 00000000 00:00 0 
7f497249e000-7f49724a2000 ---p 00000000 00:00 0 
7f49724a2000-7f497259f000 rw-p 00000000 00:00 0 
7f497259f000-7f49725a3000 ---p 00000000 00:00 0 
7f49725a3000-7f49726a0000 rw-p 00000000 00:00 0 
7f49726a0000-7f49726a4000 ---p 00000000 00:00 0 
7f49726a4000-7f49727a0000 rw-p 00000000 00:00 0 
7f49727a0000-7f497284d000 r-xp 00000000 103:07 449581                    /run/media/ashy/Shared/.minecraftx/jre/java-runtime-delta/lib/libawt.so
7f497284d000-7f497284e000 ---p 000ad000 103:07 449581                    /run/media/ashy/Shared/.minecraftx/jre/java-runtime-delta/lib/libawt.so
7f497284e000-7f497284f000 r--p 000ad000 103:07 449581                    /run/media/ashy/Shared/.minecraftx/jre/java-runtime-delta/lib/libawt.so
7f497284f000-7f497285a000 rw-p 000ae000 103:07 449581                    /run/media/ashy/Shared/.minecraftx/jre/java-runtime-delta/lib/libawt.so
7f497285a000-7f497287f000 rw-p 00000000 00:00 0 
7f497287f000-7f4972a7f000 rw-s 00000000 00:07 1147                       /dev/nvidiactl
7f4972a7f000-7f4972b7f000 rw-s 00000000 00:07 1147                       /dev/nvidiactl
7f4972b7f000-7f4972bbf000 rw-s 00000000 00:07 1147                       /dev/nvidiactl
7f4972bbf000-7f4972bff000 rw-s 00000000 00:07 1147                       /dev/nvidiactl
7f4972bff000-7f4973400000 rw-p 00000000 00:00 0 
7f4973400000-7f4973e00000 rw-p 00000000 00:00 0 
7f4973e0a000-7f4973e0b000 rw-s 00000000 00:07 1147                       /dev/nvidiactl
7f4973e0f000-7f4973e22000 rw-s 00000000 00:07 1147                       /dev/nvidiactl
7f4973e22000-7f4973e23000 rw-s 00000000 00:07 1149                       /dev/nvidia0
7f4973e23000-7f4973e25000 rw-s 00000000 00:07 1147                       /dev/nvidiactl
7f4973e25000-7f4973e26000 rw-s 00000000 00:07 1149                       /dev/nvidia0
7f4973e26000-7f4973e27000 rw-s 00000000 00:07 1149                       /dev/nvidia0
7f4973e27000-7f4973e28000 rw-s 00000000 00:07 1149                       /dev/nvidia0
7f4973eab000-7f4973eac000 rw-p 00000000 00:00 0 
7f4973eac000-7f4973eb0000 ---p 00000000 00:00 0 
7f4973eb0000-7f4973fad000 rw-p 00000000 00:00 0 
7f4973fad000-7f4973fb1000 ---p 00000000 00:00 0 
7f4973fb1000-7f49740ae000 rw-p 00000000 00:00 0 
7f49740ae000-7f49740b2000 ---p 00000000 00:00 0 
7f49740b2000-7f49741ae000 rw-p 00000000 00:00 0 
7f49742af000-7f49742ba000 r--p 00000000 00:21 9162                       /usr/lib/libzstd.so.1.5.7
7f49742ba000-7f49743f2000 r-xp 0000b000 00:21 9162                       /usr/lib/libzstd.so.1.5.7
7f49743f2000-7f4974408000 r--p 00143000 00:21 9162                       /usr/lib/libzstd.so.1.5.7
7f4974408000-7f4974409000 r--p 00159000 00:21 9162                       /usr/lib/libzstd.so.1.5.7
7f4974409000-7f497440a000 rw-p 0015a000 00:21 9162                       /usr/lib/libzstd.so.1.5.7
7f497440a000-7f497440b000 r--p 00000000 00:21 8767                       /usr/lib/libbrotlienc.so.1.2.0
7f497440b000-7f49744b3000 r-xp 00001000 00:21 8767                       /usr/lib/libbrotlienc.so.1.2.0
7f49744b3000-7f4974505000 r--p 000a9000 00:21 8767                       /usr/lib/libbrotlienc.so.1.2.0
7f4974505000-7f4974506000 r--p 000fa000 00:21 8767                       /usr/lib/libbrotlienc.so.1.2.0
7f4974506000-7f4974507000 rw-p 000fb000 00:21 8767                       /usr/lib/libbrotlienc.so.1.2.0
7f4974507000-7f4974cf0000 rw-s 00000000 00:07 1147                       /dev/nvidiactl
7f4974cf0000-7f4974df0000 rw-s 00000000 00:07 1147                       /dev/nvidiactl
7f4974df0000-7f4974e70000 rw-s 00000000 00:07 1147                       /dev/nvidiactl
7f4974e70000-7f4974eb0000 rw-s 00000000 00:07 1147                       /dev/nvidiactl
7f4974eb0000-7f4974ed0000 rw-s 00000000 00:07 1147                       /dev/nvidiactl
7f4974ed0000-7f4974f10000 rw-s 00000000 00:07 1147                       /dev/nvidiactl
7f4974f10000-7f4974f30000 rw-s 00000000 00:07 1147                       /dev/nvidiactl
7f4974f30000-7f4974f70000 rw-s 00000000 00:07 1147                       /dev/nvidiactl
7f4974f70000-7f4974f77000 r--s 00000000 00:21 139723                     /usr/lib/gconv/gconv-modules.cache
7f4974f77000-7f4974f78000 rw-p 00000000 00:00 0 
7f4974f78000-7f4974f79000 rw-p 00000000 00:00 0 
7f4974f79000-7f4974f8c000 rw-s 00000000 00:07 1147                       /dev/nvidiactl
7f4974f8c000-7f4974fac000 rw-s 00000000 00:07 1147                       /dev/nvidiactl
7f4974fac000-7f4974fcc000 rw-s 00000000 00:07 1147                       /dev/nvidiactl
7f4974fcc000-7f497500c000 rw-s 00000000 00:07 1147                       /dev/nvidiactl
7f497502c000-7f497505f000 r--p 00000000 103:07 456406                    /run/media/ashy/Shared/.minecraftx/versions/neoforge-21.1.248/neoforge-21.1.248-natives/liblwjgl_opengl.so
7f497505f000-7f4975073000 r-xp 00033000 103:07 456406                    /run/media/ashy/Shared/.minecraftx/versions/neoforge-21.1.248/neoforge-21.1.248-natives/liblwjgl_opengl.so
7f4975073000-7f4975083000 r--p 00047000 103:07 456406                    /run/media/ashy/Shared/.minecraftx/versions/neoforge-21.1.248/neoforge-21.1.248-natives/liblwjgl_opengl.so
7f4975083000-7f4975084000 r--p 00056000 103:07 456406                    /run/media/ashy/Shared/.minecraftx/versions/neoforge-21.1.248/neoforge-21.1.248-natives/liblwjgl_opengl.so
7f4975084000-7f4975085000 rw-p 00057000 103:07 456406                    /run/media/ashy/Shared/.minecraftx/versions/neoforge-21.1.248/neoforge-21.1.248-natives/liblwjgl_opengl.so
7f4975085000-7f497508e000 rw-s 00008000 00:01 2849                       /memfd:pipewire-memfd:flags=0x0000000f,type=2,size=65664 (deleted)
7f497508e000-7f4975090000 r--p 00000000 00:21 167501                     /usr/lib/pipewire-0.3/libpipewire-module-session-manager.so
7f4975090000-7f49750af000 r-xp 00002000 00:21 167501                     /usr/lib/pipewire-0.3/libpipewire-module-session-manager.so
7f49750af000-7f49750b4000 r--p 00021000 00:21 167501                     /usr/lib/pipewire-0.3/libpipewire-module-session-manager.so
7f49750b4000-7f49750b6000 r--p 00025000 00:21 167501                     /usr/lib/pipewire-0.3/libpipewire-module-session-manager.so
7f49750b6000-7f49750b7000 rw-p 00027000 00:21 167501                     /usr/lib/pipewire-0.3/libpipewire-module-session-manager.so
7f49750b7000-7f49750b9000 r--p 00000000 00:21 167495                     /usr/lib/pipewire-0.3/libpipewire-module-metadata.so
7f49750b9000-7f49750c2000 r-xp 00002000 00:21 167495                     /usr/lib/pipewire-0.3/libpipewire-module-metadata.so
7f49750c2000-7f49750c4000 r--p 0000b000 00:21 167495                     /usr/lib/pipewire-0.3/libpipewire-module-metadata.so
7f49750c4000-7f49750c5000 r--p 0000c000 00:21 167495                     /usr/lib/pipewire-0.3/libpipewire-module-metadata.so
7f49750c5000-7f49750c6000 rw-p 0000d000 00:21 167495                     /usr/lib/pipewire-0.3/libpipewire-module-metadata.so
7f49750c6000-7f49750c8000 r--p 00000000 00:21 167490                     /usr/lib/pipewire-0.3/libpipewire-module-adapter.so
7f49750c8000-7f49750cc000 r-xp 00002000 00:21 167490                     /usr/lib/pipewire-0.3/libpipewire-module-adapter.so
7f49750cc000-7f49750ce000 r--p 00006000 00:21 167490                     /usr/lib/pipewire-0.3/libpipewire-module-adapter.so
7f49750ce000-7f49750cf000 r--p 00007000 00:21 167490                     /usr/lib/pipewire-0.3/libpipewire-module-adapter.so
7f49750cf000-7f49750d0000 rw-p 00008000 00:21 167490                     /usr/lib/pipewire-0.3/libpipewire-module-adapter.so
7f49750d0000-7f49750d7000 r-xp 00000000 103:07 449585                    /run/media/ashy/Shared/.minecraftx/jre/java-runtime-delta/lib/libawt_headless.so
7f49750d7000-7f49750d8000 r--p 00006000 103:07 449585                    /run/media/ashy/Shared/.minecraftx/jre/java-runtime-delta/lib/libawt_headless.so
7f49750d8000-7f49750d9000 rw-p 00007000 103:07 449585                    /run/media/ashy/Shared/.minecraftx/jre/java-runtime-delta/lib/libawt_headless.so
7f49750d9000-7f49750da000 r--p 00000000 00:21 8761                       /usr/lib/libbrotlicommon.so.1.2.0
7f49750da000-7f49750db000 r-xp 00001000 00:21 8761                       /usr/lib/libbrotlicommon.so.1.2.0
7f49750db000-7f49750fa000 r--p 00002000 00:21 8761                       /usr/lib/libbrotlicommon.so.1.2.0
7f49750fa000-7f49750fb000 r--p 00021000 00:21 8761                       /usr/lib/libbrotlicommon.so.1.2.0
7f49750fb000-7f49750fc000 rw-p 00022000 00:21 8761                       /usr/lib/libbrotlicommon.so.1.2.0
7f49750fc000-7f49750fd000 r--p 00000000 00:21 8764                       /usr/lib/libbrotlidec.so.1.2.0
7f49750fd000-7f4975107000 r-xp 00001000 00:21 8764                       /usr/lib/libbrotlidec.so.1.2.0
7f4975107000-7f497510a000 r--p 0000b000 00:21 8764                       /usr/lib/libbrotlidec.so.1.2.0
7f497510a000-7f497510b000 r--p 0000d000 00:21 8764                       /usr/lib/libbrotlidec.so.1.2.0
7f497510b000-7f497510c000 rw-p 0000e000 00:21 8764                       /usr/lib/libbrotlidec.so.1.2.0
7f497510c000-7f497510e000 r--p 00000000 00:39 336                        /tmp/native-17942632833265861651.so
7f497510e000-7f497511a000 r-xp 00002000 00:39 336                        /tmp/native-17942632833265861651.so
7f497511a000-7f497511c000 r--p 0000e000 00:39 336                        /tmp/native-17942632833265861651.so
7f497511c000-7f497511d000 ---p 00010000 00:39 336                        /tmp/native-17942632833265861651.so
7f497511d000-7f497511e000 r--p 00010000 00:39 336                        /tmp/native-17942632833265861651.so
7f497511e000-7f497511f000 rw-p 00011000 00:39 336                        /tmp/native-17942632833265861651.so
7f497511f000-7f4975120000 rw-p 00000000 00:00 0 
7f4975120000-7f4975124000 ---p 00000000 00:00 0 
7f4975124000-7f4975220000 rw-p 00000000 00:00 0 
7f4975220000-7f4975227000 r--p 00000000 103:07 456417                    /run/media/ashy/Shared/.minecraftx/versions/neoforge-21.1.248/neoforge-21.1.248-natives/liblwjgl_stb.so
7f4975227000-7f497528a000 r-xp 00007000 103:07 456417                    /run/media/ashy/Shared/.minecraftx/versions/neoforge-21.1.248/neoforge-21.1.248-natives/liblwjgl_stb.so
7f497528a000-7f4975296000 r--p 0006a000 103:07 456417                    /run/media/ashy/Shared/.minecraftx/versions/neoforge-21.1.248/neoforge-21.1.248-natives/liblwjgl_stb.so
7f4975296000-7f4975297000 r--p 00075000 103:07 456417                    /run/media/ashy/Shared/.minecraftx/versions/neoforge-21.1.248/neoforge-21.1.248-natives/liblwjgl_stb.so
7f4975297000-7f4975298000 rw-p 00076000 103:07 456417                    /run/media/ashy/Shared/.minecraftx/versions/neoforge-21.1.248/neoforge-21.1.248-natives/liblwjgl_stb.so
7f4975298000-7f49752b8000 rw-s 00000000 00:07 1147                       /dev/nvidiactl
7f49752b8000-7f49752cd000 r--p 00000000 00:21 16950                      /usr/lib/libsystemd.so.0.44.0
7f49752cd000-7f49753a6000 r-xp 00015000 00:21 16950                      /usr/lib/libsystemd.so.0.44.0
7f49753a6000-7f49753f5000 r--p 000ee000 00:21 16950                      /usr/lib/libsystemd.so.0.44.0
7f49753f5000-7f49753fe000 r--p 0013c000 00:21 16950                      /usr/lib/libsystemd.so.0.44.0
7f49753fe000-7f49753ff000 rw-p 00145000 00:21 16950                      /usr/lib/libsystemd.so.0.44.0
7f49753ff000-7f4975400000 rw-p 00000000 00:00 0 
7f4975400000-7f49756ab000 r--p 00000000 00:21 143551                     /usr/lib/libnvidia-gpucomp.so.580.173.02
7f49756ab000-7f4978799000 r-xp 002ab000 00:21 143551                     /usr/lib/libnvidia-gpucomp.so.580.173.02
7f4978799000-7f4979609000 r--p 03399000 00:21 143551                     /usr/lib/libnvidia-gpucomp.so.580.173.02
7f4979609000-7f497960a000 ---p 04209000 00:21 143551                     /usr/lib/libnvidia-gpucomp.so.580.173.02
7f497960a000-7f49797e1000 r--p 04209000 00:21 143551                     /usr/lib/libnvidia-gpucomp.so.580.173.02
7f49797e1000-7f49798ec000 rw-p 043e0000 00:21 143551                     /usr/lib/libnvidia-gpucomp.so.580.173.02
7f49798ec000-7f497998c000 rw-p 00000000 00:00 0 
7f497998c000-7f4979990000 rw-s 00000000 00:07 1147                       /dev/nvidiactl
7f4979990000-7f4979991000 rw-s 00000000 00:07 1149                       /dev/nvidia0
7f4979991000-7f4979993000 rw-s 00000000 00:07 1147                       /dev/nvidiactl
7f4979993000-7f4979994000 rw-s 00000000 00:07 1149                       /dev/nvidia0
7f4979994000-7f4979995000 rw-s 00000000 00:07 1149                       /dev/nvidia0
7f4979995000-7f4979996000 rw-s 00000000 00:07 1149                       /dev/nvidia0
7f4979996000-7f4979997000 rw-s 00000000 00:07 1147                       /dev/nvidiactl
7f497999e000-7f497999f000 r--p 00000000 00:39 338                        /tmp/native-1309992866244201504.so
7f497999f000-7f49799a0000 r-xp 00001000 00:39 338                        /tmp/native-1309992866244201504.so
7f49799a0000-7f49799a1000 r--p 00002000 00:39 338                        /tmp/native-1309992866244201504.so
7f49799a1000-7f49799a2000 r--p 00002000 00:39 338                        /tmp/native-1309992866244201504.so
7f49799a2000-7f49799a3000 rw-p 00003000 00:39 338                        /tmp/native-1309992866244201504.so
7f49799a6000-7f49799b4000 r--p 00000000 00:21 26897                      /usr/lib/libdbus-1.so.3.38.3
7f49799b4000-7f49799eb000 r-xp 0000e000 00:21 26897                      /usr/lib/libdbus-1.so.3.38.3
7f49799eb000-7f49799fd000 r--p 00045000 00:21 26897                      /usr/lib/libdbus-1.so.3.38.3
7f49799fd000-7f49799ff000 r--p 00056000 00:21 26897                      /usr/lib/libdbus-1.so.3.38.3
7f49799ff000-7f4979a00000 rw-p 00058000 00:21 26897                      /usr/lib/libdbus-1.so.3.38.3
7f4979a00000-7f4979c59000 r-xp 00000000 00:21 143545                     /usr/lib/libnvidia-glcore.so.580.173.02
7f4979c59000-7f4979c7a000 rwxp 00259000 00:21 143545                     /usr/lib/libnvidia-glcore.so.580.173.02
7f4979c7a000-7f4979e00000 r-xp 0027a000 00:21 143545                     /usr/lib/libnvidia-glcore.so.580.173.02
7f4979e00000-7f497aa00000 r-xp 00400000 00:21 143545                     /usr/lib/libnvidia-glcore.so.580.173.02
7f497aa00000-7f497bb7b000 r-xp 01000000 00:21 143545                     /usr/lib/libnvidia-glcore.so.580.173.02
7f497bb7b000-7f497bcf6000 r--p 0217a000 00:21 143545                     /usr/lib/libnvidia-glcore.so.580.173.02
7f497bcf6000-7f497bd59000 rw-p 022f5000 00:21 143545                     /usr/lib/libnvidia-glcore.so.580.173.02
7f497bd59000-7f497bd79000 rw-p 00000000 00:00 0 
7f497bd79000-7f497bd7b000 rw-s 00000000 00:01 5889                       /memfd:/.glXXXXXX (deleted)
7f497bd7b000-7f497bd7c000 rw-s 00000000 00:07 1147                       /dev/nvidiactl
7f497bd7c000-7f497bd80000 rw-s 00000000 00:07 1147                       /dev/nvidiactl
7f497bd80000-7f497bd93000 rw-s 00000000 00:07 1147                       /dev/nvidiactl
7f497bd93000-7f497bd94000 rw-s 00000000 00:07 1149                       /dev/nvidia0
7f497bd94000-7f497bd98000 r--p 00000000 00:21 143530                     /usr/lib/libnvidia-allocator.so.580.173.02
7f497bd98000-7f497bdb1000 r-xp 00004000 00:21 143530                     /usr/lib/libnvidia-allocator.so.580.173.02
7f497bdb1000-7f497bdbc000 r--p 0001d000 00:21 143530                     /usr/lib/libnvidia-allocator.so.580.173.02
7f497bdbc000-7f497bdbd000 r--p 00027000 00:21 143530                     /usr/lib/libnvidia-allocator.so.580.173.02
7f497bdbd000-7f497bdbe000 rw-p 00028000 00:21 143530                     /usr/lib/libnvidia-allocator.so.580.173.02
7f497bdbe000-7f497bdc0000 rw-p 00000000 00:00 0 
7f497bdc0000-7f497bdd0000 r--p 00000000 00:21 143547                     /usr/lib/libnvidia-glsi.so.580.173.02
7f497bdd0000-7f497be30000 r-xp 00010000 00:21 143547                     /usr/lib/libnvidia-glsi.so.580.173.02
7f497be30000-7f497be4d000 r--p 00070000 00:21 143547                     /usr/lib/libnvidia-glsi.so.580.173.02
7f497be4d000-7f497be53000 r--p 0008c000 00:21 143547                     /usr/lib/libnvidia-glsi.so.580.173.02
7f497be53000-7f497be54000 rw-p 00092000 00:21 143547                     /usr/lib/libnvidia-glsi.so.580.173.02
7f497be54000-7f497be5c000 rw-p 00000000 00:00 0 
7f497be5c000-7f497bead000 r--p 00000000 00:21 143518                     /usr/lib/libGLX_nvidia.so.580.173.02
7f497bead000-7f497bf0a000 r-xp 00051000 00:21 143518                     /usr/lib/libGLX_nvidia.so.580.173.02
7f497bf0a000-7f497bf3f000 rwxp 000ae000 00:21 143518                     /usr/lib/libGLX_nvidia.so.580.173.02
7f497bf3f000-7f497bf40000 r-xp 000e3000 00:21 143518                     /usr/lib/libGLX_nvidia.so.580.173.02
7f497bf40000-7f497bf60000 r--p 000e4000 00:21 143518                     /usr/lib/libGLX_nvidia.so.580.173.02
7f497bf60000-7f497bf80000 r--p 00103000 00:21 143518                     /usr/lib/libGLX_nvidia.so.580.173.02
7f497bf80000-7f497bf85000 rw-p 00123000 00:21 143518                     /usr/lib/libGLX_nvidia.so.580.173.02
7f497bf85000-7f497bf87000 rw-p 00000000 00:00 0 
7f497bf87000-7f497bf89000 r--p 00000000 00:21 131477                     /usr/lib/libGLdispatch.so.0.0.0
7f497bf89000-7f497bf8c000 r-xp 00002000 00:21 131477                     /usr/lib/libGLdispatch.so.0.0.0
7f497bf8c000-7f497bfc7000 r-xp 00005000 00:21 131477                     /usr/lib/libGLdispatch.so.0.0.0
7f497bfc7000-7f497bfc8000 r-xp 00040000 00:21 131477                     /usr/lib/libGLdispatch.so.0.0.0
7f497bfc8000-7f497bfdb000 r--p 00041000 00:21 131477                     /usr/lib/libGLdispatch.so.0.0.0
7f497bfdb000-7f497bff7000 r--p 00054000 00:21 131477                     /usr/lib/libGLdispatch.so.0.0.0
7f497bff7000-7f497bff8000 rw-p 00070000 00:21 131477                     /usr/lib/libGLdispatch.so.0.0.0
7f497bff8000-7f497c500000 rw-p 00000000 00:00 0 
7f497c500000-7f497c520000 rw-p 00000000 00:00 0 
7f497c520000-7f497c540000 rw-p 00000000 00:00 0 
7f497c540000-7f497c580000 rw-p 00000000 00:00 0 
7f497c580000-7f497c700000 rw-p 00000000 00:00 0 
7f497c700000-7f497c720000 rw-p 00000000 00:00 0 
7f497c720000-7f497c740000 rw-p 00000000 00:00 0 
7f497c740000-7f497c780000 rw-p 00000000 00:00 0 
7f497c780000-7f497ca00000 rw-p 00000000 00:00 0 
7f497ca00000-7f497cb00000 rw-p 00000000 00:00 0 
7f497cb00000-7f497cd00000 rw-p 00000000 00:00 0 
7f497cd00000-7f497cf00000 rw-p 00000000 00:00 0 
7f497cf00000-7f497d000000 rw-p 00000000 00:00 0 
7f497d000000-7f497d100000 rw-p 00000000 00:00 0 
7f497d100000-7f497d200000 rw-p 00000000 00:00 0 
7f497d200000-7f497d280000 rw-p 00000000 00:00 0 
7f497d280000-7f497d300000 rw-p 00000000 00:00 0 
7f497d300000-7f497d440000 rw-p 00000000 00:00 0 
7f497d440000-7f497d480000 rw-p 00000000 00:00 0 
7f497d480000-7f497d500000 rw-p 00000000 00:00 0 
7f497d500000-7f497d700000 rw-p 00000000 00:00 0 
7f497d700000-7f497d800000 rw-p 00000000 00:00 0 
7f497d800000-7f497d900000 rw-p 00000000 00:00 0 
7f497d900000-7f497da00000 rw-p 00000000 00:00 0 
7f497da00000-7f497ddc0000 rw-p 00000000 00:00 0 
7f497ddc0000-7f497dde0000 rw-p 00000000 00:00 0 
7f497dde0000-7f497df40000 rw-p 00000000 00:00 0 
7f497df40000-7f497df60000 rw-p 00000000 00:00 0 
7f497df60000-7f497e100000 rw-p 00000000 00:00 0 
7f497e100000-7f497e300000 rw-p 00000000 00:00 0 
7f497e300000-7f497e400000 rw-p 00000000 00:00 0 
7f497e400000-7f497e500000 rw-p 00000000 00:00 0 
7f497e500000-7f497e600000 rw-p 00000000 00:00 0 
7f497e600000-7f497e700000 rw-p 00000000 00:00 0 
7f497e700000-7f497e800000 rw-p 00000000 00:00 0 
7f497e800000-7f497ebc0000 rw-p 00000000 00:00 0 
7f497ebc0000-7f497ec00000 rw-p 00000000 00:00 0 
7f497ec00000-7f497ef00000 rw-p 00000000 00:00 0 
7f497ef00000-7f497f000000 rw-p 00000000 00:00 0 
7f497f000000-7f4980000000 rw-p 00000000 00:00 0 
7f4980000000-7f49822d4000 rw-p 00000000 00:00 0 
7f49822d4000-7f4984000000 ---p 00000000 00:00 0 
7f4984000000-7f4987f09000 rw-p 00000000 00:00 0 
7f4987f09000-7f4988000000 ---p 00000000 00:00 0 
7f4988000000-7f498a7fd000 rw-p 00000000 00:00 0 
7f498a7fd000-7f498c000000 ---p 00000000 00:00 0 
7f498c000000-7f498c002000 rw-s 00000000 00:07 1147                       /dev/nvidiactl
7f498c002000-7f498c006000 rw-s 00000000 00:07 1147                       /dev/nvidiactl
7f498c006000-7f498c007000 rw-s 00000000 00:07 1149                       /dev/nvidia0
7f498c007000-7f498c008000 rw-s 00000000 00:07 1149                       /dev/nvidia0
7f498c008000-7f498c028000 rw-s 00000000 00:07 1147                       /dev/nvidiactl
7f498c028000-7f498c02d000 r--p 00000000 00:21 63249                      /usr/lib/libdrm.so.2.134.0
7f498c02d000-7f498c03b000 r-xp 00005000 00:21 63249                      /usr/lib/libdrm.so.2.134.0
7f498c03b000-7f498c03f000 r--p 00013000 00:21 63249                      /usr/lib/libdrm.so.2.134.0
7f498c03f000-7f498c040000 r--p 00017000 00:21 63249                      /usr/lib/libdrm.so.2.134.0
7f498c040000-7f498c041000 rw-p 00018000 00:21 63249                      /usr/lib/libdrm.so.2.134.0
7f498c041000-7f498c044000 r--p 00000000 00:21 59406                      /usr/lib/libxcb-xfixes.so.0.0.0
7f498c044000-7f498c047000 r-xp 00003000 00:21 59406                      /usr/lib/libxcb-xfixes.so.0.0.0
7f498c047000-7f498c048000 r--p 00006000 00:21 59406                      /usr/lib/libxcb-xfixes.so.0.0.0
7f498c048000-7f498c049000 r--p 00007000 00:21 59406                      /usr/lib/libxcb-xfixes.so.0.0.0
7f498c049000-7f498c04a000 rw-p 00008000 00:21 59406                      /usr/lib/libxcb-xfixes.so.0.0.0
7f498c04a000-7f498c04d000 r--p 00000000 00:21 59400                      /usr/lib/libxcb-sync.so.1.0.0
7f498c04d000-7f498c050000 r-xp 00003000 00:21 59400                      /usr/lib/libxcb-sync.so.1.0.0
7f498c050000-7f498c051000 r--p 00006000 00:21 59400                      /usr/lib/libxcb-sync.so.1.0.0
7f498c051000-7f498c052000 r--p 00007000 00:21 59400                      /usr/lib/libxcb-sync.so.1.0.0
7f498c052000-7f498c053000 rw-p 00008000 00:21 59400                      /usr/lib/libxcb-sync.so.1.0.0
7f498c053000-7f498c05a000 r--p 00000000 00:21 59379                      /usr/lib/libxcb-randr.so.0.1.0
7f498c05a000-7f498c060000 r-xp 00007000 00:21 59379                      /usr/lib/libxcb-randr.so.0.1.0
7f498c060000-7f498c063000 r--p 0000d000 00:21 59379                      /usr/lib/libxcb-randr.so.0.1.0
7f498c063000-7f498c064000 r--p 00010000 00:21 59379                      /usr/lib/libxcb-randr.so.0.1.0
7f498c064000-7f498c065000 rw-p 00011000 00:21 59379                      /usr/lib/libxcb-randr.so.0.1.0
7f498c065000-7f498c067000 r--p 00000000 00:21 131474                     /usr/lib/libGLX.so.0.0.0
7f498c067000-7f498c082000 r-xp 00002000 00:21 131474                     /usr/lib/libGLX.so.0.0.0
7f498c082000-7f498c085000 r--p 0001d000 00:21 131474                     /usr/lib/libGLX.so.0.0.0
7f498c085000-7f498c086000 r--p 00020000 00:21 131474                     /usr/lib/libGLX.so.0.0.0
7f498c086000-7f498c087000 rw-p 00021000 00:21 131474                     /usr/lib/libGLX.so.0.0.0
7f498c087000-7f498c097000 rw-p 00000000 00:00 0 
7f498c097000-7f498c0ae000 r--p 00000000 00:21 61792                      /usr/lib/libX11.so.6.4.0
7f498c0ae000-7f498c164000 r-xp 00017000 00:21 61792                      /usr/lib/libX11.so.6.4.0
7f498c164000-7f498c1f9000 r--p 000cd000 00:21 61792                      /usr/lib/libX11.so.6.4.0
7f498c1f9000-7f498c1fc000 r--p 00162000 00:21 61792                      /usr/lib/libX11.so.6.4.0
7f498c1fc000-7f498c1ff000 rw-p 00165000 00:21 61792                      /usr/lib/libX11.so.6.4.0
7f498c1ff000-7f498c200000 rw-p 00000000 00:00 0 
7f498c200000-7f498ca00000 rw-p 00000000 00:00 0 
7f498ca00000-7f498ca01000 r--p 00000000 00:21 59376                      /usr/lib/libxcb-present.so.0.0.0
7f498ca01000-7f498ca02000 r-xp 00001000 00:21 59376                      /usr/lib/libxcb-present.so.0.0.0
7f498ca02000-7f498ca03000 r--p 00002000 00:21 59376                      /usr/lib/libxcb-present.so.0.0.0
7f498ca03000-7f498ca04000 r--p 00002000 00:21 59376                      /usr/lib/libxcb-present.so.0.0.0
7f498ca04000-7f498ca05000 rw-p 00003000 00:21 59376                      /usr/lib/libxcb-present.so.0.0.0
7f498ca05000-7f498ca07000 r--p 00000000 00:21 59370                      /usr/lib/libxcb-dri3.so.0.1.0
7f498ca07000-7f498ca09000 r-xp 00002000 00:21 59370                      /usr/lib/libxcb-dri3.so.0.1.0
7f498ca09000-7f498ca0a000 r--p 00004000 00:21 59370                      /usr/lib/libxcb-dri3.so.0.1.0
7f498ca0a000-7f498ca0b000 r--p 00004000 00:21 59370                      /usr/lib/libxcb-dri3.so.0.1.0
7f498ca0b000-7f498ca0c000 rw-p 00005000 00:21 59370                      /usr/lib/libxcb-dri3.so.0.1.0
7f498ca0c000-7f498ca18000 r--p 00000000 00:21 59373                      /usr/lib/libxcb-glx.so.0.0.0
7f498ca18000-7f498ca21000 r-xp 0000c000 00:21 59373                      /usr/lib/libxcb-glx.so.0.0.0
7f498ca21000-7f498ca26000 r--p 00015000 00:21 59373                      /usr/lib/libxcb-glx.so.0.0.0
7f498ca26000-7f498ca28000 r--p 0001a000 00:21 59373                      /usr/lib/libxcb-glx.so.0.0.0
7f498ca28000-7f498ca29000 rw-p 0001c000 00:21 59373                      /usr/lib/libxcb-glx.so.0.0.0
7f498ca29000-7f498ca2a000 r--p 00000000 00:21 143581                     /usr/lib/libnvidia-tls.so.580.173.02
7f498ca2a000-7f498ca2c000 r-xp 00001000 00:21 143581                     /usr/lib/libnvidia-tls.so.580.173.02
7f498ca2c000-7f498ca2d000 r--p 00003000 00:21 143581                     /usr/lib/libnvidia-tls.so.580.173.02
7f498ca2d000-7f498ca2e000 r--p 00003000 00:21 143581                     /usr/lib/libnvidia-tls.so.580.173.02
7f498ca2e000-7f498ca2f000 rw-p 00004000 00:21 143581                     /usr/lib/libnvidia-tls.so.580.173.02
7f498ca2f000-7f498ca30000 r--p 00000000 00:21 61789                      /usr/lib/libX11-xcb.so.1.0.0
7f498ca30000-7f498ca31000 r-xp 00001000 00:21 61789                      /usr/lib/libX11-xcb.so.1.0.0
7f498ca31000-7f498ca32000 r--p 00002000 00:21 61789                      /usr/lib/libX11-xcb.so.1.0.0
7f498ca32000-7f498ca33000 r--p 00002000 00:21 61789                      /usr/lib/libX11-xcb.so.1.0.0
7f498ca33000-7f498ca34000 rw-p 00003000 00:21 61789                      /usr/lib/libX11-xcb.so.1.0.0
7f498ca34000-7f498ca35000 r--p 00000000 00:21 149862                     /usr/lib/libXinerama.so.1.0.0
7f498ca35000-7f498ca36000 r-xp 00001000 00:21 149862                     /usr/lib/libXinerama.so.1.0.0
7f498ca36000-7f498ca37000 r--p 00002000 00:21 149862                     /usr/lib/libXinerama.so.1.0.0
7f498ca37000-7f498ca38000 r--p 00002000 00:21 149862                     /usr/lib/libXinerama.so.1.0.0
7f498ca38000-7f498ca39000 rw-p 00003000 00:21 149862                     /usr/lib/libXinerama.so.1.0.0
7f498ca39000-7f498ca3b000 r--p 00000000 00:21 147988                     /usr/lib/libXfixes.so.3.1.0
7f498ca3b000-7f498ca3e000 r-xp 00002000 00:21 147988                     /usr/lib/libXfixes.so.3.1.0
7f498ca3e000-7f498ca3f000 r--p 00005000 00:21 147988                     /usr/lib/libXfixes.so.3.1.0
7f498ca3f000-7f498ca40000 r--p 00006000 00:21 147988                     /usr/lib/libXfixes.so.3.1.0
7f498ca40000-7f498ca41000 rw-p 00007000 00:21 147988                     /usr/lib/libXfixes.so.3.1.0
7f498ca41000-7f498ca44000 r--p 00000000 00:21 149779                     /usr/lib/libXcursor.so.1.0.2
7f498ca44000-7f498ca4b000 r-xp 00003000 00:21 149779                     /usr/lib/libXcursor.so.1.0.2
7f498ca4b000-7f498ca4d000 r--p 0000a000 00:21 149779                     /usr/lib/libXcursor.so.1.0.2
7f498ca4d000-7f498ca4e000 r--p 0000c000 00:21 149779                     /usr/lib/libXcursor.so.1.0.2
7f498ca4e000-7f498ca4f000 rw-p 0000d000 00:21 149779                     /usr/lib/libXcursor.so.1.0.2
7f498ca4f000-7f498ca51000 r--p 00000000 00:21 63113                      /usr/lib/libXrender.so.1.3.0
7f498ca51000-7f498ca59000 r-xp 00002000 00:21 63113                      /usr/lib/libXrender.so.1.3.0
7f498ca59000-7f498ca5b000 r--p 0000a000 00:21 63113                      /usr/lib/libXrender.so.1.3.0
7f498ca5b000-7f498ca5c000 r--p 0000b000 00:21 63113                      /usr/lib/libXrender.so.1.3.0
7f498ca5c000-7f498ca5d000 rw-p 0000c000 00:21 63113                      /usr/lib/libXrender.so.1.3.0
7f498ca5d000-7f498ca5f000 r--p 00000000 00:21 149878                     /usr/lib/libXrandr.so.2.2.0
7f498ca5f000-7f498ca68000 r-xp 00002000 00:21 149878                     /usr/lib/libXrandr.so.2.2.0
7f498ca68000-7f498ca6a000 r--p 0000b000 00:21 149878                     /usr/lib/libXrandr.so.2.2.0
7f498ca6a000-7f498ca6b000 r--p 0000c000 00:21 149878                     /usr/lib/libXrandr.so.2.2.0
7f498ca6b000-7f498ca6c000 rw-p 0000d000 00:21 149878                     /usr/lib/libXrandr.so.2.2.0
7f498ca6c000-7f498ca6f000 r--p 00000000 00:21 148001                     /usr/lib/libXi.so.6.1.0
7f498ca6f000-7f498ca7e000 r-xp 00003000 00:21 148001                     /usr/lib/libXi.so.6.1.0
7f498ca7e000-7f498ca81000 r--p 00012000 00:21 148001                     /usr/lib/libXi.so.6.1.0
7f498ca81000-7f498ca82000 r--p 00014000 00:21 148001                     /usr/lib/libXi.so.6.1.0
7f498ca82000-7f498ca83000 rw-p 00015000 00:21 148001                     /usr/lib/libXi.so.6.1.0
7f498ca83000-7f498ca87000 r--p 00000000 00:21 63035                      /usr/lib/libXext.so.6.4.0
7f498ca87000-7f498ca97000 r-xp 00004000 00:21 63035                      /usr/lib/libXext.so.6.4.0
7f498ca97000-7f498ca9b000 r--p 00014000 00:21 63035                      /usr/lib/libXext.so.6.4.0
7f498ca9b000-7f498ca9c000 r--p 00017000 00:21 63035                      /usr/lib/libXext.so.6.4.0
7f498ca9c000-7f498ca9d000 rw-p 00018000 00:21 63035                      /usr/lib/libXext.so.6.4.0
7f498ca9d000-7f498caa9000 r--p 00000000 00:21 59427                      /usr/lib/libxcb.so.1.1.0
7f498caa9000-7f498cabf000 r-xp 0000c000 00:21 59427                      /usr/lib/libxcb.so.1.1.0
7f498cabf000-7f498cac8000 r--p 00022000 00:21 59427                      /usr/lib/libxcb.so.1.1.0
7f498cac8000-7f498cac9000 r--p 0002a000 00:21 59427                      /usr/lib/libxcb.so.1.1.0
7f498cac9000-7f498caca000 rw-p 0002b000 00:21 59427                      /usr/lib/libxcb.so.1.1.0
7f498caca000-7f498cad8000 r--p 00000000 103:07 456405                    /run/media/ashy/Shared/.minecraftx/versions/neoforge-21.1.248/neoforge-21.1.248-natives/libglfw.so
7f498cad8000-7f498caf7000 r-xp 0000e000 103:07 456405                    /run/media/ashy/Shared/.minecraftx/versions/neoforge-21.1.248/neoforge-21.1.248-natives/libglfw.so
7f498caf7000-7f498cb2a000 r--p 0002d000 103:07 456405                    /run/media/ashy/Shared/.minecraftx/versions/neoforge-21.1.248/neoforge-21.1.248-natives/libglfw.so
7f498cb2a000-7f498cb2b000 ---p 00060000 103:07 456405                    /run/media/ashy/Shared/.minecraftx/versions/neoforge-21.1.248/neoforge-21.1.248-natives/libglfw.so
7f498cb2b000-7f498cb2e000 r--p 00060000 103:07 456405                    /run/media/ashy/Shared/.minecraftx/versions/neoforge-21.1.248/neoforge-21.1.248-natives/libglfw.so
7f498cb2e000-7f498cb31000 rw-p 00063000 103:07 456405                    /run/media/ashy/Shared/.minecraftx/versions/neoforge-21.1.248/neoforge-21.1.248-natives/libglfw.so
7f498cb31000-7f498cb54000 rw-p 00000000 00:00 0 
7f498cb54000-7f498cb5c000 r--p 00000000 103:07 456404                    /run/media/ashy/Shared/.minecraftx/versions/neoforge-21.1.248/neoforge-21.1.248-natives/libjemalloc.so
7f498cb5c000-7f498cbb1000 r-xp 00008000 103:07 456404                    /run/media/ashy/Shared/.minecraftx/versions/neoforge-21.1.248/neoforge-21.1.248-natives/libjemalloc.so
7f498cbb1000-7f498cbc1000 r--p 0005d000 103:07 456404                    /run/media/ashy/Shared/.minecraftx/versions/neoforge-21.1.248/neoforge-21.1.248-natives/libjemalloc.so
7f498cbc1000-7f498cbc2000 ---p 0006d000 103:07 456404                    /run/media/ashy/Shared/.minecraftx/versions/neoforge-21.1.248/neoforge-21.1.248-natives/libjemalloc.so
7f498cbc2000-7f498cbc8000 r--p 0006d000 103:07 456404                    /run/media/ashy/Shared/.minecraftx/versions/neoforge-21.1.248/neoforge-21.1.248-natives/libjemalloc.so
7f498cbc8000-7f498cbc9000 rw-p 00073000 103:07 456404                    /run/media/ashy/Shared/.minecraftx/versions/neoforge-21.1.248/neoforge-21.1.248-natives/libjemalloc.so
7f498cbc9000-7f498cdd3000 rw-p 00000000 00:00 0 
7f498cdd3000-7f498cdfc000 r--p 00000000 103:07 456403                    /run/media/ashy/Shared/.minecraftx/versions/neoforge-21.1.248/neoforge-21.1.248-natives/liblwjgl.so
7f498cdfc000-7f498ce2e000 r-xp 00029000 103:07 456403                    /run/media/ashy/Shared/.minecraftx/versions/neoforge-21.1.248/neoforge-21.1.248-natives/liblwjgl.so
7f498ce2e000-7f498ce47000 r--p 0005b000 103:07 456403                    /run/media/ashy/Shared/.minecraftx/versions/neoforge-21.1.248/neoforge-21.1.248-natives/liblwjgl.so
7f498ce47000-7f498ce48000 r--p 00073000 103:07 456403                    /run/media/ashy/Shared/.minecraftx/versions/neoforge-21.1.248/neoforge-21.1.248-natives/liblwjgl.so
7f498ce48000-7f498ce49000 rw-p 00074000 103:07 456403                    /run/media/ashy/Shared/.minecraftx/versions/neoforge-21.1.248/neoforge-21.1.248-natives/liblwjgl.so
7f498ce4a000-7f498d04a000 rw-s 00000000 00:07 1147                       /dev/nvidiactl
7f498d04a000-7f498d24a000 rw-s 00000000 00:07 1147                       /dev/nvidiactl
7f498d24a000-7f498d24b000 rw-p 00000000 00:00 0 
7f498d24b000-7f498d24f000 ---p 00000000 00:00 0 
7f498d24f000-7f498d34c000 rw-p 00000000 00:00 0 
7f498d34c000-7f498d350000 ---p 00000000 00:00 0 
7f498d350000-7f498d750000 rw-p 00000000 00:00 0 
7f498d750000-7f498d754000 ---p 00000000 00:00 0 
7f498d754000-7f498d851000 rw-p 00000000 00:00 0 
7f498d851000-7f498d855000 ---p 00000000 00:00 0 
7f498d855000-7f498d952000 rw-p 00000000 00:00 0 
7f498d952000-7f498d956000 ---p 00000000 00:00 0 
7f498d956000-7f498da53000 rw-p 00000000 00:00 0 
7f498da53000-7f498da57000 ---p 00000000 00:00 0 
7f498da57000-7f498db54000 rw-p 00000000 00:00 0 
7f498db54000-7f498db58000 ---p 00000000 00:00 0 
7f498db58000-7f498dc55000 rw-p 00000000 00:00 0 
7f498dc55000-7f498dc59000 ---p 00000000 00:00 0 
7f498dc59000-7f498dd56000 rw-p 00000000 00:00 0 
7f498dd56000-7f498dd5a000 ---p 00000000 00:00 0 
7f498dd5a000-7f498de57000 rw-p 00000000 00:00 0 
7f498de57000-7f498de5b000 ---p 00000000 00:00 0 
7f498de5b000-7f498df57000 rw-p 00000000 00:00 0 
7f498df57000-7f498df58000 rw-s 00000000 00:07 1147                       /dev/nvidiactl
7f498df58000-7f498df98000 rw-s 00000000 00:07 1147                       /dev/nvidiactl
7f498df9d000-7f498dfa6000 rw-s 00000000 00:01 2849                       /memfd:pipewire-memfd:flags=0x0000000f,type=2,size=65664 (deleted)
7f498dfa6000-7f498dfaf000 rw-s 00008000 00:01 6405                       /memfd:pipewire-memfd:flags=0x0000000f,type=2,size=65664 (deleted)
7f498dfaf000-7f498dfb8000 rw-s 00000000 00:01 6405                       /memfd:pipewire-memfd:flags=0x0000000f,type=2,size=65664 (deleted)
7f498dfb8000-7f498dfb9000 r--p 00000000 00:00 0 
7f498dfb9000-7f498dfba000 rw-p 00000000 00:00 0 
7f498dfba000-7f498dfbe000 ---p 00000000 00:00 0 
7f498dfbe000-7f498e5bf000 rw-p 00000000 00:00 0 
7f498e5bf000-7f498e5cc000 r-xp 00000000 103:07 449616                    /run/media/ashy/Shared/.minecraftx/jre/java-runtime-delta/lib/libverify.so
7f498e5cc000-7f498e5ce000 r--p 0000c000 103:07 449616                    /run/media/ashy/Shared/.minecraftx/jre/java-runtime-delta/lib/libverify.so
7f498e5ce000-7f498e5cf000 rw-p 0000e000 103:07 449616                    /run/media/ashy/Shared/.minecraftx/jre/java-runtime-delta/lib/libverify.so
7f498e5cf000-7f498e5d0000 rw-p 00000000 00:00 0 
7f498e5d0000-7f498e5d4000 ---p 00000000 00:00 0 
7f498e5d4000-7f498e6d1000 rw-p 00000000 00:00 0 
7f498e6d1000-7f498e6d5000 ---p 00000000 00:00 0 
7f498e6d5000-7f498e7d1000 rw-p 00000000 00:00 0 
7f498e7d1000-7f498e7d4000 r--p 00000000 00:21 16946                      /usr/lib/libnss_resolve.so.2
7f498e7d4000-7f498e807000 r-xp 00003000 00:21 16946                      /usr/lib/libnss_resolve.so.2
7f498e807000-7f498e81f000 r--p 00036000 00:21 16946                      /usr/lib/libnss_resolve.so.2
7f498e81f000-7f498e826000 r--p 0004e000 00:21 16946                      /usr/lib/libnss_resolve.so.2
7f498e826000-7f498e827000 rw-p 00055000 00:21 16946                      /usr/lib/libnss_resolve.so.2
7f498e827000-7f498e828000 rw-p 00000000 00:00 0 
7f498e828000-7f498e82c000 ---p 00000000 00:00 0 
7f498e82c000-7f498e929000 rw-p 00000000 00:00 0 
7f498e929000-7f498e92d000 ---p 00000000 00:00 0 
7f498e92d000-7f498ea29000 rw-p 00000000 00:00 0 
7f498ea29000-7f498eaf7000 r-xp 00000000 103:07 449599                    /run/media/ashy/Shared/.minecraftx/jre/java-runtime-delta/lib/libjsvml.so
7f498eaf7000-7f498eaf8000 r--p 000cd000 103:07 449599                    /run/media/ashy/Shared/.minecraftx/jre/java-runtime-delta/lib/libjsvml.so
7f498eaf8000-7f498eaf9000 rw-p 000ce000 103:07 449599                    /run/media/ashy/Shared/.minecraftx/jre/java-runtime-delta/lib/libjsvml.so
7f498eaf9000-7f498eafa000 rw-p 00000000 00:00 0 
7f498eafa000-7f498eafe000 ---p 00000000 00:00 0 
7f498eafe000-7f498ebfb000 rw-p 00000000 00:00 0 
7f498ebfb000-7f498ebff000 ---p 00000000 00:00 0 
7f498ebff000-7f498ecfc000 rw-p 00000000 00:00 0 
7f498ecfc000-7f498ed00000 ---p 00000000 00:00 0 
7f498ed00000-7f498edfd000 rw-p 00000000 00:00 0 
7f498edfd000-7f498ee01000 ---p 00000000 00:00 0 
7f498ee01000-7f498eefe000 rw-p 00000000 00:00 0 
7f498eefe000-7f498ef02000 ---p 00000000 00:00 0 
7f498ef02000-7f498efff000 rw-p 00000000 00:00 0 
7f498efff000-7f498f003000 ---p 00000000 00:00 0 
7f498f003000-7f498f100000 rw-p 00000000 00:00 0 
7f498f100000-7f498f104000 ---p 00000000 00:00 0 
7f498f104000-7f498f200000 rw-p 00000000 00:00 0 
7f498f200000-7f498f4ed000 r--p 00000000 00:21 141812                     /usr/lib/locale/locale-archive
7f498f4ed000-7f498f4ee000 r--p 00000000 00:21 131164                     /usr/lib/libXxf86vm.so.1.0.0
7f498f4ee000-7f498f4f2000 r-xp 00001000 00:21 131164                     /usr/lib/libXxf86vm.so.1.0.0
7f498f4f2000-7f498f4f3000 r--p 00005000 00:21 131164                     /usr/lib/libXxf86vm.so.1.0.0
7f498f4f3000-7f498f4f4000 r--p 00005000 00:21 131164                     /usr/lib/libXxf86vm.so.1.0.0
7f498f4f4000-7f498f4f5000 rw-p 00006000 00:21 131164                     /usr/lib/libXxf86vm.so.1.0.0
7f498f4f5000-7f498f8f9000 rw-p 00000000 00:00 0 
7f498f8f9000-7f4993ffd000 rw-p 00000000 00:00 0 
7f4993ffd000-7f4994000000 ---p 00000000 00:00 0 
7f4994000000-7f4997b54000 rw-p 00000000 00:00 0 
7f4997b54000-7f4998000000 ---p 00000000 00:00 0 
7f4998000000-7f499bffa000 rw-p 00000000 00:00 0 
7f499bffa000-7f499c000000 ---p 00000000 00:00 0 
7f499c000000-7f499c001000 rw-s 00000000 00:07 1149                       /dev/nvidia0
7f499c001000-7f499c002000 rw-s 00000000 00:07 1147                       /dev/nvidiactl
7f499c002000-7f499c003000 rw-s 00000000 00:07 1147                       /dev/nvidiactl
7f499c003000-7f499c005000 r--p 00000000 00:21 59289                      /usr/lib/libXdmcp.so.6.0.0
7f499c005000-7f499c007000 r-xp 00002000 00:21 59289                      /usr/lib/libXdmcp.so.6.0.0
7f499c007000-7f499c009000 r--p 00004000 00:21 59289                      /usr/lib/libXdmcp.so.6.0.0
7f499c009000-7f499c00a000 r--p 00005000 00:21 59289                      /usr/lib/libXdmcp.so.6.0.0
7f499c00a000-7f499c00b000 rw-p 00006000 00:21 59289                      /usr/lib/libXdmcp.so.6.0.0
7f499c00b000-7f499c00f000 r--p 00000000 00:21 16945                      /usr/lib/libnss_mymachines.so.2
7f499c00f000-7f499c060000 r-xp 00004000 00:21 16945                      /usr/lib/libnss_mymachines.so.2
7f499c060000-7f499c07a000 r--p 00055000 00:21 16945                      /usr/lib/libnss_mymachines.so.2
7f499c07a000-7f499c07d000 r--p 0006f000 00:21 16945                      /usr/lib/libnss_mymachines.so.2
7f499c07d000-7f499c07e000 rw-p 00072000 00:21 16945                      /usr/lib/libnss_mymachines.so.2
7f499c086000-7f499c088000 r--p 00000000 00:21 167491                     /usr/lib/pipewire-0.3/libpipewire-module-client-device.so
7f499c088000-7f499c094000 r-xp 00002000 00:21 167491                     /usr/lib/pipewire-0.3/libpipewire-module-client-device.so
7f499c094000-7f499c095000 r--p 0000e000 00:21 167491                     /usr/lib/pipewire-0.3/libpipewire-module-client-device.so
7f499c095000-7f499c096000 r--p 0000f000 00:21 167491                     /usr/lib/pipewire-0.3/libpipewire-module-client-device.so
7f499c096000-7f499c097000 rw-p 00010000 00:21 167491                     /usr/lib/pipewire-0.3/libpipewire-module-client-device.so
7f499c097000-7f499c09a000 r--p 00000000 00:21 167492                     /usr/lib/pipewire-0.3/libpipewire-module-client-node.so
7f499c09a000-7f499c0b5000 r-xp 00003000 00:21 167492                     /usr/lib/pipewire-0.3/libpipewire-module-client-node.so
7f499c0b5000-7f499c0ba000 r--p 0001e000 00:21 167492                     /usr/lib/pipewire-0.3/libpipewire-module-client-node.so
7f499c0ba000-7f499c0bc000 r--p 00022000 00:21 167492                     /usr/lib/pipewire-0.3/libpipewire-module-client-node.so
7f499c0bc000-7f499c0bd000 rw-p 00024000 00:21 167492                     /usr/lib/pipewire-0.3/libpipewire-module-client-node.so
7f499c0bd000-7f499c0c0000 r--p 00000000 00:21 167498                     /usr/lib/pipewire-0.3/libpipewire-module-protocol-native.so
7f499c0c0000-7f499c0de000 r-xp 00003000 00:21 167498                     /usr/lib/pipewire-0.3/libpipewire-module-protocol-native.so
7f499c0de000-7f499c0e9000 r--p 00021000 00:21 167498                     /usr/lib/pipewire-0.3/libpipewire-module-protocol-native.so
7f499c0e9000-7f499c0f4000 r--p 0002c000 00:21 167498                     /usr/lib/pipewire-0.3/libpipewire-module-protocol-native.so
7f499c0f4000-7f499c0f5000 rw-p 00037000 00:21 167498                     /usr/lib/pipewire-0.3/libpipewire-module-protocol-native.so
7f499c0f5000-7f499c0f7000 r--p 00000000 00:21 167499                     /usr/lib/pipewire-0.3/libpipewire-module-rt.so
7f499c0f7000-7f499c0fb000 r-xp 00002000 00:21 167499                     /usr/lib/pipewire-0.3/libpipewire-module-rt.so
7f499c0fb000-7f499c0fd000 r--p 00006000 00:21 167499                     /usr/lib/pipewire-0.3/libpipewire-module-rt.so
7f499c0fd000-7f499c0fe000 r--p 00007000 00:21 167499                     /usr/lib/pipewire-0.3/libpipewire-module-rt.so
7f499c0fe000-7f499c0ff000 rw-p 00008000 00:21 167499                     /usr/lib/pipewire-0.3/libpipewire-module-rt.so
7f499c0ff000-7f499e200000 rw-p 00000000 00:00 0 
7f499e200000-7f499e201000 r--s 00000000 00:07 1147                       /dev/nvidiactl
7f499e201000-7f499e206000 r-xp 00000000 103:07 449604                    /run/media/ashy/Shared/.minecraftx/jre/java-runtime-delta/lib/libmanagement_ext.so
7f499e206000-7f499e207000 ---p 00005000 103:07 449604                    /run/media/ashy/Shared/.minecraftx/jre/java-runtime-delta/lib/libmanagement_ext.so
7f499e207000-7f499e208000 r--p 00005000 103:07 449604                    /run/media/ashy/Shared/.minecraftx/jre/java-runtime-delta/lib/libmanagement_ext.so
7f499e208000-7f499e209000 rw-p 00006000 103:07 449604                    /run/media/ashy/Shared/.minecraftx/jre/java-runtime-delta/lib/libmanagement_ext.so
7f499e209000-7f499e20d000 r--p 00000000 00:21 4965                       /usr/lib/libgcc_s.so.1
7f499e20d000-7f499e237000 r-xp 00004000 00:21 4965                       /usr/lib/libgcc_s.so.1
7f499e237000-7f499e23b000 r--p 0002e000 00:21 4965                       /usr/lib/libgcc_s.so.1
7f499e23b000-7f499e23c000 r--p 00032000 00:21 4965                       /usr/lib/libgcc_s.so.1
7f499e23c000-7f499e23d000 rw-p 00033000 00:21 4965                       /usr/lib/libgcc_s.so.1
7f499e23d000-7f499e249000 r-xp 00000000 103:07 449613                    /run/media/ashy/Shared/.minecraftx/jre/java-runtime-delta/lib/libnet.so
7f499e249000-7f499e24a000 r--p 0000b000 103:07 449613                    /run/media/ashy/Shared/.minecraftx/jre/java-runtime-delta/lib/libnet.so
7f499e24a000-7f499e24b000 rw-p 0000c000 103:07 449613                    /run/media/ashy/Shared/.minecraftx/jre/java-runtime-delta/lib/libnet.so
7f499e24b000-7f499e25f000 r-xp 00000000 103:07 449606                    /run/media/ashy/Shared/.minecraftx/jre/java-runtime-delta/lib/libnio.so
7f499e25f000-7f499e260000 r--p 00013000 103:07 449606                    /run/media/ashy/Shared/.minecraftx/jre/java-runtime-delta/lib/libnio.so
7f499e260000-7f499e261000 rw-p 00014000 103:07 449606                    /run/media/ashy/Shared/.minecraftx/jre/java-runtime-delta/lib/libnio.so
7f499e261000-7f499e2bc000 rw-p 00000000 00:00 0 
7f499e2bf000-7f499e2c0000 rw-s 00000000 00:01 817                        /memfd:pipewire-memfd:flags=0x0000000f,type=2,size=2312 (deleted)
7f499e2c0000-7f499e2c1000 rw-s 00000000 00:01 9594                       /memfd:pipewire-memfd:flags=0x0000000f,type=2,size=4096 (deleted)
7f499e2c1000-7f499e2c2000 rw-s 00000000 00:01 9593                       /memfd:pipewire-memfd:flags=0x0000000f,type=2,size=2312 (deleted)
7f499e2c2000-7f499e2c3000 rw-s 00000000 00:01 1478                       /memfd:pipewire-memfd:flags=0x0000000f,type=2,size=2312 (deleted)
7f499e2c3000-7f499e2c4000 r--p 00000000 00:21 167509                     /usr/lib/spa-0.2/support/libspa-dbus.so
7f499e2c4000-7f499e2c7000 r-xp 00001000 00:21 167509                     /usr/lib/spa-0.2/support/libspa-dbus.so
7f499e2c7000-7f499e2c8000 r--p 00004000 00:21 167509                     /usr/lib/spa-0.2/support/libspa-dbus.so
7f499e2c8000-7f499e2c9000 r--p 00004000 00:21 167509                     /usr/lib/spa-0.2/support/libspa-dbus.so
7f499e2c9000-7f499e2ca000 rw-p 00005000 00:21 167509                     /usr/lib/spa-0.2/support/libspa-dbus.so
7f499e2ca000-7f499e2cb000 r--p 00000000 00:21 167510                     /usr/lib/spa-0.2/support/libspa-journal.so
7f499e2cb000-7f499e2cd000 r-xp 00001000 00:21 167510                     /usr/lib/spa-0.2/support/libspa-journal.so
7f499e2cd000-7f499e2ce000 r--p 00003000 00:21 167510                     /usr/lib/spa-0.2/support/libspa-journal.so
7f499e2ce000-7f499e2cf000 r--p 00003000 00:21 167510                     /usr/lib/spa-0.2/support/libspa-journal.so
7f499e2cf000-7f499e2d0000 rw-p 00004000 00:21 167510                     /usr/lib/spa-0.2/support/libspa-journal.so
7f499e2d0000-7f499e2d2000 r--p 00000000 00:21 167511                     /usr/lib/spa-0.2/support/libspa-support.so
7f499e2d2000-7f499e2ee000 r-xp 00002000 00:21 167511                     /usr/lib/spa-0.2/support/libspa-support.so
7f499e2ee000-7f499e2f4000 r--p 0001e000 00:21 167511                     /usr/lib/spa-0.2/support/libspa-support.so
7f499e2f4000-7f499e2fc000 r--p 00024000 00:21 167511                     /usr/lib/spa-0.2/support/libspa-support.so
7f499e2fc000-7f499e2fd000 rw-p 0002c000 00:21 167511                     /usr/lib/spa-0.2/support/libspa-support.so
7f499e2fd000-7f499e600000 rw-p 00000000 00:00 0 
7f499e600000-7f49a20e0000 rw-p 00000000 00:00 0 
7f49a20e0000-7f49a65b0000 ---p 00000000 00:00 0 
7f49a65b0000-7f49a6d5c000 rw-p 00000000 00:00 0 
7f49a6d5c000-7f49a75f6000 ---p 00000000 00:00 0 
7f49a75f6000-7f49a7d5c000 rw-p 00000000 00:00 0 
7f49a7d5c000-7f49a85f6000 ---p 00000000 00:00 0 
7f49a85f6000-7f49a8600000 rw-p 00000000 00:00 0 
7f49a8600000-7f49a8601000 r--p 00000000 00:21 59302                      /usr/lib/libXau.so.6.0.0
7f49a8601000-7f49a8602000 r-xp 00001000 00:21 59302                      /usr/lib/libXau.so.6.0.0
7f49a8602000-7f49a8603000 r--p 00002000 00:21 59302                      /usr/lib/libXau.so.6.0.0
7f49a8603000-7f49a8604000 r--p 00002000 00:21 59302                      /usr/lib/libXau.so.6.0.0
7f49a8604000-7f49a8605000 rw-p 00003000 00:21 59302                      /usr/lib/libXau.so.6.0.0
7f49a8605000-7f49a8f7c000 rw-p 00000000 00:00 0 
7f49a8f7c000-7f49a9000000 ---p 00000000 00:00 0 
7f49a9000000-7f49ad960000 rwxp 00000000 00:00 0 
7f49ad960000-7f49b0537000 ---p 00000000 00:00 0 
7f49b0537000-7f49b0ac9000 rwxp 00000000 00:00 0 
7f49b0ac9000-7f49b3df9000 rwxp 00000000 00:00 0 
7f49b3df9000-7f49b8000000 ---p 00000000 00:00 0 
7f49b8000000-7f49bc000000 rw-p 00000000 00:00 0 
7f49bc000000-7f49bc004000 r-xp 00000000 103:07 449602                    /run/media/ashy/Shared/.minecraftx/jre/java-runtime-delta/lib/libmanagement.so
7f49bc004000-7f49bc005000 r--p 00003000 103:07 449602                    /run/media/ashy/Shared/.minecraftx/jre/java-runtime-delta/lib/libmanagement.so
7f49bc005000-7f49bc006000 rw-p 00004000 103:07 449602                    /run/media/ashy/Shared/.minecraftx/jre/java-runtime-delta/lib/libmanagement.so
7f49bc006000-7f49bc00d000 r-xp 00000000 103:07 449614                    /run/media/ashy/Shared/.minecraftx/jre/java-runtime-delta/lib/libzip.so
7f49bc00d000-7f49bc00e000 ---p 00007000 103:07 449614                    /run/media/ashy/Shared/.minecraftx/jre/java-runtime-delta/lib/libzip.so
7f49bc00e000-7f49bc00f000 r--p 00007000 103:07 449614                    /run/media/ashy/Shared/.minecraftx/jre/java-runtime-delta/lib/libzip.so
7f49bc00f000-7f49bc010000 rw-p 00008000 103:07 449614                    /run/media/ashy/Shared/.minecraftx/jre/java-runtime-delta/lib/libzip.so
7f49bc010000-7f49bc0a3000 rw-p 00000000 00:00 0 
7f49bc0a3000-7f49bc0fb000 ---p 00000000 00:00 0 
7f49bc0fb000-7f49bc107000 rw-p 00000000 00:00 0 
7f49bc107000-7f49bc10f000 rw-s 00000000 00:39 329                        /tmp/hsperfdata_ashy/18452
7f49bc10f000-7f49bfc78000 r--s 00000000 103:07 1993                      /run/media/ashy/Shared/.minecraftx/jre/java-runtime-delta/lib/modules
7f49bfc78000-7f49bfc7c000 ---p 00000000 00:00 0 
7f49bfc7c000-7f49bfd78000 rw-p 00000000 00:00 0 
7f49bfd78000-7f49bfd88000 r--p 00000000 00:21 4157                       /usr/lib/libm.so.6
7f49bfd88000-7f49bfe1e000 r-xp 00010000 00:21 4157                       /usr/lib/libm.so.6
7f49bfe1e000-7f49bfe7d000 r--p 000a6000 00:21 4157                       /usr/lib/libm.so.6
7f49bfe7d000-7f49bfe7e000 r--p 00105000 00:21 4157                       /usr/lib/libm.so.6
7f49bfe7e000-7f49bfe7f000 rw-p 00106000 00:21 4157                       /usr/lib/libm.so.6
7f49bfe7f000-7f49c1295000 r-xp 00000000 103:07 449621                    /run/media/ashy/Shared/.minecraftx/jre/java-runtime-delta/lib/server/libjvm.so
7f49c1295000-7f49c1296000 ---p 01416000 103:07 449621                    /run/media/ashy/Shared/.minecraftx/jre/java-runtime-delta/lib/server/libjvm.so
7f49c1296000-7f49c136a000 r--p 01416000 103:07 449621                    /run/media/ashy/Shared/.minecraftx/jre/java-runtime-delta/lib/server/libjvm.so
7f49c136a000-7f49c139a000 rw-p 014ea000 103:07 449621                    /run/media/ashy/Shared/.minecraftx/jre/java-runtime-delta/lib/server/libjvm.so
7f49c139a000-7f49c1400000 rw-p 00000000 00:00 0 
7f49c1400000-7f49c1424000 r--p 00000000 00:21 4147                       /usr/lib/libc.so.6
7f49c1424000-7f49c15c3000 r-xp 00024000 00:21 4147                       /usr/lib/libc.so.6
7f49c15c3000-7f49c163c000 r--p 001c3000 00:21 4147                       /usr/lib/libc.so.6
7f49c163c000-7f49c1640000 r--p 0023c000 00:21 4147                       /usr/lib/libc.so.6
7f49c1640000-7f49c1642000 rw-p 00240000 00:21 4147                       /usr/lib/libc.so.6
7f49c1642000-7f49c164a000 rw-p 00000000 00:00 0 
7f49c164a000-7f49c164b000 r-xp 00059000 103:07 456403                    /run/media/ashy/Shared/.minecraftx/versions/neoforge-21.1.248/neoforge-21.1.248-natives/liblwjgl.so
7f49c164b000-7f49c164c000 rw-p 00000000 00:00 0 
7f49c164c000-7f49c164e000 r-xp 00000000 103:07 449584                    /run/media/ashy/Shared/.minecraftx/jre/java-runtime-delta/lib/libextnet.so
7f49c164e000-7f49c164f000 r--p 00001000 103:07 449584                    /run/media/ashy/Shared/.minecraftx/jre/java-runtime-delta/lib/libextnet.so
7f49c164f000-7f49c1650000 rw-p 00002000 103:07 449584                    /run/media/ashy/Shared/.minecraftx/jre/java-runtime-delta/lib/libextnet.so
7f49c1650000-7f49c1670000 r-xp 00000000 103:07 449590                    /run/media/ashy/Shared/.minecraftx/jre/java-runtime-delta/lib/libjava.so
7f49c1670000-7f49c1671000 ---p 00020000 103:07 449590                    /run/media/ashy/Shared/.minecraftx/jre/java-runtime-delta/lib/libjava.so
7f49c1671000-7f49c1672000 r--p 00020000 103:07 449590                    /run/media/ashy/Shared/.minecraftx/jre/java-runtime-delta/lib/libjava.so
7f49c1672000-7f49c1673000 rw-p 00021000 103:07 449590                    /run/media/ashy/Shared/.minecraftx/jre/java-runtime-delta/lib/libjava.so
7f49c1673000-7f49c1674000 rw-p 00000000 00:00 0 
7f49c1674000-7f49c167e000 r-xp 00000000 103:07 449586                    /run/media/ashy/Shared/.minecraftx/jre/java-runtime-delta/lib/libinstrument.so
7f49c167e000-7f49c167f000 ---p 0000a000 103:07 449586                    /run/media/ashy/Shared/.minecraftx/jre/java-runtime-delta/lib/libinstrument.so
7f49c167f000-7f49c1680000 r--p 0000a000 103:07 449586                    /run/media/ashy/Shared/.minecraftx/jre/java-runtime-delta/lib/libinstrument.so
7f49c1680000-7f49c1681000 rw-p 0000b000 103:07 449586                    /run/media/ashy/Shared/.minecraftx/jre/java-runtime-delta/lib/libinstrument.so
7f49c1681000-7f49c1682000 ---p 00000000 00:00 0 
7f49c1682000-7f49c1683000 r--p 00000000 00:00 0 
7f49c1683000-7f49c1684000 ---p 00000000 00:00 0 
7f49c1684000-7f49c169f000 r-xp 00000000 103:07 449595                    /run/media/ashy/Shared/.minecraftx/jre/java-runtime-delta/lib/libjimage.so
7f49c169f000-7f49c16a0000 ---p 0001b000 103:07 449595                    /run/media/ashy/Shared/.minecraftx/jre/java-runtime-delta/lib/libjimage.so
7f49c16a0000-7f49c16a2000 r--p 0001b000 103:07 449595                    /run/media/ashy/Shared/.minecraftx/jre/java-runtime-delta/lib/libjimage.so
7f49c16a2000-7f49c16a3000 rw-p 0001d000 103:07 449595                    /run/media/ashy/Shared/.minecraftx/jre/java-runtime-delta/lib/libjimage.so
7f49c16a3000-7f49c16a4000 r--p 00000000 00:21 4179                       /usr/lib/librt.so.1
7f49c16a4000-7f49c16a5000 r-xp 00001000 00:21 4179                       /usr/lib/librt.so.1
7f49c16a5000-7f49c16a6000 r--p 00002000 00:21 4179                       /usr/lib/librt.so.1
7f49c16a6000-7f49c16a7000 r--p 00002000 00:21 4179                       /usr/lib/librt.so.1
7f49c16a7000-7f49c16a8000 rw-p 00003000 00:21 4179                       /usr/lib/librt.so.1
7f49c16a8000-7f49c16ac000 rw-p 00000000 00:00 0 
7f49c16ac000-7f49c16ad000 r--p 00000000 00:21 4152                       /usr/lib/libdl.so.2
7f49c16ad000-7f49c16ae000 r-xp 00001000 00:21 4152                       /usr/lib/libdl.so.2
7f49c16ae000-7f49c16af000 r--p 00002000 00:21 4152                       /usr/lib/libdl.so.2
7f49c16af000-7f49c16b0000 r--p 00002000 00:21 4152                       /usr/lib/libdl.so.2
7f49c16b0000-7f49c16b1000 rw-p 00003000 00:21 4152                       /usr/lib/libdl.so.2
7f49c16b1000-7f49c16b2000 r--p 00000000 00:21 4174                       /usr/lib/libpthread.so.0
7f49c16b2000-7f49c16b3000 r-xp 00001000 00:21 4174                       /usr/lib/libpthread.so.0
7f49c16b3000-7f49c16b4000 r--p 00002000 00:21 4174                       /usr/lib/libpthread.so.0
7f49c16b4000-7f49c16b5000 r--p 00002000 00:21 4174                       /usr/lib/libpthread.so.0
7f49c16b5000-7f49c16b6000 rw-p 00003000 00:21 4174                       /usr/lib/libpthread.so.0
7f49c16b6000-7f49c16c4000 r-xp 00000000 103:07 449596                    /run/media/ashy/Shared/.minecraftx/jre/java-runtime-delta/lib/libjli.so
7f49c16c4000-7f49c16c5000 ---p 0000e000 103:07 449596                    /run/media/ashy/Shared/.minecraftx/jre/java-runtime-delta/lib/libjli.so
7f49c16c5000-7f49c16c6000 r--p 0000e000 103:07 449596                    /run/media/ashy/Shared/.minecraftx/jre/java-runtime-delta/lib/libjli.so
7f49c16c6000-7f49c16c7000 rw-p 0000f000 103:07 449596                    /run/media/ashy/Shared/.minecraftx/jre/java-runtime-delta/lib/libjli.so
7f49c16c7000-7f49c16ca000 r--p 00000000 00:21 161704                     /usr/lib/libz.so.1.3.1.zlib-ng
7f49c16ca000-7f49c16f6000 r-xp 00003000 00:21 161704                     /usr/lib/libz.so.1.3.1.zlib-ng
7f49c16f6000-7f49c1700000 r--p 0002f000 00:21 161704                     /usr/lib/libz.so.1.3.1.zlib-ng
7f49c1700000-7f49c1701000 r--p 00038000 00:21 161704                     /usr/lib/libz.so.1.3.1.zlib-ng
7f49c1701000-7f49c1702000 rw-p 00039000 00:21 161704                     /usr/lib/libz.so.1.3.1.zlib-ng
7f49c1702000-7f49c1704000 rw-p 00000000 00:00 0 
7f49c1704000-7f49c1735000 r--p 00000000 00:21 829807                     /etc/ld.so.cache
7f49c1735000-7f49c1739000 r--p 00000000 00:00 0                          [vvar]
7f49c1739000-7f49c173b000 r--p 00000000 00:00 0                          [vvar_vclock]
7f49c173b000-7f49c173d000 r-xp 00000000 00:00 0                          [vdso]
7f49c173d000-7f49c173e000 r--p 00000000 00:21 4138                       /usr/lib/ld-linux-x86-64.so.2
7f49c173e000-7f49c1770000 r-xp 00001000 00:21 4138                       /usr/lib/ld-linux-x86-64.so.2
7f49c1770000-7f49c1780000 r--p 00033000 00:21 4138                       /usr/lib/ld-linux-x86-64.so.2
7f49c1780000-7f49c1782000 r--p 00043000 00:21 4138                       /usr/lib/ld-linux-x86-64.so.2
7f49c1782000-7f49c1783000 rw-p 00045000 00:21 4138                       /usr/lib/ld-linux-x86-64.so.2
7f49c1783000-7f49c1784000 rw-p 00000000 00:00 0 
7ffe43c38000-7ffe43c5c000 rw-p 00000000 00:00 0                          [stack]
ffffffffff600000-ffffffffff601000 --xp 00000000 00:00 0                  [vsyscall]
Total number of mappings: 985


VM Arguments:
jvm_args: -Xms256M -Xmx8192M -javaagent:/run/media/ashy/Shared/.minecraftx/libraries/org/to2mbn/authlibinjector/1.2.8/authlibinjector-1.2.8.jar=http://localhost:25555/yggdrasil -Dauthlibinjector.side=client -Djava.library.path=/run/media/ashy/Shared/.minecraftx/versions/neoforge-21.1.248/neoforge-21.1.248-natives -Djna.tmpdir=/run/media/ashy/Shared/.minecraftx/versions/neoforge-21.1.248/neoforge-21.1.248-natives -Dorg.lwjgl.system.SharedLibraryExtractPath=/run/media/ashy/Shared/.minecraftx/versions/neoforge-21.1.248/neoforge-21.1.248-natives -Dio.netty.native.workdir=/run/media/ashy/Shared/.minecraftx/versions/neoforge-21.1.248/neoforge-21.1.248-natives -Dminecraft.launcher.brand=X Minecraft Launcher (0.65.1) -Dminecraft.launcher.version=X Minecraft Launcher (0.65.1) -Djava.net.preferIPv6Addresses=system -DignoreList=client-extra,1.21.1.jar -DlibraryDirectory=/run/media/ashy/Shared/.minecraftx/libraries --module-path=/run/media/ashy/Shared/.minecraftx/libraries/cpw/mods/bootstraplauncher/2.0.2/bootstraplauncher-2.0.2.jar:/run/media/ashy/Shared/.minecraftx/libraries/cpw/mods/securejarhandler/3.0.8/securejarhandler-3.0.8.jar:/run/media/ashy/Shared/.minecraftx/libraries/org/ow2/asm/asm-commons/9.10.1/asm-commons-9.10.1.jar:/run/media/ashy/Shared/.minecraftx/libraries/org/ow2/asm/asm-util/9.10.1/asm-util-9.10.1.jar:/run/media/ashy/Shared/.minecraftx/libraries/org/ow2/asm/asm-analysis/9.10.1/asm-analysis-9.10.1.jar:/run/media/ashy/Shared/.minecraftx/libraries/org/ow2/asm/asm-tree/9.10.1/asm-tree-9.10.1.jar:/run/media/ashy/Shared/.minecraftx/libraries/org/ow2/asm/asm/9.10.1/asm-9.10.1.jar:/run/media/ashy/Shared/.minecraftx/libraries/net/neoforged/JarJarFileSystems/0.4.1/JarJarFileSystems-0.4.1.jar --add-modules=ALL-MODULE-PATH --add-opens=java.base/java.util.jar=cpw.mods.securejarhandler --add-opens=java.base/java.lang.invoke=cpw.mods.securejarhandler --add-exports=java.base/sun.security.util=cpw.mods.securejarhandler --add-exports=jdk.naming.dns/com.sun.jndi.dns=java.naming -Dauthlibinjector.debug 
java_command: cpw.mods.bootstraplauncher.BootstrapLauncher --username Ashy --version neoforge-21.1.248 --gameDir /run/media/ashy/Shared/.minecraftx/instances/Gearfall Dev --assetsDir /run/media/ashy/Shared/.minecraftx/assets --assetIndex 818f68d092986c6933366762f435889884c36a52 --uuid 68af5072-46a5-387f-ac5e-a6b3c47d6c3f --accessToken a7b2a826a0374b388647b5eae506ba8c --clientId ${clientid} --xuid ${auth_xuid} --userType msa --versionType release --fml.neoForgeVersion 21.1.248 --fml.fmlVersion 4.0.43 --fml.mcVersion 1.21.1 --fml.neoFormVersion 20240808.144430 --launchTarget forgeclient --fullscreen
java_class_path (initial): /run/media/ashy/Shared/.minecraftx/libraries/com/github/oshi/oshi-core/6.4.10/oshi-core-6.4.10.jar:/run/media/ashy/Shared/.minecraftx/libraries/com/google/code/gson/gson/2.10.1/gson-2.10.1.jar:/run/media/ashy/Shared/.minecraftx/libraries/com/google/guava/failureaccess/1.0.1/failureaccess-1.0.1.jar:/run/media/ashy/Shared/.minecraftx/libraries/com/google/guava/guava/32.1.2-jre/guava-32.1.2-jre.jar:/run/media/ashy/Shared/.minecraftx/libraries/com/ibm/icu/icu4j/73.2/icu4j-73.2.jar:/run/media/ashy/Shared/.minecraftx/libraries/com/mojang/authlib/6.0.54/authlib-6.0.54.jar:/run/media/ashy/Shared/.minecraftx/libraries/com/mojang/blocklist/1.0.10/blocklist-1.0.10.jar:/run/media/ashy/Shared/.minecraftx/libraries/com/mojang/brigadier/1.3.10/brigadier-1.3.10.jar:/run/media/ashy/Shared/.minecraftx/libraries/com/mojang/datafixerupper/8.0.16/datafixerupper-8.0.16.jar:/run/media/ashy/Shared/.minecraftx/libraries/com/mojang/logging/1.2.7/logging-1.2.7.jar:/run/media/ashy/Shared/.minecraftx/libraries/com/mojang/patchy/2.2.10/patchy-2.2.10.jar:/run/media/ashy/Shared/.minecraftx/libraries/com/mojang/text2speech/1.17.9/text2speech-1.17.9.jar:/run/media/ashy/Shared/.minecraftx/libraries/commons-codec/commons-codec/1.16.0/commons-codec-1.16.0.jar:/run/media/ashy/Shared/.minecraftx/libraries/commons-io/commons-io/2.15.1/commons-io-2.15.1.jar:/run/media/ashy/Shared/.minecraftx/libraries/commons-logging/commons-logging/1.2/commons-logging-1.2.jar:/run/media/ashy/Shared/.minecraftx/libraries/io/netty/netty-buffer/4.1.97.Final/netty-buffer-4.1.97.Final.jar:/run/media/ashy/Shared/.minecraftx/libraries/io/netty/netty-codec/4.1.97.Final/netty-codec-4.1.97.Final.jar:/run/media/ashy/Shared/.minecraftx/libraries/io/netty/netty-common/4.1.97.Final/netty-common-4.1.97.Final.jar:/run/media/ashy/Shared/.minecraftx/libraries/io/netty/netty-handler/4.1.97.Final/netty-handler-4.1.97.Final.jar:/run/media/ashy/Shared/.minecraftx/libraries/io/netty/netty-resolver/4.1.97.Final/netty-resolver-4.1.97.Final.jar:/run/media/ashy/Shared/.minecraftx/libraries/io/netty/netty-transport-classes-epoll/4.1.97.Final/netty-transport-classes-epoll-4.1.97.Final.jar:/run/media/ashy/Shared/.minecraftx/libraries/io/netty/netty-transport-native-epoll/4.1.97.Final/netty-transport-native-epoll-4.1.97.Final-linux-aarch_64.jar:/run/media/ashy/Shared/.minecraftx/libraries/io/netty/netty-transport-native-epoll/4.1.97.Final/netty-transport-native-epoll-4.1.97.Final-linux-x86_64.jar:/run/media/ashy/Shared/.minecraftx/libraries/io/netty/netty-transport-native-unix-common/4.1.97.Final/netty-transport-native-unix-common-4.1.97.Final.jar:/run/media/ashy/Shared/.minecraftx/libraries/io/netty/netty-transport/4.1.97.Final/netty-transport-4.1.97.Final.jar:/run/media/ashy/Shared/.minecraftx/libraries/it/unimi/dsi/fastutil/8.5.12/fastutil-8.5.12.jar:/run/media/ashy/Shared/.minecraftx/libraries/net/java/dev/jna/jna-platform/5.14.0/jna-platform-5.14.0.jar:/run/media/ashy/Shared/.minecraftx/libraries/net/java/dev/jna/jna/5.14.0/jna-5.14.0.jar:/run/media/ashy/Shared/.minecraftx/libraries/net/sf/jopt-simple/jopt-simple/5.0.4/jopt-simple-5.0.4.jar:/run/media/ashy/Shared/.minecraftx/libraries/org/apache/commons/commons-compress/1.26.0/commons-compress-1.26.0.jar:/run/media/ashy/Shared/.minecraftx/libraries/org/apache/commons/commons-lang3/3.14.0/commons-lang3-3.14.0.jar:/run/media/ashy/Shared/.minecraftx/libraries/org/apache/httpcomponents/httpclient/4.5.13/httpclient-4.5.13.jar:/run/media/ashy/Shared/.minecraftx/libraries/org/apache/httpcomponents/httpcore/4.4.16/httpcore-4.4.16.jar:/run/media/ashy/Shared/.minecraftx/libraries/org/apache/logging/log4j/log4j-api/2.22.1/log4j-api-2.22.1.jar:/run/media/ashy/Shared/.minecraftx/libraries/org/apache/logging/log4j/log4j-core/2.22.1/log4j-core-2.22.1.jar:/run/media/ashy/Shared/.minecraftx/libraries/org/apache/logging/log4j/log4j-slf4j2-impl/2.22.1/log4j-slf4j2-impl-2.22.1.jar:/run/media/ashy/Shared/.minecraftx/libraries/org/jcraft/jorbis/0.0.17/jorbis-0.0.17.jar:/run/media/ashy/Shared/.minecraftx/libraries/org/joml/joml/1.10.5/joml-1.10.5.jar:/run/media/ashy/Shared/.minecraftx/libraries/org/lwjgl/lwjgl-freetype/3.3.3/lwjgl-freetype-3.3.3.jar:/run/media/ashy/Shared/.minecraftx/libraries/org/lwjgl/lwjgl-freetype/3.3.3/lwjgl-freetype-3.3.3-natives-linux.jar:/run/media/ashy/Shared/.minecraftx/libraries/org/lwjgl/lwjgl-glfw/3.3.3/lwjgl-glfw-3.3.3.jar:/run/media/ashy/Shared/.minecraftx/libraries/org/lwjgl/lwjgl-glfw/3.3.3/lwjgl-glfw-3.3.3-natives-linux.jar:/run/media/ashy/Shared/.minecraftx/libraries/org/lwjgl/lwjgl-jemalloc/3.3.3/lwjgl-jemalloc-3.3.3.jar:/run/media/ashy/Shared/.minecraftx/libraries/org/lwjgl/lwjgl-jemalloc/3.3.3/lwjgl-jemalloc-3.3.3-natives-linux.jar:/run/media/ashy/Shared/.minecraftx/libraries/org/lwjgl/lwjgl-openal/3.3.3/lwjgl-openal-3.3.3.jar:/run/media/ashy/Shared/.minecraftx/libraries/org/lwjgl/lwjgl-openal/3.3.3/lwjgl-openal-3.3.3-natives-linux.jar:/run/media/ashy/Shared/.minecraftx/libraries/org/lwjgl/lwjgl-opengl/3.3.3/lwjgl-opengl-3.3.3.jar:/run/media/ashy/Shared/.minecraftx/libraries/org/lwjgl/lwjgl-opengl/3.3.3/lwjgl-opengl-3.3.3-natives-linux.jar:/run/media/ashy/Shared/.minecraftx/libraries/org/lwjgl/lwjgl-stb/3.3.3/lwjgl-stb-3.3.3.jar:/run/media/ashy/Shared/.minecraftx/libraries/org/lwjgl/lwjgl-stb/3.3.3/lwjgl-stb-3.3.3-natives-linux.jar:/run/media/ashy/Shared/.minecraftx/libraries/org/lwjgl/lwjgl-tinyfd/3.3.3/lwjgl-tinyfd-3.3.3.jar:/run/media/ashy/Shared/.minecraftx/libraries/org/lwjgl/lwjgl-tinyfd/3.3.3/lwjgl-tinyfd-3.3.3-natives-linux.jar:/run/media/ashy/Shared/.minecraftx/libraries/org/lwjgl/lwjgl/3.3.3/lwjgl-3.3.3.jar:/run/media/ashy/Shared/.minecraftx/libraries/org/lwjgl/lwjgl/3.3.3/lwjgl-3.3.3-natives-linux.jar:/run/media/ashy/Shared/.minecraftx/libraries/org/lz4/lz4-java/1.8.0/lz4-java-1.8.0.jar:/run/media/ashy/Shared/.minecraftx/libraries/org/slf4j/slf4j-api/2.0.9/slf4j-api-2.0.9.jar:/run/media/ashy/Shared/.minecraftx/libraries/net/neoforged/fancymodloader/earlydisplay/4.0.43/earlydisplay-4.0.43.jar:/run/media/ashy/Shared/.minecraftx/libraries/net/neoforged/fancymodloader/loader/4.0.43/loader-4.0.43.jar:/run/media/ashy/Shared/.minecraftx/libraries/net/neoforged/accesstransformers/at-modlauncher/10.0.1/at-modlauncher-10.0.1.jar:/run/media/ashy/Shared/.minecraftx/libraries/net/neoforged/accesstransformers/10.0.1/accesstransformers-10.0.1.jar:/run/media/ashy/Shared/.minecraftx/libraries/net/neoforged/bus/8.0.5/bus-8.0.5.jar:/run/media/ashy/Shared/.minecraftx/libraries/net/neoforged/coremods/7.0.3/coremods-7.0.3.jar:/run/media/ashy/Shared/.minecraftx/libraries/cpw/mods/modlauncher/11.0.5/modlauncher-11.0.5.jar:/run/media/ashy/Shared/.minecraftx/libraries/net/neoforged/mergetool/2.0.0/mergetool-2.0.0-api.jar:/run/media/ashy/Shared/.minecraftx/libraries/com/electronwill/night-config/toml/3.8.3/toml-3.8.3.jar:/run/media/ashy/Shared/.minecraftx/libraries/com/electronwill/night-config/core/3.8.3/core-3.8.3.jar:/run/media/ashy/Shared/.minecraftx/libraries/net/neoforged/JarJarSelector/0.4.1/JarJarSelector-0.4.1.jar:/run/media/ashy/Shared/.minecraftx/libraries/net/neoforged/JarJarMetadata/0.4.1/JarJarMetadata-0.4.1.jar:/run/media/ashy/Shared/.minecraftx/libraries/org/apache/maven/maven-artifact/3.8.5/maven-artifact-3.8.5.jar:/run/media/ashy/Shared/.minecraftx/libraries/net/jodah/typetools/0.6.3/typetools-0.6.3.jar:/run/media/ashy/Shared/.minecraftx/libraries/net/minecrell/terminalconsoleappender/1.3.0/terminalconsoleappender-1.3.0.jar:/run/media/ashy/Shared/.minecraftx/libraries/net/fabricmc/sponge-mixin/0.15.2+mixin.0.8.7/sponge-mixin-0.15.2+mixin.0.8.7.jar:/run/media/ashy/Shared/.minecraftx/libraries/org/openjdk/nashorn/nashorn-core/15.4/nashorn-core-15.4.jar:/run/media/ashy/Shared/.minecraftx/libraries/cpw/mods/bootstraplauncher/2.0.2/bootstraplauncher-2.0.2.jar:/run/media/ashy/Shared/.minecraftx/libraries/cpw/mods/securejarhandler/3.0.8/securejarhandler-3.0.8.jar:/run/media/ashy/Shared/.minecraftx/libraries/org/ow2/asm/asm-commons/9.10.1/asm-commons-9.10.1.jar:/run/media/ashy/Shared/.minecraftx/libraries/org/ow2/asm/asm-util/9.10.1/asm-util-9.10.1.jar:/run/media/ashy/Shared/.minecraftx/libraries/org/ow2/asm/asm-analysis/9.10.1/asm-analysis-9.10.1.jar:/run/media/ashy/Shared/.minecraftx/libraries/org/ow2/asm/asm-tree/9.10.1/asm-tree-9.10.1.jar:/run/media/ashy/Shared/.minecraftx/libraries/org/ow2/asm/asm/9.10.1/asm-9.10.1.jar:/run/media/ashy/Shared/.minecraftx/libraries/net/neoforged/JarJarFileSystems/0.4.1/JarJarFileSystems-0.4.1.jar:/run/media/ashy/Shared/.minecraftx/libraries/org/antlr/antlr4-runtime/4.13.1/antlr4-runtime-4.13.1.jar:/run/media/ashy/Shared/.minecraftx/libraries/org/jline/jline-reader/3.20.0/jline-reader-3.20.0.jar:/run/media/ashy/Shared/.minecraftx/libraries/org/jline/jline-terminal/3.20.0/jline-terminal-3.20.0.jar:/run/media/ashy/Shared/.minecraftx/libraries/net/minecraftforge/srgutils/0.4.15/srgutils-0.4.15.jar:/run/media/ashy/Shared/.minecraftx/libraries/com/google/guava/listenablefuture/9999.0-empty-to-avoid-conflict-with-guava/listenablefuture-9999.0-empty-to-avoid-conflict-with-guava.jar:/run/media/ashy/Shared/.minecraftx/libraries/com/google/code/findbugs/jsr305/3.0.2/jsr305-3.0.2.jar:/run/media/ashy/Shared/.minecraftx/libraries/org/checkerframework/checker-qual/3.33.0/checker-qual-3.33.0.jar:/run/media/ashy/Shared/.minecraftx/libraries/com/google/errorprone/error_prone_annotations/2.18.0/error_prone_annotations-2.18.0.jar:/run/media/ashy/Shared/.minecraftx/libraries/com/google/j2objc/j2objc-annotations/2.8/j2objc-annotations-2.8.jar:/run/media/ashy/Shared/.minecraftx/libraries/org/codehaus/plexus/plexus-utils/3.3.0/plexus-utils-3.3.0.jar:/run/media/ashy/Shared/.minecraftx/libraries/com/machinezoo/noexception/noexception/1.7.1/noexception-1.7.1.jar:/run/media/ashy/Shared/.minecraftx/versions/1.21.1/1.21.1.jar
Launcher Type: SUN_STANDARD

[Global flags]
     intx CICompilerCount                          = 4                                         {product} {ergonomic}
     uint ConcGCThreads                            = 2                                         {product} {ergonomic}
     uint G1ConcRefinementThreads                  = 8                                         {product} {ergonomic}
   size_t G1HeapRegionSize                         = 4194304                                   {product} {ergonomic}
    uintx GCDrainStackTargetSize                   = 64                                        {product} {ergonomic}
   size_t InitialHeapSize                          = 268435456                                 {product} {command line}
   size_t MarkStackSize                            = 4194304                                   {product} {ergonomic}
   size_t MaxHeapSize                              = 8589934592                                {product} {command line}
   size_t MaxNewSize                               = 5150605312                                {product} {ergonomic}
   size_t MinHeapDeltaBytes                        = 4194304                                   {product} {ergonomic}
   size_t MinHeapSize                              = 268435456                                 {product} {command line}
    uintx NonNMethodCodeHeapSize                   = 5839372                                {pd product} {ergonomic}
    uintx NonProfiledCodeHeapSize                  = 122909434                              {pd product} {ergonomic}
    uintx ProfiledCodeHeapSize                     = 122909434                              {pd product} {ergonomic}
    uintx ReservedCodeCacheSize                    = 251658240                              {pd product} {ergonomic}
     bool SegmentedCodeCache                       = true                                      {product} {ergonomic}
   size_t SoftMaxHeapSize                          = 8589934592                             {manageable} {ergonomic}
     bool UseCompressedOops                        = true                           {product lp64_product} {ergonomic}
     bool UseG1GC                                  = true                                      {product} {ergonomic}

Logging:
Log output configuration:
 #0: stdout all=warning uptime,level,tags foldmultilines=false
 #1: stderr all=off uptime,level,tags foldmultilines=false

Environment Variables:
PATH=/usr/bin:/usr/local/sbin:/usr/local/bin:/usr/bin:/opt/android-sdk/platform-tools:/opt/cuda/bin:/usr/bin/site_perl:/usr/bin/vendor_perl:/usr/bin/core_perl:/home/ashy/.local/share/JetBrains/Toolbox/scripts:/opt/android-sdk/platform-tools:/home/ashy/.local/share/JetBrains/Toolbox/scripts
XDG_CACHE_HOME=/home/ashy/.cache
XDG_CONFIG_HOME=/home/ashy/.config
SHELL=/bin/fish
DISPLAY=:0
LANG=en_US.UTF-8
LC_NUMERIC=en_US.UTF-8
LC_TIME=en_US.UTF-8

Active Locale:
LC_ALL=en_US.UTF-8
LC_COLLATE=en_US.UTF-8
LC_CTYPE=en_US.UTF-8
LC_MESSAGES=en_US.UTF-8
LC_MONETARY=en_US.UTF-8
LC_NUMERIC=en_US.UTF-8
LC_TIME=en_US.UTF-8

Signal Handlers:
   SIGSEGV: crash_handler in libjvm.so, mask=11100100010111111101111111111110, flags=SA_RESTART|SA_SIGINFO, unblocked
    SIGBUS: crash_handler in libjvm.so, mask=11100100010111111101111111111110, flags=SA_RESTART|SA_SIGINFO, unblocked
    SIGFPE: crash_handler in libjvm.so, mask=11100100010111111101111111111110, flags=SA_RESTART|SA_SIGINFO, unblocked
   SIGPIPE: javaSignalHandler in libjvm.so, mask=11100100010111111101111111111110, flags=SA_RESTART|SA_SIGINFO, blocked
   SIGXFSZ: javaSignalHandler in libjvm.so, mask=11100100010111111101111111111110, flags=SA_RESTART|SA_SIGINFO, blocked
    SIGILL: crash_handler in libjvm.so, mask=11100100010111111101111111111110, flags=SA_RESTART|SA_SIGINFO, unblocked
   SIGUSR2: SR_handler in libjvm.so, mask=00000000000000000000000000000000, flags=SA_RESTART|SA_SIGINFO, blocked
    SIGHUP: UserHandler in libjvm.so, mask=11100100010111111101111111111110, flags=SA_RESTART|SA_SIGINFO, blocked
    SIGINT: UserHandler in libjvm.so, mask=11100100010111111101111111111110, flags=SA_RESTART|SA_SIGINFO, blocked
   SIGTERM: UserHandler in libjvm.so, mask=11100100010111111101111111111110, flags=SA_RESTART|SA_SIGINFO, blocked
   SIGQUIT: UserHandler in libjvm.so, mask=11100100010111111101111111111110, flags=SA_RESTART|SA_SIGINFO, blocked
   SIGTRAP: crash_handler in libjvm.so, mask=11100100010111111101111111111110, flags=SA_RESTART|SA_SIGINFO, unblocked


Periodic native trim disabled

---------------  S Y S T E M  ---------------

OS:
DISTRIB_ID=cachyos
DISTRIB_RELEASE="rolling"
DISTRIB_DESCRIPTION="CachyOS"
uname: Linux 7.1.8-1-cachyos #1 SMP PREEMPT_DYNAMIC Tue, 11 Aug 2026 14:27:10 +0000 x86_64
OS uptime: 0 days 1:04 hours
libc: glibc 2.44 NPTL 2.44 
rlimit (soft/hard): STACK 8192k/infinity , CORE infinity/infinity , NPROC 45817/45817 , NOFILE 1048576/1048576 , AS infinity/infinity , CPU infinity/infinity , DATA infinity/infinity , FSIZE infinity/infinity , MEMLOCK 8192k/8192k
load average: 3.52 3.65 3.03

/proc/meminfo:
MemTotal:       12041764 kB
MemFree:          191276 kB
MemAvailable:    1296876 kB
Buffers:           16292 kB
Cached:          2544096 kB
SwapCached:          900 kB
Active:          6718808 kB
Inactive:        2468344 kB
Active(anon):    6434280 kB
Inactive(anon):  1498792 kB
Active(file):     284528 kB
Inactive(file):   969552 kB
Unevictable:      687176 kB
Mlocked:           14244 kB
SwapTotal:      28818424 kB
SwapFree:       24692952 kB
Zswap:                 0 kB
Zswapped:              0 kB
Dirty:              2672 kB
Writeback:             0 kB
AnonPages:       7165636 kB
Mapped:           629712 kB
Shmem:            918248 kB
KReclaimable:     177204 kB
Slab:             380184 kB
SReclaimable:     177204 kB
SUnreclaim:       202980 kB
KernelStack:       26768 kB
PageTables:        82880 kB
SecPageTables:      2056 kB
NFS_Unstable:          0 kB
Bounce:                0 kB
WritebackTmp:          0 kB
CommitLimit:    34839304 kB
Committed_AS:   27419280 kB
VmallocTotal:   34359738367 kB
VmallocUsed:      285492 kB
VmallocChunk:          0 kB
Percpu:             5824 kB
HardwareCorrupted:     0 kB
AnonHugePages:   1077248 kB
ShmemHugePages:   110592 kB
ShmemPmdMapped:        0 kB
FileHugePages:     81920 kB
FilePmdMapped:     81920 kB
CmaTotal:              0 kB
CmaFree:               0 kB
Unaccepted:            0 kB
Balloon:               0 kB
GPUActive:             0 kB
GPUReclaim:            0 kB
HugePages_Total:       0
HugePages_Free:        0
HugePages_Rsvd:        0
HugePages_Surp:        0
Hugepagesize:       2048 kB
Hugetlb:               0 kB
DirectMap4k:     2025236 kB
DirectMap2M:    10358784 kB
DirectMap1G:     2097152 kB

/sys/kernel/mm/transparent_hugepage/enabled: [always] madvise never
/sys/kernel/mm/transparent_hugepage/hpage_pmd_size: 2097152
/sys/kernel/mm/transparent_hugepage/defrag (defrag/compaction efforts parameter): always defer [defer+madvise] madvise never

Process Memory:
Virtual Size: 13227596K (peak: 13302408K)
Resident Set Size: 5141352K (peak: 5711496K) (anon: 4990952K, file: 149372K, shmem: 1028K)
Swapped out: 1002800K
C-Heap outstanding allocations: 1033420K, retained: 406491K
glibc malloc tunables: (default)

/proc/sys/kernel/threads-max (system-wide limit on the number of threads): 91634
/proc/sys/vm/max_map_count (maximum number of memory map areas a process may have): 1048576
/proc/sys/vm/swappiness (control to define how aggressively the kernel swaps out anonymous memory): 150
/proc/sys/kernel/pid_max (system-wide limit on number of process identifiers): 4194304

container information not found.
Steal ticks since vm start: 0
Steal ticks percentage since vm start:  0.000

CPU: total 8 (initial active 8) (4 cores per cpu, 2 threads per core) family 6 model 126 stepping 5 microcode 0xce, cx8, cmov, fxsr, ht, mmx, 3dnowpref, sse, sse2, sse3, ssse3, sse4.1, sse4.2, popcnt, lzcnt, tsc, tscinvbit, avx, avx2, aes, erms, clmul, bmi1, bmi2, adx, avx512f, avx512dq, avx512cd, avx512bw, avx512vl, sha, fma, vzeroupper, avx512_vpopcntdq, avx512_vpclmulqdq, avx512_vaes, avx512_vnni, clflush, clflushopt, avx512_vbmi2, avx512_vbmi, rdtscp, rdpid, fsrm, gfni, avx512_bitalg, f16c, pku, ospke, avx512_ifma
CPU Model and flags from /proc/cpuinfo:
model name	: Intel(R) Core(TM) i5-1035G1 CPU @ 1.00GHz
flags		: fpu vme de pse tsc msr pae mce cx8 apic sep mtrr pge mca cmov pat pse36 clflush dts acpi mmx fxsr sse sse2 ss ht tm pbe syscall nx pdpe1gb rdtscp lm constant_tsc art arch_perfmon pebs bts rep_good nopl xtopology nonstop_tsc cpuid aperfmperf tsc_known_freq pni pclmulqdq dtes64 monitor ds_cpl vmx est tm2 ssse3 sdbg fma cx16 xtpr pdcm pcid sse4_1 sse4_2 x2apic movbe popcnt tsc_deadline_timer aes xsave avx f16c rdrand lahf_lm abm 3dnowprefetch cpuid_fault epb ssbd ibrs ibpb stibp ibrs_enhanced tpr_shadow flexpriority ept vpid ept_ad fsgsbase tsc_adjust bmi1 avx2 smep bmi2 erms invpcid avx512f avx512dq rdseed adx smap avx512ifma clflushopt intel_pt avx512cd sha_ni avx512bw avx512vl xsaveopt xsavec xgetbv1 xsaves split_lock_detect dtherm ida arat pln pts hwp hwp_notify hwp_act_window hwp_epp hwp_pkg_req vnmi avx512vbmi umip pku ospke avx512_vbmi2 gfni vaes vpclmulqdq avx512_vnni avx512_bitalg avx512_vpopcntdq rdpid fsrm md_clear flush_l1d arch_capabilities

Online cpus: 0-7
Offline cpus: 
BIOS frequency limitation: <Not Available>
Frequency switch latency (ns): 0
Available cpu frequencies: <Not Available>
Current governor: powersave
Core performance/turbo boost: <Not Available>

Memory: 4k page, physical 12041764k(1296844k free), swap 28818424k(24692996k free)
Page Sizes: 4k

vm_info: OpenJDK 64-Bit Server VM (21.0.7+6-LTS) for linux-amd64 JRE (21.0.7+6-LTS), built on 2025-04-09T22:25:01Z by "MicrosoftCorporation" with gcc 11.3.0

END.
