#
# A fatal error has been detected by the Java Runtime Environment:
#
#  SIGSEGV (0xb) at pc=0x00007f35eb89c705, pid=1030727, tid=1030729
#
# JRE version: OpenJDK Runtime Environment Microsoft-11369942 (21.0.7+6) (build 21.0.7+6-LTS)
# Java VM: OpenJDK 64-Bit Server VM Microsoft-11369942 (21.0.7+6-LTS, mixed mode, tiered, compressed oops, compressed class ptrs, g1 gc, linux-amd64)
# Problematic frame:
# V  [libjvm.so+0x81d705]  G1ParScanThreadState::trim_queue_to_threshold(unsigned int)+0x1d75
#
# Core dump will be written. Default location: Core dumps may be processed with "/usr/lib/systemd/systemd-coredump %P %u %g %s %t %c %h %d %F %I" (or dumping to /run/media/ashy/Shared/.minecraftx/instances/Gearfall Dev/core.1030727)
#
# If you would like to submit a bug report, please visit:
#   https://aka.ms/minecraftjavacrashes
#

---------------  S U M M A R Y ------------

Command Line: -Xms256M -Xmx8192M -javaagent:/run/media/ashy/Shared/.minecraftx/libraries/org/to2mbn/authlibinjector/1.2.8/authlibinjector-1.2.8.jar=http://localhost:25555/yggdrasil -Dauthlibinjector.side=client -Djava.library.path=/run/media/ashy/Shared/.minecraftx/versions/neoforge-21.1.248/neoforge-21.1.248-natives -Djna.tmpdir=/run/media/ashy/Shared/.minecraftx/versions/neoforge-21.1.248/neoforge-21.1.248-natives -Dorg.lwjgl.system.SharedLibraryExtractPath=/run/media/ashy/Shared/.minecraftx/versions/neoforge-21.1.248/neoforge-21.1.248-natives -Dio.netty.native.workdir=/run/media/ashy/Shared/.minecraftx/versions/neoforge-21.1.248/neoforge-21.1.248-natives -Dminecraft.launcher.brand=X Minecraft Launcher (0.65.1) -Dminecraft.launcher.version=X Minecraft Launcher (0.65.1) -Djava.net.preferIPv6Addresses=system -DignoreList=client-extra,1.21.1.jar -DlibraryDirectory=/run/media/ashy/Shared/.minecraftx/libraries --module-path=/run/media/ashy/Shared/.minecraftx/libraries/cpw/mods/bootstraplauncher/2.0.2/bootstraplauncher-2.0.2.jar:/run/media/ashy/Shared/.minecraftx/libraries/cpw/mods/securejarhandler/3.0.8/securejarhandler-3.0.8.jar:/run/media/ashy/Shared/.minecraftx/libraries/org/ow2/asm/asm-commons/9.10.1/asm-commons-9.10.1.jar:/run/media/ashy/Shared/.minecraftx/libraries/org/ow2/asm/asm-util/9.10.1/asm-util-9.10.1.jar:/run/media/ashy/Shared/.minecraftx/libraries/org/ow2/asm/asm-analysis/9.10.1/asm-analysis-9.10.1.jar:/run/media/ashy/Shared/.minecraftx/libraries/org/ow2/asm/asm-tree/9.10.1/asm-tree-9.10.1.jar:/run/media/ashy/Shared/.minecraftx/libraries/org/ow2/asm/asm/9.10.1/asm-9.10.1.jar:/run/media/ashy/Shared/.minecraftx/libraries/net/neoforged/JarJarFileSystems/0.4.1/JarJarFileSystems-0.4.1.jar --add-modules=ALL-MODULE-PATH --add-opens=java.base/java.util.jar=cpw.mods.securejarhandler --add-opens=java.base/java.lang.invoke=cpw.mods.securejarhandler --add-exports=java.base/sun.security.util=cpw.mods.securejarhandler --add-exports=jdk.naming.dns/com.sun.jndi.dns=java.naming -Dauthlibinjector.debug cpw.mods.bootstraplauncher.BootstrapLauncher --username Ashy --version neoforge-21.1.248 --gameDir /run/media/ashy/Shared/.minecraftx/instances/Gearfall Dev --assetsDir /run/media/ashy/Shared/.minecraftx/assets --assetIndex 818f68d092986c6933366762f435889884c36a52 --uuid 68af5072-46a5-387f-ac5e-a6b3c47d6c3f --accessToken f41381d5bb9147468f6af82f71e446b4 --clientId ${clientid} --xuid ${auth_xuid} --userType msa --versionType release --fml.neoForgeVersion 21.1.248 --fml.fmlVersion 4.0.43 --fml.mcVersion 1.21.1 --fml.neoFormVersion 20240808.144430 --launchTarget forgeclient --fullscreen

Host: Intel(R) Core(TM) i5-1035G1 CPU @ 1.00GHz, 8 cores, 11G, CachyOS
Time: Thu Aug 27 20:26:04 2026 +0530 elapsed time: 571.303433 seconds (0d 0h 9m 31s)

---------------  T H R E A D  ---------------

Current thread (0x00007f35e405bba0):  WorkerThread "GC Thread#0"    [id=1030729, stack(0x00007f35e8300000,0x00007f35e8400000) (1024K)]

Stack: [0x00007f35e8300000,0x00007f35e8400000],  sp=0x00007f35e83fe990,  free space=1018k
Native frames: (J=compiled Java code, j=interpreted, Vv=VM code, C=native code)
V  [libjvm.so+0x81d705]  G1ParScanThreadState::trim_queue_to_threshold(unsigned int)+0x1d75
V  [libjvm.so+0x835756]  G1ScanHRForRegionClosure::scan_heap_roots(HeapRegion*)+0x456
V  [libjvm.so+0x8320f8]  G1RemSet::scan_heap_roots(G1ParScanThreadState*, unsigned int, G1GCPhaseTimes::GCParPhases, G1GCPhaseTimes::GCParPhases, bool)+0x1e8
V  [libjvm.so+0x855a2b]  G1EvacuateRegionsTask::scan_roots(G1ParScanThreadState*, unsigned int)+0x4b
V  [libjvm.so+0x855c69]  G1EvacuateRegionsBaseTask::work(unsigned int)+0x89
V  [libjvm.so+0x103bce0]  WorkerThread::run()+0x80
V  [libjvm.so+0xf7f788]  Thread::call_run()+0xa8
V  [libjvm.so+0xd0aaea]  thread_native_entry(Thread*)+0xda

siginfo: si_signo: 11 (SIGSEGV), si_code: 1 (SEGV_MAPERR), si_addr: 0x00000008966ee943

Registers:
RAX=0x00000008966ee93b, RBX=0x00007f357ecdcae0, RCX=0x0000000000000000, RDX=0x0000000000000001
RSP=0x00007f35e83fe990, RBP=0x00007f35e83fea30, RSI=0x00007f35ec56ee80, RDI=0x0000000000001a13
R8 =0x0000000000000000, R9 =0x0000000000000000, R10=0x00000006966ee998, R11=0xd098a62f00000000
R12=0x00000006966ee991, R13=0x0000000684c53170, R14=0x00007f35ec5706e8, R15=0x0000000000000001
RIP=0x00007f35eb89c705, EFLAGS=0x0000000000010202, CSGSFS=0x002b000000000033, ERR=0x0000000000000004
  TRAPNO=0x000000000000000e

XMM[0]=0x0000000696800000 0x00000006967ffff0
XMM[1]=0x0000000000000000 0x0000000696800000
XMM[2]=0x0000000000000000 0x0000000697000000
XMM[3]=0x0000000000000000 0x0000000000000000
XMM[4]=0x0000000000000000 0x00000000004c24ee
XMM[5]=0x0000000000000000 0x0000000000000000
XMM[6]=0x0000000000000000 0x00000085012c67f5
XMM[7]=0x0000000000000000 0x00000085012c67f5
XMM[8]=0xcafebabecafebabe 0xcafebabecafebabe
XMM[9]=0x0000000000000000 0x00007f35ec240340
XMM[10]=0x0000000000000000 0x00007f35ec2406a0
XMM[11]=0x0000000000000000 0x00007f35ec240460
XMM[12]=0x0000000000000000 0x0000000000000000
XMM[13]=0x0000000000000000 0x0000000000000000
XMM[14]=0x0000000000000000 0x0000000000000000
XMM[15]=0x0000000000000000 0x0000000000000000
  MXCSR=0x00001fa2


Register to memory mapping:

RAX=0x00000008966ee93b is an unknown value
RBX=0x00007f357ecdcae0 points into unknown readable memory: 0x00007f35ec4a2158 | 58 21 4a ec 35 7f 00 00
RCX=0x0 is null
RDX=0x0000000000000001 is an unknown value
RSP=0x00007f35e83fe990 points into unknown readable memory: 0x0000000000000001 | 01 00 00 00 00 00 00 00
RBP=0x00007f35e83fea30 points into unknown readable memory: 0x00007f35e83feb70 | 70 eb 3f e8 35 7f 00 00
RSI=0x00007f35ec56ee80: <offset 0x00000000014efe80> in /run/media/ashy/Shared/.minecraftx/jre/java-runtime-delta/lib/server/libjvm.so at 0x00007f35eb07f000
RDI=0x0000000000001a13 is an unknown value
R8 =0x0 is null
R9 =0x0 is null
R10=0x00000006966ee998 is an oop: fzzyhmstrs.emi_loot.emi.BlockLootRecipe$BlockLootRecipeData$$Lambda/0x0000000805d96ba8 
{0x00000006966ee998} - klass: 'fzzyhmstrs/emi_loot/emi/BlockLootRecipe$BlockLootRecipeData$$Lambda+0x0000000805d96ba8'
 - ---- fields (total size 3 words):
 - private final 'arg$1' 'Lnet/minecraft/world/level/block/Block;' @12  a 'net/minecraft/world/level/block/WeatheringCopperFullBlock'{0x0000000628168a28} (0xc502d145)
 - private final 'arg$2' 'Lnet/minecraft/resources/ResourceLocation;' @16  a 'net/minecraft/resources/ResourceLocation'{0x0000000677e68d80} (0xcefcd1b0)
R11=0xd098a62f00000000 is an unknown value
R12=
[error occurred during error reporting (printing register info), id 0xb, SIGSEGV (0xb) at pc=0x00007f35eb84f0be]
R13=
[error occurred during error reporting (printing register info, attempt 2), id 0xb, SIGSEGV (0xb) at pc=0x00007f35eb84f0be]
R14=0x00007f35ec5706e8: <offset 0x00000000014f16e8> in /run/media/ashy/Shared/.minecraftx/jre/java-runtime-delta/lib/server/libjvm.so at 0x00007f35eb07f000
R15=0x0000000000000001 is an unknown value

Top of Stack: (sp=0x00007f35e83fe990)
0x00007f35e83fe990:   0000000000000001 000000060e87f948
0x00007f35e83fe9a0:   00007f3500000001 0000000000000009
0x00007f35e83fe9b0:   0000000000000009 000055d13e7d64f0
0x00007f35e83fe9c0:   0000000600000000 00000008966ee93b
0x00007f35e83fe9d0:   00000006966ee900 00007f35ec56ee90
0x00007f35e83fe9e0:   00000040e83fea10 00000006966ee998
0x00007f35e83fe9f0:   00017f35e83feb10 0000000000000009
0x00007f35e83fea00:   0000000000008abd 00007f35e870e400
0x00007f35e83fea10:   00007f35e870e400 00007f357ecdcae0
0x00007f35e83fea20:   00007f35e83feb10 00007f35e83fec20
0x00007f35e83fea30:   00007f35e83feb70 00007f35eb8b4756
0x00007f35e83fea40:   00007f35e4043310 00007f35e4043320
0x00007f35e83fea50:   00007f35c58f3f40 00007f35e4043320
0x00007f35e83fea60:   00000000000003d8 00007f35e40436f8
0x00007f35e83fea70:   00007f35e4043310 00007f35e405bf40
0x00007f35e83fea80:   00007f35e83fead0 00000004eb88a9e2
0x00007f35e83fea90:   000000000000061c 00007f352d4ee030
0x00007f35e83feaa0:   000000060e867d08 0000000000000187
0x00007f35e83feab0:   00007f35e870e400 0000000000000000
0x00007f35e83feac0:   00007f35e4054970 01007f35e40443c0
0x00007f35e83fead0:   00007f35e870e400 0000000000000040
0x00007f35e83feae0:   0000000000001000 00007f35ec70214d
0x00007f35e83feaf0:   0000008501c8a576 0000000000000000
0x00007f35e83feb00:   0000000661c80000 0000000000000c38
0x00007f35e83feb10:   00007f35ec4a2258 0000000000000000
0x00007f35e83feb20:   00007f35e40443c0 00007f357ecdcae0
0x00007f35e83feb30:   00007f35e83fec70 00007f35eb886786
0x00007f35e83feb40:   00007f35e83fec78 00000000000000a7
0x00007f35e83feb50:   0000000000000042 00007f35e40443c0
0x00007f35e83feb60:   00007f35ec5b1518 00007f35e83febf0
0x00007f35e83feb70:   00007f35e83fece0 00007f35eb8b10f8
0x00007f35e83feb80:   00000010e83fece0 0000000000000000 

Instructions: (pc=0x00007f35eb89c705)
0x00007f35eb89c605:   d8 49 c1 e8 03 41 83 e0 0f 44 3b 83 80 01 00 00
0x00007f35eb89c615:   19 d2 31 c0 83 c2 01 44 3b 83 80 01 00 00 44 0f
0x00007f35eb89c625:   43 f8 48 8b 73 08 44 88 7d c6 88 55 c7 4c 8d 3d
0x00007f35eb89c635:   fb 4e d1 00 8b 8e 18 02 00 00 48 8b 86 10 02 00
0x00007f35eb89c645:   00 48 d3 e0 48 89 c1 4c 89 e8 48 29 c8 41 8b 0f
0x00007f35eb89c655:   48 d3 e8 48 8b 8e f8 01 00 00 89 c0 48 8b 04 c1
0x00007f35eb89c665:   8b b8 8c 00 00 00 48 89 45 98 48 8b 43 70 89 7d
0x00007f35eb89c675:   a0 84 d2 0f 85 6f 0f 00 00 48 8b 48 10 89 fa 48
0x00007f35eb89c685:   8b 14 d1 4c 8b 4a 30 48 8b 42 38 4c 29 c8 48 c1
0x00007f35eb89c695:   e8 03 4c 39 d0 0f 82 92 0e 00 00 4b 8d 04 d1 48
0x00007f35eb89c6a5:   89 42 30 4d 85 c9 0f 84 81 0e 00 00 48 8d 05 48
0x00007f35eb89c6b5:   34 cd 00 48 8b 00 41 0f 18 0c 01 49 83 fa 08 0f
0x00007f35eb89c6c5:   87 69 20 00 00 48 8d 3d 1b 47 9b 00 4a 63 04 97
0x00007f35eb89c6d5:   48 01 f8 ff e0 4c 8d 35 07 40 cd 00 41 0f b6 16
0x00007f35eb89c6e5:   84 d2 0f 84 72 07 00 00 48 8d 35 8c 27 cd 00 41
0x00007f35eb89c6f5:   8b 45 08 8b 4e 08 48 d3 e0 48 03 06 48 89 45 98
0x00007f35eb89c705:   8b 48 08 85 c9 0f 8e ba 0f 00 00 f6 c1 01 74 1a
0x00007f35eb89c715:   48 8b 00 48 8d 3d c1 9c ac ff 48 8b 80 00 01 00
0x00007f35eb89c725:   00 48 39 f8 0f 85 5b 24 00 00 c1 f9 03 4c 63 d1
0x00007f35eb89c735:   80 7d a0 00 4c 89 5d c8 0f 85 0b 0f 00 00 48 8d
0x00007f35eb89c745:   05 3e 38 cd 00 83 38 02 0f 84 1e 1e 00 00 41 83
0x00007f35eb89c755:   e0 01 0f 84 1e 1e 00 00 4c 89 d8 48 c1 e8 03 41
0x00007f35eb89c765:   89 c0 41 83 e0 0f 44 3b 83 80 01 00 00 19 d2 31
0x00007f35eb89c775:   c0 83 c2 01 44 3b 83 80 01 00 00 44 0f 43 f8 48
0x00007f35eb89c785:   8b 73 08 44 88 7d c6 88 55 c7 4c 8d 3d 9e 4d d1
0x00007f35eb89c795:   00 8b 8e 18 02 00 00 48 8b 86 10 02 00 00 48 d3
0x00007f35eb89c7a5:   e0 48 89 c1 4c 89 e8 48 29 c8 41 8b 0f 48 d3 e8
0x00007f35eb89c7b5:   48 8b 8e f8 01 00 00 89 c0 48 8b 04 c1 8b b8 8c
0x00007f35eb89c7c5:   00 00 00 48 89 45 88 48 8b 43 70 89 7d 90 84 d2
0x00007f35eb89c7d5:   0f 85 67 0e 00 00 48 8b 48 10 89 fa 48 8b 14 d1
0x00007f35eb89c7e5:   4c 8b 4a 30 48 8b 42 38 4c 29 c8 4c 89 4d b8 48
0x00007f35eb89c7f5:   c1 e8 03 4c 39 d0 0f 82 5d 0e 00 00 4b 8d 04 d1 


Stack slot to memory mapping:

stack at sp + 0 slots: 0x0000000000000001 is an unknown value
stack at sp + 1 slots: 0x000000060e87f948 is an oop: java.util.concurrent.ConcurrentHashMap$Node 
{0x000000060e87f948} - klass: 'java/util/concurrent/ConcurrentHashMap$Node'
 - ---- fields (total size 4 words):
 - final 'hash' 'I' @12  1780668972 (0x6a22da2c)
 - final 'key' 'Ljava/lang/Object;' @16  a 'jdk/internal/util/WeakReferenceKey'{0x00000006029812e8} (0xc053025d)
 - volatile 'val' 'Ljava/lang/Object;' @20  a 'jdk/internal/util/WeakReferenceKey'{0x00000006029812e8} (0xc053025d)
 - volatile 'next' 'Ljava/util/concurrent/ConcurrentHashMap$Node;' @24  a 'java/util/concurrent/ConcurrentHashMap$Node'{0x00000006493ea920} (0xc927d524)
stack at sp + 2 slots: 0x00007f3500000001 is an unknown value
stack at sp + 3 slots: 0x0000000000000009 is an unknown value
stack at sp + 4 slots: 0x0000000000000009 is an unknown value
stack at sp + 5 slots: 0x000055d13e7d64f0 points into unknown readable memory: 0x0000000684c00000 | 00 00 c0 84 06 00 00 00
stack at sp + 6 slots: 0x0000000600000000 is an oop: [I 
{0x0000000600000000} - klass: {type array int}
 - length: 3033
stack at sp + 7 slots: 0x00000008966ee93b is an unknown value


---------------  P R O C E S S  ---------------

Threads class SMR info:
_java_thread_list=0x00007f35bcbc5e40, length=108, elements={
0x00007f35e4031480, 0x00007f35e419fff0, 0x00007f35e41b1160, 0x00007f35e41b2a40,
0x00007f35e41b3fa0, 0x00007f35e41b5530, 0x00007f35e41b6d10, 0x00007f35e41b83b0,
0x00007f35e42b7bb0, 0x00007f35e49e3300, 0x00007f35c46448c0, 0x00007f35e618dba0,
0x00007f35e636a140, 0x00007f35e5313fd0, 0x00007f35e7c45fa0, 0x00007f35c4b682f0,
0x00007f35c40ebdb0, 0x00007f35c51d08f0, 0x00007f35c54f7700, 0x00007f35c434f220,
0x00007f35c001ffa0, 0x00007f35bc2ddbf0, 0x00007f35c03cb900, 0x00007f35c03cca70,
0x00007f35c5ea9660, 0x00007f35e73de230, 0x00007f3599110880, 0x00007f35c0a3c020,
0x00007f35c0b64500, 0x00007f35b033c720, 0x00007f35b09d8190, 0x00007f35bc968b90,
0x00007f35c667ed20, 0x00007f35c4f70260, 0x00007f35c753f240, 0x00007f35c75445d0,
0x00007f35c51f3110, 0x00007f35c51f63d0, 0x00007f35bc927e90, 0x00007f35c5c8fdc0,
0x00007f35c719c220, 0x000055d13f890b40, 0x00007f357d3d14e0, 0x00007f35b0ef8b30,
0x00007f35c72ee310, 0x00007f35c5503350, 0x000055d140a83f60, 0x00007f353b8bb760,
0x00007f352c204850, 0x00007f35b0f8b2d0, 0x00007f353b86ee40, 0x00007f35b01029b0,
0x00007f35bca25c50, 0x00007f3598659690, 0x00007f359aa07db0, 0x000055d140cd0610,
0x00007f357d9cfda0, 0x00007f35c724aca0, 0x00007f357d65dda0, 0x00007f35c1753f90,
0x00007f352c53eae0, 0x00007f35c1569ec0, 0x00007f357ece33f0, 0x00007f357d758b50,
0x00007f357d832ca0, 0x000055d140da72d0, 0x00007f352c687700, 0x00007f35b592ed10,
0x00007f35b03caee0, 0x00007f35adc6e300, 0x00007f35b03cd400, 0x00007f35ac98f2f0,
0x00007f35b116e700, 0x00007f35bd238320, 0x00007f35bd237470, 0x00007f357ea6b420,
0x00007f359a121850, 0x00007f352c440ac0, 0x00007f35b541f940, 0x00007f35b11700f0,
0x00007f35b497f9f0, 0x00007f35b2017780, 0x00007f357e8da690, 0x000055d140caf410,
0x000055d140cf2fa0, 0x000055d140aad060, 0x000055d140b90f10, 0x00007f352c8b5750,
0x00007f35c4353840, 0x00007f352d43d3f0, 0x00007f35bccb2bf0, 0x00007f35c603f950,
0x00007f35bd239e00, 0x00007f357dd0b9d0, 0x00007f352c5bf330, 0x00007f352c85da40,
0x00007f352c56b8b0, 0x00007f35b18de6e0, 0x000055d13fb24d90, 0x00007f35b116dd60,
0x00007f35ac2f90d0, 0x00007f35ac503890, 0x00007f35b4e47ef0, 0x00007f35bc2de900,
0x00007f359a918730, 0x00007f35bcb72120, 0x000055d140b84090, 0x00007f359994b630
}

Java Threads: ( => current thread )
  0x00007f35e4031480 JavaThread "Ixeris Event Polling Thread"        [_thread_blocked, id=1030728, stack(0x00007f35eaf7f000,0x00007f35eb07f000) (1024K)]
  0x00007f35e419fff0 JavaThread "Reference Handler"          daemon [_thread_blocked, id=1030736, stack(0x00007f35c86f4000,0x00007f35c87f4000) (1024K)]
  0x00007f35e41b1160 JavaThread "Finalizer"                  daemon [_thread_blocked, id=1030737, stack(0x00007f35c8300000,0x00007f35c8400000) (1024K)]
  0x00007f35e41b2a40 JavaThread "Signal Dispatcher"          daemon [_thread_blocked, id=1030738, stack(0x00007f35c81ff000,0x00007f35c82ff000) (1024K)]
  0x00007f35e41b3fa0 JavaThread "Service Thread"             daemon [_thread_blocked, id=1030739, stack(0x00007f35c80fe000,0x00007f35c81fe000) (1024K)]
  0x00007f35e41b5530 JavaThread "Monitor Deflation Thread"   daemon [_thread_blocked, id=1030740, stack(0x00007f35b9f00000,0x00007f35ba000000) (1024K)]
  0x00007f35e41b6d10 JavaThread "C2 CompilerThread0"         daemon [_thread_blocked, id=1030741, stack(0x00007f35b9dff000,0x00007f35b9eff000) (1024K)]
  0x00007f35e41b83b0 JavaThread "C1 CompilerThread0"         daemon [_thread_blocked, id=1030742, stack(0x00007f35b9cfe000,0x00007f35b9dfe000) (1024K)]
  0x00007f35e42b7bb0 JavaThread "Common-Cleaner"             daemon [_thread_blocked, id=1030743, stack(0x00007f35b9bfd000,0x00007f35b9cfd000) (1024K)]
  0x00007f35e49e3300 JavaThread "Notification Thread"        daemon [_thread_blocked, id=1030759, stack(0x00007f35b98a4000,0x00007f35b99a4000) (1024K)]
  0x00007f35c46448c0 JavaThread "ForkJoinPool.commonPool-worker-7" daemon [_thread_blocked, id=1030777, stack(0x00007f35b89ba000,0x00007f35b8aba000) (1024K)]
  0x00007f35e618dba0 JavaThread "LauncherLogger-Worker"      daemon [_thread_blocked, id=1030839, stack(0x00007f359ed00000,0x00007f359ee00000) (1024K)]
  0x00007f35e636a140 JavaThread "JNA Cleaner"                daemon [_thread_blocked, id=1030845, stack(0x00007f359d6b0000,0x00007f359d7b0000) (1024K)]
  0x00007f35e5313fd0 JavaThread "Timer hack thread"          daemon [_thread_blocked, id=1031024, stack(0x00007f35b99fb000,0x00007f35b9afb000) (1024K)]
  0x00007f35e7c45fa0 JavaThread "Render thread"                     [_thread_blocked, id=1031025, stack(0x00007f359cb28000,0x00007f359cc28000) (1024K)]
  0x00007f35c4b682f0 JavaThread "WaterConfig-Worker"         daemon [_thread_blocked, id=1031028, stack(0x00007f359ca27000,0x00007f359cb27000) (1024K)]
  0x00007f35c40ebdb0 JavaThread "WaterConfig-IO"             daemon [_thread_blocked, id=1031029, stack(0x00007f359c500000,0x00007f359c600000) (1024K)]
  0x00007f35c51d08f0 JavaThread "NanoHttpd Main Listener"    daemon [_thread_in_native, id=1031030, stack(0x00007f359c3ff000,0x00007f359c4ff000) (1024K)]
  0x00007f35c54f7700 JavaThread "Yggdrasil Key Fetcher"      daemon [_thread_blocked, id=1031031, stack(0x00007f359c2fe000,0x00007f359c3fe000) (1024K)]
  0x00007f35c434f220 JavaThread "Cleaner-0"                  daemon [_thread_blocked, id=1031040, stack(0x00007f35b9224000,0x00007f35b9324000) (1024K)]
  0x00007f35c001ffa0 JavaThread "modloading-worker-0"        daemon [_thread_blocked, id=1031068, stack(0x00007f359d02d000,0x00007f359d12d000) (1024K)]
  0x00007f35bc2ddbf0 JavaThread "modloading-worker-0"        daemon [_thread_blocked, id=1031069, stack(0x00007f359cf2c000,0x00007f359d02c000) (1024K)]
  0x00007f35c03cb900 JavaThread "FileSystemWatchService"     daemon [_thread_in_native, id=1031081, stack(0x00007f359f3ca000,0x00007f359f4ca000) (1024K)]
  0x00007f35c03cca70 JavaThread "config-file-watcher-0-0"    daemon [_thread_blocked, id=1031082, stack(0x00007f359f2c9000,0x00007f359f3c9000) (1024K)]
  0x00007f35c5ea9660 JavaThread "FileWatcher-1-thread-1"     daemon [_thread_blocked, id=1031083, stack(0x00007f359e0be000,0x00007f359e1be000) (1024K)]
  0x00007f35e73de230 JavaThread "FileSystemWatchService"     daemon [_thread_in_native, id=1031088, stack(0x00007f359dfbd000,0x00007f359e0bd000) (1024K)]
  0x00007f3599110880 JavaThread "JEI Config File Watcher"    daemon [_thread_blocked, id=1031091, stack(0x00007f359debc000,0x00007f359dfbc000) (1024K)]
  0x00007f35c0a3c020 JavaThread "FileSystemWatchService"     daemon [_thread_in_native, id=1031103, stack(0x00007f3593f00000,0x00007f3594000000) (1024K)]
  0x00007f35c0b64500 JavaThread "kubejs-background-thread"   daemon [_thread_blocked, id=1031106, stack(0x00007f3593cfe000,0x00007f3593dfe000) (1024K)]
  0x00007f35b033c720 JavaThread "FileSystemWatchService"     daemon [_thread_in_native, id=1031111, stack(0x00007f359dbdb000,0x00007f359dcdb000) (1024K)]
  0x00007f35b09d8190 JavaThread "config-file-watcher-1-0"    daemon [_thread_blocked, id=1031112, stack(0x00007f359dada000,0x00007f359dbda000) (1024K)]
  0x00007f35bc968b90 JavaThread "Tween thread"               daemon [_thread_blocked, id=1031117, stack(0x00007f3592fff000,0x00007f35930ff000) (1024K)]
  0x00007f35c667ed20 JavaThread "modloading-sync-worker"     daemon [_thread_blocked, id=1031127, stack(0x00007f3591b56000,0x00007f3591c56000) (1024K)]
  0x00007f35c4f70260 JavaThread "FancyMenu-JsonPlaceholder-Cleanup" daemon [_thread_blocked, id=1031179, stack(0x00007f3580100000,0x00007f3580200000) (1024K)]
  0x00007f35c753f240 JavaThread "pool-17-thread-1"                  [_thread_blocked, id=1031185, stack(0x00007f3591a55000,0x00007f3591b55000) (1024K)]
  0x00007f35c75445d0 JavaThread "pool-18-thread-1"                  [_thread_blocked, id=1031186, stack(0x00007f357af2d000,0x00007f357b02d000) (1024K)]
  0x00007f35c51f3110 JavaThread "Thread-13"                         [_thread_blocked, id=1031193, stack(0x00007f357ae2c000,0x00007f357af2c000) (1024K)]
  0x00007f35c51f63d0 JavaThread "Thread-14"                         [_thread_blocked, id=1031194, stack(0x00007f357ad2b000,0x00007f357ae2b000) (1024K)]
  0x00007f35bc927e90 JavaThread "Worker-ResourceReload-3"    daemon [_thread_blocked, id=1031197, stack(0x00007f357aa28000,0x00007f357ab28000) (1024K)]
  0x00007f35c5c8fdc0 JavaThread "Worker-ResourceReload-4"    daemon [_thread_blocked, id=1031198, stack(0x00007f357a927000,0x00007f357aa27000) (1024K)]
  0x00007f35c719c220 JavaThread "Worker-ResourceReload-5"    daemon [_thread_blocked, id=1031199, stack(0x00007f357a826000,0x00007f357a926000) (1024K)]
  0x000055d13f890b40 JavaThread "Worker-Main-5"              daemon [_thread_blocked, id=1031235, stack(0x00007f3572f7e000,0x00007f357307e000) (1024K)]
  0x00007f357d3d14e0 JavaThread "CullThread"                 daemon [_thread_blocked, id=1031948, stack(0x00007f35b8dbe000,0x00007f35b8ebe000) (1024K)]
  0x00007f35b0ef8b30 JavaThread "Thread-16"                  daemon [_thread_blocked, id=1031950, stack(0x00007f3572e7d000,0x00007f3572f7d000) (1024K)]
  0x00007f35c72ee310 JavaThread "KubeJS 2101.7.2-build.374"  daemon [_thread_blocked, id=1031971, stack(0x00007f359ddbb000,0x00007f359debb000) (1024K)]
  0x00007f35c5503350 JavaThread "WSKeepAliveThread-/api/updates" daemon [_thread_blocked, id=1031972, stack(0x00007f35b8ebf000,0x00007f35b8fbf000) (1024K)]
  0x000055d140a83f60 JavaThread "Worker-Main-7"              daemon [_thread_blocked, id=1031987, stack(0x00007f35938fc000,0x00007f35939fc000) (1024K)]
  0x00007f353b8bb760 JavaThread "Cleaner-1"                  daemon [_thread_blocked, id=1032091, stack(0x00007f3592efe000,0x00007f3592ffe000) (1024K)]
  0x00007f352c204850 JavaThread "ForkJoinPool-5-worker-6"    daemon [_thread_blocked, id=1032092, stack(0x00007f3593100000,0x00007f3593200000) (1024K)]
  0x00007f35b0f8b2d0 JavaThread "VirtualThread-unparker"     daemon [_thread_blocked, id=1032093, stack(0x00007f3592dfd000,0x00007f3592efd000) (1024K)]
  0x00007f353b86ee40 JavaThread "pool-21-thread-1"                  [_thread_blocked, id=1032104, stack(0x00007f3593dff000,0x00007f3593eff000) (1024K)]
  0x00007f35b01029b0 JavaThread "ForkJoinPool-5-worker-7"    daemon [_thread_blocked, id=1032430, stack(0x00007f35808fe000,0x00007f35809fe000) (1024K)]
  0x00007f35bca25c50 JavaThread "ComputerCraft-Network-0"    daemon [_thread_blocked, id=1032468, stack(0x00007f356f6fc000,0x00007f356f7fc000) (1024K)]
  0x00007f3598659690 JavaThread "ComputerCraft-Network-1"    daemon [_thread_blocked, id=1032469, stack(0x00007f356fb00000,0x00007f356fc00000) (1024K)]
  0x00007f359aa07db0 JavaThread "ComputerCraft-Network-2"    daemon [_thread_blocked, id=1032476, stack(0x00007f356f5fb000,0x00007f356f6fb000) (1024K)]
  0x000055d140cd0610 JavaThread "ComputerCraft-Network-3"    daemon [_thread_blocked, id=1032484, stack(0x00007f356ee28000,0x00007f356ef28000) (1024K)]
  0x00007f357d9cfda0 JavaThread "Netty Server IO #0"         daemon [_thread_in_native, id=1032507, stack(0x00007f356ec26000,0x00007f356ed26000) (1024K)]
  0x00007f35c724aca0 JavaThread "Netty Server IO #1"         daemon [_thread_in_native, id=1032508, stack(0x00007f3569b7e000,0x00007f3569c7e000) (1024K)]
  0x00007f357d65dda0 JavaThread "Netty Local Client IO #0"   daemon [_thread_blocked, id=1032509, stack(0x00007f3568f7c000,0x00007f356907c000) (1024K)]
  0x00007f35c1753f90 JavaThread "Netty Server IO #2"         daemon [_thread_in_native, id=1032510, stack(0x00007f3566900000,0x00007f3566a00000) (1024K)]
  0x00007f352c53eae0 JavaThread "Netty Local Client IO #1"   daemon [_thread_blocked, id=1032511, stack(0x00007f35667ff000,0x00007f35668ff000) (1024K)]
  0x00007f35c1569ec0 JavaThread "Netty Server IO #3"         daemon [_thread_in_native, id=1032512, stack(0x00007f35666fe000,0x00007f35667fe000) (1024K)]
  0x00007f357ece33f0 JavaThread "HttpClient-3-SelectorManager" daemon [_thread_in_native, id=1032536, stack(0x00007f35664fc000,0x00007f35665fc000) (1024K)]
  0x00007f357d758b50 JavaThread "Flywheel Task Executor #0"         [_thread_blocked, id=1032538, stack(0x00007f35662fa000,0x00007f35663fa000) (1024K)]
  0x00007f357d832ca0 JavaThread "Flywheel Task Executor #1"         [_thread_blocked, id=1032539, stack(0x00007f35646ff000,0x00007f35647ff000) (1024K)]
  0x000055d140da72d0 JavaThread "IO-Worker-8"                       [_thread_blocked, id=1032556, stack(0x00007f35643fc000,0x00007f35644fc000) (1024K)]
  0x00007f352c687700 JavaThread "JEI Delayed Executor 0"            [_thread_blocked, id=1032560, stack(0x00007f35641fa000,0x00007f35642fa000) (1024K)]
  0x00007f35b592ed10 JavaThread "ForkJoinPool.commonPool-worker-8" daemon [_thread_blocked, id=1032564, stack(0x00007f3563ff8000,0x00007f35640f8000) (1024K)]
  0x00007f35b03caee0 JavaThread "IO-Worker-10"                      [_thread_blocked, id=1034141, stack(0x00007f3570a80000,0x00007f3570b80000) (1024K)]
  0x00007f35adc6e300 JavaThread "Worker-Main-9"              daemon [_thread_blocked, id=1034156, stack(0x00007f359c1fd000,0x00007f359c2fd000) (1024K)]
  0x00007f35b03cd400 JavaThread "Worker-Main-10"             daemon [_thread_blocked, id=1034157, stack(0x00007f3593bfd000,0x00007f3593cfd000) (1024K)]
  0x00007f35ac98f2f0 JavaThread "Worker-Main-11"             daemon [_thread_blocked, id=1034158, stack(0x00007f35b8fc0000,0x00007f35b90c0000) (1024K)]
  0x00007f35b116e700 JavaThread "IO-Worker-11"                      [_thread_blocked, id=1034159, stack(0x00007f3563ef7000,0x00007f3563ff7000) (1024K)]
  0x00007f35bd238320 JavaThread "IO-Worker-12"                      [_thread_blocked, id=1034160, stack(0x00007f35806fc000,0x00007f35807fc000) (1024K)]
  0x00007f35bd237470 JavaThread "IO-Worker-13"                      [_thread_blocked, id=1034161, stack(0x00007f359cc29000,0x00007f359cd29000) (1024K)]
  0x00007f357ea6b420 JavaThread "Download-4"                 daemon [_thread_blocked, id=1034170, stack(0x00007f3563cf5000,0x00007f3563df5000) (1024K)]
  0x00007f359a121850 JavaThread "ForkJoinPool.commonPool-worker-9" daemon [_thread_blocked, id=1034171, stack(0x00007f35665fd000,0x00007f35666fd000) (1024K)]
  0x00007f352c440ac0 JavaThread "pool-14-thread-3"                  [_thread_blocked, id=1034186, stack(0x00007f356ed27000,0x00007f356ee27000) (1024K)]
  0x00007f35b541f940 JavaThread "Worker-ResourceReload-8"    daemon [_thread_blocked, id=1034191, stack(0x00007f357a624000,0x00007f357a724000) (1024K)]
  0x00007f35b11700f0 JavaThread "Worker-ResourceReload-9"    daemon [_thread_blocked, id=1034192, stack(0x00007f359f5cc000,0x00007f359f6cc000) (1024K)]
  0x00007f35b497f9f0 JavaThread "Worker-ResourceReload-10"   daemon [_thread_blocked, id=1034193, stack(0x00007f356eaff000,0x00007f356ebff000) (1024K)]
  0x00007f35b2017780 JavaThread "Worker-ResourceReload-11"   daemon [_thread_blocked, id=1034194, stack(0x00007f356f8fe000,0x00007f356f9fe000) (1024K)]
  0x00007f357e8da690 JavaThread "Server thread"                     [_thread_blocked, id=1034327, stack(0x00007f356f9ff000,0x00007f356faff000) (1024K)]
  0x000055d140caf410 JavaThread "Train Worker"                      [_thread_blocked, id=1034328, stack(0x00007f35b8cbd000,0x00007f35b8dbd000) (1024K)]
  0x000055d140cf2fa0 JavaThread "Thread-52"                         [_thread_blocked, id=1034329, stack(0x00007f3563bf4000,0x00007f3563cf4000) (1024K)]
  0x000055d140aad060 JavaThread "Immersive Optimization Worker" daemon [_thread_blocked, id=1034330, stack(0x00007f357a725000,0x00007f357a825000) (1024K)]
  0x000055d140b90f10 JavaThread "ModernFix integrated server watchdog" daemon [_thread_blocked, id=1034337, stack(0x00007f359c0fc000,0x00007f359c1fc000) (1024K)]
  0x00007f352c8b5750 JavaThread "Netty Server IO #4"         daemon [_thread_in_native, id=1034364, stack(0x00007f359d12e000,0x00007f359d22e000) (1024K)]
  0x00007f35c4353840 JavaThread "Netty Server IO #5"         daemon [_thread_in_native, id=1034365, stack(0x00007f357588a000,0x00007f357598a000) (1024K)]
  0x00007f352d43d3f0 JavaThread "Netty Local Client IO #2"   daemon [_thread_blocked, id=1034366, stack(0x00007f356f12b000,0x00007f356f22b000) (1024K)]
  0x00007f35bccb2bf0 JavaThread "Netty Server IO #6"         daemon [_thread_in_native, id=1034367, stack(0x00007f356ef29000,0x00007f356f029000) (1024K)]
  0x00007f35c603f950 JavaThread "Netty Local Client IO #3"   daemon [_thread_blocked, id=1034368, stack(0x00007f35640f9000,0x00007f35641f9000) (1024K)]
  0x00007f35bd239e00 JavaThread "Netty Server IO #7"         daemon [_thread_in_native, id=1034369, stack(0x00007f356f02a000,0x00007f356f12a000) (1024K)]
  0x00007f357dd0b9d0 JavaThread "Sound engine"               daemon [_thread_blocked, id=1034380, stack(0x00007f35645fe000,0x00007f35646fe000) (1024K)]
  0x00007f352c5bf330 JavaThread "Chunk Render Task Executor #0"        [_thread_blocked, id=1034381, stack(0x00007f359ce2b000,0x00007f359cf2b000) (1024K)]
  0x00007f352c85da40 JavaThread "Chunk Render Task Executor #1"        [_thread_blocked, id=1034382, stack(0x00007f3573180000,0x00007f3573280000) (1024K)]
  0x00007f352c56b8b0 JavaThread "HttpClient-3-Worker-2"      daemon [_thread_blocked, id=1034383, stack(0x00007f35b8bbc000,0x00007f35b8cbc000) (1024K)]
  0x00007f35b18de6e0 JavaThread "ForkJoinPool.commonPool-worker-10" daemon [_thread_blocked, id=1034426, stack(0x00007f35644fd000,0x00007f35645fd000) (1024K)]
  0x000055d13fb24d90 JavaThread "ForkJoinPool.commonPool-worker-11" daemon [_thread_blocked, id=1034427, stack(0x00007f3563df6000,0x00007f3563ef6000) (1024K)]
  0x00007f35b116dd60 JavaThread "FastSuite Recipe Lookup Thread: 5" daemon [_thread_blocked, id=1034428, stack(0x00007f35663fb000,0x00007f35664fb000) (1024K)]
  0x00007f35ac2f90d0 JavaThread "FastSuite Recipe Lookup Thread: 6" daemon [_thread_blocked, id=1034429, stack(0x00007f357ab29000,0x00007f357ac29000) (1024K)]
  0x00007f35ac503890 JavaThread "FastSuite Recipe Lookup Thread: 7" daemon [_thread_blocked, id=1034430, stack(0x00007f356f7fd000,0x00007f356f8fd000) (1024K)]
  0x00007f35b4e47ef0 JavaThread "FastSuite Recipe Lookup Thread: 8" daemon [_thread_blocked, id=1034431, stack(0x00007f3592cfc000,0x00007f3592dfc000) (1024K)]
  0x00007f35bc2de900 JavaThread "IO-Worker-14"                      [_thread_blocked, id=1034432, stack(0x00007f357307f000,0x00007f357317f000) (1024K)]
  0x00007f359a918730 JavaThread "C2 CompilerThread1"         daemon [_thread_blocked, id=1034435, stack(0x00007f359cd2a000,0x00007f359ce2a000) (1024K)]
  0x00007f35bcb72120 JavaThread "IO-Worker-15"                      [_thread_blocked, id=1034440, stack(0x00007f35b8abb000,0x00007f35b8bbb000) (1024K)]
  0x000055d140b84090 JavaThread "IO-Worker-16"                      [_thread_blocked, id=1034441, stack(0x00007f35807fd000,0x00007f35808fd000) (1024K)]
  0x00007f359994b630 JavaThread "C2 CompilerThread2"         daemon [_thread_blocked, id=1034444, stack(0x00007f35642fb000,0x00007f35643fb000) (1024K)]
Total: 108

Other Threads:
  0x00007f35e41275f0 VMThread "VM Thread"                           [id=1030735, stack(0x00007f35c87f5000,0x00007f35c88f5000) (1024K)]
  0x00007f35e40dc5d0 WatcherThread "VM Periodic Task Thread"        [id=1030734, stack(0x00007f35c88f6000,0x00007f35c89f6000) (1024K)]
=>0x00007f35e405bba0 WorkerThread "GC Thread#0"                     [id=1030729, stack(0x00007f35e8300000,0x00007f35e8400000) (1024K)]
  0x000055d13e062360 WorkerThread "GC Thread#1"                     [id=1030760, stack(0x00007f35b97a3000,0x00007f35b98a3000) (1024K)]
  0x000055d13e062e70 WorkerThread "GC Thread#2"                     [id=1030761, stack(0x00007f35b96a2000,0x00007f35b97a2000) (1024K)]
  0x000055d13e063980 WorkerThread "GC Thread#3"                     [id=1030762, stack(0x00007f35b95a1000,0x00007f35b96a1000) (1024K)]
  0x000055d13e064490 WorkerThread "GC Thread#4"                     [id=1030763, stack(0x00007f35b94a0000,0x00007f35b95a0000) (1024K)]
  0x000055d13e065420 WorkerThread "GC Thread#5"                     [id=1030764, stack(0x00007f35b939f000,0x00007f35b949f000) (1024K)]
  0x000055d13e08ad70 WorkerThread "GC Thread#6"                     [id=1030799, stack(0x00007f35b88b9000,0x00007f35b89b9000) (1024K)]
  0x000055d13e08bf80 WorkerThread "GC Thread#7"                     [id=1030802, stack(0x00007f35b87b8000,0x00007f35b88b8000) (1024K)]
  0x00007f35e406d1b0 ConcurrentGCThread "G1 Main Marker"            [id=1030730, stack(0x00007f35e81ff000,0x00007f35e82ff000) (1024K)]
  0x00007f35e406e150 WorkerThread "G1 Conc#0"                       [id=1030731, stack(0x00007f35e80fe000,0x00007f35e81fe000) (1024K)]
  0x00007f35bc008cc0 WorkerThread "G1 Conc#1"                       [id=1030803, stack(0x00007f35b86b7000,0x00007f35b87b7000) (1024K)]
  0x00007f35e40cb250 ConcurrentGCThread "G1 Refine#0"               [id=1030732, stack(0x00007f35c8af8000,0x00007f35c8bf8000) (1024K)]
  0x00007f35e40cc200 ConcurrentGCThread "G1 Service"                [id=1030733, stack(0x00007f35c89f7000,0x00007f35c8af7000) (1024K)]
Total: 15

Threads with active compile tasks:
C2 CompilerThread0  571325 84659       4       it.unimi.dsi.fastutil.longs.Long2ObjectOpenHashMap::removeEntry (74 bytes)
C2 CompilerThread1  571325 84657       4       xaero.lib.client.config.ClientConfigManager::getEffective (71 bytes)
C2 CompilerThread2  571326 84654       4       it.unimi.dsi.fastutil.ints.Int2ObjectOpenHashMap::int2ObjectEntrySet (5 bytes)
Total: 3

VM state: at safepoint (normal execution)

VM Mutex/Monitor currently owned by a thread:  ([mutex/lock_event])
[0x00007f35ec5cbd70] Threads_lock - owner thread: 0x00007f35e41275f0
[0x00007f35ec5cbc70] Heap_lock - owner thread: 0x00007f35c72ee310

Heap address: 0x0000000600000000, size: 8192 MB, Compressed Oops mode: Zero based, Oop shift amount: 3

CDS archive(s) not mapped
Compressed class space mapped at: 0x0000000800000000-0x0000000840000000, reserved size: 1073741824
Narrow klass base: 0x0000000800000000, Narrow klass shift: 0, Narrow klass range: 0x40000000

GC Precious Log:
 CardTable entry size: 512
 Card Set container configuration: InlinePtr #cards 4 size 8 Array Of Cards #cards 32 size 80 Howl #buckets 8 coarsen threshold 7372 Howl Bitmap #cards 1024 size 144 coarsen threshold 921 Card regions per heap region 1 cards per card region 8192
 CPUs: 8 total, 8 available
 Memory: 11759M
 Large Page Support: Disabled
 NUMA Support: Disabled
 Compressed Oops: Enabled (Zero based)
 Heap Region Size: 4M
 Heap Min Capacity: 256M
 Heap Initial Capacity: 256M
 Heap Max Capacity: 8G
 Pre-touch: Disabled
 Parallel Workers: 8
 Concurrent Workers: 2
 Concurrent Refinement Workers: 8
 Periodic GC: Disabled

Heap:
 garbage-first heap   total 4141056K, used 3881655K [0x0000000600000000, 0x0000000800000000)
  region size 4096K, 421 young (1724416K), 27 survivors (110592K)
 Metaspace       used 534592K, committed 540288K, reserved 1507328K
  class space    used 96786K, committed 99392K, reserved 1048576K

Heap Regions: E=young(eden), S=young(survivor), O=old, HS=humongous(starts), HC=humongous(continues), CS=collection set, F=free, TAMS=top-at-mark-start, PB=parsable bottom
|   0|0x0000000600000000, 0x00000006003ffff0, 0x0000000600400000| 99%| O|  |TAMS 0x0000000600000000| PB 0x0000000600000000| Untracked 
|   1|0x0000000600400000, 0x00000006007fffe8, 0x0000000600800000| 99%| O|  |TAMS 0x0000000600400000| PB 0x0000000600400000| Untracked 
|   2|0x0000000600800000, 0x0000000600bfffd0, 0x0000000600c00000| 99%| O|  |TAMS 0x0000000600800000| PB 0x0000000600800000| Untracked 
|   3|0x0000000600c00000, 0x0000000601000000, 0x0000000601000000|100%| O|  |TAMS 0x0000000600c00000| PB 0x0000000600c00000| Untracked 
|   4|0x0000000601000000, 0x0000000601400000, 0x0000000601400000|100%|HS|  |TAMS 0x0000000601000000| PB 0x0000000601000000| Complete 
|   5|0x0000000601400000, 0x0000000601800000, 0x0000000601800000|100%|HC|  |TAMS 0x0000000601400000| PB 0x0000000601400000| Complete 
|   6|0x0000000601800000, 0x0000000601bffff8, 0x0000000601c00000| 99%| O|  |TAMS 0x0000000601800000| PB 0x0000000601800000| Untracked 
|   7|0x0000000601c00000, 0x0000000601fcba30, 0x0000000602000000| 94%| O|  |TAMS 0x0000000601c00000| PB 0x0000000601c00000| Untracked 
|   8|0x0000000602000000, 0x00000006023ffff0, 0x0000000602400000| 99%| O|  |TAMS 0x0000000602000000| PB 0x0000000602000000| Untracked 
|   9|0x0000000602400000, 0x0000000602800000, 0x0000000602800000|100%| O|  |TAMS 0x0000000602400000| PB 0x0000000602400000| Untracked 
|  10|0x0000000602800000, 0x0000000602c00000, 0x0000000602c00000|100%| O|  |TAMS 0x0000000602800000| PB 0x0000000602800000| Untracked 
|  11|0x0000000602c00000, 0x0000000603000000, 0x0000000603000000|100%| O|  |TAMS 0x0000000602c00000| PB 0x0000000602c00000| Untracked 
|  12|0x0000000603000000, 0x00000006033fffe0, 0x0000000603400000| 99%| O|  |TAMS 0x0000000603000000| PB 0x0000000603000000| Untracked 
|  13|0x0000000603400000, 0x00000006037fffd8, 0x0000000603800000| 99%| O|  |TAMS 0x0000000603400000| PB 0x0000000603400000| Untracked 
|  14|0x0000000603800000, 0x0000000603c00000, 0x0000000603c00000|100%| O|  |TAMS 0x0000000603800000| PB 0x0000000603800000| Untracked 
|  15|0x0000000603c00000, 0x0000000604000000, 0x0000000604000000|100%| O|  |TAMS 0x0000000603c00000| PB 0x0000000603c00000| Untracked 
|  16|0x0000000604000000, 0x00000006043fffa0, 0x0000000604400000| 99%| O|  |TAMS 0x0000000604000000| PB 0x0000000604000000| Untracked 
|  17|0x0000000604400000, 0x0000000604800000, 0x0000000604800000|100%| O|  |TAMS 0x0000000604400000| PB 0x0000000604400000| Untracked 
|  18|0x0000000604800000, 0x0000000604c00000, 0x0000000604c00000|100%| O|  |TAMS 0x0000000604800000| PB 0x0000000604800000| Untracked 
|  19|0x0000000604c00000, 0x0000000604fffff8, 0x0000000605000000| 99%| O|  |TAMS 0x0000000604c00000| PB 0x0000000604c00000| Untracked 
|  20|0x0000000605000000, 0x0000000605400000, 0x0000000605400000|100%| O|  |TAMS 0x0000000605000000| PB 0x0000000605000000| Untracked 
|  21|0x0000000605400000, 0x0000000605800000, 0x0000000605800000|100%| O|  |TAMS 0x0000000605400000| PB 0x0000000605400000| Untracked 
|  22|0x0000000605800000, 0x0000000605bffff8, 0x0000000605c00000| 99%| O|  |TAMS 0x0000000605800000| PB 0x0000000605800000| Untracked 
|  23|0x0000000605c00000, 0x0000000606000000, 0x0000000606000000|100%| O|  |TAMS 0x0000000605c00000| PB 0x0000000605c00000| Untracked 
|  24|0x0000000606000000, 0x0000000606400000, 0x0000000606400000|100%| O|  |TAMS 0x0000000606000000| PB 0x0000000606000000| Untracked 
|  25|0x0000000606400000, 0x0000000606800000, 0x0000000606800000|100%| O|  |TAMS 0x0000000606400000| PB 0x0000000606400000| Untracked 
|  26|0x0000000606800000, 0x0000000606c00000, 0x0000000606c00000|100%| O|  |TAMS 0x0000000606800000| PB 0x0000000606800000| Untracked 
|  27|0x0000000606c00000, 0x0000000607000000, 0x0000000607000000|100%| O|  |TAMS 0x0000000606c00000| PB 0x0000000606c00000| Untracked 
|  28|0x0000000607000000, 0x0000000607400000, 0x0000000607400000|100%| O|  |TAMS 0x0000000607000000| PB 0x0000000607000000| Untracked 
|  29|0x0000000607400000, 0x0000000607800000, 0x0000000607800000|100%| O|  |TAMS 0x0000000607400000| PB 0x0000000607400000| Untracked 
|  30|0x0000000607800000, 0x0000000607c00000, 0x0000000607c00000|100%| O|  |TAMS 0x0000000607800000| PB 0x0000000607800000| Untracked 
|  31|0x0000000607c00000, 0x0000000607ffffd8, 0x0000000608000000| 99%| O|  |TAMS 0x0000000607c00000| PB 0x0000000607c00000| Untracked 
|  32|0x0000000608000000, 0x00000006083ffff0, 0x0000000608400000| 99%| O|  |TAMS 0x0000000608000000| PB 0x0000000608000000| Untracked 
|  33|0x0000000608400000, 0x0000000608800000, 0x0000000608800000|100%| O|  |TAMS 0x0000000608400000| PB 0x0000000608400000| Untracked 
|  34|0x0000000608800000, 0x0000000608c00000, 0x0000000608c00000|100%| O|  |TAMS 0x0000000608800000| PB 0x0000000608800000| Untracked 
|  35|0x0000000608c00000, 0x0000000609000000, 0x0000000609000000|100%| O|  |TAMS 0x0000000608c00000| PB 0x0000000608c00000| Untracked 
|  36|0x0000000609000000, 0x0000000609400000, 0x0000000609400000|100%| O|  |TAMS 0x0000000609000000| PB 0x0000000609000000| Untracked 
|  37|0x0000000609400000, 0x0000000609800000, 0x0000000609800000|100%| O|  |TAMS 0x0000000609400000| PB 0x0000000609400000| Untracked 
|  38|0x0000000609800000, 0x0000000609c00000, 0x0000000609c00000|100%| O|  |TAMS 0x0000000609800000| PB 0x0000000609800000| Untracked 
|  39|0x0000000609c00000, 0x0000000609fffff0, 0x000000060a000000| 99%| O|  |TAMS 0x0000000609c00000| PB 0x0000000609c00000| Untracked 
|  40|0x000000060a000000, 0x000000060a3fffd8, 0x000000060a400000| 99%| O|  |TAMS 0x000000060a000000| PB 0x000000060a000000| Untracked 
|  41|0x000000060a400000, 0x000000060a7fff98, 0x000000060a800000| 99%| O|  |TAMS 0x000000060a400000| PB 0x000000060a400000| Untracked 
|  42|0x000000060a800000, 0x000000060ac00000, 0x000000060ac00000|100%| O|  |TAMS 0x000000060a800000| PB 0x000000060a800000| Untracked 
|  43|0x000000060ac00000, 0x000000060afffff8, 0x000000060b000000| 99%| O|  |TAMS 0x000000060ac00000| PB 0x000000060ac00000| Untracked 
|  44|0x000000060b000000, 0x000000060b3ffff8, 0x000000060b400000| 99%| O|  |TAMS 0x000000060b000000| PB 0x000000060b000000| Untracked 
|  45|0x000000060b400000, 0x000000060b800000, 0x000000060b800000|100%| O|  |TAMS 0x000000060b400000| PB 0x000000060b400000| Untracked 
|  46|0x000000060b800000, 0x000000060bbff730, 0x000000060bc00000| 99%| O|  |TAMS 0x000000060b800000| PB 0x000000060b800000| Untracked 
|  47|0x000000060bc00000, 0x000000060c000000, 0x000000060c000000|100%| O|  |TAMS 0x000000060bc00000| PB 0x000000060bc00000| Untracked 
|  48|0x000000060c000000, 0x000000060c3fffe8, 0x000000060c400000| 99%| O|  |TAMS 0x000000060c000000| PB 0x000000060c000000| Untracked 
|  49|0x000000060c400000, 0x000000060c800000, 0x000000060c800000|100%| O|  |TAMS 0x000000060c400000| PB 0x000000060c400000| Untracked 
|  50|0x000000060c800000, 0x000000060cc00000, 0x000000060cc00000|100%| O|  |TAMS 0x000000060c800000| PB 0x000000060c800000| Untracked 
|  51|0x000000060cc00000, 0x000000060d000000, 0x000000060d000000|100%| O|  |TAMS 0x000000060cc00000| PB 0x000000060cc00000| Untracked 
|  52|0x000000060d000000, 0x000000060d400000, 0x000000060d400000|100%| O|  |TAMS 0x000000060d000000| PB 0x000000060d000000| Untracked 
|  53|0x000000060d400000, 0x000000060d7fffd0, 0x000000060d800000| 99%| O|  |TAMS 0x000000060d400000| PB 0x000000060d400000| Untracked 
|  54|0x000000060d800000, 0x000000060dc00000, 0x000000060dc00000|100%| O|  |TAMS 0x000000060d800000| PB 0x000000060d800000| Untracked 
|  55|0x000000060dc00000, 0x000000060e000000, 0x000000060e000000|100%| O|  |TAMS 0x000000060dc00000| PB 0x000000060dc00000| Untracked 
|  56|0x000000060e000000, 0x000000060e400000, 0x000000060e400000|100%| O|  |TAMS 0x000000060e000000| PB 0x000000060e000000| Untracked 
|  57|0x000000060e400000, 0x000000060e800000, 0x000000060e800000|100%| O|  |TAMS 0x000000060e400000| PB 0x000000060e400000| Untracked 
|  58|0x000000060e800000, 0x000000060ebffff8, 0x000000060ec00000| 99%| O|  |TAMS 0x000000060e800000| PB 0x000000060e800000| Untracked 
|  59|0x000000060ec00000, 0x000000060f000000, 0x000000060f000000|100%| O|  |TAMS 0x000000060ec00000| PB 0x000000060ec00000| Untracked 
|  60|0x000000060f000000, 0x000000060f3fffe8, 0x000000060f400000| 99%| O|  |TAMS 0x000000060f000000| PB 0x000000060f000000| Untracked 
|  61|0x000000060f400000, 0x000000060f800000, 0x000000060f800000|100%| O|  |TAMS 0x000000060f400000| PB 0x000000060f400000| Untracked 
|  62|0x000000060f800000, 0x000000060fc00000, 0x000000060fc00000|100%| O|  |TAMS 0x000000060f800000| PB 0x000000060f800000| Untracked 
|  63|0x000000060fc00000, 0x0000000610000000, 0x0000000610000000|100%| O|  |TAMS 0x000000060fc00000| PB 0x000000060fc00000| Untracked 
|  64|0x0000000610000000, 0x00000006103ffff0, 0x0000000610400000| 99%| O|  |TAMS 0x0000000610000000| PB 0x0000000610000000| Untracked 
|  65|0x0000000610400000, 0x00000006107fffe8, 0x0000000610800000| 99%| O|  |TAMS 0x0000000610400000| PB 0x0000000610400000| Untracked 
|  66|0x0000000610800000, 0x0000000610bffff0, 0x0000000610c00000| 99%| O|  |TAMS 0x0000000610800000| PB 0x0000000610800000| Untracked 
|  67|0x0000000610c00000, 0x0000000610fff150, 0x0000000611000000| 99%| O|  |TAMS 0x0000000610c00000| PB 0x0000000610c00000| Untracked 
|  68|0x0000000611000000, 0x0000000611400000, 0x0000000611400000|100%| O|  |TAMS 0x0000000611000000| PB 0x0000000611000000| Untracked 
|  69|0x0000000611400000, 0x0000000611800000, 0x0000000611800000|100%| O|  |TAMS 0x0000000611400000| PB 0x0000000611400000| Untracked 
|  70|0x0000000611800000, 0x0000000611bffff8, 0x0000000611c00000| 99%| O|  |TAMS 0x0000000611800000| PB 0x0000000611800000| Untracked 
|  71|0x0000000611c00000, 0x0000000612000000, 0x0000000612000000|100%| O|  |TAMS 0x0000000611c00000| PB 0x0000000611c00000| Untracked 
|  72|0x0000000612000000, 0x0000000612400000, 0x0000000612400000|100%| O|  |TAMS 0x0000000612000000| PB 0x0000000612000000| Untracked 
|  73|0x0000000612400000, 0x0000000612800000, 0x0000000612800000|100%| O|  |TAMS 0x0000000612400000| PB 0x0000000612400000| Untracked 
|  74|0x0000000612800000, 0x0000000612bffef8, 0x0000000612c00000| 99%| O|  |TAMS 0x0000000612800000| PB 0x0000000612800000| Untracked 
|  75|0x0000000612c00000, 0x0000000612ffff98, 0x0000000613000000| 99%| O|  |TAMS 0x0000000612c00000| PB 0x0000000612c00000| Untracked 
|  76|0x0000000613000000, 0x0000000613400000, 0x0000000613400000|100%| O|  |TAMS 0x0000000613000000| PB 0x0000000613000000| Untracked 
|  77|0x0000000613400000, 0x0000000613800000, 0x0000000613800000|100%| O|  |TAMS 0x0000000613400000| PB 0x0000000613400000| Untracked 
|  78|0x0000000613800000, 0x0000000613c00000, 0x0000000613c00000|100%| O|  |TAMS 0x0000000613800000| PB 0x0000000613800000| Untracked 
|  79|0x0000000613c00000, 0x0000000613f94fc0, 0x0000000614000000| 89%| O|  |TAMS 0x0000000613c00000| PB 0x0000000613c00000| Untracked 
|  80|0x0000000614000000, 0x00000006143fffe8, 0x0000000614400000| 99%| O|  |TAMS 0x0000000614000000| PB 0x0000000614000000| Untracked 
|  81|0x0000000614400000, 0x0000000614800000, 0x0000000614800000|100%| O|  |TAMS 0x0000000614400000| PB 0x0000000614400000| Untracked 
|  82|0x0000000614800000, 0x0000000614bffff0, 0x0000000614c00000| 99%| O|  |TAMS 0x0000000614800000| PB 0x0000000614800000| Untracked 
|  83|0x0000000614c00000, 0x0000000614ffffe0, 0x0000000615000000| 99%| O|  |TAMS 0x0000000614c00000| PB 0x0000000614c00000| Untracked 
|  84|0x0000000615000000, 0x00000006153ffd60, 0x0000000615400000| 99%| O|  |TAMS 0x0000000615000000| PB 0x0000000615000000| Untracked 
|  85|0x0000000615400000, 0x0000000615800000, 0x0000000615800000|100%| O|  |TAMS 0x0000000615400000| PB 0x0000000615400000| Untracked 
|  86|0x0000000615800000, 0x0000000615bfffe0, 0x0000000615c00000| 99%| O|  |TAMS 0x0000000615800000| PB 0x0000000615800000| Untracked 
|  87|0x0000000615c00000, 0x0000000616000000, 0x0000000616000000|100%| O|  |TAMS 0x0000000615c00000| PB 0x0000000615c00000| Untracked 
|  88|0x0000000616000000, 0x0000000616400000, 0x0000000616400000|100%| O|  |TAMS 0x0000000616000000| PB 0x0000000616000000| Untracked 
|  89|0x0000000616400000, 0x0000000616800000, 0x0000000616800000|100%| O|  |TAMS 0x0000000616400000| PB 0x0000000616400000| Untracked 
|  90|0x0000000616800000, 0x0000000616c00000, 0x0000000616c00000|100%| O|  |TAMS 0x0000000616800000| PB 0x0000000616800000| Untracked 
|  91|0x0000000616c00000, 0x0000000617000000, 0x0000000617000000|100%| O|  |TAMS 0x0000000616c00000| PB 0x0000000616c00000| Untracked 
|  92|0x0000000617000000, 0x0000000617400000, 0x0000000617400000|100%| O|  |TAMS 0x0000000617000000| PB 0x0000000617000000| Untracked 
|  93|0x0000000617400000, 0x00000006177fffd8, 0x0000000617800000| 99%| O|  |TAMS 0x0000000617400000| PB 0x0000000617400000| Untracked 
|  94|0x0000000617800000, 0x0000000617bffff8, 0x0000000617c00000| 99%| O|  |TAMS 0x0000000617800000| PB 0x0000000617800000| Untracked 
|  95|0x0000000617c00000, 0x0000000618000000, 0x0000000618000000|100%| O|  |TAMS 0x0000000617c00000| PB 0x0000000617c00000| Untracked 
|  96|0x0000000618000000, 0x00000006183ffff8, 0x0000000618400000| 99%| O|  |TAMS 0x0000000618000000| PB 0x0000000618000000| Untracked 
|  97|0x0000000618400000, 0x0000000618800000, 0x0000000618800000|100%| O|  |TAMS 0x0000000618400000| PB 0x0000000618400000| Untracked 
|  98|0x0000000618800000, 0x0000000618c00000, 0x0000000618c00000|100%| O|  |TAMS 0x0000000618800000| PB 0x0000000618800000| Untracked 
|  99|0x0000000618c00000, 0x0000000619000000, 0x0000000619000000|100%| O|  |TAMS 0x0000000618c00000| PB 0x0000000618c00000| Untracked 
| 100|0x0000000619000000, 0x0000000619400000, 0x0000000619400000|100%| O|  |TAMS 0x0000000619000000| PB 0x0000000619000000| Untracked 
| 101|0x0000000619400000, 0x0000000619800000, 0x0000000619800000|100%| O|  |TAMS 0x0000000619400000| PB 0x0000000619400000| Untracked 
| 102|0x0000000619800000, 0x0000000619c00000, 0x0000000619c00000|100%| O|  |TAMS 0x0000000619800000| PB 0x0000000619800000| Untracked 
| 103|0x0000000619c00000, 0x000000061a000000, 0x000000061a000000|100%| O|  |TAMS 0x0000000619c00000| PB 0x0000000619c00000| Untracked 
| 104|0x000000061a000000, 0x000000061a400000, 0x000000061a400000|100%| O|  |TAMS 0x000000061a000000| PB 0x000000061a000000| Untracked 
| 105|0x000000061a400000, 0x000000061a800000, 0x000000061a800000|100%| O|  |TAMS 0x000000061a400000| PB 0x000000061a400000| Untracked 
| 106|0x000000061a800000, 0x000000061ac00000, 0x000000061ac00000|100%| O|  |TAMS 0x000000061a800000| PB 0x000000061a800000| Untracked 
| 107|0x000000061ac00000, 0x000000061b000000, 0x000000061b000000|100%| O|  |TAMS 0x000000061ac00000| PB 0x000000061ac00000| Untracked 
| 108|0x000000061b000000, 0x000000061b400000, 0x000000061b400000|100%| O|  |TAMS 0x000000061b000000| PB 0x000000061b000000| Untracked 
| 109|0x000000061b400000, 0x000000061b800000, 0x000000061b800000|100%| O|  |TAMS 0x000000061b400000| PB 0x000000061b400000| Untracked 
| 110|0x000000061b800000, 0x000000061bc00000, 0x000000061bc00000|100%| O|  |TAMS 0x000000061b800000| PB 0x000000061b800000| Untracked 
| 111|0x000000061bc00000, 0x000000061c000000, 0x000000061c000000|100%| O|  |TAMS 0x000000061bc00000| PB 0x000000061bc00000| Untracked 
| 112|0x000000061c000000, 0x000000061c400000, 0x000000061c400000|100%|HS|  |TAMS 0x000000061c000000| PB 0x000000061c000000| Untracked 
| 113|0x000000061c400000, 0x000000061c800000, 0x000000061c800000|100%| O|  |TAMS 0x000000061c400000| PB 0x000000061c400000| Untracked 
| 114|0x000000061c800000, 0x000000061cc00000, 0x000000061cc00000|100%| O|  |TAMS 0x000000061c800000| PB 0x000000061c800000| Untracked 
| 115|0x000000061cc00000, 0x000000061d000000, 0x000000061d000000|100%| O|  |TAMS 0x000000061cc00000| PB 0x000000061cc00000| Untracked 
| 116|0x000000061d000000, 0x000000061d400000, 0x000000061d400000|100%|HS|  |TAMS 0x000000061d000000| PB 0x000000061d000000| Untracked 
| 117|0x000000061d400000, 0x000000061d800000, 0x000000061d800000|100%|HC|  |TAMS 0x000000061d400000| PB 0x000000061d400000| Untracked 
| 118|0x000000061d800000, 0x000000061dc00000, 0x000000061dc00000|100%| O|  |TAMS 0x000000061d800000| PB 0x000000061d800000| Untracked 
| 119|0x000000061dc00000, 0x000000061dffffa8, 0x000000061e000000| 99%| O|  |TAMS 0x000000061dc00000| PB 0x000000061dc00000| Untracked 
| 120|0x000000061e000000, 0x000000061e400000, 0x000000061e400000|100%| O|  |TAMS 0x000000061e000000| PB 0x000000061e000000| Untracked 
| 121|0x000000061e400000, 0x000000061e800000, 0x000000061e800000|100%| O|  |TAMS 0x000000061e400000| PB 0x000000061e400000| Untracked 
| 122|0x000000061e800000, 0x000000061ec00000, 0x000000061ec00000|100%| O|  |TAMS 0x000000061e800000| PB 0x000000061e800000| Untracked 
| 123|0x000000061ec00000, 0x000000061f000000, 0x000000061f000000|100%| O|  |TAMS 0x000000061ec00000| PB 0x000000061ec00000| Untracked 
| 124|0x000000061f000000, 0x000000061f400000, 0x000000061f400000|100%| O|  |TAMS 0x000000061f000000| PB 0x000000061f000000| Untracked 
| 125|0x000000061f400000, 0x000000061f800000, 0x000000061f800000|100%| O|  |TAMS 0x000000061f400000| PB 0x000000061f400000| Untracked 
| 126|0x000000061f800000, 0x000000061fc00000, 0x000000061fc00000|100%| O|  |TAMS 0x000000061f800000| PB 0x000000061f800000| Untracked 
| 127|0x000000061fc00000, 0x0000000620000000, 0x0000000620000000|100%| O|  |TAMS 0x000000061fc00000| PB 0x000000061fc00000| Untracked 
| 128|0x0000000620000000, 0x00000006203fffd8, 0x0000000620400000| 99%| O|  |TAMS 0x0000000620000000| PB 0x0000000620000000| Untracked 
| 129|0x0000000620400000, 0x0000000620800000, 0x0000000620800000|100%|HS|  |TAMS 0x0000000620400000| PB 0x0000000620400000| Complete 
| 130|0x0000000620800000, 0x0000000620c00000, 0x0000000620c00000|100%|HC|  |TAMS 0x0000000620800000| PB 0x0000000620800000| Complete 
| 131|0x0000000620c00000, 0x0000000620ffffe8, 0x0000000621000000| 99%| O|  |TAMS 0x0000000620c00000| PB 0x0000000620c00000| Untracked 
| 132|0x0000000621000000, 0x00000006213ffff8, 0x0000000621400000| 99%| O|  |TAMS 0x0000000621000000| PB 0x0000000621000000| Untracked 
| 133|0x0000000621400000, 0x0000000621800000, 0x0000000621800000|100%|HS|  |TAMS 0x0000000621400000| PB 0x0000000621400000| Complete 
| 134|0x0000000621800000, 0x0000000621c00000, 0x0000000621c00000|100%|HC|  |TAMS 0x0000000621800000| PB 0x0000000621800000| Complete 
| 135|0x0000000621c00000, 0x0000000621f80f40, 0x0000000622000000| 87%| O|  |TAMS 0x0000000621c00000| PB 0x0000000621c00000| Untracked 
| 136|0x0000000622000000, 0x0000000622400000, 0x0000000622400000|100%| O|  |TAMS 0x0000000622000000| PB 0x0000000622000000| Untracked 
| 137|0x0000000622400000, 0x00000006227fffd8, 0x0000000622800000| 99%| O|  |TAMS 0x0000000622400000| PB 0x0000000622400000| Untracked 
| 138|0x0000000622800000, 0x0000000622c00000, 0x0000000622c00000|100%| O|  |TAMS 0x0000000622800000| PB 0x0000000622800000| Untracked 
| 139|0x0000000622c00000, 0x0000000623000000, 0x0000000623000000|100%| O|  |TAMS 0x0000000622c00000| PB 0x0000000622c00000| Untracked 
| 140|0x0000000623000000, 0x00000006233ffff0, 0x0000000623400000| 99%| O|  |TAMS 0x0000000623000000| PB 0x0000000623000000| Untracked 
| 141|0x0000000623400000, 0x00000006237fffb8, 0x0000000623800000| 99%| O|  |TAMS 0x0000000623400000| PB 0x0000000623400000| Untracked 
| 142|0x0000000623800000, 0x0000000623c00000, 0x0000000623c00000|100%| O|  |TAMS 0x0000000623800000| PB 0x0000000623800000| Untracked 
| 143|0x0000000623c00000, 0x0000000624000000, 0x0000000624000000|100%| O|  |TAMS 0x0000000623c00000| PB 0x0000000623c00000| Untracked 
| 144|0x0000000624000000, 0x0000000624400000, 0x0000000624400000|100%| O|  |TAMS 0x0000000624000000| PB 0x0000000624000000| Untracked 
| 145|0x0000000624400000, 0x0000000624800000, 0x0000000624800000|100%| O|  |TAMS 0x0000000624400000| PB 0x0000000624400000| Untracked 
| 146|0x0000000624800000, 0x0000000624bc59a8, 0x0000000624c00000| 94%| O|  |TAMS 0x0000000624800000| PB 0x0000000624800000| Untracked 
| 147|0x0000000624c00000, 0x0000000624ffffd0, 0x0000000625000000| 99%| O|  |TAMS 0x0000000624c00000| PB 0x0000000624c00000| Untracked 
| 148|0x0000000625000000, 0x00000006253ffff8, 0x0000000625400000| 99%| O|  |TAMS 0x0000000625000000| PB 0x0000000625000000| Untracked 
| 149|0x0000000625400000, 0x00000006257ffff8, 0x0000000625800000| 99%| O|  |TAMS 0x0000000625400000| PB 0x0000000625400000| Untracked 
| 150|0x0000000625800000, 0x0000000625bffff0, 0x0000000625c00000| 99%| O|  |TAMS 0x0000000625800000| PB 0x0000000625800000| Untracked 
| 151|0x0000000625c00000, 0x0000000626000000, 0x0000000626000000|100%| O|  |TAMS 0x0000000625c00000| PB 0x0000000625c00000| Untracked 
| 152|0x0000000626000000, 0x0000000626400000, 0x0000000626400000|100%| O|  |TAMS 0x0000000626000000| PB 0x0000000626000000| Untracked 
| 153|0x0000000626400000, 0x0000000626800000, 0x0000000626800000|100%| O|  |TAMS 0x0000000626400000| PB 0x0000000626400000| Untracked 
| 154|0x0000000626800000, 0x0000000626c00000, 0x0000000626c00000|100%| O|  |TAMS 0x0000000626800000| PB 0x0000000626800000| Untracked 
| 155|0x0000000626c00000, 0x0000000627000000, 0x0000000627000000|100%| O|  |TAMS 0x0000000626c00000| PB 0x0000000626c00000| Untracked 
| 156|0x0000000627000000, 0x0000000627400000, 0x0000000627400000|100%| O|  |TAMS 0x0000000627000000| PB 0x0000000627000000| Untracked 
| 157|0x0000000627400000, 0x0000000627800000, 0x0000000627800000|100%| O|  |TAMS 0x0000000627400000| PB 0x0000000627400000| Untracked 
| 158|0x0000000627800000, 0x0000000627c00000, 0x0000000627c00000|100%| O|  |TAMS 0x0000000627800000| PB 0x0000000627800000| Untracked 
| 159|0x0000000627c00000, 0x0000000628000000, 0x0000000628000000|100%| O|  |TAMS 0x0000000627c00000| PB 0x0000000627c00000| Untracked 
| 160|0x0000000628000000, 0x0000000628400000, 0x0000000628400000|100%| O|  |TAMS 0x0000000628000000| PB 0x0000000628000000| Untracked 
| 161|0x0000000628400000, 0x0000000628800000, 0x0000000628800000|100%| O|  |TAMS 0x0000000628400000| PB 0x0000000628400000| Untracked 
| 162|0x0000000628800000, 0x0000000628c00000, 0x0000000628c00000|100%| O|  |TAMS 0x0000000628800000| PB 0x0000000628800000| Untracked 
| 163|0x0000000628c00000, 0x0000000629000000, 0x0000000629000000|100%| O|  |TAMS 0x0000000628c00000| PB 0x0000000628c00000| Untracked 
| 164|0x0000000629000000, 0x0000000629400000, 0x0000000629400000|100%| O|  |TAMS 0x0000000629000000| PB 0x0000000629000000| Untracked 
| 165|0x0000000629400000, 0x0000000629800000, 0x0000000629800000|100%| O|  |TAMS 0x0000000629400000| PB 0x0000000629400000| Untracked 
| 166|0x0000000629800000, 0x0000000629c00000, 0x0000000629c00000|100%| O|  |TAMS 0x0000000629800000| PB 0x0000000629800000| Untracked 
| 167|0x0000000629c00000, 0x000000062a000000, 0x000000062a000000|100%| O|  |TAMS 0x0000000629c00000| PB 0x0000000629c00000| Untracked 
| 168|0x000000062a000000, 0x000000062a3ffff0, 0x000000062a400000| 99%| O|  |TAMS 0x000000062a000000| PB 0x000000062a000000| Untracked 
| 169|0x000000062a400000, 0x000000062a800000, 0x000000062a800000|100%| O|  |TAMS 0x000000062a400000| PB 0x000000062a400000| Untracked 
| 170|0x000000062a800000, 0x000000062ac00000, 0x000000062ac00000|100%| O|  |TAMS 0x000000062a800000| PB 0x000000062a800000| Untracked 
| 171|0x000000062ac00000, 0x000000062b000000, 0x000000062b000000|100%| O|  |TAMS 0x000000062ac00000| PB 0x000000062ac00000| Untracked 
| 172|0x000000062b000000, 0x000000062b3f39b0, 0x000000062b400000| 98%| O|  |TAMS 0x000000062b000000| PB 0x000000062b000000| Untracked 
| 173|0x000000062b400000, 0x000000062b800000, 0x000000062b800000|100%| O|  |TAMS 0x000000062b400000| PB 0x000000062b400000| Untracked 
| 174|0x000000062b800000, 0x000000062bbfffd8, 0x000000062bc00000| 99%| O|  |TAMS 0x000000062b800000| PB 0x000000062b800000| Untracked 
| 175|0x000000062bc00000, 0x000000062c000000, 0x000000062c000000|100%| O|  |TAMS 0x000000062bc00000| PB 0x000000062bc00000| Untracked 
| 176|0x000000062c000000, 0x000000062c400000, 0x000000062c400000|100%|HS|  |TAMS 0x000000062c000000| PB 0x000000062c000000| Complete 
| 177|0x000000062c400000, 0x000000062c800000, 0x000000062c800000|100%|HC|  |TAMS 0x000000062c400000| PB 0x000000062c400000| Complete 
| 178|0x000000062c800000, 0x000000062cc00000, 0x000000062cc00000|100%| O|  |TAMS 0x000000062c800000| PB 0x000000062c800000| Untracked 
| 179|0x000000062cc00000, 0x000000062d000000, 0x000000062d000000|100%| O|  |TAMS 0x000000062cc00000| PB 0x000000062cc00000| Untracked 
| 180|0x000000062d000000, 0x000000062d400000, 0x000000062d400000|100%| O|  |TAMS 0x000000062d000000| PB 0x000000062d000000| Untracked 
| 181|0x000000062d400000, 0x000000062d7fffc0, 0x000000062d800000| 99%| O|  |TAMS 0x000000062d400000| PB 0x000000062d400000| Untracked 
| 182|0x000000062d800000, 0x000000062dbfffe0, 0x000000062dc00000| 99%| O|  |TAMS 0x000000062d800000| PB 0x000000062d800000| Untracked 
| 183|0x000000062dc00000, 0x000000062dfffff8, 0x000000062e000000| 99%| O|  |TAMS 0x000000062dc00000| PB 0x000000062dc00000| Untracked 
| 184|0x000000062e000000, 0x000000062e3ffff8, 0x000000062e400000| 99%| O|  |TAMS 0x000000062e000000| PB 0x000000062e000000| Untracked 
| 185|0x000000062e400000, 0x000000062e7fffe8, 0x000000062e800000| 99%| O|  |TAMS 0x000000062e400000| PB 0x000000062e400000| Untracked 
| 186|0x000000062e800000, 0x000000062ebff3c0, 0x000000062ec00000| 99%| O|  |TAMS 0x000000062e800000| PB 0x000000062e800000| Untracked 
| 187|0x000000062ec00000, 0x000000062efffff8, 0x000000062f000000| 99%| O|  |TAMS 0x000000062ec00000| PB 0x000000062ec00000| Untracked 
| 188|0x000000062f000000, 0x000000062f3fffe0, 0x000000062f400000| 99%| O|  |TAMS 0x000000062f000000| PB 0x000000062f000000| Untracked 
| 189|0x000000062f400000, 0x000000062f7ffff0, 0x000000062f800000| 99%| O|  |TAMS 0x000000062f400000| PB 0x000000062f400000| Untracked 
| 190|0x000000062f800000, 0x000000062fc00000, 0x000000062fc00000|100%| O|  |TAMS 0x000000062f800000| PB 0x000000062f800000| Untracked 
| 191|0x000000062fc00000, 0x000000062fffffe0, 0x0000000630000000| 99%| O|  |TAMS 0x000000062fc00000| PB 0x000000062fc00000| Untracked 
| 192|0x0000000630000000, 0x0000000630400000, 0x0000000630400000|100%| O|  |TAMS 0x0000000630000000| PB 0x0000000630000000| Untracked 
| 193|0x0000000630400000, 0x00000006307fffe0, 0x0000000630800000| 99%| O|  |TAMS 0x0000000630400000| PB 0x0000000630400000| Untracked 
| 194|0x0000000630800000, 0x0000000630c00000, 0x0000000630c00000|100%| O|  |TAMS 0x0000000630800000| PB 0x0000000630800000| Untracked 
| 195|0x0000000630c00000, 0x0000000630ffffe8, 0x0000000631000000| 99%| O|  |TAMS 0x0000000630c00000| PB 0x0000000630c00000| Untracked 
| 196|0x0000000631000000, 0x00000006313fffe0, 0x0000000631400000| 99%| O|  |TAMS 0x0000000631000000| PB 0x0000000631000000| Untracked 
| 197|0x0000000631400000, 0x00000006317fffe8, 0x0000000631800000| 99%| O|  |TAMS 0x0000000631400000| PB 0x0000000631400000| Untracked 
| 198|0x0000000631800000, 0x0000000631bfffd8, 0x0000000631c00000| 99%| O|  |TAMS 0x0000000631800000| PB 0x0000000631800000| Untracked 
| 199|0x0000000631c00000, 0x0000000631fffff0, 0x0000000632000000| 99%| O|  |TAMS 0x0000000631c00000| PB 0x0000000631c00000| Untracked 
| 200|0x0000000632000000, 0x0000000632400000, 0x0000000632400000|100%| O|  |TAMS 0x0000000632000000| PB 0x0000000632000000| Untracked 
| 201|0x0000000632400000, 0x0000000632800000, 0x0000000632800000|100%| O|  |TAMS 0x0000000632400000| PB 0x0000000632400000| Untracked 
| 202|0x0000000632800000, 0x0000000632c00000, 0x0000000632c00000|100%|HS|  |TAMS 0x0000000632800000| PB 0x0000000632800000| Complete 
| 203|0x0000000632c00000, 0x0000000633000000, 0x0000000633000000|100%|HC|  |TAMS 0x0000000632c00000| PB 0x0000000632c00000| Complete 
| 204|0x0000000633000000, 0x0000000633400000, 0x0000000633400000|100%| O|  |TAMS 0x0000000633000000| PB 0x0000000633000000| Untracked 
| 205|0x0000000633400000, 0x0000000633800000, 0x0000000633800000|100%| O|  |TAMS 0x0000000633400000| PB 0x0000000633400000| Untracked 
| 206|0x0000000633800000, 0x0000000633c00000, 0x0000000633c00000|100%| O|  |TAMS 0x0000000633800000| PB 0x0000000633800000| Untracked 
| 207|0x0000000633c00000, 0x0000000634000000, 0x0000000634000000|100%| O|  |TAMS 0x0000000633c00000| PB 0x0000000633c00000| Untracked 
| 208|0x0000000634000000, 0x0000000634400000, 0x0000000634400000|100%| O|  |TAMS 0x0000000634000000| PB 0x0000000634000000| Untracked 
| 209|0x0000000634400000, 0x0000000634800000, 0x0000000634800000|100%| O|  |TAMS 0x0000000634400000| PB 0x0000000634400000| Untracked 
| 210|0x0000000634800000, 0x0000000634c00000, 0x0000000634c00000|100%| O|  |TAMS 0x0000000634800000| PB 0x0000000634800000| Untracked 
| 211|0x0000000634c00000, 0x0000000635000000, 0x0000000635000000|100%| O|  |TAMS 0x0000000634c00000| PB 0x0000000634c00000| Untracked 
| 212|0x0000000635000000, 0x00000006353ffff8, 0x0000000635400000| 99%| O|  |TAMS 0x0000000635000000| PB 0x0000000635000000| Untracked 
| 213|0x0000000635400000, 0x00000006357ffff8, 0x0000000635800000| 99%| O|  |TAMS 0x0000000635400000| PB 0x0000000635400000| Untracked 
| 214|0x0000000635800000, 0x0000000635c00000, 0x0000000635c00000|100%| O|  |TAMS 0x0000000635800000| PB 0x0000000635800000| Untracked 
| 215|0x0000000635c00000, 0x0000000636000000, 0x0000000636000000|100%| O|  |TAMS 0x0000000635c00000| PB 0x0000000635c00000| Untracked 
| 216|0x0000000636000000, 0x00000006363fffa8, 0x0000000636400000| 99%| O|  |TAMS 0x0000000636000000| PB 0x0000000636000000| Untracked 
| 217|0x0000000636400000, 0x0000000636800000, 0x0000000636800000|100%| O|  |TAMS 0x0000000636400000| PB 0x0000000636400000| Untracked 
| 218|0x0000000636800000, 0x0000000636bfffe8, 0x0000000636c00000| 99%| O|  |TAMS 0x0000000636800000| PB 0x0000000636800000| Untracked 
| 219|0x0000000636c00000, 0x0000000636ffffd0, 0x0000000637000000| 99%| O|  |TAMS 0x0000000636c00000| PB 0x0000000636c00000| Untracked 
| 220|0x0000000637000000, 0x00000006373fffc8, 0x0000000637400000| 99%| O|  |TAMS 0x0000000637000000| PB 0x0000000637000000| Untracked 
| 221|0x0000000637400000, 0x00000006377fffe8, 0x0000000637800000| 99%| O|  |TAMS 0x0000000637400000| PB 0x0000000637400000| Untracked 
| 222|0x0000000637800000, 0x0000000637c00000, 0x0000000637c00000|100%| O|  |TAMS 0x0000000637800000| PB 0x0000000637800000| Untracked 
| 223|0x0000000637c00000, 0x0000000638000000, 0x0000000638000000|100%| O|  |TAMS 0x0000000637c00000| PB 0x0000000637c00000| Untracked 
| 224|0x0000000638000000, 0x00000006383ffff8, 0x0000000638400000| 99%| O|  |TAMS 0x0000000638000000| PB 0x0000000638000000| Untracked 
| 225|0x0000000638400000, 0x000000063878abb8, 0x0000000638800000| 88%| O|  |TAMS 0x0000000638400000| PB 0x0000000638400000| Untracked 
| 226|0x0000000638800000, 0x0000000638c00000, 0x0000000638c00000|100%| O|  |TAMS 0x0000000638800000| PB 0x0000000638800000| Untracked 
| 227|0x0000000638c00000, 0x0000000639000000, 0x0000000639000000|100%| O|  |TAMS 0x0000000638c00000| PB 0x0000000638c00000| Untracked 
| 228|0x0000000639000000, 0x0000000639400000, 0x0000000639400000|100%| O|  |TAMS 0x0000000639000000| PB 0x0000000639000000| Untracked 
| 229|0x0000000639400000, 0x0000000639800000, 0x0000000639800000|100%| O|  |TAMS 0x0000000639400000| PB 0x0000000639400000| Untracked 
| 230|0x0000000639800000, 0x0000000639bfffd0, 0x0000000639c00000| 99%| O|  |TAMS 0x0000000639800000| PB 0x0000000639800000| Untracked 
| 231|0x0000000639c00000, 0x0000000639fffff0, 0x000000063a000000| 99%| O|  |TAMS 0x0000000639c00000| PB 0x0000000639c00000| Untracked 
| 232|0x000000063a000000, 0x000000063a3fd5b0, 0x000000063a400000| 99%| O|  |TAMS 0x000000063a000000| PB 0x000000063a000000| Untracked 
| 233|0x000000063a400000, 0x000000063a800000, 0x000000063a800000|100%| O|  |TAMS 0x000000063a400000| PB 0x000000063a400000| Untracked 
| 234|0x000000063a800000, 0x000000063ac00000, 0x000000063ac00000|100%| O|  |TAMS 0x000000063a800000| PB 0x000000063a800000| Untracked 
| 235|0x000000063ac00000, 0x000000063b000000, 0x000000063b000000|100%| O|  |TAMS 0x000000063ac00000| PB 0x000000063ac00000| Untracked 
| 236|0x000000063b000000, 0x000000063b400000, 0x000000063b400000|100%| O|  |TAMS 0x000000063b000000| PB 0x000000063b000000| Untracked 
| 237|0x000000063b400000, 0x000000063b800000, 0x000000063b800000|100%| O|  |TAMS 0x000000063b400000| PB 0x000000063b400000| Untracked 
| 238|0x000000063b800000, 0x000000063bc00000, 0x000000063bc00000|100%| O|  |TAMS 0x000000063b800000| PB 0x000000063b800000| Untracked 
| 239|0x000000063bc00000, 0x000000063c000000, 0x000000063c000000|100%| O|  |TAMS 0x000000063bc00000| PB 0x000000063bc00000| Untracked 
| 240|0x000000063c000000, 0x000000063c400000, 0x000000063c400000|100%| O|  |TAMS 0x000000063c000000| PB 0x000000063c000000| Untracked 
| 241|0x000000063c400000, 0x000000063c7fffe0, 0x000000063c800000| 99%| O|  |TAMS 0x000000063c400000| PB 0x000000063c400000| Untracked 
| 242|0x000000063c800000, 0x000000063cc00000, 0x000000063cc00000|100%| O|  |TAMS 0x000000063c800000| PB 0x000000063c800000| Untracked 
| 243|0x000000063cc00000, 0x000000063cffffe0, 0x000000063d000000| 99%| O|  |TAMS 0x000000063cc00000| PB 0x000000063cc00000| Untracked 
| 244|0x000000063d000000, 0x000000063d400000, 0x000000063d400000|100%|HS|  |TAMS 0x000000063d000000| PB 0x000000063d000000| Untracked 
| 245|0x000000063d400000, 0x000000063d800000, 0x000000063d800000|100%|HC|  |TAMS 0x000000063d400000| PB 0x000000063d400000| Untracked 
| 246|0x000000063d800000, 0x000000063dc00000, 0x000000063dc00000|100%|HS|  |TAMS 0x000000063d800000| PB 0x000000063d800000| Untracked 
| 247|0x000000063dc00000, 0x000000063e000000, 0x000000063e000000|100%|HC|  |TAMS 0x000000063dc00000| PB 0x000000063dc00000| Untracked 
| 248|0x000000063e000000, 0x000000063e400000, 0x000000063e400000|100%|HS|  |TAMS 0x000000063e000000| PB 0x000000063e000000| Complete 
| 249|0x000000063e400000, 0x000000063e800000, 0x000000063e800000|100%|HC|  |TAMS 0x000000063e400000| PB 0x000000063e400000| Complete 
| 250|0x000000063e800000, 0x000000063ec00000, 0x000000063ec00000|100%| O|  |TAMS 0x000000063e800000| PB 0x000000063e800000| Untracked 
| 251|0x000000063ec00000, 0x000000063efffff8, 0x000000063f000000| 99%| O|  |TAMS 0x000000063ec00000| PB 0x000000063ec00000| Untracked 
| 252|0x000000063f000000, 0x000000063f3e8a10, 0x000000063f400000| 97%| O|  |TAMS 0x000000063f000000| PB 0x000000063f000000| Untracked 
| 253|0x000000063f400000, 0x000000063f800000, 0x000000063f800000|100%| O|  |TAMS 0x000000063f400000| PB 0x000000063f400000| Untracked 
| 254|0x000000063f800000, 0x000000063fc00000, 0x000000063fc00000|100%| O|  |TAMS 0x000000063f800000| PB 0x000000063f800000| Untracked 
| 255|0x000000063fc00000, 0x0000000640000000, 0x0000000640000000|100%| O|  |TAMS 0x000000063fc00000| PB 0x000000063fc00000| Untracked 
| 256|0x0000000640000000, 0x0000000640400000, 0x0000000640400000|100%| O|  |TAMS 0x0000000640000000| PB 0x0000000640000000| Untracked 
| 257|0x0000000640400000, 0x00000006407fffe8, 0x0000000640800000| 99%| O|  |TAMS 0x0000000640400000| PB 0x0000000640400000| Untracked 
| 258|0x0000000640800000, 0x0000000640beca28, 0x0000000640c00000| 98%| O|  |TAMS 0x0000000640800000| PB 0x0000000640800000| Untracked 
| 259|0x0000000640c00000, 0x0000000641000000, 0x0000000641000000|100%| O|  |TAMS 0x0000000640c00000| PB 0x0000000640c00000| Untracked 
| 260|0x0000000641000000, 0x0000000641400000, 0x0000000641400000|100%| O|  |TAMS 0x0000000641000000| PB 0x0000000641000000| Untracked 
| 261|0x0000000641400000, 0x0000000641800000, 0x0000000641800000|100%| O|  |TAMS 0x0000000641400000| PB 0x0000000641400000| Untracked 
| 262|0x0000000641800000, 0x0000000641c00000, 0x0000000641c00000|100%|HS|  |TAMS 0x0000000641800000| PB 0x0000000641800000| Untracked 
| 263|0x0000000641c00000, 0x0000000642000000, 0x0000000642000000|100%|HC|  |TAMS 0x0000000641c00000| PB 0x0000000641c00000| Untracked 
| 264|0x0000000642000000, 0x0000000642400000, 0x0000000642400000|100%| O|  |TAMS 0x0000000642000000| PB 0x0000000642000000| Untracked 
| 265|0x0000000642400000, 0x0000000642800000, 0x0000000642800000|100%| O|  |TAMS 0x0000000642400000| PB 0x0000000642400000| Untracked 
| 266|0x0000000642800000, 0x0000000642c00000, 0x0000000642c00000|100%|HS|  |TAMS 0x0000000642800000| PB 0x0000000642800000| Untracked 
| 267|0x0000000642c00000, 0x0000000643000000, 0x0000000643000000|100%|HC|  |TAMS 0x0000000642c00000| PB 0x0000000642c00000| Untracked 
| 268|0x0000000643000000, 0x0000000643400000, 0x0000000643400000|100%|HC|  |TAMS 0x0000000643000000| PB 0x0000000643000000| Untracked 
| 269|0x0000000643400000, 0x0000000643800000, 0x0000000643800000|100%| O|  |TAMS 0x0000000643400000| PB 0x0000000643400000| Untracked 
| 270|0x0000000643800000, 0x0000000643c00000, 0x0000000643c00000|100%| O|  |TAMS 0x0000000643800000| PB 0x0000000643800000| Untracked 
| 271|0x0000000643c00000, 0x0000000644000000, 0x0000000644000000|100%| O|  |TAMS 0x0000000643c00000| PB 0x0000000643c00000| Untracked 
| 272|0x0000000644000000, 0x0000000644400000, 0x0000000644400000|100%| O|  |TAMS 0x0000000644000000| PB 0x0000000644000000| Untracked 
| 273|0x0000000644400000, 0x0000000644800000, 0x0000000644800000|100%| O|  |TAMS 0x0000000644400000| PB 0x0000000644400000| Untracked 
| 274|0x0000000644800000, 0x0000000644c00000, 0x0000000644c00000|100%| O|  |TAMS 0x0000000644800000| PB 0x0000000644800000| Untracked 
| 275|0x0000000644c00000, 0x0000000645000000, 0x0000000645000000|100%| O|  |TAMS 0x0000000644c00000| PB 0x0000000644c00000| Untracked 
| 276|0x0000000645000000, 0x0000000645400000, 0x0000000645400000|100%| O|  |TAMS 0x0000000645000000| PB 0x0000000645000000| Untracked 
| 277|0x0000000645400000, 0x0000000645800000, 0x0000000645800000|100%| O|  |TAMS 0x0000000645400000| PB 0x0000000645400000| Untracked 
| 278|0x0000000645800000, 0x0000000645c00000, 0x0000000645c00000|100%| O|  |TAMS 0x0000000645800000| PB 0x0000000645800000| Untracked 
| 279|0x0000000645c00000, 0x0000000646000000, 0x0000000646000000|100%| O|  |TAMS 0x0000000645c00000| PB 0x0000000645c00000| Untracked 
| 280|0x0000000646000000, 0x0000000646400000, 0x0000000646400000|100%| O|  |TAMS 0x0000000646000000| PB 0x0000000646000000| Untracked 
| 281|0x0000000646400000, 0x0000000646800000, 0x0000000646800000|100%| O|  |TAMS 0x0000000646400000| PB 0x0000000646400000| Untracked 
| 282|0x0000000646800000, 0x0000000646c00000, 0x0000000646c00000|100%| O|  |TAMS 0x0000000646800000| PB 0x0000000646800000| Untracked 
| 283|0x0000000646c00000, 0x0000000647000000, 0x0000000647000000|100%| O|  |TAMS 0x0000000646c00000| PB 0x0000000646c00000| Untracked 
| 284|0x0000000647000000, 0x0000000647400000, 0x0000000647400000|100%| O|  |TAMS 0x0000000647000000| PB 0x0000000647000000| Untracked 
| 285|0x0000000647400000, 0x0000000647800000, 0x0000000647800000|100%| O|  |TAMS 0x0000000647400000| PB 0x0000000647400000| Untracked 
| 286|0x0000000647800000, 0x0000000647c00000, 0x0000000647c00000|100%| O|  |TAMS 0x0000000647800000| PB 0x0000000647800000| Untracked 
| 287|0x0000000647c00000, 0x0000000648000000, 0x0000000648000000|100%| O|  |TAMS 0x0000000647c00000| PB 0x0000000647c00000| Untracked 
| 288|0x0000000648000000, 0x00000006483ffff0, 0x0000000648400000| 99%| O|  |TAMS 0x0000000648000000| PB 0x0000000648000000| Untracked 
| 289|0x0000000648400000, 0x0000000648800000, 0x0000000648800000|100%| O|  |TAMS 0x0000000648400000| PB 0x0000000648400000| Untracked 
| 290|0x0000000648800000, 0x0000000648bffff8, 0x0000000648c00000| 99%| O|  |TAMS 0x0000000648800000| PB 0x0000000648800000| Untracked 
| 291|0x0000000648c00000, 0x0000000648fffff8, 0x0000000649000000| 99%| O|  |TAMS 0x0000000648c00000| PB 0x0000000648c00000| Untracked 
| 292|0x0000000649000000, 0x00000006493fffd0, 0x0000000649400000| 99%| O|Cm|TAMS 0x0000000649000000| PB 0x0000000649000000| Complete 
| 293|0x0000000649400000, 0x0000000649800000, 0x0000000649800000|100%|HS|  |TAMS 0x0000000649400000| PB 0x0000000649400000| Complete 
| 294|0x0000000649800000, 0x0000000649c00000, 0x0000000649c00000|100%|HC|  |TAMS 0x0000000649800000| PB 0x0000000649800000| Complete 
| 295|0x0000000649c00000, 0x0000000649f73b48, 0x000000064a000000| 86%| O|  |TAMS 0x0000000649c00000| PB 0x0000000649c00000| Untracked 
| 296|0x000000064a000000, 0x000000064a400000, 0x000000064a400000|100%| O|  |TAMS 0x000000064a000000| PB 0x000000064a000000| Untracked 
| 297|0x000000064a400000, 0x000000064a800000, 0x000000064a800000|100%| O|  |TAMS 0x000000064a400000| PB 0x000000064a400000| Untracked 
| 298|0x000000064a800000, 0x000000064ac00000, 0x000000064ac00000|100%| O|  |TAMS 0x000000064a800000| PB 0x000000064a800000| Untracked 
| 299|0x000000064ac00000, 0x000000064b000000, 0x000000064b000000|100%| O|  |TAMS 0x000000064ac00000| PB 0x000000064ac00000| Untracked 
| 300|0x000000064b000000, 0x000000064b400000, 0x000000064b400000|100%| O|  |TAMS 0x000000064b000000| PB 0x000000064b000000| Untracked 
| 301|0x000000064b400000, 0x000000064b800000, 0x000000064b800000|100%| O|  |TAMS 0x000000064b400000| PB 0x000000064b400000| Untracked 
| 302|0x000000064b800000, 0x000000064bc00000, 0x000000064bc00000|100%| O|  |TAMS 0x000000064b800000| PB 0x000000064b800000| Untracked 
| 303|0x000000064bc00000, 0x000000064c000000, 0x000000064c000000|100%| O|  |TAMS 0x000000064bc00000| PB 0x000000064bc00000| Untracked 
| 304|0x000000064c000000, 0x000000064c400000, 0x000000064c400000|100%| O|  |TAMS 0x000000064c000000| PB 0x000000064c000000| Untracked 
| 305|0x000000064c400000, 0x000000064c800000, 0x000000064c800000|100%| O|  |TAMS 0x000000064c400000| PB 0x000000064c400000| Untracked 
| 306|0x000000064c800000, 0x000000064cc00000, 0x000000064cc00000|100%| O|  |TAMS 0x000000064c800000| PB 0x000000064c800000| Untracked 
| 307|0x000000064cc00000, 0x000000064d000000, 0x000000064d000000|100%| O|  |TAMS 0x000000064cc00000| PB 0x000000064cc00000| Untracked 
| 308|0x000000064d000000, 0x000000064d400000, 0x000000064d400000|100%| O|  |TAMS 0x000000064d000000| PB 0x000000064d000000| Untracked 
| 309|0x000000064d400000, 0x000000064d800000, 0x000000064d800000|100%| O|  |TAMS 0x000000064d400000| PB 0x000000064d400000| Untracked 
| 310|0x000000064d800000, 0x000000064dc00000, 0x000000064dc00000|100%| O|  |TAMS 0x000000064d800000| PB 0x000000064d800000| Untracked 
| 311|0x000000064dc00000, 0x000000064e000000, 0x000000064e000000|100%| O|  |TAMS 0x000000064dc00000| PB 0x000000064dc00000| Untracked 
| 312|0x000000064e000000, 0x000000064e400000, 0x000000064e400000|100%| O|  |TAMS 0x000000064e000000| PB 0x000000064e000000| Untracked 
| 313|0x000000064e400000, 0x000000064e800000, 0x000000064e800000|100%| O|  |TAMS 0x000000064e400000| PB 0x000000064e400000| Untracked 
| 314|0x000000064e800000, 0x000000064ec00000, 0x000000064ec00000|100%| O|  |TAMS 0x000000064e800000| PB 0x000000064e800000| Untracked 
| 315|0x000000064ec00000, 0x000000064f000000, 0x000000064f000000|100%| O|  |TAMS 0x000000064ec00000| PB 0x000000064ec00000| Untracked 
| 316|0x000000064f000000, 0x000000064f400000, 0x000000064f400000|100%| O|  |TAMS 0x000000064f000000| PB 0x000000064f000000| Untracked 
| 317|0x000000064f400000, 0x000000064f800000, 0x000000064f800000|100%| O|  |TAMS 0x000000064f400000| PB 0x000000064f400000| Untracked 
| 318|0x000000064f800000, 0x000000064fc00000, 0x000000064fc00000|100%| O|  |TAMS 0x000000064f800000| PB 0x000000064f800000| Untracked 
| 319|0x000000064fc00000, 0x0000000650000000, 0x0000000650000000|100%| O|  |TAMS 0x000000064fc00000| PB 0x000000064fc00000| Untracked 
| 320|0x0000000650000000, 0x0000000650400000, 0x0000000650400000|100%| O|  |TAMS 0x0000000650000000| PB 0x0000000650000000| Untracked 
| 321|0x0000000650400000, 0x0000000650800000, 0x0000000650800000|100%| O|  |TAMS 0x0000000650400000| PB 0x0000000650400000| Untracked 
| 322|0x0000000650800000, 0x0000000650c00000, 0x0000000650c00000|100%| O|  |TAMS 0x0000000650800000| PB 0x0000000650800000| Untracked 
| 323|0x0000000650c00000, 0x0000000651000000, 0x0000000651000000|100%| O|  |TAMS 0x0000000650c00000| PB 0x0000000650c00000| Untracked 
| 324|0x0000000651000000, 0x0000000651400000, 0x0000000651400000|100%| O|  |TAMS 0x0000000651000000| PB 0x0000000651000000| Untracked 
| 325|0x0000000651400000, 0x0000000651800000, 0x0000000651800000|100%| O|  |TAMS 0x0000000651400000| PB 0x0000000651400000| Untracked 
| 326|0x0000000651800000, 0x0000000651c00000, 0x0000000651c00000|100%| O|  |TAMS 0x0000000651800000| PB 0x0000000651800000| Untracked 
| 327|0x0000000651c00000, 0x0000000651ffffe8, 0x0000000652000000| 99%| O|  |TAMS 0x0000000651c00000| PB 0x0000000651c00000| Untracked 
| 328|0x0000000652000000, 0x00000006522ae1a0, 0x0000000652400000| 67%| O|Cm|TAMS 0x0000000652000000| PB 0x0000000652000000| Complete 
| 329|0x0000000652400000, 0x00000006527fcf10, 0x0000000652800000| 99%| O|  |TAMS 0x0000000652400000| PB 0x0000000652400000| Untracked 
| 330|0x0000000652800000, 0x0000000652bfa078, 0x0000000652c00000| 99%| O|Cm|TAMS 0x0000000652800000| PB 0x0000000652800000| Complete 
| 331|0x0000000652c00000, 0x0000000652fffff8, 0x0000000653000000| 99%| O|  |TAMS 0x0000000652c00000| PB 0x0000000652c00000| Untracked 
| 332|0x0000000653000000, 0x0000000653400000, 0x0000000653400000|100%| O|  |TAMS 0x0000000653000000| PB 0x0000000653000000| Untracked 
| 333|0x0000000653400000, 0x0000000653800000, 0x0000000653800000|100%| O|  |TAMS 0x0000000653400000| PB 0x0000000653400000| Untracked 
| 334|0x0000000653800000, 0x0000000653c00000, 0x0000000653c00000|100%| O|  |TAMS 0x0000000653800000| PB 0x0000000653800000| Untracked 
| 335|0x0000000653c00000, 0x0000000653fffff8, 0x0000000654000000| 99%| O|  |TAMS 0x0000000653c00000| PB 0x0000000653c00000| Untracked 
| 336|0x0000000654000000, 0x0000000654400000, 0x0000000654400000|100%| O|  |TAMS 0x0000000654000000| PB 0x0000000654000000| Untracked 
| 337|0x0000000654400000, 0x0000000654800000, 0x0000000654800000|100%| O|  |TAMS 0x0000000654400000| PB 0x0000000654400000| Untracked 
| 338|0x0000000654800000, 0x0000000654c00000, 0x0000000654c00000|100%| O|  |TAMS 0x0000000654800000| PB 0x0000000654800000| Untracked 
| 339|0x0000000654c00000, 0x0000000655000000, 0x0000000655000000|100%| O|  |TAMS 0x0000000654c00000| PB 0x0000000654c00000| Untracked 
| 340|0x0000000655000000, 0x0000000655400000, 0x0000000655400000|100%| O|  |TAMS 0x0000000655000000| PB 0x0000000655000000| Untracked 
| 341|0x0000000655400000, 0x0000000655800000, 0x0000000655800000|100%| O|  |TAMS 0x0000000655400000| PB 0x0000000655400000| Untracked 
| 342|0x0000000655800000, 0x0000000655c00000, 0x0000000655c00000|100%| O|  |TAMS 0x0000000655800000| PB 0x0000000655800000| Untracked 
| 343|0x0000000655c00000, 0x0000000656000000, 0x0000000656000000|100%| O|  |TAMS 0x0000000655c00000| PB 0x0000000655c00000| Untracked 
| 344|0x0000000656000000, 0x0000000656400000, 0x0000000656400000|100%| O|  |TAMS 0x0000000656000000| PB 0x0000000656000000| Untracked 
| 345|0x0000000656400000, 0x0000000656800000, 0x0000000656800000|100%| O|  |TAMS 0x0000000656400000| PB 0x0000000656400000| Untracked 
| 346|0x0000000656800000, 0x0000000656c00000, 0x0000000656c00000|100%| O|  |TAMS 0x0000000656800000| PB 0x0000000656800000| Untracked 
| 347|0x0000000656c00000, 0x0000000656ffffe8, 0x0000000657000000| 99%| O|Cm|TAMS 0x0000000656c00000| PB 0x0000000656c00000| Complete 
| 348|0x0000000657000000, 0x00000006573e2e10, 0x0000000657400000| 97%| O|  |TAMS 0x0000000657000000| PB 0x0000000657000000| Untracked 
| 349|0x0000000657400000, 0x0000000657800000, 0x0000000657800000|100%| O|  |TAMS 0x0000000657400000| PB 0x0000000657400000| Untracked 
| 350|0x0000000657800000, 0x0000000657c00000, 0x0000000657c00000|100%| O|  |TAMS 0x0000000657800000| PB 0x0000000657800000| Untracked 
| 351|0x0000000657c00000, 0x0000000658000000, 0x0000000658000000|100%| O|  |TAMS 0x0000000657c00000| PB 0x0000000657c00000| Untracked 
| 352|0x0000000658000000, 0x0000000658400000, 0x0000000658400000|100%| O|  |TAMS 0x0000000658000000| PB 0x0000000658000000| Untracked 
| 353|0x0000000658400000, 0x0000000658800000, 0x0000000658800000|100%| O|  |TAMS 0x0000000658400000| PB 0x0000000658400000| Untracked 
| 354|0x0000000658800000, 0x0000000658c00000, 0x0000000658c00000|100%| O|  |TAMS 0x0000000658800000| PB 0x0000000658800000| Untracked 
| 355|0x0000000658c00000, 0x0000000659000000, 0x0000000659000000|100%| O|  |TAMS 0x0000000658c00000| PB 0x0000000658c00000| Untracked 
| 356|0x0000000659000000, 0x0000000659400000, 0x0000000659400000|100%| O|  |TAMS 0x0000000659000000| PB 0x0000000659000000| Untracked 
| 357|0x0000000659400000, 0x0000000659800000, 0x0000000659800000|100%|HS|  |TAMS 0x0000000659400000| PB 0x0000000659400000| Complete 
| 358|0x0000000659800000, 0x0000000659c00000, 0x0000000659c00000|100%| O|  |TAMS 0x0000000659800000| PB 0x0000000659800000| Untracked 
| 359|0x0000000659c00000, 0x0000000659dff968, 0x000000065a000000| 49%| O|Cm|TAMS 0x0000000659c00000| PB 0x0000000659c00000| Complete 
| 360|0x000000065a000000, 0x000000065a400000, 0x000000065a400000|100%| O|  |TAMS 0x000000065a000000| PB 0x000000065a000000| Untracked 
| 361|0x000000065a400000, 0x000000065a800000, 0x000000065a800000|100%| O|  |TAMS 0x000000065a400000| PB 0x000000065a400000| Untracked 
| 362|0x000000065a800000, 0x000000065ac00000, 0x000000065ac00000|100%| O|  |TAMS 0x000000065a800000| PB 0x000000065a800000| Untracked 
| 363|0x000000065ac00000, 0x000000065b000000, 0x000000065b000000|100%| O|  |TAMS 0x000000065ac00000| PB 0x000000065ac00000| Untracked 
| 364|0x000000065b000000, 0x000000065b400000, 0x000000065b400000|100%| O|  |TAMS 0x000000065b000000| PB 0x000000065b000000| Untracked 
| 365|0x000000065b400000, 0x000000065b800000, 0x000000065b800000|100%| O|  |TAMS 0x000000065b400000| PB 0x000000065b400000| Untracked 
| 366|0x000000065b800000, 0x000000065bc00000, 0x000000065bc00000|100%| O|  |TAMS 0x000000065b800000| PB 0x000000065b800000| Untracked 
| 367|0x000000065bc00000, 0x000000065c000000, 0x000000065c000000|100%| O|  |TAMS 0x000000065bc00000| PB 0x000000065bc00000| Untracked 
| 368|0x000000065c000000, 0x000000065c400000, 0x000000065c400000|100%| O|  |TAMS 0x000000065c000000| PB 0x000000065c000000| Untracked 
| 369|0x000000065c400000, 0x000000065c800000, 0x000000065c800000|100%| O|  |TAMS 0x000000065c400000| PB 0x000000065c400000| Untracked 
| 370|0x000000065c800000, 0x000000065cc00000, 0x000000065cc00000|100%| O|  |TAMS 0x000000065c800000| PB 0x000000065c800000| Untracked 
| 371|0x000000065cc00000, 0x000000065d000000, 0x000000065d000000|100%| O|  |TAMS 0x000000065cc00000| PB 0x000000065cc00000| Untracked 
| 372|0x000000065d000000, 0x000000065d400000, 0x000000065d400000|100%| O|  |TAMS 0x000000065d000000| PB 0x000000065d000000| Untracked 
| 373|0x000000065d400000, 0x000000065d800000, 0x000000065d800000|100%| O|  |TAMS 0x000000065d400000| PB 0x000000065d400000| Untracked 
| 374|0x000000065d800000, 0x000000065dc00000, 0x000000065dc00000|100%| O|  |TAMS 0x000000065d800000| PB 0x000000065d800000| Untracked 
| 375|0x000000065dc00000, 0x000000065e000000, 0x000000065e000000|100%| O|  |TAMS 0x000000065dc00000| PB 0x000000065dc00000| Untracked 
| 376|0x000000065e000000, 0x000000065e3fac88, 0x000000065e400000| 99%| O|  |TAMS 0x000000065e000000| PB 0x000000065e000000| Untracked 
| 377|0x000000065e400000, 0x000000065e7ffff0, 0x000000065e800000| 99%| O|  |TAMS 0x000000065e400000| PB 0x000000065e400000| Untracked 
| 378|0x000000065e800000, 0x000000065ec00000, 0x000000065ec00000|100%| O|  |TAMS 0x000000065e800000| PB 0x000000065e800000| Untracked 
| 379|0x000000065ec00000, 0x000000065f000000, 0x000000065f000000|100%| O|  |TAMS 0x000000065ec00000| PB 0x000000065ec00000| Untracked 
| 380|0x000000065f000000, 0x000000065f400000, 0x000000065f400000|100%| O|  |TAMS 0x000000065f000000| PB 0x000000065f000000| Untracked 
| 381|0x000000065f400000, 0x000000065f800000, 0x000000065f800000|100%| O|  |TAMS 0x000000065f400000| PB 0x000000065f400000| Untracked 
| 382|0x000000065f800000, 0x000000065fc00000, 0x000000065fc00000|100%| O|  |TAMS 0x000000065f800000| PB 0x000000065f800000| Untracked 
| 383|0x000000065fc00000, 0x0000000660000000, 0x0000000660000000|100%| O|  |TAMS 0x000000065fc00000| PB 0x000000065fc00000| Untracked 
| 384|0x0000000660000000, 0x0000000660400000, 0x0000000660400000|100%|HS|  |TAMS 0x0000000660000000| PB 0x0000000660000000| Complete 
| 385|0x0000000660400000, 0x0000000660800000, 0x0000000660800000|100%| O|  |TAMS 0x0000000660400000| PB 0x0000000660400000| Untracked 
| 386|0x0000000660800000, 0x0000000660c00000, 0x0000000660c00000|100%| O|  |TAMS 0x0000000660800000| PB 0x0000000660800000| Untracked 
| 387|0x0000000660c00000, 0x0000000661000000, 0x0000000661000000|100%| O|  |TAMS 0x0000000660c00000| PB 0x0000000660c00000| Untracked 
| 388|0x0000000661000000, 0x0000000661400000, 0x0000000661400000|100%|HS|  |TAMS 0x0000000661000000| PB 0x0000000661000000| Complete 
| 389|0x0000000661400000, 0x0000000661800000, 0x0000000661800000|100%|HS|  |TAMS 0x0000000661400000| PB 0x0000000661400000| Complete 
| 390|0x0000000661800000, 0x0000000661c00000, 0x0000000661c00000|100%|HC|  |TAMS 0x0000000661800000| PB 0x0000000661800000| Complete 
| 391|0x0000000661c00000, 0x0000000661ffffe8, 0x0000000662000000| 99%| O|  |TAMS 0x0000000661c00000| PB 0x0000000661c00000| Untracked 
| 392|0x0000000662000000, 0x0000000662400000, 0x0000000662400000|100%|HS|  |TAMS 0x0000000662000000| PB 0x0000000662000000| Complete 
| 393|0x0000000662400000, 0x0000000662758618, 0x0000000662800000| 83%| O|Cm|TAMS 0x0000000662400000| PB 0x0000000662400000| Complete 
| 394|0x0000000662800000, 0x0000000662c00000, 0x0000000662c00000|100%| O|  |TAMS 0x0000000662800000| PB 0x0000000662800000| Untracked 
| 395|0x0000000662c00000, 0x0000000663000000, 0x0000000663000000|100%| O|  |TAMS 0x0000000662c00000| PB 0x0000000662c00000| Untracked 
| 396|0x0000000663000000, 0x0000000663400000, 0x0000000663400000|100%| O|  |TAMS 0x0000000663000000| PB 0x0000000663000000| Untracked 
| 397|0x0000000663400000, 0x0000000663800000, 0x0000000663800000|100%| O|  |TAMS 0x0000000663400000| PB 0x0000000663400000| Untracked 
| 398|0x0000000663800000, 0x0000000663c00000, 0x0000000663c00000|100%| O|  |TAMS 0x0000000663800000| PB 0x0000000663800000| Untracked 
| 399|0x0000000663c00000, 0x0000000664000000, 0x0000000664000000|100%| O|  |TAMS 0x0000000663c00000| PB 0x0000000663c00000| Untracked 
| 400|0x0000000664000000, 0x0000000664400000, 0x0000000664400000|100%| O|  |TAMS 0x0000000664000000| PB 0x0000000664000000| Untracked 
| 401|0x0000000664400000, 0x0000000664800000, 0x0000000664800000|100%| O|  |TAMS 0x0000000664400000| PB 0x0000000664400000| Untracked 
| 402|0x0000000664800000, 0x0000000664c00000, 0x0000000664c00000|100%| O|  |TAMS 0x0000000664800000| PB 0x0000000664800000| Untracked 
| 403|0x0000000664c00000, 0x0000000665000000, 0x0000000665000000|100%| O|  |TAMS 0x0000000664c00000| PB 0x0000000664c00000| Untracked 
| 404|0x0000000665000000, 0x0000000665400000, 0x0000000665400000|100%| O|  |TAMS 0x0000000665000000| PB 0x0000000665000000| Untracked 
| 405|0x0000000665400000, 0x0000000665800000, 0x0000000665800000|100%| O|  |TAMS 0x0000000665400000| PB 0x0000000665400000| Untracked 
| 406|0x0000000665800000, 0x0000000665b98950, 0x0000000665c00000| 89%| O|  |TAMS 0x0000000665800000| PB 0x0000000665800000| Untracked 
| 407|0x0000000665c00000, 0x0000000666000000, 0x0000000666000000|100%| O|  |TAMS 0x0000000665c00000| PB 0x0000000665c00000| Untracked 
| 408|0x0000000666000000, 0x0000000666400000, 0x0000000666400000|100%| O|  |TAMS 0x0000000666000000| PB 0x0000000666000000| Untracked 
| 409|0x0000000666400000, 0x0000000666800000, 0x0000000666800000|100%| O|  |TAMS 0x0000000666400000| PB 0x0000000666400000| Untracked 
| 410|0x0000000666800000, 0x0000000666c00000, 0x0000000666c00000|100%| O|  |TAMS 0x0000000666800000| PB 0x0000000666800000| Untracked 
| 411|0x0000000666c00000, 0x0000000667000000, 0x0000000667000000|100%| O|  |TAMS 0x0000000666c00000| PB 0x0000000666c00000| Untracked 
| 412|0x0000000667000000, 0x0000000667400000, 0x0000000667400000|100%| O|  |TAMS 0x0000000667000000| PB 0x0000000667000000| Untracked 
| 413|0x0000000667400000, 0x0000000667800000, 0x0000000667800000|100%| O|  |TAMS 0x0000000667400000| PB 0x0000000667400000| Untracked 
| 414|0x0000000667800000, 0x0000000667c00000, 0x0000000667c00000|100%| O|  |TAMS 0x0000000667800000| PB 0x0000000667800000| Untracked 
| 415|0x0000000667c00000, 0x0000000668000000, 0x0000000668000000|100%| O|  |TAMS 0x0000000667c00000| PB 0x0000000667c00000| Untracked 
| 416|0x0000000668000000, 0x0000000668400000, 0x0000000668400000|100%| O|  |TAMS 0x0000000668000000| PB 0x0000000668000000| Untracked 
| 417|0x0000000668400000, 0x0000000668800000, 0x0000000668800000|100%| O|  |TAMS 0x0000000668400000| PB 0x0000000668400000| Untracked 
| 418|0x0000000668800000, 0x0000000668c00000, 0x0000000668c00000|100%| O|  |TAMS 0x0000000668800000| PB 0x0000000668800000| Untracked 
| 419|0x0000000668c00000, 0x0000000669000000, 0x0000000669000000|100%| O|  |TAMS 0x0000000668c00000| PB 0x0000000668c00000| Untracked 
| 420|0x0000000669000000, 0x0000000669400000, 0x0000000669400000|100%| O|  |TAMS 0x0000000669000000| PB 0x0000000669000000| Untracked 
| 421|0x0000000669400000, 0x0000000669800000, 0x0000000669800000|100%| O|  |TAMS 0x0000000669400000| PB 0x0000000669400000| Untracked 
| 422|0x0000000669800000, 0x0000000669c00000, 0x0000000669c00000|100%| O|  |TAMS 0x0000000669800000| PB 0x0000000669800000| Untracked 
| 423|0x0000000669c00000, 0x000000066a000000, 0x000000066a000000|100%| O|  |TAMS 0x0000000669c00000| PB 0x0000000669c00000| Untracked 
| 424|0x000000066a000000, 0x000000066a400000, 0x000000066a400000|100%| O|  |TAMS 0x000000066a000000| PB 0x000000066a000000| Untracked 
| 425|0x000000066a400000, 0x000000066a800000, 0x000000066a800000|100%| O|  |TAMS 0x000000066a400000| PB 0x000000066a400000| Untracked 
| 426|0x000000066a800000, 0x000000066ac00000, 0x000000066ac00000|100%| O|  |TAMS 0x000000066a800000| PB 0x000000066a800000| Untracked 
| 427|0x000000066ac00000, 0x000000066b000000, 0x000000066b000000|100%| O|  |TAMS 0x000000066ac00000| PB 0x000000066ac00000| Untracked 
| 428|0x000000066b000000, 0x000000066b400000, 0x000000066b400000|100%| O|  |TAMS 0x000000066b000000| PB 0x000000066b000000| Untracked 
| 429|0x000000066b400000, 0x000000066b800000, 0x000000066b800000|100%| O|  |TAMS 0x000000066b400000| PB 0x000000066b400000| Untracked 
| 430|0x000000066b800000, 0x000000066bc00000, 0x000000066bc00000|100%| O|  |TAMS 0x000000066b800000| PB 0x000000066b800000| Untracked 
| 431|0x000000066bc00000, 0x000000066c000000, 0x000000066c000000|100%| O|  |TAMS 0x000000066bc00000| PB 0x000000066bc00000| Untracked 
| 432|0x000000066c000000, 0x000000066c400000, 0x000000066c400000|100%| O|  |TAMS 0x000000066c000000| PB 0x000000066c000000| Untracked 
| 433|0x000000066c400000, 0x000000066c800000, 0x000000066c800000|100%| O|  |TAMS 0x000000066c400000| PB 0x000000066c400000| Untracked 
| 434|0x000000066c800000, 0x000000066cc00000, 0x000000066cc00000|100%| O|  |TAMS 0x000000066c800000| PB 0x000000066c800000| Untracked 
| 435|0x000000066cc00000, 0x000000066d000000, 0x000000066d000000|100%| O|  |TAMS 0x000000066cc00000| PB 0x000000066cc00000| Untracked 
| 436|0x000000066d000000, 0x000000066d400000, 0x000000066d400000|100%| O|  |TAMS 0x000000066d000000| PB 0x000000066d000000| Untracked 
| 437|0x000000066d400000, 0x000000066d800000, 0x000000066d800000|100%| O|  |TAMS 0x000000066d400000| PB 0x000000066d400000| Untracked 
| 438|0x000000066d800000, 0x000000066dc00000, 0x000000066dc00000|100%| O|  |TAMS 0x000000066d800000| PB 0x000000066d800000| Untracked 
| 439|0x000000066dc00000, 0x000000066e000000, 0x000000066e000000|100%| O|  |TAMS 0x000000066dc00000| PB 0x000000066dc00000| Untracked 
| 440|0x000000066e000000, 0x000000066e400000, 0x000000066e400000|100%| O|  |TAMS 0x000000066e000000| PB 0x000000066e000000| Untracked 
| 441|0x000000066e400000, 0x000000066e800000, 0x000000066e800000|100%| O|  |TAMS 0x000000066e400000| PB 0x000000066e400000| Untracked 
| 442|0x000000066e800000, 0x000000066ec00000, 0x000000066ec00000|100%| O|  |TAMS 0x000000066e800000| PB 0x000000066e800000| Untracked 
| 443|0x000000066ec00000, 0x000000066f000000, 0x000000066f000000|100%| O|  |TAMS 0x000000066ec00000| PB 0x000000066ec00000| Untracked 
| 444|0x000000066f000000, 0x000000066f400000, 0x000000066f400000|100%| O|  |TAMS 0x000000066f000000| PB 0x000000066f000000| Untracked 
| 445|0x000000066f400000, 0x000000066f800000, 0x000000066f800000|100%|HS|  |TAMS 0x000000066f400000| PB 0x000000066f400000| Complete 
| 446|0x000000066f800000, 0x000000066fc00000, 0x000000066fc00000|100%|HC|  |TAMS 0x000000066f800000| PB 0x000000066f800000| Complete 
| 447|0x000000066fc00000, 0x0000000670000000, 0x0000000670000000|100%|HS|  |TAMS 0x000000066fc00000| PB 0x000000066fc00000| Complete 
| 448|0x0000000670000000, 0x0000000670400000, 0x0000000670400000|100%| O|  |TAMS 0x0000000670000000| PB 0x0000000670000000| Untracked 
| 449|0x0000000670400000, 0x0000000670800000, 0x0000000670800000|100%| O|  |TAMS 0x0000000670400000| PB 0x0000000670400000| Untracked 
| 450|0x0000000670800000, 0x0000000670c00000, 0x0000000670c00000|100%|HS|  |TAMS 0x0000000670800000| PB 0x0000000670800000| Complete 
| 451|0x0000000670c00000, 0x0000000671000000, 0x0000000671000000|100%| O|  |TAMS 0x0000000670c00000| PB 0x0000000670c00000| Untracked 
| 452|0x0000000671000000, 0x0000000671400000, 0x0000000671400000|100%| O|  |TAMS 0x0000000671000000| PB 0x0000000671000000| Untracked 
| 453|0x0000000671400000, 0x0000000671800000, 0x0000000671800000|100%| O|  |TAMS 0x0000000671400000| PB 0x0000000671400000| Untracked 
| 454|0x0000000671800000, 0x0000000671c00000, 0x0000000671c00000|100%| O|  |TAMS 0x0000000671800000| PB 0x0000000671800000| Untracked 
| 455|0x0000000671c00000, 0x0000000672000000, 0x0000000672000000|100%|HS|  |TAMS 0x0000000671c00000| PB 0x0000000671c00000| Complete 
| 456|0x0000000672000000, 0x0000000672400000, 0x0000000672400000|100%|HS|  |TAMS 0x0000000672000000| PB 0x0000000672000000| Complete 
| 457|0x0000000672400000, 0x0000000672800000, 0x0000000672800000|100%| O|  |TAMS 0x0000000672400000| PB 0x0000000672400000| Untracked 
| 458|0x0000000672800000, 0x0000000672c00000, 0x0000000672c00000|100%| O|  |TAMS 0x0000000672800000| PB 0x0000000672800000| Untracked 
| 459|0x0000000672c00000, 0x0000000673000000, 0x0000000673000000|100%| O|  |TAMS 0x0000000672c00000| PB 0x0000000672c00000| Untracked 
| 460|0x0000000673000000, 0x0000000673400000, 0x0000000673400000|100%| O|  |TAMS 0x0000000673000000| PB 0x0000000673000000| Untracked 
| 461|0x0000000673400000, 0x0000000673800000, 0x0000000673800000|100%| O|  |TAMS 0x0000000673400000| PB 0x0000000673400000| Untracked 
| 462|0x0000000673800000, 0x0000000673c00000, 0x0000000673c00000|100%| O|  |TAMS 0x0000000673800000| PB 0x0000000673800000| Untracked 
| 463|0x0000000673c00000, 0x0000000674000000, 0x0000000674000000|100%|HS|  |TAMS 0x0000000673c00000| PB 0x0000000673c00000| Complete 
| 464|0x0000000674000000, 0x0000000674400000, 0x0000000674400000|100%| O|  |TAMS 0x0000000674000000| PB 0x0000000674000000| Untracked 
| 465|0x0000000674400000, 0x0000000674800000, 0x0000000674800000|100%| O|  |TAMS 0x0000000674400000| PB 0x0000000674400000| Untracked 
| 466|0x0000000674800000, 0x0000000674c00000, 0x0000000674c00000|100%|HS|  |TAMS 0x0000000674800000| PB 0x0000000674800000| Complete 
| 467|0x0000000674c00000, 0x0000000675000000, 0x0000000675000000|100%|HC|  |TAMS 0x0000000674c00000| PB 0x0000000674c00000| Complete 
| 468|0x0000000675000000, 0x0000000675400000, 0x0000000675400000|100%| O|  |TAMS 0x0000000675000000| PB 0x0000000675000000| Untracked 
| 469|0x0000000675400000, 0x0000000675800000, 0x0000000675800000|100%| O|  |TAMS 0x0000000675400000| PB 0x0000000675400000| Untracked 
| 470|0x0000000675800000, 0x0000000675c00000, 0x0000000675c00000|100%| O|  |TAMS 0x0000000675800000| PB 0x0000000675800000| Untracked 
| 471|0x0000000675c00000, 0x0000000676000000, 0x0000000676000000|100%| O|  |TAMS 0x0000000675c00000| PB 0x0000000675c00000| Untracked 
| 472|0x0000000676000000, 0x0000000676400000, 0x0000000676400000|100%| O|  |TAMS 0x0000000676000000| PB 0x0000000676000000| Untracked 
| 473|0x0000000676400000, 0x0000000676800000, 0x0000000676800000|100%| O|  |TAMS 0x0000000676400000| PB 0x0000000676400000| Untracked 
| 474|0x0000000676800000, 0x0000000676c00000, 0x0000000676c00000|100%| O|  |TAMS 0x0000000676800000| PB 0x0000000676800000| Untracked 
| 475|0x0000000676c00000, 0x0000000677000000, 0x0000000677000000|100%| O|  |TAMS 0x0000000676c00000| PB 0x0000000676c00000| Untracked 
| 476|0x0000000677000000, 0x0000000677400000, 0x0000000677400000|100%| O|  |TAMS 0x0000000677000000| PB 0x0000000677000000| Untracked 
| 477|0x0000000677400000, 0x0000000677800000, 0x0000000677800000|100%| O|  |TAMS 0x0000000677400000| PB 0x0000000677400000| Untracked 
| 478|0x0000000677800000, 0x0000000677c00000, 0x0000000677c00000|100%| O|  |TAMS 0x0000000677800000| PB 0x0000000677800000| Untracked 
| 479|0x0000000677c00000, 0x0000000678000000, 0x0000000678000000|100%| O|  |TAMS 0x0000000677c00000| PB 0x0000000677c00000| Untracked 
| 480|0x0000000678000000, 0x0000000678400000, 0x0000000678400000|100%| O|  |TAMS 0x0000000678000000| PB 0x0000000678000000| Untracked 
| 481|0x0000000678400000, 0x0000000678800000, 0x0000000678800000|100%| O|  |TAMS 0x0000000678400000| PB 0x0000000678400000| Untracked 
| 482|0x0000000678800000, 0x0000000678c00000, 0x0000000678c00000|100%| O|  |TAMS 0x0000000678800000| PB 0x0000000678800000| Untracked 
| 483|0x0000000678c00000, 0x0000000679000000, 0x0000000679000000|100%| O|  |TAMS 0x0000000678c00000| PB 0x0000000678c00000| Untracked 
| 484|0x0000000679000000, 0x0000000679400000, 0x0000000679400000|100%| O|  |TAMS 0x0000000679000000| PB 0x0000000679000000| Untracked 
| 485|0x0000000679400000, 0x0000000679800000, 0x0000000679800000|100%|HS|  |TAMS 0x0000000679400000| PB 0x0000000679400000| Complete 
| 486|0x0000000679800000, 0x0000000679c00000, 0x0000000679c00000|100%|HS|  |TAMS 0x0000000679800000| PB 0x0000000679800000| Complete 
| 487|0x0000000679c00000, 0x000000067a000000, 0x000000067a000000|100%|HS|  |TAMS 0x0000000679c00000| PB 0x0000000679c00000| Complete 
| 488|0x000000067a000000, 0x000000067a400000, 0x000000067a400000|100%| O|  |TAMS 0x000000067a000000| PB 0x000000067a000000| Untracked 
| 489|0x000000067a400000, 0x000000067a800000, 0x000000067a800000|100%|HS|  |TAMS 0x000000067a400000| PB 0x000000067a400000| Complete 
| 490|0x000000067a800000, 0x000000067ac00000, 0x000000067ac00000|100%| O|  |TAMS 0x000000067a800000| PB 0x000000067a800000| Untracked 
| 491|0x000000067ac00000, 0x000000067b000000, 0x000000067b000000|100%|HS|  |TAMS 0x000000067ac00000| PB 0x000000067ac00000| Complete 
| 492|0x000000067b000000, 0x000000067b400000, 0x000000067b400000|100%|HS|  |TAMS 0x000000067b000000| PB 0x000000067b000000| Complete 
| 493|0x000000067b400000, 0x000000067b800000, 0x000000067b800000|100%|HS|  |TAMS 0x000000067b400000| PB 0x000000067b400000| Complete 
| 494|0x000000067b800000, 0x000000067bc00000, 0x000000067bc00000|100%|HS|  |TAMS 0x000000067b800000| PB 0x000000067b800000| Complete 
| 495|0x000000067bc00000, 0x000000067c000000, 0x000000067c000000|100%|HS|  |TAMS 0x000000067bc00000| PB 0x000000067bc00000| Complete 
| 496|0x000000067c000000, 0x000000067c400000, 0x000000067c400000|100%|HS|  |TAMS 0x000000067c000000| PB 0x000000067c000000| Complete 
| 497|0x000000067c400000, 0x000000067c400000, 0x000000067c800000|  0%| F|  |TAMS 0x000000067c400000| PB 0x000000067c400000| Untracked 
| 498|0x000000067c800000, 0x000000067c800000, 0x000000067cc00000|  0%| F|  |TAMS 0x000000067c800000| PB 0x000000067c800000| Untracked 
| 499|0x000000067cc00000, 0x000000067cc00000, 0x000000067d000000|  0%| F|  |TAMS 0x000000067cc00000| PB 0x000000067cc00000| Untracked 
| 500|0x000000067d000000, 0x000000067d000000, 0x000000067d400000|  0%| F|  |TAMS 0x000000067d000000| PB 0x000000067d000000| Untracked 
| 501|0x000000067d400000, 0x000000067d400000, 0x000000067d800000|  0%| F|  |TAMS 0x000000067d400000| PB 0x000000067d400000| Untracked 
| 502|0x000000067d800000, 0x000000067d800000, 0x000000067dc00000|  0%| F|  |TAMS 0x000000067d800000| PB 0x000000067d800000| Untracked 
| 503|0x000000067dc00000, 0x000000067dc00000, 0x000000067e000000|  0%| F|  |TAMS 0x000000067dc00000| PB 0x000000067dc00000| Untracked 
| 504|0x000000067e000000, 0x000000067e000000, 0x000000067e400000|  0%| F|  |TAMS 0x000000067e000000| PB 0x000000067e000000| Untracked 
| 505|0x000000067e400000, 0x000000067e400000, 0x000000067e800000|  0%| F|  |TAMS 0x000000067e400000| PB 0x000000067e400000| Untracked 
| 506|0x000000067e800000, 0x000000067e800000, 0x000000067ec00000|  0%| F|  |TAMS 0x000000067e800000| PB 0x000000067e800000| Untracked 
| 507|0x000000067ec00000, 0x000000067ec00000, 0x000000067f000000|  0%| F|  |TAMS 0x000000067ec00000| PB 0x000000067ec00000| Untracked 
| 508|0x000000067f000000, 0x000000067f000000, 0x000000067f400000|  0%| F|  |TAMS 0x000000067f000000| PB 0x000000067f000000| Untracked 
| 509|0x000000067f400000, 0x000000067f400000, 0x000000067f800000|  0%| F|  |TAMS 0x000000067f400000| PB 0x000000067f400000| Untracked 
| 510|0x000000067f800000, 0x000000067f800000, 0x000000067fc00000|  0%| F|  |TAMS 0x000000067f800000| PB 0x000000067f800000| Untracked 
| 511|0x000000067fc00000, 0x000000067fc00000, 0x0000000680000000|  0%| F|  |TAMS 0x000000067fc00000| PB 0x000000067fc00000| Untracked 
| 512|0x0000000680000000, 0x0000000680000000, 0x0000000680400000|  0%| F|  |TAMS 0x0000000680000000| PB 0x0000000680000000| Untracked 
| 513|0x0000000680400000, 0x0000000680400000, 0x0000000680800000|  0%| F|  |TAMS 0x0000000680400000| PB 0x0000000680400000| Untracked 
| 514|0x0000000680800000, 0x0000000680800000, 0x0000000680c00000|  0%| F|  |TAMS 0x0000000680800000| PB 0x0000000680800000| Untracked 
| 515|0x0000000680c00000, 0x0000000680c00000, 0x0000000681000000|  0%| F|  |TAMS 0x0000000680c00000| PB 0x0000000680c00000| Untracked 
| 516|0x0000000681000000, 0x0000000681000000, 0x0000000681400000|  0%| F|  |TAMS 0x0000000681000000| PB 0x0000000681000000| Untracked 
| 517|0x0000000681400000, 0x0000000681400000, 0x0000000681800000|  0%| F|  |TAMS 0x0000000681400000| PB 0x0000000681400000| Untracked 
| 518|0x0000000681800000, 0x0000000681800000, 0x0000000681c00000|  0%| F|  |TAMS 0x0000000681800000| PB 0x0000000681800000| Untracked 
| 519|0x0000000681c00000, 0x0000000681c00000, 0x0000000682000000|  0%| F|  |TAMS 0x0000000681c00000| PB 0x0000000681c00000| Untracked 
| 520|0x0000000682000000, 0x0000000682000000, 0x0000000682400000|  0%| F|  |TAMS 0x0000000682000000| PB 0x0000000682000000| Untracked 
| 521|0x0000000682400000, 0x0000000682400000, 0x0000000682800000|  0%| F|  |TAMS 0x0000000682400000| PB 0x0000000682400000| Untracked 
| 522|0x0000000682800000, 0x00000006829d1bd8, 0x0000000682c00000| 45%| E|CS|TAMS 0x0000000682800000| PB 0x0000000682800000| Complete 
| 523|0x0000000682c00000, 0x0000000683000000, 0x0000000683000000|100%| E|CS|TAMS 0x0000000682c00000| PB 0x0000000682c00000| Complete 
| 524|0x0000000683000000, 0x0000000683400000, 0x0000000683400000|100%| E|CS|TAMS 0x0000000683000000| PB 0x0000000683000000| Complete 
| 525|0x0000000683400000, 0x0000000683800000, 0x0000000683800000|100%| E|CS|TAMS 0x0000000683400000| PB 0x0000000683400000| Complete 
| 526|0x0000000683800000, 0x0000000683c00000, 0x0000000683c00000|100%| E|CS|TAMS 0x0000000683800000| PB 0x0000000683800000| Complete 
| 527|0x0000000683c00000, 0x0000000684000000, 0x0000000684000000|100%| E|CS|TAMS 0x0000000683c00000| PB 0x0000000683c00000| Complete 
| 528|0x0000000684000000, 0x0000000684400000, 0x0000000684400000|100%| E|CS|TAMS 0x0000000684000000| PB 0x0000000684000000| Complete 
| 529|0x0000000684400000, 0x0000000684800000, 0x0000000684800000|100%| E|CS|TAMS 0x0000000684400000| PB 0x0000000684400000| Complete 
| 530|0x0000000684800000, 0x0000000684c00000, 0x0000000684c00000|100%| E|CS|TAMS 0x0000000684800000| PB 0x0000000684800000| Complete 
| 531|0x0000000684c00000, 0x0000000685000000, 0x0000000685000000|100%| E|CS|TAMS 0x0000000684c00000| PB 0x0000000684c00000| Complete 
| 532|0x0000000685000000, 0x0000000685400000, 0x0000000685400000|100%| E|CS|TAMS 0x0000000685000000| PB 0x0000000685000000| Complete 
| 533|0x0000000685400000, 0x0000000685800000, 0x0000000685800000|100%| E|CS|TAMS 0x0000000685400000| PB 0x0000000685400000| Complete 
| 534|0x0000000685800000, 0x0000000685c00000, 0x0000000685c00000|100%| E|CS|TAMS 0x0000000685800000| PB 0x0000000685800000| Complete 
| 535|0x0000000685c00000, 0x0000000686000000, 0x0000000686000000|100%| E|CS|TAMS 0x0000000685c00000| PB 0x0000000685c00000| Complete 
| 536|0x0000000686000000, 0x0000000686400000, 0x0000000686400000|100%| E|CS|TAMS 0x0000000686000000| PB 0x0000000686000000| Complete 
| 537|0x0000000686400000, 0x0000000686800000, 0x0000000686800000|100%| E|CS|TAMS 0x0000000686400000| PB 0x0000000686400000| Complete 
| 538|0x0000000686800000, 0x0000000686c00000, 0x0000000686c00000|100%| E|CS|TAMS 0x0000000686800000| PB 0x0000000686800000| Complete 
| 539|0x0000000686c00000, 0x0000000687000000, 0x0000000687000000|100%| E|CS|TAMS 0x0000000686c00000| PB 0x0000000686c00000| Complete 
| 540|0x0000000687000000, 0x0000000687400000, 0x0000000687400000|100%| E|CS|TAMS 0x0000000687000000| PB 0x0000000687000000| Complete 
| 541|0x0000000687400000, 0x0000000687800000, 0x0000000687800000|100%| E|CS|TAMS 0x0000000687400000| PB 0x0000000687400000| Complete 
| 542|0x0000000687800000, 0x0000000687c00000, 0x0000000687c00000|100%| O|  |TAMS 0x0000000687800000| PB 0x0000000687800000| Untracked 
| 543|0x0000000687c00000, 0x0000000688000000, 0x0000000688000000|100%| O|  |TAMS 0x0000000687c00000| PB 0x0000000687c00000| Untracked 
| 544|0x0000000688000000, 0x0000000688400000, 0x0000000688400000|100%| O|  |TAMS 0x0000000688000000| PB 0x0000000688000000| Untracked 
| 545|0x0000000688400000, 0x0000000688800000, 0x0000000688800000|100%| O|  |TAMS 0x0000000688400000| PB 0x0000000688400000| Untracked 
| 546|0x0000000688800000, 0x0000000688c00000, 0x0000000688c00000|100%| O|  |TAMS 0x0000000688800000| PB 0x0000000688800000| Untracked 
| 547|0x0000000688c00000, 0x0000000689000000, 0x0000000689000000|100%| O|  |TAMS 0x0000000688c00000| PB 0x0000000688c00000| Untracked 
| 548|0x0000000689000000, 0x0000000689400000, 0x0000000689400000|100%| O|  |TAMS 0x0000000689000000| PB 0x0000000689000000| Untracked 
| 549|0x0000000689400000, 0x0000000689800000, 0x0000000689800000|100%| O|  |TAMS 0x0000000689400000| PB 0x0000000689400000| Untracked 
| 550|0x0000000689800000, 0x0000000689c00000, 0x0000000689c00000|100%| O|  |TAMS 0x0000000689800000| PB 0x0000000689800000| Untracked 
| 551|0x0000000689c00000, 0x000000068a000000, 0x000000068a000000|100%| O|  |TAMS 0x0000000689c00000| PB 0x0000000689c00000| Untracked 
| 552|0x000000068a000000, 0x000000068a400000, 0x000000068a400000|100%| O|  |TAMS 0x000000068a000000| PB 0x000000068a000000| Untracked 
| 553|0x000000068a400000, 0x000000068a800000, 0x000000068a800000|100%| O|  |TAMS 0x000000068a400000| PB 0x000000068a400000| Untracked 
| 554|0x000000068a800000, 0x000000068ac00000, 0x000000068ac00000|100%| O|  |TAMS 0x000000068a800000| PB 0x000000068a800000| Untracked 
| 555|0x000000068ac00000, 0x000000068b000000, 0x000000068b000000|100%| O|  |TAMS 0x000000068ac00000| PB 0x000000068ac00000| Untracked 
| 556|0x000000068b000000, 0x000000068b400000, 0x000000068b400000|100%| O|  |TAMS 0x000000068b000000| PB 0x000000068b000000| Untracked 
| 557|0x000000068b400000, 0x000000068b800000, 0x000000068b800000|100%| O|  |TAMS 0x000000068b400000| PB 0x000000068b400000| Untracked 
| 558|0x000000068b800000, 0x000000068bc00000, 0x000000068bc00000|100%| O|  |TAMS 0x000000068b800000| PB 0x000000068b800000| Untracked 
| 559|0x000000068bc00000, 0x000000068c000000, 0x000000068c000000|100%| O|  |TAMS 0x000000068bc00000| PB 0x000000068bc00000| Untracked 
| 560|0x000000068c000000, 0x000000068c400000, 0x000000068c400000|100%| O|  |TAMS 0x000000068c000000| PB 0x000000068c000000| Untracked 
| 561|0x000000068c400000, 0x000000068c800000, 0x000000068c800000|100%| O|  |TAMS 0x000000068c400000| PB 0x000000068c400000| Untracked 
| 562|0x000000068c800000, 0x000000068cc00000, 0x000000068cc00000|100%| O|  |TAMS 0x000000068c800000| PB 0x000000068c800000| Untracked 
| 563|0x000000068cc00000, 0x000000068d000000, 0x000000068d000000|100%| O|  |TAMS 0x000000068cc00000| PB 0x000000068cc00000| Untracked 
| 564|0x000000068d000000, 0x000000068d400000, 0x000000068d400000|100%| O|  |TAMS 0x000000068d000000| PB 0x000000068d000000| Untracked 
| 565|0x000000068d400000, 0x000000068d800000, 0x000000068d800000|100%| O|  |TAMS 0x000000068d400000| PB 0x000000068d400000| Untracked 
| 566|0x000000068d800000, 0x000000068dc00000, 0x000000068dc00000|100%| O|  |TAMS 0x000000068d800000| PB 0x000000068d800000| Untracked 
| 567|0x000000068dc00000, 0x000000068e000000, 0x000000068e000000|100%| O|  |TAMS 0x000000068dc00000| PB 0x000000068dc00000| Untracked 
| 568|0x000000068e000000, 0x000000068e400000, 0x000000068e400000|100%| O|  |TAMS 0x000000068e000000| PB 0x000000068e000000| Untracked 
| 569|0x000000068e400000, 0x000000068e800000, 0x000000068e800000|100%| O|  |TAMS 0x000000068e400000| PB 0x000000068e400000| Untracked 
| 570|0x000000068e800000, 0x000000068ec00000, 0x000000068ec00000|100%| O|  |TAMS 0x000000068e800000| PB 0x000000068e800000| Untracked 
| 571|0x000000068ec00000, 0x000000068f000000, 0x000000068f000000|100%| O|  |TAMS 0x000000068ec00000| PB 0x000000068ec00000| Untracked 
| 572|0x000000068f000000, 0x000000068f400000, 0x000000068f400000|100%| O|  |TAMS 0x000000068f000000| PB 0x000000068f000000| Untracked 
| 573|0x000000068f400000, 0x000000068f800000, 0x000000068f800000|100%| O|  |TAMS 0x000000068f400000| PB 0x000000068f400000| Untracked 
| 574|0x000000068f800000, 0x000000068fc00000, 0x000000068fc00000|100%| O|Cm|TAMS 0x000000068f800000| PB 0x000000068f800000| Complete 
| 575|0x000000068fc00000, 0x0000000690000000, 0x0000000690000000|100%| O|Cm|TAMS 0x000000068fc00000| PB 0x000000068fc00000| Complete 
| 576|0x0000000690000000, 0x0000000690400000, 0x0000000690400000|100%| E|CS|TAMS 0x0000000690000000| PB 0x0000000690000000| Complete 
| 577|0x0000000690400000, 0x0000000690800000, 0x0000000690800000|100%| E|CS|TAMS 0x0000000690400000| PB 0x0000000690400000| Complete 
| 578|0x0000000690800000, 0x0000000690c00000, 0x0000000690c00000|100%| E|CS|TAMS 0x0000000690800000| PB 0x0000000690800000| Complete 
| 579|0x0000000690c00000, 0x0000000691000000, 0x0000000691000000|100%| E|CS|TAMS 0x0000000690c00000| PB 0x0000000690c00000| Complete 
| 580|0x0000000691000000, 0x0000000691000000, 0x0000000691400000|  0%| F|  |TAMS 0x0000000691000000| PB 0x0000000691000000| Untracked 
| 581|0x0000000691400000, 0x0000000691400000, 0x0000000691800000|  0%| F|  |TAMS 0x0000000691400000| PB 0x0000000691400000| Untracked 
| 582|0x0000000691800000, 0x0000000691800000, 0x0000000691c00000|  0%| F|  |TAMS 0x0000000691800000| PB 0x0000000691800000| Untracked 
| 583|0x0000000691c00000, 0x0000000691c00000, 0x0000000692000000|  0%| F|  |TAMS 0x0000000691c00000| PB 0x0000000691c00000| Untracked 
| 584|0x0000000692000000, 0x0000000692000000, 0x0000000692400000|  0%| F|  |TAMS 0x0000000692000000| PB 0x0000000692000000| Untracked 
| 585|0x0000000692400000, 0x0000000692400000, 0x0000000692800000|  0%| F|  |TAMS 0x0000000692400000| PB 0x0000000692400000| Untracked 
| 586|0x0000000692800000, 0x0000000692800000, 0x0000000692c00000|  0%| F|  |TAMS 0x0000000692800000| PB 0x0000000692800000| Untracked 
| 587|0x0000000692c00000, 0x0000000692c00000, 0x0000000693000000|  0%| F|  |TAMS 0x0000000692c00000| PB 0x0000000692c00000| Untracked 
| 588|0x0000000693000000, 0x0000000693000000, 0x0000000693400000|  0%| F|  |TAMS 0x0000000693000000| PB 0x0000000693000000| Untracked 
| 589|0x0000000693400000, 0x0000000693800000, 0x0000000693800000|100%| S|  |TAMS 0x0000000693400000| PB 0x0000000693400000| Complete 
| 590|0x0000000693800000, 0x0000000693c00000, 0x0000000693c00000|100%| S|  |TAMS 0x0000000693800000| PB 0x0000000693800000| Complete 
| 591|0x0000000693c00000, 0x0000000694000000, 0x0000000694000000|100%| S|  |TAMS 0x0000000693c00000| PB 0x0000000693c00000| Complete 
| 592|0x0000000694000000, 0x0000000694400000, 0x0000000694400000|100%| S|  |TAMS 0x0000000694000000| PB 0x0000000694000000| Complete 
| 593|0x0000000694400000, 0x0000000694800000, 0x0000000694800000|100%| S|  |TAMS 0x0000000694400000| PB 0x0000000694400000| Complete 
| 594|0x0000000694800000, 0x0000000694c00000, 0x0000000694c00000|100%| S|  |TAMS 0x0000000694800000| PB 0x0000000694800000| Complete 
| 595|0x0000000694c00000, 0x0000000695000000, 0x0000000695000000|100%| S|  |TAMS 0x0000000694c00000| PB 0x0000000694c00000| Complete 
| 596|0x0000000695000000, 0x0000000695400000, 0x0000000695400000|100%| S|  |TAMS 0x0000000695000000| PB 0x0000000695000000| Complete 
| 597|0x0000000695400000, 0x0000000695800000, 0x0000000695800000|100%| S|  |TAMS 0x0000000695400000| PB 0x0000000695400000| Complete 
| 598|0x0000000695800000, 0x0000000695c00000, 0x0000000695c00000|100%| S|  |TAMS 0x0000000695800000| PB 0x0000000695800000| Complete 
| 599|0x0000000695c00000, 0x0000000696000000, 0x0000000696000000|100%| S|  |TAMS 0x0000000695c00000| PB 0x0000000695c00000| Complete 
| 600|0x0000000696000000, 0x0000000696400000, 0x0000000696400000|100%| S|  |TAMS 0x0000000696000000| PB 0x0000000696000000| Complete 
| 601|0x0000000696400000, 0x0000000696800000, 0x0000000696800000|100%| S|  |TAMS 0x0000000696400000| PB 0x0000000696400000| Complete 
| 602|0x0000000696800000, 0x0000000696c00000, 0x0000000696c00000|100%| S|  |TAMS 0x0000000696800000| PB 0x0000000696800000| Complete 
| 603|0x0000000696c00000, 0x0000000697000000, 0x0000000697000000|100%| S|  |TAMS 0x0000000696c00000| PB 0x0000000696c00000| Complete 
| 604|0x0000000697000000, 0x0000000697400000, 0x0000000697400000|100%| S|  |TAMS 0x0000000697000000| PB 0x0000000697000000| Complete 
| 605|0x0000000697400000, 0x0000000697800000, 0x0000000697800000|100%| S|  |TAMS 0x0000000697400000| PB 0x0000000697400000| Complete 
| 606|0x0000000697800000, 0x0000000697c00000, 0x0000000697c00000|100%| S|  |TAMS 0x0000000697800000| PB 0x0000000697800000| Complete 
| 607|0x0000000697c00000, 0x0000000698000000, 0x0000000698000000|100%| S|  |TAMS 0x0000000697c00000| PB 0x0000000697c00000| Complete 
| 608|0x0000000698000000, 0x0000000698400000, 0x0000000698400000|100%| S|  |TAMS 0x0000000698000000| PB 0x0000000698000000| Complete 
| 609|0x0000000698400000, 0x0000000698800000, 0x0000000698800000|100%| S|  |TAMS 0x0000000698400000| PB 0x0000000698400000| Complete 
| 610|0x0000000698800000, 0x0000000698c00000, 0x0000000698c00000|100%| S|  |TAMS 0x0000000698800000| PB 0x0000000698800000| Complete 
| 611|0x0000000698c00000, 0x0000000699000000, 0x0000000699000000|100%| S|  |TAMS 0x0000000698c00000| PB 0x0000000698c00000| Complete 
| 612|0x0000000699000000, 0x0000000699400000, 0x0000000699400000|100%| S|  |TAMS 0x0000000699000000| PB 0x0000000699000000| Complete 
| 613|0x0000000699400000, 0x0000000699800000, 0x0000000699800000|100%| S|  |TAMS 0x0000000699400000| PB 0x0000000699400000| Complete 
| 614|0x0000000699800000, 0x0000000699c00000, 0x0000000699c00000|100%| S|  |TAMS 0x0000000699800000| PB 0x0000000699800000| Complete 
| 615|0x0000000699c00000, 0x000000069a000000, 0x000000069a000000|100%| S|  |TAMS 0x0000000699c00000| PB 0x0000000699c00000| Complete 
| 616|0x000000069a000000, 0x000000069a400000, 0x000000069a400000|100%| E|CS|TAMS 0x000000069a000000| PB 0x000000069a000000| Complete 
| 617|0x000000069a400000, 0x000000069a800000, 0x000000069a800000|100%| E|CS|TAMS 0x000000069a400000| PB 0x000000069a400000| Complete 
| 618|0x000000069a800000, 0x000000069ac00000, 0x000000069ac00000|100%| E|CS|TAMS 0x000000069a800000| PB 0x000000069a800000| Complete 
| 619|0x000000069ac00000, 0x000000069b000000, 0x000000069b000000|100%| E|CS|TAMS 0x000000069ac00000| PB 0x000000069ac00000| Complete 
| 620|0x000000069b000000, 0x000000069b400000, 0x000000069b400000|100%| E|CS|TAMS 0x000000069b000000| PB 0x000000069b000000| Complete 
| 621|0x000000069b400000, 0x000000069b800000, 0x000000069b800000|100%| E|CS|TAMS 0x000000069b400000| PB 0x000000069b400000| Complete 
| 622|0x000000069b800000, 0x000000069bc00000, 0x000000069bc00000|100%| E|CS|TAMS 0x000000069b800000| PB 0x000000069b800000| Complete 
| 623|0x000000069bc00000, 0x000000069c000000, 0x000000069c000000|100%| E|CS|TAMS 0x000000069bc00000| PB 0x000000069bc00000| Complete 
| 624|0x000000069c000000, 0x000000069c400000, 0x000000069c400000|100%| E|CS|TAMS 0x000000069c000000| PB 0x000000069c000000| Complete 
| 625|0x000000069c400000, 0x000000069c800000, 0x000000069c800000|100%| E|CS|TAMS 0x000000069c400000| PB 0x000000069c400000| Complete 
| 626|0x000000069c800000, 0x000000069cc00000, 0x000000069cc00000|100%| E|CS|TAMS 0x000000069c800000| PB 0x000000069c800000| Complete 
| 627|0x000000069cc00000, 0x000000069d000000, 0x000000069d000000|100%| E|CS|TAMS 0x000000069cc00000| PB 0x000000069cc00000| Complete 
| 628|0x000000069d000000, 0x000000069d400000, 0x000000069d400000|100%| E|CS|TAMS 0x000000069d000000| PB 0x000000069d000000| Complete 
| 629|0x000000069d400000, 0x000000069d800000, 0x000000069d800000|100%| E|CS|TAMS 0x000000069d400000| PB 0x000000069d400000| Complete 
| 630|0x000000069d800000, 0x000000069dc00000, 0x000000069dc00000|100%| E|CS|TAMS 0x000000069d800000| PB 0x000000069d800000| Complete 
| 631|0x000000069dc00000, 0x000000069e000000, 0x000000069e000000|100%| E|CS|TAMS 0x000000069dc00000| PB 0x000000069dc00000| Complete 
| 632|0x000000069e000000, 0x000000069e400000, 0x000000069e400000|100%| E|CS|TAMS 0x000000069e000000| PB 0x000000069e000000| Complete 
| 633|0x000000069e400000, 0x000000069e800000, 0x000000069e800000|100%| E|CS|TAMS 0x000000069e400000| PB 0x000000069e400000| Complete 
| 634|0x000000069e800000, 0x000000069ec00000, 0x000000069ec00000|100%| E|CS|TAMS 0x000000069e800000| PB 0x000000069e800000| Complete 
| 635|0x000000069ec00000, 0x000000069f000000, 0x000000069f000000|100%| E|CS|TAMS 0x000000069ec00000| PB 0x000000069ec00000| Complete 
| 636|0x000000069f000000, 0x000000069f400000, 0x000000069f400000|100%| E|CS|TAMS 0x000000069f000000| PB 0x000000069f000000| Complete 
| 637|0x000000069f400000, 0x000000069f800000, 0x000000069f800000|100%| E|CS|TAMS 0x000000069f400000| PB 0x000000069f400000| Complete 
| 638|0x000000069f800000, 0x000000069fc00000, 0x000000069fc00000|100%| E|CS|TAMS 0x000000069f800000| PB 0x000000069f800000| Complete 
| 639|0x000000069fc00000, 0x00000006a0000000, 0x00000006a0000000|100%| E|CS|TAMS 0x000000069fc00000| PB 0x000000069fc00000| Complete 
| 640|0x00000006a0000000, 0x00000006a0400000, 0x00000006a0400000|100%| E|CS|TAMS 0x00000006a0000000| PB 0x00000006a0000000| Complete 
| 641|0x00000006a0400000, 0x00000006a0800000, 0x00000006a0800000|100%| E|CS|TAMS 0x00000006a0400000| PB 0x00000006a0400000| Complete 
| 642|0x00000006a0800000, 0x00000006a0c00000, 0x00000006a0c00000|100%| E|CS|TAMS 0x00000006a0800000| PB 0x00000006a0800000| Complete 
| 643|0x00000006a0c00000, 0x00000006a1000000, 0x00000006a1000000|100%| E|CS|TAMS 0x00000006a0c00000| PB 0x00000006a0c00000| Complete 
| 644|0x00000006a1000000, 0x00000006a1400000, 0x00000006a1400000|100%| E|CS|TAMS 0x00000006a1000000| PB 0x00000006a1000000| Complete 
| 645|0x00000006a1400000, 0x00000006a1800000, 0x00000006a1800000|100%| E|CS|TAMS 0x00000006a1400000| PB 0x00000006a1400000| Complete 
| 646|0x00000006a1800000, 0x00000006a1c00000, 0x00000006a1c00000|100%| E|CS|TAMS 0x00000006a1800000| PB 0x00000006a1800000| Complete 
| 647|0x00000006a1c00000, 0x00000006a2000000, 0x00000006a2000000|100%| E|CS|TAMS 0x00000006a1c00000| PB 0x00000006a1c00000| Complete 
| 648|0x00000006a2000000, 0x00000006a2400000, 0x00000006a2400000|100%| E|CS|TAMS 0x00000006a2000000| PB 0x00000006a2000000| Complete 
| 649|0x00000006a2400000, 0x00000006a2800000, 0x00000006a2800000|100%| E|CS|TAMS 0x00000006a2400000| PB 0x00000006a2400000| Complete 
| 650|0x00000006a2800000, 0x00000006a2c00000, 0x00000006a2c00000|100%| E|CS|TAMS 0x00000006a2800000| PB 0x00000006a2800000| Complete 
| 651|0x00000006a2c00000, 0x00000006a3000000, 0x00000006a3000000|100%| E|CS|TAMS 0x00000006a2c00000| PB 0x00000006a2c00000| Complete 
| 652|0x00000006a3000000, 0x00000006a3400000, 0x00000006a3400000|100%| E|CS|TAMS 0x00000006a3000000| PB 0x00000006a3000000| Complete 
| 653|0x00000006a3400000, 0x00000006a3800000, 0x00000006a3800000|100%| E|CS|TAMS 0x00000006a3400000| PB 0x00000006a3400000| Complete 
| 654|0x00000006a3800000, 0x00000006a3c00000, 0x00000006a3c00000|100%| E|CS|TAMS 0x00000006a3800000| PB 0x00000006a3800000| Complete 
| 655|0x00000006a3c00000, 0x00000006a4000000, 0x00000006a4000000|100%| E|CS|TAMS 0x00000006a3c00000| PB 0x00000006a3c00000| Complete 
| 656|0x00000006a4000000, 0x00000006a4400000, 0x00000006a4400000|100%| E|CS|TAMS 0x00000006a4000000| PB 0x00000006a4000000| Complete 
| 657|0x00000006a4400000, 0x00000006a4800000, 0x00000006a4800000|100%| E|CS|TAMS 0x00000006a4400000| PB 0x00000006a4400000| Complete 
| 658|0x00000006a4800000, 0x00000006a4c00000, 0x00000006a4c00000|100%| E|CS|TAMS 0x00000006a4800000| PB 0x00000006a4800000| Complete 
| 659|0x00000006a4c00000, 0x00000006a5000000, 0x00000006a5000000|100%| E|CS|TAMS 0x00000006a4c00000| PB 0x00000006a4c00000| Complete 
| 660|0x00000006a5000000, 0x00000006a5400000, 0x00000006a5400000|100%| E|CS|TAMS 0x00000006a5000000| PB 0x00000006a5000000| Complete 
| 661|0x00000006a5400000, 0x00000006a5800000, 0x00000006a5800000|100%| E|CS|TAMS 0x00000006a5400000| PB 0x00000006a5400000| Complete 
| 662|0x00000006a5800000, 0x00000006a5c00000, 0x00000006a5c00000|100%| E|CS|TAMS 0x00000006a5800000| PB 0x00000006a5800000| Complete 
| 663|0x00000006a5c00000, 0x00000006a6000000, 0x00000006a6000000|100%| E|CS|TAMS 0x00000006a5c00000| PB 0x00000006a5c00000| Complete 
| 664|0x00000006a6000000, 0x00000006a6400000, 0x00000006a6400000|100%| E|CS|TAMS 0x00000006a6000000| PB 0x00000006a6000000| Complete 
| 665|0x00000006a6400000, 0x00000006a6800000, 0x00000006a6800000|100%| E|CS|TAMS 0x00000006a6400000| PB 0x00000006a6400000| Complete 
| 666|0x00000006a6800000, 0x00000006a6c00000, 0x00000006a6c00000|100%| E|CS|TAMS 0x00000006a6800000| PB 0x00000006a6800000| Complete 
| 667|0x00000006a6c00000, 0x00000006a7000000, 0x00000006a7000000|100%| E|CS|TAMS 0x00000006a6c00000| PB 0x00000006a6c00000| Complete 
| 668|0x00000006a7000000, 0x00000006a7400000, 0x00000006a7400000|100%| E|CS|TAMS 0x00000006a7000000| PB 0x00000006a7000000| Complete 
| 669|0x00000006a7400000, 0x00000006a7800000, 0x00000006a7800000|100%| E|CS|TAMS 0x00000006a7400000| PB 0x00000006a7400000| Complete 
| 670|0x00000006a7800000, 0x00000006a7c00000, 0x00000006a7c00000|100%| E|CS|TAMS 0x00000006a7800000| PB 0x00000006a7800000| Complete 
| 671|0x00000006a7c00000, 0x00000006a8000000, 0x00000006a8000000|100%| E|CS|TAMS 0x00000006a7c00000| PB 0x00000006a7c00000| Complete 
| 672|0x00000006a8000000, 0x00000006a8400000, 0x00000006a8400000|100%| E|CS|TAMS 0x00000006a8000000| PB 0x00000006a8000000| Complete 
| 673|0x00000006a8400000, 0x00000006a8800000, 0x00000006a8800000|100%| E|CS|TAMS 0x00000006a8400000| PB 0x00000006a8400000| Complete 
| 674|0x00000006a8800000, 0x00000006a8c00000, 0x00000006a8c00000|100%| E|CS|TAMS 0x00000006a8800000| PB 0x00000006a8800000| Complete 
| 675|0x00000006a8c00000, 0x00000006a9000000, 0x00000006a9000000|100%| E|CS|TAMS 0x00000006a8c00000| PB 0x00000006a8c00000| Complete 
| 676|0x00000006a9000000, 0x00000006a9400000, 0x00000006a9400000|100%| E|CS|TAMS 0x00000006a9000000| PB 0x00000006a9000000| Complete 
| 677|0x00000006a9400000, 0x00000006a9800000, 0x00000006a9800000|100%| E|CS|TAMS 0x00000006a9400000| PB 0x00000006a9400000| Complete 
| 678|0x00000006a9800000, 0x00000006a9c00000, 0x00000006a9c00000|100%| E|CS|TAMS 0x00000006a9800000| PB 0x00000006a9800000| Complete 
| 679|0x00000006a9c00000, 0x00000006aa000000, 0x00000006aa000000|100%| E|CS|TAMS 0x00000006a9c00000| PB 0x00000006a9c00000| Complete 
| 680|0x00000006aa000000, 0x00000006aa400000, 0x00000006aa400000|100%| E|CS|TAMS 0x00000006aa000000| PB 0x00000006aa000000| Complete 
| 681|0x00000006aa400000, 0x00000006aa800000, 0x00000006aa800000|100%| E|CS|TAMS 0x00000006aa400000| PB 0x00000006aa400000| Complete 
| 682|0x00000006aa800000, 0x00000006aac00000, 0x00000006aac00000|100%| E|CS|TAMS 0x00000006aa800000| PB 0x00000006aa800000| Complete 
| 683|0x00000006aac00000, 0x00000006ab000000, 0x00000006ab000000|100%| E|CS|TAMS 0x00000006aac00000| PB 0x00000006aac00000| Complete 
| 684|0x00000006ab000000, 0x00000006ab400000, 0x00000006ab400000|100%| E|CS|TAMS 0x00000006ab000000| PB 0x00000006ab000000| Complete 
| 685|0x00000006ab400000, 0x00000006ab800000, 0x00000006ab800000|100%| E|CS|TAMS 0x00000006ab400000| PB 0x00000006ab400000| Complete 
| 686|0x00000006ab800000, 0x00000006abc00000, 0x00000006abc00000|100%| E|CS|TAMS 0x00000006ab800000| PB 0x00000006ab800000| Complete 
| 687|0x00000006abc00000, 0x00000006ac000000, 0x00000006ac000000|100%| E|CS|TAMS 0x00000006abc00000| PB 0x00000006abc00000| Complete 
| 688|0x00000006ac000000, 0x00000006ac400000, 0x00000006ac400000|100%| E|CS|TAMS 0x00000006ac000000| PB 0x00000006ac000000| Complete 
| 689|0x00000006ac400000, 0x00000006ac800000, 0x00000006ac800000|100%| E|CS|TAMS 0x00000006ac400000| PB 0x00000006ac400000| Complete 
| 690|0x00000006ac800000, 0x00000006acc00000, 0x00000006acc00000|100%| E|CS|TAMS 0x00000006ac800000| PB 0x00000006ac800000| Complete 
| 691|0x00000006acc00000, 0x00000006ad000000, 0x00000006ad000000|100%| E|CS|TAMS 0x00000006acc00000| PB 0x00000006acc00000| Complete 
| 692|0x00000006ad000000, 0x00000006ad400000, 0x00000006ad400000|100%| E|CS|TAMS 0x00000006ad000000| PB 0x00000006ad000000| Complete 
| 693|0x00000006ad400000, 0x00000006ad800000, 0x00000006ad800000|100%| E|CS|TAMS 0x00000006ad400000| PB 0x00000006ad400000| Complete 
| 694|0x00000006ad800000, 0x00000006adc00000, 0x00000006adc00000|100%| E|CS|TAMS 0x00000006ad800000| PB 0x00000006ad800000| Complete 
| 695|0x00000006adc00000, 0x00000006ae000000, 0x00000006ae000000|100%| E|CS|TAMS 0x00000006adc00000| PB 0x00000006adc00000| Complete 
| 696|0x00000006ae000000, 0x00000006ae400000, 0x00000006ae400000|100%| E|CS|TAMS 0x00000006ae000000| PB 0x00000006ae000000| Complete 
| 697|0x00000006ae400000, 0x00000006ae800000, 0x00000006ae800000|100%| E|CS|TAMS 0x00000006ae400000| PB 0x00000006ae400000| Complete 
| 698|0x00000006ae800000, 0x00000006aec00000, 0x00000006aec00000|100%| E|CS|TAMS 0x00000006ae800000| PB 0x00000006ae800000| Complete 
| 699|0x00000006aec00000, 0x00000006af000000, 0x00000006af000000|100%| E|CS|TAMS 0x00000006aec00000| PB 0x00000006aec00000| Complete 
| 700|0x00000006af000000, 0x00000006af400000, 0x00000006af400000|100%| E|CS|TAMS 0x00000006af000000| PB 0x00000006af000000| Complete 
| 701|0x00000006af400000, 0x00000006af800000, 0x00000006af800000|100%| E|CS|TAMS 0x00000006af400000| PB 0x00000006af400000| Complete 
| 702|0x00000006af800000, 0x00000006afc00000, 0x00000006afc00000|100%| E|CS|TAMS 0x00000006af800000| PB 0x00000006af800000| Complete 
| 703|0x00000006afc00000, 0x00000006b0000000, 0x00000006b0000000|100%| E|CS|TAMS 0x00000006afc00000| PB 0x00000006afc00000| Complete 
| 704|0x00000006b0000000, 0x00000006b0400000, 0x00000006b0400000|100%| E|CS|TAMS 0x00000006b0000000| PB 0x00000006b0000000| Complete 
| 705|0x00000006b0400000, 0x00000006b0800000, 0x00000006b0800000|100%| E|CS|TAMS 0x00000006b0400000| PB 0x00000006b0400000| Complete 
| 706|0x00000006b0800000, 0x00000006b0c00000, 0x00000006b0c00000|100%| E|CS|TAMS 0x00000006b0800000| PB 0x00000006b0800000| Complete 
| 707|0x00000006b0c00000, 0x00000006b1000000, 0x00000006b1000000|100%| E|CS|TAMS 0x00000006b0c00000| PB 0x00000006b0c00000| Complete 
| 708|0x00000006b1000000, 0x00000006b1400000, 0x00000006b1400000|100%| E|CS|TAMS 0x00000006b1000000| PB 0x00000006b1000000| Complete 
| 709|0x00000006b1400000, 0x00000006b1800000, 0x00000006b1800000|100%| E|CS|TAMS 0x00000006b1400000| PB 0x00000006b1400000| Complete 
| 710|0x00000006b1800000, 0x00000006b1c00000, 0x00000006b1c00000|100%| E|CS|TAMS 0x00000006b1800000| PB 0x00000006b1800000| Complete 
| 711|0x00000006b1c00000, 0x00000006b2000000, 0x00000006b2000000|100%| E|CS|TAMS 0x00000006b1c00000| PB 0x00000006b1c00000| Complete 
| 712|0x00000006b2000000, 0x00000006b2400000, 0x00000006b2400000|100%| E|CS|TAMS 0x00000006b2000000| PB 0x00000006b2000000| Complete 
| 713|0x00000006b2400000, 0x00000006b2800000, 0x00000006b2800000|100%| E|CS|TAMS 0x00000006b2400000| PB 0x00000006b2400000| Complete 
| 714|0x00000006b2800000, 0x00000006b2c00000, 0x00000006b2c00000|100%| E|CS|TAMS 0x00000006b2800000| PB 0x00000006b2800000| Complete 
| 715|0x00000006b2c00000, 0x00000006b3000000, 0x00000006b3000000|100%| E|CS|TAMS 0x00000006b2c00000| PB 0x00000006b2c00000| Complete 
| 716|0x00000006b3000000, 0x00000006b3400000, 0x00000006b3400000|100%| E|CS|TAMS 0x00000006b3000000| PB 0x00000006b3000000| Complete 
| 717|0x00000006b3400000, 0x00000006b3800000, 0x00000006b3800000|100%| E|CS|TAMS 0x00000006b3400000| PB 0x00000006b3400000| Complete 
| 718|0x00000006b3800000, 0x00000006b3c00000, 0x00000006b3c00000|100%| E|CS|TAMS 0x00000006b3800000| PB 0x00000006b3800000| Complete 
| 719|0x00000006b3c00000, 0x00000006b4000000, 0x00000006b4000000|100%| E|CS|TAMS 0x00000006b3c00000| PB 0x00000006b3c00000| Complete 
| 720|0x00000006b4000000, 0x00000006b4400000, 0x00000006b4400000|100%| E|CS|TAMS 0x00000006b4000000| PB 0x00000006b4000000| Complete 
| 721|0x00000006b4400000, 0x00000006b4800000, 0x00000006b4800000|100%| E|CS|TAMS 0x00000006b4400000| PB 0x00000006b4400000| Complete 
| 722|0x00000006b4800000, 0x00000006b4c00000, 0x00000006b4c00000|100%| E|CS|TAMS 0x00000006b4800000| PB 0x00000006b4800000| Complete 
| 723|0x00000006b4c00000, 0x00000006b5000000, 0x00000006b5000000|100%| E|CS|TAMS 0x00000006b4c00000| PB 0x00000006b4c00000| Complete 
| 724|0x00000006b5000000, 0x00000006b5400000, 0x00000006b5400000|100%| E|CS|TAMS 0x00000006b5000000| PB 0x00000006b5000000| Complete 
| 725|0x00000006b5400000, 0x00000006b5800000, 0x00000006b5800000|100%| E|CS|TAMS 0x00000006b5400000| PB 0x00000006b5400000| Complete 
| 726|0x00000006b5800000, 0x00000006b5c00000, 0x00000006b5c00000|100%| E|CS|TAMS 0x00000006b5800000| PB 0x00000006b5800000| Complete 
| 727|0x00000006b5c00000, 0x00000006b6000000, 0x00000006b6000000|100%| E|CS|TAMS 0x00000006b5c00000| PB 0x00000006b5c00000| Complete 
| 728|0x00000006b6000000, 0x00000006b6400000, 0x00000006b6400000|100%| E|CS|TAMS 0x00000006b6000000| PB 0x00000006b6000000| Complete 
| 729|0x00000006b6400000, 0x00000006b6800000, 0x00000006b6800000|100%| E|CS|TAMS 0x00000006b6400000| PB 0x00000006b6400000| Complete 
| 730|0x00000006b6800000, 0x00000006b6c00000, 0x00000006b6c00000|100%| E|CS|TAMS 0x00000006b6800000| PB 0x00000006b6800000| Complete 
| 731|0x00000006b6c00000, 0x00000006b7000000, 0x00000006b7000000|100%| E|CS|TAMS 0x00000006b6c00000| PB 0x00000006b6c00000| Complete 
| 732|0x00000006b7000000, 0x00000006b7400000, 0x00000006b7400000|100%| E|CS|TAMS 0x00000006b7000000| PB 0x00000006b7000000| Complete 
| 733|0x00000006b7400000, 0x00000006b7800000, 0x00000006b7800000|100%| E|CS|TAMS 0x00000006b7400000| PB 0x00000006b7400000| Complete 
| 734|0x00000006b7800000, 0x00000006b7c00000, 0x00000006b7c00000|100%| E|CS|TAMS 0x00000006b7800000| PB 0x00000006b7800000| Complete 
| 735|0x00000006b7c00000, 0x00000006b8000000, 0x00000006b8000000|100%| E|CS|TAMS 0x00000006b7c00000| PB 0x00000006b7c00000| Complete 
| 736|0x00000006b8000000, 0x00000006b8400000, 0x00000006b8400000|100%| E|CS|TAMS 0x00000006b8000000| PB 0x00000006b8000000| Complete 
| 737|0x00000006b8400000, 0x00000006b8800000, 0x00000006b8800000|100%| E|CS|TAMS 0x00000006b8400000| PB 0x00000006b8400000| Complete 
| 738|0x00000006b8800000, 0x00000006b8c00000, 0x00000006b8c00000|100%| E|CS|TAMS 0x00000006b8800000| PB 0x00000006b8800000| Complete 
| 739|0x00000006b8c00000, 0x00000006b9000000, 0x00000006b9000000|100%| E|CS|TAMS 0x00000006b8c00000| PB 0x00000006b8c00000| Complete 
| 740|0x00000006b9000000, 0x00000006b9400000, 0x00000006b9400000|100%| E|CS|TAMS 0x00000006b9000000| PB 0x00000006b9000000| Complete 
| 741|0x00000006b9400000, 0x00000006b9800000, 0x00000006b9800000|100%| E|CS|TAMS 0x00000006b9400000| PB 0x00000006b9400000| Complete 
| 742|0x00000006b9800000, 0x00000006b9c00000, 0x00000006b9c00000|100%| E|CS|TAMS 0x00000006b9800000| PB 0x00000006b9800000| Complete 
| 743|0x00000006b9c00000, 0x00000006ba000000, 0x00000006ba000000|100%| E|CS|TAMS 0x00000006b9c00000| PB 0x00000006b9c00000| Complete 
| 744|0x00000006ba000000, 0x00000006ba400000, 0x00000006ba400000|100%| E|CS|TAMS 0x00000006ba000000| PB 0x00000006ba000000| Complete 
| 745|0x00000006ba400000, 0x00000006ba800000, 0x00000006ba800000|100%| E|CS|TAMS 0x00000006ba400000| PB 0x00000006ba400000| Complete 
| 746|0x00000006ba800000, 0x00000006bac00000, 0x00000006bac00000|100%| E|CS|TAMS 0x00000006ba800000| PB 0x00000006ba800000| Complete 
| 747|0x00000006bac00000, 0x00000006bb000000, 0x00000006bb000000|100%| E|CS|TAMS 0x00000006bac00000| PB 0x00000006bac00000| Complete 
| 748|0x00000006bb000000, 0x00000006bb400000, 0x00000006bb400000|100%| E|CS|TAMS 0x00000006bb000000| PB 0x00000006bb000000| Complete 
| 749|0x00000006bb400000, 0x00000006bb800000, 0x00000006bb800000|100%| E|CS|TAMS 0x00000006bb400000| PB 0x00000006bb400000| Complete 
| 750|0x00000006bb800000, 0x00000006bbc00000, 0x00000006bbc00000|100%| E|CS|TAMS 0x00000006bb800000| PB 0x00000006bb800000| Complete 
| 751|0x00000006bbc00000, 0x00000006bc000000, 0x00000006bc000000|100%| E|CS|TAMS 0x00000006bbc00000| PB 0x00000006bbc00000| Complete 
| 752|0x00000006bc000000, 0x00000006bc400000, 0x00000006bc400000|100%| E|CS|TAMS 0x00000006bc000000| PB 0x00000006bc000000| Complete 
| 753|0x00000006bc400000, 0x00000006bc800000, 0x00000006bc800000|100%| E|CS|TAMS 0x00000006bc400000| PB 0x00000006bc400000| Complete 
| 754|0x00000006bc800000, 0x00000006bcc00000, 0x00000006bcc00000|100%| E|CS|TAMS 0x00000006bc800000| PB 0x00000006bc800000| Complete 
| 755|0x00000006bcc00000, 0x00000006bd000000, 0x00000006bd000000|100%| E|CS|TAMS 0x00000006bcc00000| PB 0x00000006bcc00000| Complete 
| 756|0x00000006bd000000, 0x00000006bd400000, 0x00000006bd400000|100%| E|CS|TAMS 0x00000006bd000000| PB 0x00000006bd000000| Complete 
| 757|0x00000006bd400000, 0x00000006bd800000, 0x00000006bd800000|100%| E|CS|TAMS 0x00000006bd400000| PB 0x00000006bd400000| Complete 
| 758|0x00000006bd800000, 0x00000006bdc00000, 0x00000006bdc00000|100%| E|CS|TAMS 0x00000006bd800000| PB 0x00000006bd800000| Complete 
| 759|0x00000006bdc00000, 0x00000006be000000, 0x00000006be000000|100%| E|CS|TAMS 0x00000006bdc00000| PB 0x00000006bdc00000| Complete 
| 760|0x00000006be000000, 0x00000006be400000, 0x00000006be400000|100%| E|CS|TAMS 0x00000006be000000| PB 0x00000006be000000| Complete 
| 761|0x00000006be400000, 0x00000006be800000, 0x00000006be800000|100%| E|CS|TAMS 0x00000006be400000| PB 0x00000006be400000| Complete 
| 762|0x00000006be800000, 0x00000006bec00000, 0x00000006bec00000|100%| E|CS|TAMS 0x00000006be800000| PB 0x00000006be800000| Complete 
| 763|0x00000006bec00000, 0x00000006bf000000, 0x00000006bf000000|100%| E|CS|TAMS 0x00000006bec00000| PB 0x00000006bec00000| Complete 
| 764|0x00000006bf000000, 0x00000006bf400000, 0x00000006bf400000|100%| E|CS|TAMS 0x00000006bf000000| PB 0x00000006bf000000| Complete 
| 765|0x00000006bf400000, 0x00000006bf800000, 0x00000006bf800000|100%| E|CS|TAMS 0x00000006bf400000| PB 0x00000006bf400000| Complete 
| 766|0x00000006bf800000, 0x00000006bfc00000, 0x00000006bfc00000|100%| E|CS|TAMS 0x00000006bf800000| PB 0x00000006bf800000| Complete 
| 767|0x00000006bfc00000, 0x00000006c0000000, 0x00000006c0000000|100%| E|CS|TAMS 0x00000006bfc00000| PB 0x00000006bfc00000| Complete 
| 768|0x00000006c0000000, 0x00000006c0400000, 0x00000006c0400000|100%| E|CS|TAMS 0x00000006c0000000| PB 0x00000006c0000000| Complete 
| 769|0x00000006c0400000, 0x00000006c0800000, 0x00000006c0800000|100%| E|CS|TAMS 0x00000006c0400000| PB 0x00000006c0400000| Complete 
| 770|0x00000006c0800000, 0x00000006c0c00000, 0x00000006c0c00000|100%| E|CS|TAMS 0x00000006c0800000| PB 0x00000006c0800000| Complete 
| 771|0x00000006c0c00000, 0x00000006c1000000, 0x00000006c1000000|100%| E|CS|TAMS 0x00000006c0c00000| PB 0x00000006c0c00000| Complete 
| 772|0x00000006c1000000, 0x00000006c1400000, 0x00000006c1400000|100%| E|CS|TAMS 0x00000006c1000000| PB 0x00000006c1000000| Complete 
| 773|0x00000006c1400000, 0x00000006c1800000, 0x00000006c1800000|100%| E|CS|TAMS 0x00000006c1400000| PB 0x00000006c1400000| Complete 
| 774|0x00000006c1800000, 0x00000006c1c00000, 0x00000006c1c00000|100%| E|CS|TAMS 0x00000006c1800000| PB 0x00000006c1800000| Complete 
| 775|0x00000006c1c00000, 0x00000006c2000000, 0x00000006c2000000|100%| E|CS|TAMS 0x00000006c1c00000| PB 0x00000006c1c00000| Complete 
| 776|0x00000006c2000000, 0x00000006c2400000, 0x00000006c2400000|100%| E|CS|TAMS 0x00000006c2000000| PB 0x00000006c2000000| Complete 
| 777|0x00000006c2400000, 0x00000006c2800000, 0x00000006c2800000|100%| E|CS|TAMS 0x00000006c2400000| PB 0x00000006c2400000| Complete 
| 778|0x00000006c2800000, 0x00000006c2c00000, 0x00000006c2c00000|100%| E|CS|TAMS 0x00000006c2800000| PB 0x00000006c2800000| Complete 
| 779|0x00000006c2c00000, 0x00000006c3000000, 0x00000006c3000000|100%| E|CS|TAMS 0x00000006c2c00000| PB 0x00000006c2c00000| Complete 
| 780|0x00000006c3000000, 0x00000006c3400000, 0x00000006c3400000|100%| E|CS|TAMS 0x00000006c3000000| PB 0x00000006c3000000| Complete 
| 781|0x00000006c3400000, 0x00000006c3800000, 0x00000006c3800000|100%| E|CS|TAMS 0x00000006c3400000| PB 0x00000006c3400000| Complete 
| 782|0x00000006c3800000, 0x00000006c3c00000, 0x00000006c3c00000|100%| E|CS|TAMS 0x00000006c3800000| PB 0x00000006c3800000| Complete 
| 783|0x00000006c3c00000, 0x00000006c4000000, 0x00000006c4000000|100%| E|CS|TAMS 0x00000006c3c00000| PB 0x00000006c3c00000| Complete 
| 784|0x00000006c4000000, 0x00000006c4400000, 0x00000006c4400000|100%| E|CS|TAMS 0x00000006c4000000| PB 0x00000006c4000000| Complete 
| 785|0x00000006c4400000, 0x00000006c4800000, 0x00000006c4800000|100%| E|CS|TAMS 0x00000006c4400000| PB 0x00000006c4400000| Complete 
| 786|0x00000006c4800000, 0x00000006c4c00000, 0x00000006c4c00000|100%| E|CS|TAMS 0x00000006c4800000| PB 0x00000006c4800000| Complete 
| 787|0x00000006c4c00000, 0x00000006c5000000, 0x00000006c5000000|100%| E|CS|TAMS 0x00000006c4c00000| PB 0x00000006c4c00000| Complete 
| 788|0x00000006c5000000, 0x00000006c5400000, 0x00000006c5400000|100%| E|CS|TAMS 0x00000006c5000000| PB 0x00000006c5000000| Complete 
| 789|0x00000006c5400000, 0x00000006c5800000, 0x00000006c5800000|100%| E|CS|TAMS 0x00000006c5400000| PB 0x00000006c5400000| Complete 
| 790|0x00000006c5800000, 0x00000006c5c00000, 0x00000006c5c00000|100%| E|CS|TAMS 0x00000006c5800000| PB 0x00000006c5800000| Complete 
| 791|0x00000006c5c00000, 0x00000006c6000000, 0x00000006c6000000|100%| E|CS|TAMS 0x00000006c5c00000| PB 0x00000006c5c00000| Complete 
| 792|0x00000006c6000000, 0x00000006c6400000, 0x00000006c6400000|100%| E|CS|TAMS 0x00000006c6000000| PB 0x00000006c6000000| Complete 
| 793|0x00000006c6400000, 0x00000006c6800000, 0x00000006c6800000|100%| E|CS|TAMS 0x00000006c6400000| PB 0x00000006c6400000| Complete 
| 794|0x00000006c6800000, 0x00000006c6c00000, 0x00000006c6c00000|100%| E|CS|TAMS 0x00000006c6800000| PB 0x00000006c6800000| Complete 
| 795|0x00000006c6c00000, 0x00000006c7000000, 0x00000006c7000000|100%| E|CS|TAMS 0x00000006c6c00000| PB 0x00000006c6c00000| Complete 
| 796|0x00000006c7000000, 0x00000006c7400000, 0x00000006c7400000|100%| E|CS|TAMS 0x00000006c7000000| PB 0x00000006c7000000| Complete 
| 797|0x00000006c7400000, 0x00000006c7800000, 0x00000006c7800000|100%| E|CS|TAMS 0x00000006c7400000| PB 0x00000006c7400000| Complete 
| 798|0x00000006c7800000, 0x00000006c7c00000, 0x00000006c7c00000|100%| E|CS|TAMS 0x00000006c7800000| PB 0x00000006c7800000| Complete 
| 799|0x00000006c7c00000, 0x00000006c8000000, 0x00000006c8000000|100%| E|CS|TAMS 0x00000006c7c00000| PB 0x00000006c7c00000| Complete 
| 800|0x00000006c8000000, 0x00000006c8400000, 0x00000006c8400000|100%| E|CS|TAMS 0x00000006c8000000| PB 0x00000006c8000000| Complete 
| 801|0x00000006c8400000, 0x00000006c8800000, 0x00000006c8800000|100%| E|CS|TAMS 0x00000006c8400000| PB 0x00000006c8400000| Complete 
| 802|0x00000006c8800000, 0x00000006c8c00000, 0x00000006c8c00000|100%| E|CS|TAMS 0x00000006c8800000| PB 0x00000006c8800000| Complete 
| 803|0x00000006c8c00000, 0x00000006c9000000, 0x00000006c9000000|100%| E|CS|TAMS 0x00000006c8c00000| PB 0x00000006c8c00000| Complete 
| 804|0x00000006c9000000, 0x00000006c9400000, 0x00000006c9400000|100%| E|CS|TAMS 0x00000006c9000000| PB 0x00000006c9000000| Complete 
| 805|0x00000006c9400000, 0x00000006c9800000, 0x00000006c9800000|100%| E|CS|TAMS 0x00000006c9400000| PB 0x00000006c9400000| Complete 
| 806|0x00000006c9800000, 0x00000006c9c00000, 0x00000006c9c00000|100%| E|CS|TAMS 0x00000006c9800000| PB 0x00000006c9800000| Complete 
| 807|0x00000006c9c00000, 0x00000006ca000000, 0x00000006ca000000|100%| E|CS|TAMS 0x00000006c9c00000| PB 0x00000006c9c00000| Complete 
| 808|0x00000006ca000000, 0x00000006ca400000, 0x00000006ca400000|100%| E|CS|TAMS 0x00000006ca000000| PB 0x00000006ca000000| Complete 
| 809|0x00000006ca400000, 0x00000006ca800000, 0x00000006ca800000|100%| E|CS|TAMS 0x00000006ca400000| PB 0x00000006ca400000| Complete 
| 810|0x00000006ca800000, 0x00000006cac00000, 0x00000006cac00000|100%| E|CS|TAMS 0x00000006ca800000| PB 0x00000006ca800000| Complete 
| 811|0x00000006cac00000, 0x00000006cb000000, 0x00000006cb000000|100%| E|CS|TAMS 0x00000006cac00000| PB 0x00000006cac00000| Complete 
| 812|0x00000006cb000000, 0x00000006cb400000, 0x00000006cb400000|100%| E|CS|TAMS 0x00000006cb000000| PB 0x00000006cb000000| Complete 
| 813|0x00000006cb400000, 0x00000006cb800000, 0x00000006cb800000|100%| E|CS|TAMS 0x00000006cb400000| PB 0x00000006cb400000| Complete 
| 814|0x00000006cb800000, 0x00000006cbc00000, 0x00000006cbc00000|100%| E|CS|TAMS 0x00000006cb800000| PB 0x00000006cb800000| Complete 
| 815|0x00000006cbc00000, 0x00000006cc000000, 0x00000006cc000000|100%| E|CS|TAMS 0x00000006cbc00000| PB 0x00000006cbc00000| Complete 
| 816|0x00000006cc000000, 0x00000006cc400000, 0x00000006cc400000|100%| E|CS|TAMS 0x00000006cc000000| PB 0x00000006cc000000| Complete 
| 817|0x00000006cc400000, 0x00000006cc800000, 0x00000006cc800000|100%| E|CS|TAMS 0x00000006cc400000| PB 0x00000006cc400000| Complete 
| 818|0x00000006cc800000, 0x00000006ccc00000, 0x00000006ccc00000|100%| E|CS|TAMS 0x00000006cc800000| PB 0x00000006cc800000| Complete 
| 819|0x00000006ccc00000, 0x00000006cd000000, 0x00000006cd000000|100%| E|CS|TAMS 0x00000006ccc00000| PB 0x00000006ccc00000| Complete 
| 820|0x00000006cd000000, 0x00000006cd400000, 0x00000006cd400000|100%| E|CS|TAMS 0x00000006cd000000| PB 0x00000006cd000000| Complete 
| 821|0x00000006cd400000, 0x00000006cd800000, 0x00000006cd800000|100%| E|CS|TAMS 0x00000006cd400000| PB 0x00000006cd400000| Complete 
| 822|0x00000006cd800000, 0x00000006cdc00000, 0x00000006cdc00000|100%| E|CS|TAMS 0x00000006cd800000| PB 0x00000006cd800000| Complete 
| 823|0x00000006cdc00000, 0x00000006ce000000, 0x00000006ce000000|100%| E|CS|TAMS 0x00000006cdc00000| PB 0x00000006cdc00000| Complete 
| 824|0x00000006ce000000, 0x00000006ce400000, 0x00000006ce400000|100%| E|CS|TAMS 0x00000006ce000000| PB 0x00000006ce000000| Complete 
| 825|0x00000006ce400000, 0x00000006ce800000, 0x00000006ce800000|100%| E|CS|TAMS 0x00000006ce400000| PB 0x00000006ce400000| Complete 
| 826|0x00000006ce800000, 0x00000006cec00000, 0x00000006cec00000|100%| E|CS|TAMS 0x00000006ce800000| PB 0x00000006ce800000| Complete 
| 827|0x00000006cec00000, 0x00000006cf000000, 0x00000006cf000000|100%| E|CS|TAMS 0x00000006cec00000| PB 0x00000006cec00000| Complete 
| 828|0x00000006cf000000, 0x00000006cf400000, 0x00000006cf400000|100%| E|CS|TAMS 0x00000006cf000000| PB 0x00000006cf000000| Complete 
| 829|0x00000006cf400000, 0x00000006cf800000, 0x00000006cf800000|100%| E|CS|TAMS 0x00000006cf400000| PB 0x00000006cf400000| Complete 
| 830|0x00000006cf800000, 0x00000006cfc00000, 0x00000006cfc00000|100%| E|CS|TAMS 0x00000006cf800000| PB 0x00000006cf800000| Complete 
| 831|0x00000006cfc00000, 0x00000006d0000000, 0x00000006d0000000|100%| E|CS|TAMS 0x00000006cfc00000| PB 0x00000006cfc00000| Complete 
| 832|0x00000006d0000000, 0x00000006d0400000, 0x00000006d0400000|100%| E|CS|TAMS 0x00000006d0000000| PB 0x00000006d0000000| Complete 
| 833|0x00000006d0400000, 0x00000006d0800000, 0x00000006d0800000|100%| E|CS|TAMS 0x00000006d0400000| PB 0x00000006d0400000| Complete 
| 834|0x00000006d0800000, 0x00000006d0c00000, 0x00000006d0c00000|100%| E|CS|TAMS 0x00000006d0800000| PB 0x00000006d0800000| Complete 
| 835|0x00000006d0c00000, 0x00000006d1000000, 0x00000006d1000000|100%| E|CS|TAMS 0x00000006d0c00000| PB 0x00000006d0c00000| Complete 
| 836|0x00000006d1000000, 0x00000006d1400000, 0x00000006d1400000|100%| E|CS|TAMS 0x00000006d1000000| PB 0x00000006d1000000| Complete 
| 837|0x00000006d1400000, 0x00000006d1800000, 0x00000006d1800000|100%| E|CS|TAMS 0x00000006d1400000| PB 0x00000006d1400000| Complete 
| 838|0x00000006d1800000, 0x00000006d1c00000, 0x00000006d1c00000|100%| E|CS|TAMS 0x00000006d1800000| PB 0x00000006d1800000| Complete 
| 839|0x00000006d1c00000, 0x00000006d2000000, 0x00000006d2000000|100%| E|CS|TAMS 0x00000006d1c00000| PB 0x00000006d1c00000| Complete 
| 840|0x00000006d2000000, 0x00000006d2400000, 0x00000006d2400000|100%| E|CS|TAMS 0x00000006d2000000| PB 0x00000006d2000000| Complete 
| 841|0x00000006d2400000, 0x00000006d2800000, 0x00000006d2800000|100%| E|CS|TAMS 0x00000006d2400000| PB 0x00000006d2400000| Complete 
| 842|0x00000006d2800000, 0x00000006d2c00000, 0x00000006d2c00000|100%| E|CS|TAMS 0x00000006d2800000| PB 0x00000006d2800000| Complete 
| 843|0x00000006d2c00000, 0x00000006d3000000, 0x00000006d3000000|100%| E|CS|TAMS 0x00000006d2c00000| PB 0x00000006d2c00000| Complete 
| 844|0x00000006d3000000, 0x00000006d3400000, 0x00000006d3400000|100%| E|CS|TAMS 0x00000006d3000000| PB 0x00000006d3000000| Complete 
| 845|0x00000006d3400000, 0x00000006d3800000, 0x00000006d3800000|100%| E|CS|TAMS 0x00000006d3400000| PB 0x00000006d3400000| Complete 
| 846|0x00000006d3800000, 0x00000006d3c00000, 0x00000006d3c00000|100%| E|CS|TAMS 0x00000006d3800000| PB 0x00000006d3800000| Complete 
| 847|0x00000006d3c00000, 0x00000006d4000000, 0x00000006d4000000|100%| E|CS|TAMS 0x00000006d3c00000| PB 0x00000006d3c00000| Complete 
| 848|0x00000006d4000000, 0x00000006d4400000, 0x00000006d4400000|100%| E|CS|TAMS 0x00000006d4000000| PB 0x00000006d4000000| Complete 
| 849|0x00000006d4400000, 0x00000006d4800000, 0x00000006d4800000|100%| E|CS|TAMS 0x00000006d4400000| PB 0x00000006d4400000| Complete 
| 850|0x00000006d4800000, 0x00000006d4c00000, 0x00000006d4c00000|100%| E|CS|TAMS 0x00000006d4800000| PB 0x00000006d4800000| Complete 
| 851|0x00000006d4c00000, 0x00000006d5000000, 0x00000006d5000000|100%| E|CS|TAMS 0x00000006d4c00000| PB 0x00000006d4c00000| Complete 
| 852|0x00000006d5000000, 0x00000006d5400000, 0x00000006d5400000|100%| E|CS|TAMS 0x00000006d5000000| PB 0x00000006d5000000| Complete 
| 853|0x00000006d5400000, 0x00000006d5800000, 0x00000006d5800000|100%| E|CS|TAMS 0x00000006d5400000| PB 0x00000006d5400000| Complete 
| 854|0x00000006d5800000, 0x00000006d5c00000, 0x00000006d5c00000|100%| E|CS|TAMS 0x00000006d5800000| PB 0x00000006d5800000| Complete 
| 855|0x00000006d5c00000, 0x00000006d6000000, 0x00000006d6000000|100%| E|CS|TAMS 0x00000006d5c00000| PB 0x00000006d5c00000| Complete 
| 856|0x00000006d6000000, 0x00000006d6400000, 0x00000006d6400000|100%| E|CS|TAMS 0x00000006d6000000| PB 0x00000006d6000000| Complete 
| 857|0x00000006d6400000, 0x00000006d6800000, 0x00000006d6800000|100%| E|CS|TAMS 0x00000006d6400000| PB 0x00000006d6400000| Complete 
| 858|0x00000006d6800000, 0x00000006d6c00000, 0x00000006d6c00000|100%| E|CS|TAMS 0x00000006d6800000| PB 0x00000006d6800000| Complete 
| 859|0x00000006d6c00000, 0x00000006d7000000, 0x00000006d7000000|100%| E|CS|TAMS 0x00000006d6c00000| PB 0x00000006d6c00000| Complete 
| 860|0x00000006d7000000, 0x00000006d7400000, 0x00000006d7400000|100%| E|CS|TAMS 0x00000006d7000000| PB 0x00000006d7000000| Complete 
| 861|0x00000006d7400000, 0x00000006d7800000, 0x00000006d7800000|100%| E|CS|TAMS 0x00000006d7400000| PB 0x00000006d7400000| Complete 
| 862|0x00000006d7800000, 0x00000006d7c00000, 0x00000006d7c00000|100%| E|CS|TAMS 0x00000006d7800000| PB 0x00000006d7800000| Complete 
| 863|0x00000006d7c00000, 0x00000006d8000000, 0x00000006d8000000|100%| E|CS|TAMS 0x00000006d7c00000| PB 0x00000006d7c00000| Complete 
| 864|0x00000006d8000000, 0x00000006d8400000, 0x00000006d8400000|100%| E|CS|TAMS 0x00000006d8000000| PB 0x00000006d8000000| Complete 
| 865|0x00000006d8400000, 0x00000006d8800000, 0x00000006d8800000|100%| E|CS|TAMS 0x00000006d8400000| PB 0x00000006d8400000| Complete 
| 866|0x00000006d8800000, 0x00000006d8c00000, 0x00000006d8c00000|100%| E|CS|TAMS 0x00000006d8800000| PB 0x00000006d8800000| Complete 
| 867|0x00000006d8c00000, 0x00000006d9000000, 0x00000006d9000000|100%| E|CS|TAMS 0x00000006d8c00000| PB 0x00000006d8c00000| Complete 
| 868|0x00000006d9000000, 0x00000006d9400000, 0x00000006d9400000|100%| E|CS|TAMS 0x00000006d9000000| PB 0x00000006d9000000| Complete 
| 869|0x00000006d9400000, 0x00000006d9800000, 0x00000006d9800000|100%| E|CS|TAMS 0x00000006d9400000| PB 0x00000006d9400000| Complete 
| 870|0x00000006d9800000, 0x00000006d9c00000, 0x00000006d9c00000|100%| E|CS|TAMS 0x00000006d9800000| PB 0x00000006d9800000| Complete 
| 871|0x00000006d9c00000, 0x00000006da000000, 0x00000006da000000|100%| E|CS|TAMS 0x00000006d9c00000| PB 0x00000006d9c00000| Complete 
| 872|0x00000006da000000, 0x00000006da400000, 0x00000006da400000|100%| E|CS|TAMS 0x00000006da000000| PB 0x00000006da000000| Complete 
| 873|0x00000006da400000, 0x00000006da800000, 0x00000006da800000|100%| E|CS|TAMS 0x00000006da400000| PB 0x00000006da400000| Complete 
| 874|0x00000006da800000, 0x00000006dac00000, 0x00000006dac00000|100%| E|CS|TAMS 0x00000006da800000| PB 0x00000006da800000| Complete 
| 875|0x00000006dac00000, 0x00000006db000000, 0x00000006db000000|100%| E|CS|TAMS 0x00000006dac00000| PB 0x00000006dac00000| Complete 
| 876|0x00000006db000000, 0x00000006db400000, 0x00000006db400000|100%| E|CS|TAMS 0x00000006db000000| PB 0x00000006db000000| Complete 
| 877|0x00000006db400000, 0x00000006db800000, 0x00000006db800000|100%| E|CS|TAMS 0x00000006db400000| PB 0x00000006db400000| Complete 
| 878|0x00000006db800000, 0x00000006dbc00000, 0x00000006dbc00000|100%| E|CS|TAMS 0x00000006db800000| PB 0x00000006db800000| Complete 
| 879|0x00000006dbc00000, 0x00000006dc000000, 0x00000006dc000000|100%| E|CS|TAMS 0x00000006dbc00000| PB 0x00000006dbc00000| Complete 
| 880|0x00000006dc000000, 0x00000006dc400000, 0x00000006dc400000|100%| E|CS|TAMS 0x00000006dc000000| PB 0x00000006dc000000| Complete 
| 881|0x00000006dc400000, 0x00000006dc800000, 0x00000006dc800000|100%| E|CS|TAMS 0x00000006dc400000| PB 0x00000006dc400000| Complete 
| 882|0x00000006dc800000, 0x00000006dcc00000, 0x00000006dcc00000|100%| E|CS|TAMS 0x00000006dc800000| PB 0x00000006dc800000| Complete 
| 883|0x00000006dcc00000, 0x00000006dd000000, 0x00000006dd000000|100%| E|CS|TAMS 0x00000006dcc00000| PB 0x00000006dcc00000| Complete 
| 884|0x00000006dd000000, 0x00000006dd400000, 0x00000006dd400000|100%| E|CS|TAMS 0x00000006dd000000| PB 0x00000006dd000000| Complete 
| 885|0x00000006dd400000, 0x00000006dd800000, 0x00000006dd800000|100%| E|CS|TAMS 0x00000006dd400000| PB 0x00000006dd400000| Complete 
| 886|0x00000006dd800000, 0x00000006ddc00000, 0x00000006ddc00000|100%| E|CS|TAMS 0x00000006dd800000| PB 0x00000006dd800000| Complete 
| 887|0x00000006ddc00000, 0x00000006de000000, 0x00000006de000000|100%| E|CS|TAMS 0x00000006ddc00000| PB 0x00000006ddc00000| Complete 
| 888|0x00000006de000000, 0x00000006de400000, 0x00000006de400000|100%| E|CS|TAMS 0x00000006de000000| PB 0x00000006de000000| Complete 
| 889|0x00000006de400000, 0x00000006de800000, 0x00000006de800000|100%| E|CS|TAMS 0x00000006de400000| PB 0x00000006de400000| Complete 
| 890|0x00000006de800000, 0x00000006dec00000, 0x00000006dec00000|100%| E|CS|TAMS 0x00000006de800000| PB 0x00000006de800000| Complete 
| 891|0x00000006dec00000, 0x00000006df000000, 0x00000006df000000|100%| E|CS|TAMS 0x00000006dec00000| PB 0x00000006dec00000| Complete 
| 892|0x00000006df000000, 0x00000006df400000, 0x00000006df400000|100%| E|CS|TAMS 0x00000006df000000| PB 0x00000006df000000| Complete 
| 893|0x00000006df400000, 0x00000006df800000, 0x00000006df800000|100%| E|CS|TAMS 0x00000006df400000| PB 0x00000006df400000| Complete 
| 894|0x00000006df800000, 0x00000006dfc00000, 0x00000006dfc00000|100%| E|CS|TAMS 0x00000006df800000| PB 0x00000006df800000| Complete 
| 895|0x00000006dfc00000, 0x00000006e0000000, 0x00000006e0000000|100%| E|CS|TAMS 0x00000006dfc00000| PB 0x00000006dfc00000| Complete 
| 896|0x00000006e0000000, 0x00000006e0400000, 0x00000006e0400000|100%| E|CS|TAMS 0x00000006e0000000| PB 0x00000006e0000000| Complete 
| 897|0x00000006e0400000, 0x00000006e0800000, 0x00000006e0800000|100%| E|CS|TAMS 0x00000006e0400000| PB 0x00000006e0400000| Complete 
| 898|0x00000006e0800000, 0x00000006e0c00000, 0x00000006e0c00000|100%| E|CS|TAMS 0x00000006e0800000| PB 0x00000006e0800000| Complete 
| 899|0x00000006e0c00000, 0x00000006e1000000, 0x00000006e1000000|100%| E|CS|TAMS 0x00000006e0c00000| PB 0x00000006e0c00000| Complete 
| 900|0x00000006e1000000, 0x00000006e1400000, 0x00000006e1400000|100%| E|CS|TAMS 0x00000006e1000000| PB 0x00000006e1000000| Complete 
| 901|0x00000006e1400000, 0x00000006e1800000, 0x00000006e1800000|100%| E|CS|TAMS 0x00000006e1400000| PB 0x00000006e1400000| Complete 
| 902|0x00000006e1800000, 0x00000006e1c00000, 0x00000006e1c00000|100%| E|CS|TAMS 0x00000006e1800000| PB 0x00000006e1800000| Complete 
| 903|0x00000006e1c00000, 0x00000006e2000000, 0x00000006e2000000|100%| E|CS|TAMS 0x00000006e1c00000| PB 0x00000006e1c00000| Complete 
| 904|0x00000006e2000000, 0x00000006e2400000, 0x00000006e2400000|100%| E|CS|TAMS 0x00000006e2000000| PB 0x00000006e2000000| Complete 
| 905|0x00000006e2400000, 0x00000006e2800000, 0x00000006e2800000|100%| E|CS|TAMS 0x00000006e2400000| PB 0x00000006e2400000| Complete 
| 906|0x00000006e2800000, 0x00000006e2c00000, 0x00000006e2c00000|100%| E|CS|TAMS 0x00000006e2800000| PB 0x00000006e2800000| Complete 
| 907|0x00000006e2c00000, 0x00000006e3000000, 0x00000006e3000000|100%| E|CS|TAMS 0x00000006e2c00000| PB 0x00000006e2c00000| Complete 
| 908|0x00000006e3000000, 0x00000006e3400000, 0x00000006e3400000|100%| E|CS|TAMS 0x00000006e3000000| PB 0x00000006e3000000| Complete 
| 909|0x00000006e3400000, 0x00000006e3800000, 0x00000006e3800000|100%| E|CS|TAMS 0x00000006e3400000| PB 0x00000006e3400000| Complete 
| 910|0x00000006e3800000, 0x00000006e3c00000, 0x00000006e3c00000|100%| E|CS|TAMS 0x00000006e3800000| PB 0x00000006e3800000| Complete 
| 911|0x00000006e3c00000, 0x00000006e4000000, 0x00000006e4000000|100%| E|CS|TAMS 0x00000006e3c00000| PB 0x00000006e3c00000| Complete 
| 912|0x00000006e4000000, 0x00000006e4400000, 0x00000006e4400000|100%| E|CS|TAMS 0x00000006e4000000| PB 0x00000006e4000000| Complete 
| 913|0x00000006e4400000, 0x00000006e4800000, 0x00000006e4800000|100%| E|CS|TAMS 0x00000006e4400000| PB 0x00000006e4400000| Complete 
| 914|0x00000006e4800000, 0x00000006e4c00000, 0x00000006e4c00000|100%| E|CS|TAMS 0x00000006e4800000| PB 0x00000006e4800000| Complete 
| 915|0x00000006e4c00000, 0x00000006e5000000, 0x00000006e5000000|100%| E|CS|TAMS 0x00000006e4c00000| PB 0x00000006e4c00000| Complete 
| 916|0x00000006e5000000, 0x00000006e5400000, 0x00000006e5400000|100%| E|CS|TAMS 0x00000006e5000000| PB 0x00000006e5000000| Complete 
| 917|0x00000006e5400000, 0x00000006e5800000, 0x00000006e5800000|100%| E|CS|TAMS 0x00000006e5400000| PB 0x00000006e5400000| Complete 
| 918|0x00000006e5800000, 0x00000006e5c00000, 0x00000006e5c00000|100%| E|CS|TAMS 0x00000006e5800000| PB 0x00000006e5800000| Complete 
| 919|0x00000006e5c00000, 0x00000006e6000000, 0x00000006e6000000|100%| E|CS|TAMS 0x00000006e5c00000| PB 0x00000006e5c00000| Complete 
| 920|0x00000006e6000000, 0x00000006e6400000, 0x00000006e6400000|100%| E|CS|TAMS 0x00000006e6000000| PB 0x00000006e6000000| Complete 
| 921|0x00000006e6400000, 0x00000006e6800000, 0x00000006e6800000|100%| E|CS|TAMS 0x00000006e6400000| PB 0x00000006e6400000| Complete 
| 922|0x00000006e6800000, 0x00000006e6c00000, 0x00000006e6c00000|100%| E|CS|TAMS 0x00000006e6800000| PB 0x00000006e6800000| Complete 
| 923|0x00000006e6c00000, 0x00000006e7000000, 0x00000006e7000000|100%| E|CS|TAMS 0x00000006e6c00000| PB 0x00000006e6c00000| Complete 
| 924|0x00000006e7000000, 0x00000006e7400000, 0x00000006e7400000|100%| E|CS|TAMS 0x00000006e7000000| PB 0x00000006e7000000| Complete 
| 925|0x00000006e7400000, 0x00000006e7800000, 0x00000006e7800000|100%| E|CS|TAMS 0x00000006e7400000| PB 0x00000006e7400000| Complete 
| 926|0x00000006e7800000, 0x00000006e7c00000, 0x00000006e7c00000|100%| E|CS|TAMS 0x00000006e7800000| PB 0x00000006e7800000| Complete 
| 927|0x00000006e7c00000, 0x00000006e8000000, 0x00000006e8000000|100%| E|CS|TAMS 0x00000006e7c00000| PB 0x00000006e7c00000| Complete 
| 928|0x00000006e8000000, 0x00000006e8400000, 0x00000006e8400000|100%| E|CS|TAMS 0x00000006e8000000| PB 0x00000006e8000000| Complete 
| 929|0x00000006e8400000, 0x00000006e8800000, 0x00000006e8800000|100%| E|CS|TAMS 0x00000006e8400000| PB 0x00000006e8400000| Complete 
| 930|0x00000006e8800000, 0x00000006e8c00000, 0x00000006e8c00000|100%| E|CS|TAMS 0x00000006e8800000| PB 0x00000006e8800000| Complete 
| 931|0x00000006e8c00000, 0x00000006e9000000, 0x00000006e9000000|100%| E|CS|TAMS 0x00000006e8c00000| PB 0x00000006e8c00000| Complete 
| 932|0x00000006e9000000, 0x00000006e9400000, 0x00000006e9400000|100%| E|CS|TAMS 0x00000006e9000000| PB 0x00000006e9000000| Complete 
| 933|0x00000006e9400000, 0x00000006e9800000, 0x00000006e9800000|100%| E|CS|TAMS 0x00000006e9400000| PB 0x00000006e9400000| Complete 
| 934|0x00000006e9800000, 0x00000006e9c00000, 0x00000006e9c00000|100%| E|CS|TAMS 0x00000006e9800000| PB 0x00000006e9800000| Complete 
| 935|0x00000006e9c00000, 0x00000006ea000000, 0x00000006ea000000|100%| E|CS|TAMS 0x00000006e9c00000| PB 0x00000006e9c00000| Complete 
| 936|0x00000006ea000000, 0x00000006ea400000, 0x00000006ea400000|100%| E|CS|TAMS 0x00000006ea000000| PB 0x00000006ea000000| Complete 
| 937|0x00000006ea400000, 0x00000006ea800000, 0x00000006ea800000|100%| E|CS|TAMS 0x00000006ea400000| PB 0x00000006ea400000| Complete 
| 938|0x00000006ea800000, 0x00000006eac00000, 0x00000006eac00000|100%| E|CS|TAMS 0x00000006ea800000| PB 0x00000006ea800000| Complete 
| 939|0x00000006eac00000, 0x00000006eb000000, 0x00000006eb000000|100%| E|CS|TAMS 0x00000006eac00000| PB 0x00000006eac00000| Complete 
| 940|0x00000006eb000000, 0x00000006eb400000, 0x00000006eb400000|100%| E|CS|TAMS 0x00000006eb000000| PB 0x00000006eb000000| Complete 
| 941|0x00000006eb400000, 0x00000006eb800000, 0x00000006eb800000|100%| E|CS|TAMS 0x00000006eb400000| PB 0x00000006eb400000| Complete 
| 942|0x00000006eb800000, 0x00000006ebc00000, 0x00000006ebc00000|100%| E|CS|TAMS 0x00000006eb800000| PB 0x00000006eb800000| Complete 
| 943|0x00000006ebc00000, 0x00000006ec000000, 0x00000006ec000000|100%| E|CS|TAMS 0x00000006ebc00000| PB 0x00000006ebc00000| Complete 
| 944|0x00000006ec000000, 0x00000006ec400000, 0x00000006ec400000|100%| E|CS|TAMS 0x00000006ec000000| PB 0x00000006ec000000| Complete 
| 945|0x00000006ec400000, 0x00000006ec800000, 0x00000006ec800000|100%| E|CS|TAMS 0x00000006ec400000| PB 0x00000006ec400000| Complete 
| 946|0x00000006ec800000, 0x00000006ecc00000, 0x00000006ecc00000|100%| E|CS|TAMS 0x00000006ec800000| PB 0x00000006ec800000| Complete 
| 947|0x00000006ecc00000, 0x00000006ed000000, 0x00000006ed000000|100%| E|CS|TAMS 0x00000006ecc00000| PB 0x00000006ecc00000| Complete 
| 948|0x00000006ed000000, 0x00000006ed400000, 0x00000006ed400000|100%| E|CS|TAMS 0x00000006ed000000| PB 0x00000006ed000000| Complete 
| 949|0x00000006ed400000, 0x00000006ed800000, 0x00000006ed800000|100%| E|CS|TAMS 0x00000006ed400000| PB 0x00000006ed400000| Complete 
| 950|0x00000006ed800000, 0x00000006edc00000, 0x00000006edc00000|100%| E|CS|TAMS 0x00000006ed800000| PB 0x00000006ed800000| Complete 
| 951|0x00000006edc00000, 0x00000006ee000000, 0x00000006ee000000|100%| E|CS|TAMS 0x00000006edc00000| PB 0x00000006edc00000| Complete 
| 952|0x00000006ee000000, 0x00000006ee400000, 0x00000006ee400000|100%| E|CS|TAMS 0x00000006ee000000| PB 0x00000006ee000000| Complete 
| 953|0x00000006ee400000, 0x00000006ee800000, 0x00000006ee800000|100%| E|CS|TAMS 0x00000006ee400000| PB 0x00000006ee400000| Complete 
| 954|0x00000006ee800000, 0x00000006eec00000, 0x00000006eec00000|100%| E|CS|TAMS 0x00000006ee800000| PB 0x00000006ee800000| Complete 
| 955|0x00000006eec00000, 0x00000006ef000000, 0x00000006ef000000|100%| E|CS|TAMS 0x00000006eec00000| PB 0x00000006eec00000| Complete 
| 956|0x00000006ef000000, 0x00000006ef400000, 0x00000006ef400000|100%| E|CS|TAMS 0x00000006ef000000| PB 0x00000006ef000000| Complete 
| 957|0x00000006ef400000, 0x00000006ef800000, 0x00000006ef800000|100%| E|CS|TAMS 0x00000006ef400000| PB 0x00000006ef400000| Complete 
| 958|0x00000006ef800000, 0x00000006efc00000, 0x00000006efc00000|100%| E|CS|TAMS 0x00000006ef800000| PB 0x00000006ef800000| Complete 
| 959|0x00000006efc00000, 0x00000006f0000000, 0x00000006f0000000|100%| E|CS|TAMS 0x00000006efc00000| PB 0x00000006efc00000| Complete 
| 960|0x00000006f0000000, 0x00000006f0400000, 0x00000006f0400000|100%| E|CS|TAMS 0x00000006f0000000| PB 0x00000006f0000000| Complete 
| 961|0x00000006f0400000, 0x00000006f0800000, 0x00000006f0800000|100%| E|CS|TAMS 0x00000006f0400000| PB 0x00000006f0400000| Complete 
| 962|0x00000006f0800000, 0x00000006f0c00000, 0x00000006f0c00000|100%| E|CS|TAMS 0x00000006f0800000| PB 0x00000006f0800000| Complete 
| 963|0x00000006f0c00000, 0x00000006f1000000, 0x00000006f1000000|100%| E|CS|TAMS 0x00000006f0c00000| PB 0x00000006f0c00000| Complete 
| 964|0x00000006f1000000, 0x00000006f1400000, 0x00000006f1400000|100%| E|CS|TAMS 0x00000006f1000000| PB 0x00000006f1000000| Complete 
| 965|0x00000006f1400000, 0x00000006f1800000, 0x00000006f1800000|100%| E|CS|TAMS 0x00000006f1400000| PB 0x00000006f1400000| Complete 
| 966|0x00000006f1800000, 0x00000006f1c00000, 0x00000006f1c00000|100%| E|CS|TAMS 0x00000006f1800000| PB 0x00000006f1800000| Complete 
| 967|0x00000006f1c00000, 0x00000006f2000000, 0x00000006f2000000|100%| E|CS|TAMS 0x00000006f1c00000| PB 0x00000006f1c00000| Complete 
| 968|0x00000006f2000000, 0x00000006f2400000, 0x00000006f2400000|100%| E|CS|TAMS 0x00000006f2000000| PB 0x00000006f2000000| Complete 
| 969|0x00000006f2400000, 0x00000006f2800000, 0x00000006f2800000|100%| E|CS|TAMS 0x00000006f2400000| PB 0x00000006f2400000| Complete 
| 970|0x00000006f2800000, 0x00000006f2c00000, 0x00000006f2c00000|100%| E|CS|TAMS 0x00000006f2800000| PB 0x00000006f2800000| Complete 
| 971|0x00000006f2c00000, 0x00000006f3000000, 0x00000006f3000000|100%| E|CS|TAMS 0x00000006f2c00000| PB 0x00000006f2c00000| Complete 
| 972|0x00000006f3000000, 0x00000006f3400000, 0x00000006f3400000|100%| E|CS|TAMS 0x00000006f3000000| PB 0x00000006f3000000| Complete 
| 973|0x00000006f3400000, 0x00000006f3800000, 0x00000006f3800000|100%| E|CS|TAMS 0x00000006f3400000| PB 0x00000006f3400000| Complete 
| 974|0x00000006f3800000, 0x00000006f3c00000, 0x00000006f3c00000|100%| E|CS|TAMS 0x00000006f3800000| PB 0x00000006f3800000| Complete 
| 975|0x00000006f3c00000, 0x00000006f4000000, 0x00000006f4000000|100%| E|CS|TAMS 0x00000006f3c00000| PB 0x00000006f3c00000| Complete 
| 976|0x00000006f4000000, 0x00000006f4400000, 0x00000006f4400000|100%| E|CS|TAMS 0x00000006f4000000| PB 0x00000006f4000000| Complete 
| 977|0x00000006f4400000, 0x00000006f4800000, 0x00000006f4800000|100%| E|CS|TAMS 0x00000006f4400000| PB 0x00000006f4400000| Complete 
| 978|0x00000006f4800000, 0x00000006f4c00000, 0x00000006f4c00000|100%| E|CS|TAMS 0x00000006f4800000| PB 0x00000006f4800000| Complete 
| 979|0x00000006f4c00000, 0x00000006f5000000, 0x00000006f5000000|100%| E|CS|TAMS 0x00000006f4c00000| PB 0x00000006f4c00000| Complete 
| 980|0x00000006f5000000, 0x00000006f5400000, 0x00000006f5400000|100%| E|CS|TAMS 0x00000006f5000000| PB 0x00000006f5000000| Complete 
| 981|0x00000006f5400000, 0x00000006f5800000, 0x00000006f5800000|100%| E|CS|TAMS 0x00000006f5400000| PB 0x00000006f5400000| Complete 
| 982|0x00000006f5800000, 0x00000006f5c00000, 0x00000006f5c00000|100%| E|CS|TAMS 0x00000006f5800000| PB 0x00000006f5800000| Complete 
| 983|0x00000006f5c00000, 0x00000006f6000000, 0x00000006f6000000|100%| E|CS|TAMS 0x00000006f5c00000| PB 0x00000006f5c00000| Complete 
| 984|0x00000006f6000000, 0x00000006f6400000, 0x00000006f6400000|100%| E|CS|TAMS 0x00000006f6000000| PB 0x00000006f6000000| Complete 
| 985|0x00000006f6400000, 0x00000006f6800000, 0x00000006f6800000|100%| E|CS|TAMS 0x00000006f6400000| PB 0x00000006f6400000| Complete 
| 986|0x00000006f6800000, 0x00000006f6c00000, 0x00000006f6c00000|100%| E|CS|TAMS 0x00000006f6800000| PB 0x00000006f6800000| Complete 
| 987|0x00000006f6c00000, 0x00000006f7000000, 0x00000006f7000000|100%| E|CS|TAMS 0x00000006f6c00000| PB 0x00000006f6c00000| Complete 
| 988|0x00000006f7000000, 0x00000006f7400000, 0x00000006f7400000|100%| E|CS|TAMS 0x00000006f7000000| PB 0x00000006f7000000| Complete 
| 989|0x00000006f7400000, 0x00000006f7800000, 0x00000006f7800000|100%| E|CS|TAMS 0x00000006f7400000| PB 0x00000006f7400000| Complete 
| 990|0x00000006f7800000, 0x00000006f7c00000, 0x00000006f7c00000|100%| E|CS|TAMS 0x00000006f7800000| PB 0x00000006f7800000| Complete 
| 991|0x00000006f7c00000, 0x00000006f8000000, 0x00000006f8000000|100%| E|CS|TAMS 0x00000006f7c00000| PB 0x00000006f7c00000| Complete 
| 992|0x00000006f8000000, 0x00000006f8400000, 0x00000006f8400000|100%| E|CS|TAMS 0x00000006f8000000| PB 0x00000006f8000000| Complete 
|2030|0x00000007fb800000, 0x00000007fbc00000, 0x00000007fbc00000|100%| E|CS|TAMS 0x00000007fb800000| PB 0x00000007fb800000| Complete 
|2031|0x00000007fbc00000, 0x00000007fc000000, 0x00000007fc000000|100%| E|CS|TAMS 0x00000007fbc00000| PB 0x00000007fbc00000| Complete 
|2032|0x00000007fc000000, 0x00000007fc400000, 0x00000007fc400000|100%| E|CS|TAMS 0x00000007fc000000| PB 0x00000007fc000000| Complete 
|2033|0x00000007fc400000, 0x00000007fc800000, 0x00000007fc800000|100%| E|CS|TAMS 0x00000007fc400000| PB 0x00000007fc400000| Complete 
|2034|0x00000007fc800000, 0x00000007fcc00000, 0x00000007fcc00000|100%| E|CS|TAMS 0x00000007fc800000| PB 0x00000007fc800000| Complete 
|2035|0x00000007fcc00000, 0x00000007fd000000, 0x00000007fd000000|100%| E|CS|TAMS 0x00000007fcc00000| PB 0x00000007fcc00000| Complete 
|2036|0x00000007fd000000, 0x00000007fd400000, 0x00000007fd400000|100%| E|CS|TAMS 0x00000007fd000000| PB 0x00000007fd000000| Complete 
|2037|0x00000007fd400000, 0x00000007fd800000, 0x00000007fd800000|100%| E|CS|TAMS 0x00000007fd400000| PB 0x00000007fd400000| Complete 
|2038|0x00000007fd800000, 0x00000007fdc00000, 0x00000007fdc00000|100%| E|CS|TAMS 0x00000007fd800000| PB 0x00000007fd800000| Complete 
|2039|0x00000007fdc00000, 0x00000007fe000000, 0x00000007fe000000|100%| E|CS|TAMS 0x00000007fdc00000| PB 0x00000007fdc00000| Complete 
|2040|0x00000007fe000000, 0x00000007fe400000, 0x00000007fe400000|100%| E|CS|TAMS 0x00000007fe000000| PB 0x00000007fe000000| Complete 
|2041|0x00000007fe400000, 0x00000007fe800000, 0x00000007fe800000|100%| E|CS|TAMS 0x00000007fe400000| PB 0x00000007fe400000| Complete 
|2042|0x00000007fe800000, 0x00000007fec00000, 0x00000007fec00000|100%| E|CS|TAMS 0x00000007fe800000| PB 0x00000007fe800000| Complete 
|2043|0x00000007fec00000, 0x00000007ff000000, 0x00000007ff000000|100%| O|  |TAMS 0x00000007fec00000| PB 0x00000007fec00000| Untracked 
|2044|0x00000007ff000000, 0x00000007ff400000, 0x00000007ff400000|100%| E|CS|TAMS 0x00000007ff000000| PB 0x00000007ff000000| Complete 
|2045|0x00000007ff400000, 0x00000007ff800000, 0x00000007ff800000|100%| E|CS|TAMS 0x00000007ff400000| PB 0x00000007ff400000| Complete 
|2046|0x00000007ff800000, 0x00000007ffc00000, 0x00000007ffc00000|100%| E|CS|TAMS 0x00000007ff800000| PB 0x00000007ff800000| Complete 
|2047|0x00000007ffc00000, 0x0000000800000000, 0x0000000800000000|100%| E|CS|TAMS 0x00000007ffc00000| PB 0x00000007ffc00000| Complete 

Card table byte_map: [0x00007f35e8400000,0x00007f35e9400000] _byte_map_base: 0x00007f35e5400000

Marking Bits: (CMBitMap*) 0x00007f35e405c6c0
 Bits: [0x00007f35c9400000, 0x00007f35d1400000)

Polling page: 0x00007f35ec8b4000

Metaspace:

Usage:
  Non-class:    427.55 MB used.
      Class:     94.52 MB used.
       Both:    522.06 MB used.

Virtual space:
  Non-class space:      448.00 MB reserved,     430.56 MB ( 96%) committed,  7 nodes.
      Class space:        1.00 GB reserved,      97.06 MB (  9%) committed,  1 nodes.
             Both:        1.44 GB reserved,     527.62 MB ( 36%) committed. 

Chunk freelists:
   Non-Class:  1.11 MB
       Class:  14.78 MB
        Both:  15.89 MB

MaxMetaspaceSize: unlimited
CompressedClassSpaceSize: 1.00 GB
Initial GC threshold: 21.00 MB
Current GC threshold: 879.06 MB
CDS: off
 - commit_granule_bytes: 65536.
 - commit_granule_words: 8192.
 - virtual_space_node_default_size: 8388608.
 - enlarge_chunks_in_place: 1.
 - use_allocation_guard: 0.


Internal statistics:

num_allocs_failed_limit: 126.
num_arena_births: 11522.
num_arena_deaths: 1782.
num_vsnodes_births: 8.
num_vsnodes_deaths: 0.
num_space_committed: 8482.
num_space_uncommitted: 30.
num_chunks_returned_to_freelist: 3363.
num_chunks_taken_from_freelist: 40410.
num_chunk_merges: 1443.
num_chunk_splits: 24318.
num_chunks_enlarged: 14761.
num_inconsistent_stats: 0.

CodeHeap 'non-profiled nmethods': size=120028Kb used=35873Kb max_used=36357Kb free=84155Kb
 bounds [0x00007f35d8ec9000, 0x00007f35db2b9000, 0x00007f35e0400000]
CodeHeap 'profiled nmethods': size=120028Kb used=47487Kb max_used=68367Kb free=72540Kb
 bounds [0x00007f35d1400000, 0x00007f35d5720000, 0x00007f35d8937000]
CodeHeap 'non-nmethods': size=5704Kb used=5632Kb max_used=5632Kb free=72Kb
 bounds [0x00007f35d8937000, 0x00007f35d8ec9000, 0x00007f35d8ec9000]
 total_blobs=31908 nmethods=27937 adapters=3871
 compilation: enabled
              stopped_count=0, restarted_count=0
 full_count=0

Compilation events (20 events):
Event: 570.980 Thread 0x00007f35e41b6d10 nmethod 84449% 0x00007f35dad64190 code [0x00007f35dad64340, 0x00007f35dad64930]
Event: 570.980 Thread 0x00007f35e41b6d10 69366       4       java.util.concurrent.locks.ReentrantReadWriteLock$Sync$ThreadLocalHoldCounter::<init> (5 bytes)
Event: 570.981 Thread 0x00007f35e41b6d10 nmethod 69366 0x00007f35dad63e90 code [0x00007f35dad64000, 0x00007f35dad640a0]
Event: 570.981 Thread 0x00007f359994b630 nmethod 84647 0x00007f35d967ba90 code [0x00007f35d967be80, 0x00007f35d967d7d0]
Event: 570.993 Thread 0x00007f35e41b6d10 84650       4       forge.me.thosea.badoptimizations.utils.CommonColorFactors::tick (200 bytes)
Event: 570.995 Thread 0x00007f359994b630 84651       4       com.google.common.cache.LocalCache$LocalManualCache::getIfPresent (9 bytes)
Event: 571.001 Thread 0x00007f35e41b6d10 nmethod 84650 0x00007f35d967b190 code [0x00007f35d967b380, 0x00007f35d967b700]
Event: 571.001 Thread 0x00007f35e41b6d10 84652       4       com.google.common.cache.LocalCache::getIfPresent (49 bytes)
Event: 571.022 Thread 0x00007f35e41b83b0 84656   !   3       dev.latvian.mods.rhino.InterfaceAdapter::invoke (275 bytes)
Event: 571.025 Thread 0x00007f35e41b83b0 nmethod 84656 0x00007f35d52f1d90 code [0x00007f35d52f2240, 0x00007f35d52f4e78]
Event: 571.184 Thread 0x00007f35e41b6d10 nmethod 84652 0x00007f35dac76e10 code [0x00007f35dac77540, 0x00007f35dac7ba90]
Event: 571.184 Thread 0x00007f35e41b6d10 84658       4       com.enzonic.aeronauticswinds.weather.CloudCoverage::getPrecipitationAtColumn (664 bytes)
Event: 571.212 Thread 0x00007f359a918730 nmethod 84649 0x00007f35dac97590 code [0x00007f35dac97d00, 0x00007f35dac9c4f0]
Event: 571.212 Thread 0x00007f359a918730 84657       4       xaero.lib.client.config.ClientConfigManager::getEffective (71 bytes)
Event: 571.234 Thread 0x00007f359994b630 nmethod 84651 0x00007f35dac6f210 code [0x00007f35dac6f940, 0x00007f35dac73dd0]
Event: 571.234 Thread 0x00007f359994b630 84660       4       net.neoforged.neoforge.attachment.AttachmentHolder::getData (53 bytes)
Event: 571.239 Thread 0x00007f35e41b6d10 nmethod 84658 0x00007f35dac80b90 code [0x00007f35dac811c0, 0x00007f35dac82f60]
Event: 571.239 Thread 0x00007f35e41b6d10 84659       4       it.unimi.dsi.fastutil.longs.Long2ObjectOpenHashMap::removeEntry (74 bytes)
Event: 571.248 Thread 0x00007f359994b630 nmethod 84660 0x00007f35d967e910 code [0x00007f35d967eb20, 0x00007f35d967f228]
Event: 571.248 Thread 0x00007f359994b630 84654       4       it.unimi.dsi.fastutil.ints.Int2ObjectOpenHashMap::int2ObjectEntrySet (5 bytes)

GC Heap History (20 events):
Event: 504.018 GC heap after
{Heap after GC invocations=105 (full 0):
 garbage-first heap   total 4141056K, used 2042620K [0x0000000600000000, 0x0000000800000000)
  region size 4096K, 21 young (86016K), 21 survivors (86016K)
 Metaspace       used 532209K, committed 537792K, reserved 1507328K
  class space    used 96630K, committed 99200K, reserved 1048576K
}
Event: 531.133 GC heap before
{Heap before GC invocations=105 (full 0):
 garbage-first heap   total 4141056K, used 3840764K [0x0000000600000000, 0x0000000800000000)
  region size 4096K, 460 young (1884160K), 21 survivors (86016K)
 Metaspace       used 532449K, committed 538048K, reserved 1507328K
  class space    used 96668K, committed 99264K, reserved 1048576K
}
Event: 531.188 GC heap after
{Heap after GC invocations=106 (full 0):
 garbage-first heap   total 4141056K, used 2035494K [0x0000000600000000, 0x0000000800000000)
  region size 4096K, 22 young (90112K), 22 survivors (90112K)
 Metaspace       used 532449K, committed 538048K, reserved 1507328K
  class space    used 96668K, committed 99264K, reserved 1048576K
}
Event: 532.036 GC heap before
{Heap before GC invocations=106 (full 0):
 garbage-first heap   total 4141056K, used 2166566K [0x0000000600000000, 0x0000000800000000)
  region size 4096K, 55 young (225280K), 22 survivors (90112K)
 Metaspace       used 532942K, committed 538560K, reserved 1507328K
  class space    used 96755K, committed 99328K, reserved 1048576K
}
Event: 533.244 GC heap after
{Heap after GC invocations=107 (full 1):
 garbage-first heap   total 4141056K, used 1842172K [0x0000000600000000, 0x0000000800000000)
  region size 4096K, 0 young (0K), 0 survivors (0K)
 Metaspace       used 532940K, committed 538560K, reserved 1507328K
  class space    used 96754K, committed 99328K, reserved 1048576K
}
Event: 534.857 GC heap before
{Heap before GC invocations=107 (full 1):
 garbage-first heap   total 4141056K, used 2251772K [0x0000000600000000, 0x0000000800000000)
  region size 4096K, 102 young (417792K), 0 survivors (0K)
 Metaspace       used 533117K, committed 538816K, reserved 1507328K
  class space    used 96773K, committed 99392K, reserved 1048576K
}
Event: 534.869 GC heap after
{Heap after GC invocations=108 (full 1):
 garbage-first heap   total 4141056K, used 1866269K [0x0000000600000000, 0x0000000800000000)
  region size 4096K, 6 young (24576K), 6 survivors (24576K)
 Metaspace       used 533117K, committed 538816K, reserved 1507328K
  class space    used 96773K, committed 99392K, reserved 1048576K
}
Event: 540.325 GC heap before
{Heap before GC invocations=109 (full 1):
 garbage-first heap   total 4141056K, used 3885597K [0x0000000600000000, 0x0000000800000000)
  region size 4096K, 498 young (2039808K), 6 survivors (24576K)
 Metaspace       used 533285K, committed 538944K, reserved 1507328K
  class space    used 96773K, committed 99392K, reserved 1048576K
}
Event: 540.374 GC heap after
{Heap after GC invocations=110 (full 1):
 garbage-first heap   total 4141056K, used 1915900K [0x0000000600000000, 0x0000000800000000)
  region size 4096K, 16 young (65536K), 16 survivors (65536K)
 Metaspace       used 533285K, committed 538944K, reserved 1507328K
  class space    used 96773K, committed 99392K, reserved 1048576K
}
Event: 541.705 GC heap before
{Heap before GC invocations=110 (full 1):
 garbage-first heap   total 4141056K, used 3836924K [0x0000000600000000, 0x0000000800000000)
  region size 4096K, 486 young (1990656K), 16 survivors (65536K)
 Metaspace       used 533307K, committed 538944K, reserved 1507328K
  class space    used 96773K, committed 99392K, reserved 1048576K
}
Event: 541.770 GC heap after
{Heap after GC invocations=111 (full 1):
 garbage-first heap   total 4141056K, used 2001996K [0x0000000600000000, 0x0000000800000000)
  region size 4096K, 37 young (151552K), 37 survivors (151552K)
 Metaspace       used 533307K, committed 538944K, reserved 1507328K
  class space    used 96773K, committed 99392K, reserved 1048576K
}
Event: 548.855 GC heap before
{Heap before GC invocations=111 (full 1):
 garbage-first heap   total 4141056K, used 3759180K [0x0000000600000000, 0x0000000800000000)
  region size 4096K, 466 young (1908736K), 37 survivors (151552K)
 Metaspace       used 533501K, committed 539200K, reserved 1507328K
  class space    used 96776K, committed 99392K, reserved 1048576K
}
Event: 548.955 GC heap after
{Heap after GC invocations=112 (full 1):
 garbage-first heap   total 4141056K, used 1994532K [0x0000000600000000, 0x0000000800000000)
  region size 4096K, 26 young (106496K), 26 survivors (106496K)
 Metaspace       used 533501K, committed 539200K, reserved 1507328K
  class space    used 96776K, committed 99392K, reserved 1048576K
}
Event: 554.486 GC heap before
{Heap before GC invocations=113 (full 1):
 garbage-first heap   total 4141056K, used 3829540K [0x0000000600000000, 0x0000000800000000)
  region size 4096K, 468 young (1916928K), 26 survivors (106496K)
 Metaspace       used 533825K, committed 539520K, reserved 1507328K
  class space    used 96778K, committed 99392K, reserved 1048576K
}
Event: 554.592 GC heap after
{Heap after GC invocations=114 (full 1):
 garbage-first heap   total 4141056K, used 2133796K [0x0000000600000000, 0x0000000800000000)
  region size 4096K, 54 young (221184K), 54 survivors (221184K)
 Metaspace       used 533825K, committed 539520K, reserved 1507328K
  class space    used 96778K, committed 99392K, reserved 1048576K
}
Event: 557.319 GC heap before
{Heap before GC invocations=114 (full 1):
 garbage-first heap   total 4141056K, used 3690276K [0x0000000600000000, 0x0000000800000000)
  region size 4096K, 434 young (1777664K), 54 survivors (221184K)
 Metaspace       used 533969K, committed 539648K, reserved 1507328K
  class space    used 96784K, committed 99392K, reserved 1048576K
}
Event: 557.440 GC heap after
{Heap after GC invocations=115 (full 1):
 garbage-first heap   total 4141056K, used 2159472K [0x0000000600000000, 0x0000000800000000)
  region size 4096K, 12 young (49152K), 12 survivors (49152K)
 Metaspace       used 533969K, committed 539648K, reserved 1507328K
  class space    used 96784K, committed 99392K, reserved 1048576K
}
Event: 561.914 GC heap before
{Heap before GC invocations=115 (full 1):
 garbage-first heap   total 4141056K, used 3871600K [0x0000000600000000, 0x0000000800000000)
  region size 4096K, 430 young (1761280K), 12 survivors (49152K)
 Metaspace       used 534326K, committed 539968K, reserved 1507328K
  class space    used 96786K, committed 99392K, reserved 1048576K
}
Event: 561.957 GC heap after
{Heap after GC invocations=116 (full 1):
 garbage-first heap   total 4141056K, used 2206391K [0x0000000600000000, 0x0000000800000000)
  region size 4096K, 24 young (98304K), 24 survivors (98304K)
 Metaspace       used 534326K, committed 539968K, reserved 1507328K
  class space    used 96786K, committed 99392K, reserved 1048576K
}
Event: 571.249 GC heap before
{Heap before GC invocations=117 (full 1):
 garbage-first heap   total 4141056K, used 3877559K [0x0000000600000000, 0x0000000800000000)
  region size 4096K, 418 young (1712128K), 24 survivors (98304K)
 Metaspace       used 534592K, committed 540288K, reserved 1507328K
  class space    used 96786K, committed 99392K, reserved 1048576K
}

Dll operation events (20 events):
Event: 0.007 Loaded shared library /run/media/ashy/Shared/.minecraftx/jre/java-runtime-delta/lib/libzip.so
Event: 0.074 Loaded shared library /run/media/ashy/Shared/.minecraftx/jre/java-runtime-delta/lib/libjsvml.so
Event: 0.090 Loaded shared library /run/media/ashy/Shared/.minecraftx/jre/java-runtime-delta/lib/libnio.so
Event: 0.171 Loaded shared library /run/media/ashy/Shared/.minecraftx/jre/java-runtime-delta/lib/libzip.so
Event: 0.262 Loaded shared library /run/media/ashy/Shared/.minecraftx/jre/java-runtime-delta/lib/libinstrument.so
Event: 0.411 Loaded shared library /run/media/ashy/Shared/.minecraftx/jre/java-runtime-delta/lib/libnet.so
Event: 0.441 Loaded shared library /run/media/ashy/Shared/.minecraftx/jre/java-runtime-delta/lib/libjimage.so
Event: 0.488 Loaded shared library /run/media/ashy/Shared/.minecraftx/jre/java-runtime-delta/lib/libextnet.so
Event: 0.647 Loaded shared library /run/media/ashy/Shared/.minecraftx/jre/java-runtime-delta/lib/libverify.so
Event: 2.134 Loaded shared library /run/media/ashy/Shared/.minecraftx/jre/java-runtime-delta/lib/libmanagement.so
Event: 2.136 Loaded shared library /run/media/ashy/Shared/.minecraftx/jre/java-runtime-delta/lib/libmanagement_ext.so
Event: 3.108 Loaded shared library /run/media/ashy/Shared/.minecraftx/versions/neoforge-21.1.248/neoforge-21.1.248-natives/liblwjgl.so
Event: 4.024 Loaded shared library /run/media/ashy/Shared/.minecraftx/versions/neoforge-21.1.248/neoforge-21.1.248-natives/liblwjgl_opengl.so
Event: 4.534 Loaded shared library /run/media/ashy/Shared/.minecraftx/versions/neoforge-21.1.248/neoforge-21.1.248-natives/jna15475916459237222843.tmp
Event: 37.979 Loaded shared library /run/media/ashy/Shared/.minecraftx/versions/neoforge-21.1.248/neoforge-21.1.248-natives/liblwjgl_stb.so
Event: 38.502 Loaded shared library /tmp/native-7278841646714713731.so
Event: 38.506 Loaded shared library /tmp/native-10327060781111400509.so
Event: 42.717 Loaded shared library /run/media/ashy/Shared/.minecraftx/jre/java-runtime-delta/lib/libawt.so
Event: 42.719 Loaded shared library /run/media/ashy/Shared/.minecraftx/jre/java-runtime-delta/lib/libawt_headless.so
Event: 284.639 Loaded shared library /run/media/ashy/Shared/.minecraftx/instances/Gearfall Dev/.sable/natives/sable_rapier_x86_64_linux.so

Deoptimization events (20 events):
Event: 565.969 Thread 0x00007f35c6b4a780 DEOPT PACKING pc=0x00007f35d1944ced sp=0x00007f35b9bfa030
Event: 565.969 Thread 0x00007f35c6b4a780 DEOPT UNPACKING pc=0x00007f35d898f14f sp=0x00007f35b9bf9560 mode 0
Event: 565.970 Thread 0x00007f35c6b4a780 DEOPT PACKING pc=0x00007f35d1944ced sp=0x00007f35b9bf9da0
Event: 565.970 Thread 0x00007f35c6b4a780 DEOPT UNPACKING pc=0x00007f35d898f14f sp=0x00007f35b9bf92d0 mode 0
Event: 565.972 Thread 0x00007f35c6b4a780 DEOPT PACKING pc=0x00007f35d1944ced sp=0x00007f35b9bf9f20
Event: 565.972 Thread 0x00007f35c6b4a780 DEOPT UNPACKING pc=0x00007f35d898f14f sp=0x00007f35b9bf9450 mode 0
Event: 565.978 Thread 0x00007f35c6b4a780 DEOPT PACKING pc=0x00007f35d1944ced sp=0x00007f35b9bfa1b0
Event: 565.978 Thread 0x00007f35c6b4a780 DEOPT UNPACKING pc=0x00007f35d898f14f sp=0x00007f35b9bf96e0 mode 0
Event: 565.981 Thread 0x00007f35c6b4a780 DEOPT PACKING pc=0x00007f35d1944ced sp=0x00007f35b9bf9d00
Event: 565.981 Thread 0x00007f35c6b4a780 DEOPT UNPACKING pc=0x00007f35d898f14f sp=0x00007f35b9bf9230 mode 0
Event: 565.986 Thread 0x00007f35c6b4a780 DEOPT PACKING pc=0x00007f35d1944ced sp=0x00007f35b9bf9e10
Event: 565.986 Thread 0x00007f35c6b4a780 DEOPT UNPACKING pc=0x00007f35d898f14f sp=0x00007f35b9bf9340 mode 0
Event: 565.989 Thread 0x00007f35c6b4a780 DEOPT PACKING pc=0x00007f35d1944ced sp=0x00007f35b9bf9d00
Event: 565.989 Thread 0x00007f35c6b4a780 DEOPT UNPACKING pc=0x00007f35d898f14f sp=0x00007f35b9bf9230 mode 0
Event: 566.332 Thread 0x00007f35c6b4a780 DEOPT PACKING pc=0x00007f35d185d337 sp=0x00007f35b9bfa580
Event: 566.332 Thread 0x00007f35c6b4a780 DEOPT UNPACKING pc=0x00007f35d898f14f sp=0x00007f35b9bf9b80 mode 0
Event: 570.670 Thread 0x00007f357e8da690 DEOPT PACKING pc=0x00007f35d24f0697 sp=0x00007f356fafd0d0
Event: 570.670 Thread 0x00007f357e8da690 DEOPT UNPACKING pc=0x00007f35d898f14f sp=0x00007f356fafc600 mode 0
Event: 570.869 Thread 0x00007f357e8da690 DEOPT PACKING pc=0x00007f35d24f0697 sp=0x00007f356fafd0d0
Event: 570.869 Thread 0x00007f357e8da690 DEOPT UNPACKING pc=0x00007f35d898f14f sp=0x00007f356fafc600 mode 0

Classes loaded (20 events):
Event: 308.754 Loading class sun/util/locale/provider/BreakIteratorProviderImpl
Event: 308.756 Loading class sun/util/locale/provider/BreakIteratorProviderImpl done
Event: 308.757 Loading class sun/text/resources/BreakIteratorInfo
Event: 308.757 Loading class sun/text/resources/BreakIteratorInfo done
Event: 308.760 Loading class sun/text/resources/BreakIteratorResources
Event: 308.760 Loading class sun/util/resources/BreakIteratorResourceBundle
Event: 308.762 Loading class sun/util/resources/BreakIteratorResourceBundle done
Event: 308.762 Loading class sun/text/resources/BreakIteratorResources done
Event: 308.762 Loading class sun/text/resources/BreakIteratorResources_en
Event: 308.762 Loading class sun/text/resources/BreakIteratorResources_en done
Event: 308.762 Loading class sun/text/resources/BreakIteratorResources_en_US
Event: 308.762 Loading class sun/text/resources/BreakIteratorResources_en_US done
Event: 308.763 Loading class sun/text/RuleBasedBreakIterator
Event: 308.765 Loading class sun/text/RuleBasedBreakIterator done
Event: 308.765 Loading class sun/text/CompactByteArray
Event: 308.766 Loading class sun/text/CompactByteArray done
Event: 308.766 Loading class sun/text/SupplementaryCharacterData
Event: 308.766 Loading class sun/text/SupplementaryCharacterData done
Event: 308.767 Loading class java/text/BreakIterator$BreakIteratorCache
Event: 308.767 Loading class java/text/BreakIterator$BreakIteratorCache done

Classes unloaded (20 events):
Event: 34.091 Thread 0x00007f35e41275f0 Unloading class 0x000000080060f000 'org/openjdk/nashorn/internal/scripts/ModuleGraphManipulator'
Event: 34.091 Thread 0x00007f35e41275f0 Unloading class 0x000000080060ebf0 'org/openjdk/nashorn/internal/scripts/Script$Recompilation$5$6626$\^eval\_'
Event: 34.091 Thread 0x00007f35e41275f0 Unloading class 0x000000080060e9f8 'org/openjdk/nashorn/internal/scripts/Script$4$\^eval\_'
Event: 34.091 Thread 0x00007f35e41275f0 Unloading class 0x000000080060e800 'org/openjdk/nashorn/internal/scripts/ModuleGraphManipulator'
Event: 34.091 Thread 0x00007f35e41275f0 Unloading class 0x000000080060e000 'org/openjdk/nashorn/internal/scripts/Script$Recompilation$3$741$\^eval\_'
Event: 34.091 Thread 0x00007f35e41275f0 Unloading class 0x000000080060c5f8 'org/openjdk/nashorn/internal/scripts/Script$2$\^eval\_'
Event: 34.091 Thread 0x00007f35e41275f0 Unloading class 0x000000080060c400 'org/openjdk/nashorn/internal/scripts/ModuleGraphManipulator'
Event: 34.091 Thread 0x00007f35e41275f0 Unloading class 0x00000008005dfbf0 'org/openjdk/nashorn/internal/scripts/Script$Recompilation$1$16788$\^eval\_'
Event: 34.091 Thread 0x00007f35e41275f0 Unloading class 0x00000008005df9f8 'org/openjdk/nashorn/internal/scripts/Script$\^eval\_'
Event: 34.091 Thread 0x00007f35e41275f0 Unloading class 0x00000008005df800 'org/openjdk/nashorn/internal/scripts/ModuleGraphManipulator'
Event: 51.746 Thread 0x00007f35e41275f0 Unloading class 0x0000000801145400 'com/google/gson/internal/reflect/ReflectionHelper$RecordSupportedHelper$$InjectedInvoker+0x0000000801145400'
Event: 51.746 Thread 0x00007f35e41275f0 Unloading class 0x0000000801144800 'java/lang/invoke/LambdaForm$MH+0x0000000801144800'
Event: 51.746 Thread 0x00007f35e41275f0 Unloading class 0x0000000801144000 'java/lang/invoke/LambdaForm$MH+0x0000000801144000'
Event: 62.971 Thread 0x00007f35e41275f0 Unloading class 0x0000000804b18800 'java/lang/invoke/LambdaForm$DMH+0x0000000804b18800'
Event: 62.971 Thread 0x00007f35e41275f0 Unloading class 0x0000000804b18000 'java/lang/invoke/LambdaForm$DMH+0x0000000804b18000'
Event: 62.971 Thread 0x00007f35e41275f0 Unloading class 0x0000000804b18c00 'java/lang/invoke/LambdaForm$DMH+0x0000000804b18c00'
Event: 62.971 Thread 0x00007f35e41275f0 Unloading class 0x0000000804aed400 'java/lang/invoke/LambdaForm$MH+0x0000000804aed400'
Event: 323.216 Thread 0x00007f35e41275f0 Unloading class 0x0000000805d8c800 'java/lang/invoke/LambdaForm$DMH+0x0000000805d8c800'
Event: 323.216 Thread 0x00007f35e41275f0 Unloading class 0x0000000805d8c400 'java/lang/invoke/LambdaForm$DMH+0x0000000805d8c400'
Event: 532.547 Thread 0x00007f35e41275f0 Unloading class 0x0000000805f40800 'java/lang/invoke/LambdaForm$DMH+0x0000000805f40800'

Classes redefined (0 events):
No events

Internal exceptions (20 events):
Event: 558.043 Thread 0x00007f35e7c45fa0 Implicit null exception at 0x00007f35daa904ea to 0x00007f35daa90e6d
Event: 558.043 Thread 0x00007f35e7c45fa0 Implicit null exception at 0x00007f35da961bba to 0x00007f35da961edc
Event: 558.051 Thread 0x00007f35e7c45fa0 Implicit null exception at 0x00007f35db152ada to 0x00007f35db1540f0
Event: 558.441 Thread 0x00007f35bd237470 Exception <a 'sun/nio/fs/UnixException'{0x00000006f1883c68}> (0x00000006f1883c68) 
thrown [src/hotspot/share/prims/jni.cpp, line 520]
Event: 558.458 Thread 0x00007f35b03caee0 Exception <a 'sun/nio/fs/UnixException'{0x00000006e748f190}> (0x00000006e748f190) 
thrown [src/hotspot/share/prims/jni.cpp, line 520]
Event: 558.461 Thread 0x00007f35b03caee0 Exception <a 'sun/nio/fs/UnixException'{0x00000006e748fd68}> (0x00000006e748fd68) 
thrown [src/hotspot/share/prims/jni.cpp, line 520]
Event: 558.525 Thread 0x000055d140da72d0 Exception <a 'sun/nio/fs/UnixException'{0x00000006e4972e18}> (0x00000006e4972e18) 
thrown [src/hotspot/share/prims/jni.cpp, line 520]
Event: 558.567 Thread 0x00007f35b116e700 Exception <a 'sun/nio/fs/UnixException'{0x00000006e3ed6598}> (0x00000006e3ed6598) 
thrown [src/hotspot/share/prims/jni.cpp, line 520]
Event: 558.567 Thread 0x00007f35bcb72120 Exception <a 'sun/nio/fs/UnixException'{0x00000006e3269960}> (0x00000006e3269960) 
thrown [src/hotspot/share/prims/jni.cpp, line 520]
Event: 558.568 Thread 0x00007f35bcb72120 Exception <a 'sun/nio/fs/UnixException'{0x00000006e326aef8}> (0x00000006e326aef8) 
thrown [src/hotspot/share/prims/jni.cpp, line 520]
Event: 558.682 Thread 0x00007f35bcb72120 Exception <a 'sun/nio/fs/UnixException'{0x00000006e326e988}> (0x00000006e326e988) 
thrown [src/hotspot/share/prims/jni.cpp, line 520]
Event: 558.696 Thread 0x00007f35b03caee0 Exception <a 'sun/nio/fs/UnixException'{0x00000006de2536a8}> (0x00000006de2536a8) 
thrown [src/hotspot/share/prims/jni.cpp, line 520]
Event: 558.727 Thread 0x00007f35b116e700 Exception <a 'sun/nio/fs/UnixException'{0x00000006ddffef90}> (0x00000006ddffef90) 
thrown [src/hotspot/share/prims/jni.cpp, line 520]
Event: 558.830 Thread 0x00007f35b03caee0 Exception <a 'sun/nio/fs/UnixException'{0x00000006ddfa3568}> (0x00000006ddfa3568) 
thrown [src/hotspot/share/prims/jni.cpp, line 520]
Event: 558.830 Thread 0x00007f35bc2de900 Exception <a 'sun/nio/fs/UnixException'{0x00000006ddf2fc60}> (0x00000006ddf2fc60) 
thrown [src/hotspot/share/prims/jni.cpp, line 520]
Event: 558.835 Thread 0x00007f35bd238320 Exception <a 'sun/nio/fs/UnixException'{0x00000006d8909150}> (0x00000006d8909150) 
thrown [src/hotspot/share/prims/jni.cpp, line 520]
Event: 560.089 Thread 0x00007f35b0ef8b30 Exception <a 'sun/nio/fs/UnixException'{0x00000006bb601630}> (0x00000006bb601630) 
thrown [src/hotspot/share/prims/jni.cpp, line 520]
Event: 560.089 Thread 0x00007f35b0ef8b30 Exception <a 'sun/nio/fs/UnixException'{0x00000006bb6017a8}> (0x00000006bb6017a8) 
thrown [src/hotspot/share/prims/jni.cpp, line 520]
Event: 560.941 Thread 0x00007f35c6b4a780 Exception <a 'sun/nio/fs/UnixException'{0x00000006a2039c98}> (0x00000006a2039c98) 
thrown [src/hotspot/share/prims/jni.cpp, line 520]
Event: 563.060 Thread 0x00007f357ece33f0 Exception <a 'java/net/ConnectException'{0x00000006ec4001b8}> (0x00000006ec4001b8) 
thrown [src/hotspot/share/prims/jni.cpp, line 520]

ZGC Phase Switch (0 events):
No events

VM Operations (20 events):
Event: 561.013 Executing VM operation: ICBufferFull done
Event: 561.914 Executing VM operation: G1CollectForAllocation (G1 Evacuation Pause)
Event: 561.957 Executing VM operation: G1CollectForAllocation (G1 Evacuation Pause) done
Event: 562.957 Executing VM operation: Cleanup
Event: 562.957 Executing VM operation: Cleanup done
Event: 563.958 Executing VM operation: Cleanup
Event: 563.959 Executing VM operation: Cleanup done
Event: 564.897 Executing VM operation: G1PauseRemark
Event: 564.944 Executing VM operation: G1PauseRemark done
Event: 565.898 Executing VM operation: G1PauseCleanup
Event: 565.899 Executing VM operation: G1PauseCleanup done
Event: 566.899 Executing VM operation: Cleanup
Event: 566.899 Executing VM operation: Cleanup done
Event: 567.899 Executing VM operation: Cleanup
Event: 567.899 Executing VM operation: Cleanup done
Event: 568.899 Executing VM operation: Cleanup
Event: 568.899 Executing VM operation: Cleanup done
Event: 570.902 Executing VM operation: Cleanup
Event: 570.902 Executing VM operation: Cleanup done
Event: 571.249 Executing VM operation: G1CollectForAllocation (G1 Evacuation Pause)

Memory protections (20 events):
Event: 553.781 Protecting memory [0x00007f35644fd000,0x00007f3564501000] with protection modes 0
Event: 555.445 Protecting memory [0x00007f35644fd000,0x00007f3564501000] with protection modes 0
Event: 555.447 Protecting memory [0x00007f35644fd000,0x00007f3564501000] with protection modes 0
Event: 555.448 Protecting memory [0x00007f35644fd000,0x00007f3564501000] with protection modes 0
Event: 555.449 Protecting memory [0x00007f35644fd000,0x00007f3564501000] with protection modes 0
Event: 555.598 Protecting memory [0x00007f35644fd000,0x00007f3564501000] with protection modes 0
Event: 556.059 Protecting memory [0x00007f35644fd000,0x00007f3564501000] with protection modes 0
Event: 556.060 Protecting memory [0x00007f3563df6000,0x00007f3563dfa000] with protection modes 0
Event: 556.067 Protecting memory [0x00007f35663fb000,0x00007f35663ff000] with protection modes 0
Event: 556.068 Protecting memory [0x00007f357ab29000,0x00007f357ab2d000] with protection modes 0
Event: 556.069 Protecting memory [0x00007f356f7fd000,0x00007f356f801000] with protection modes 0
Event: 556.071 Protecting memory [0x00007f3592cfc000,0x00007f3592d00000] with protection modes 0
Event: 556.089 Protecting memory [0x00007f357307f000,0x00007f3573083000] with protection modes 0
Event: 557.443 Protecting memory [0x00007f359cd2a000,0x00007f359cd2e000] with protection modes 0
Event: 558.563 Protecting memory [0x00007f35b8abb000,0x00007f35b8abf000] with protection modes 0
Event: 558.579 Protecting memory [0x00007f35807fd000,0x00007f3580801000] with protection modes 0
Event: 558.942 Protecting memory [0x00007f35642fb000,0x00007f35642ff000] with protection modes 0
Event: 563.310 Protecting memory [0x00007f359f4cb000,0x00007f359f4cf000] with protection modes 0
Event: 567.206 Protecting memory [0x00007f35b9123000,0x00007f35b9127000] with protection modes 0
Event: 567.207 Protecting memory [0x00007f359f4cb000,0x00007f359f4cf000] with protection modes 0

Nmethod flushes (20 events):
Event: 564.940 Thread 0x00007f35e41275f0 flushing  nmethod 0x00007f35d4d3f310
Event: 564.940 Thread 0x00007f35e41275f0 flushing  nmethod 0x00007f35d4df2e90
Event: 564.940 Thread 0x00007f35e41275f0 flushing  nmethod 0x00007f35d4e47510
Event: 564.940 Thread 0x00007f35e41275f0 flushing  nmethod 0x00007f35d4f2b110
Event: 564.940 Thread 0x00007f35e41275f0 flushing  nmethod 0x00007f35d4f2b590
Event: 564.940 Thread 0x00007f35e41275f0 flushing  nmethod 0x00007f35d4f97290
Event: 564.940 Thread 0x00007f35e41275f0 flushing  nmethod 0x00007f35d4f97690
Event: 564.940 Thread 0x00007f35e41275f0 flushing  nmethod 0x00007f35d4f9e290
Event: 564.940 Thread 0x00007f35e41275f0 flushing  nmethod 0x00007f35d4fd0110
Event: 564.940 Thread 0x00007f35e41275f0 flushing  nmethod 0x00007f35d4fd6a10
Event: 564.940 Thread 0x00007f35e41275f0 flushing  nmethod 0x00007f35d4fd7010
Event: 564.940 Thread 0x00007f35e41275f0 flushing  nmethod 0x00007f35d4fd7390
Event: 564.940 Thread 0x00007f35e41275f0 flushing  nmethod 0x00007f35d505bf10
Event: 564.940 Thread 0x00007f35e41275f0 flushing  nmethod 0x00007f35d5076d10
Event: 564.940 Thread 0x00007f35e41275f0 flushing  nmethod 0x00007f35d50e6e10
Event: 564.940 Thread 0x00007f35e41275f0 flushing  nmethod 0x00007f35d50e7490
Event: 564.940 Thread 0x00007f35e41275f0 flushing  nmethod 0x00007f35d50fae10
Event: 564.940 Thread 0x00007f35e41275f0 flushing  nmethod 0x00007f35d50fc110
Event: 564.940 Thread 0x00007f35e41275f0 flushing  nmethod 0x00007f35d5143790
Event: 564.940 Thread 0x00007f35e41275f0 flushing  nmethod 0x00007f35d541ef90

Events (20 events):
Event: 555.598 Thread 0x00007f35b18de6e0 Thread exited: 0x00007f35b18de6e0
Event: 556.058 Thread 0x00007f35c46448c0 Thread added: 0x00007f35b18de6e0
Event: 556.060 Thread 0x00007f35b18de6e0 Thread added: 0x000055d13fb24d90
Event: 556.066 Thread 0x00007f35c46448c0 Thread added: 0x00007f35b116dd60
Event: 556.068 Thread 0x00007f35b116dd60 Thread added: 0x00007f35ac2f90d0
Event: 556.069 Thread 0x00007f35b116dd60 Thread added: 0x00007f35ac503890
Event: 556.071 Thread 0x00007f35ac2f90d0 Thread added: 0x00007f35b4e47ef0
Event: 556.089 Thread 0x00007f35b116e700 Thread added: 0x00007f35bc2de900
Event: 557.443 Thread 0x00007f35e41b83b0 Thread added: 0x00007f359a918730
Event: 558.563 Thread 0x00007f35b116e700 Thread added: 0x00007f35bcb72120
Event: 558.579 Thread 0x00007f35bcb72120 Thread added: 0x000055d140b84090
Event: 558.942 Thread 0x00007f35e41b83b0 Thread added: 0x00007f359994b630
Event: 563.310 Thread 0x00007f35c6b4a780 Thread added: 0x000055d13e117980
Event: 564.662 Thread 0x000055d13e117980 Thread exited: 0x000055d13e117980
Event: 565.262 Thread 0x00007f35b4226410 Thread exited: 0x00007f35b4226410
Event: 567.206 Thread 0x00007f35c6b4a780 Thread added: 0x000055d13e117980
Event: 567.207 Thread 0x00007f35c6b4a780 Thread added: 0x000055d140bbdf00
Event: 567.208 Thread 0x00007f35c6b4a780 Thread exited: 0x00007f35c6b4a780
Event: 567.217 Thread 0x000055d13e117980 Thread exited: 0x000055d13e117980
Event: 567.224 Thread 0x000055d140bbdf00 Thread exited: 0x000055d140bbdf00


Dynamic libraries:
41548000-415f7000 rw-p 00000000 00:00 0 
41fa9000-41fab000 r-xs 00000000 00:01 66085                              /memfd:/.glXXXXXX (deleted)
600000000-6f8400000 rw-p 00000000 00:00 0 
6f8400000-7fb800000 ---p 00000000 00:00 0 
7fb800000-800040000 rw-p 00000000 00:00 0 
800040000-8000c0000 rw-p 00000000 00:00 0 
8000c0000-8000e0000 rw-p 00000000 00:00 0 
8000e0000-800140000 rw-p 00000000 00:00 0 
800140000-800180000 rw-p 00000000 00:00 0 
800180000-800200000 rw-p 00000000 00:00 0 
800200000-800240000 rw-p 00000000 00:00 0 
800240000-8002c0000 rw-p 00000000 00:00 0 
8002c0000-800300000 rw-p 00000000 00:00 0 
800300000-8003c0000 rw-p 00000000 00:00 0 
8003c0000-800400000 rw-p 00000000 00:00 0 
800400000-8004c0000 rw-p 00000000 00:00 0 
8004c0000-802bc0000 rw-p 00000000 00:00 0 
802bc0000-802c00000 rw-p 00000000 00:00 0 
802c00000-804c40000 rw-p 00000000 00:00 0 
804c40000-804c80000 rw-p 00000000 00:00 0 
804c80000-804e00000 rw-p 00000000 00:00 0 
804e00000-8060c0000 rw-p 00000000 00:00 0 
8060c0000-8060d0000 rw-p 00000000 00:00 0 
8060d0000-806100000 ---p 00000000 00:00 0 
806100000-806140000 rw-p 00000000 00:00 0 
806140000-840000000 ---p 00000000 00:00 0 
55d128b03000-55d128b04000 r-xp 00000000 103:07 449553                    /run/media/ashy/Shared/.minecraftx/jre/java-runtime-delta/bin/java
55d128b05000-55d128b06000 r--p 00001000 103:07 449553                    /run/media/ashy/Shared/.minecraftx/jre/java-runtime-delta/bin/java
55d128b06000-55d128b07000 rw-p 00002000 103:07 449553                    /run/media/ashy/Shared/.minecraftx/jre/java-runtime-delta/bin/java
55d13e054000-55d144681000 rw-p 00000000 00:00 0                          [heap]
7f351cc00000-7f3520000000 rw-p 00000000 00:00 0 
7f3520000000-7f3520cd0000 rw-p 00000000 00:00 0 
7f3520cd0000-7f3524000000 ---p 00000000 00:00 0 
7f3524a00000-7f352c000000 rw-p 00000000 00:00 0 
7f352c000000-7f352fffb000 rw-p 00000000 00:00 0 
7f352fffb000-7f3530000000 ---p 00000000 00:00 0 
7f3530400000-7f3534000000 rw-p 00000000 00:00 0 
7f3534000000-7f3537001000 rw-p 00000000 00:00 0 
7f3537001000-7f3538000000 ---p 00000000 00:00 0 
7f3538000000-7f353bf1d000 rw-p 00000000 00:00 0 
7f353bf1d000-7f353c000000 ---p 00000000 00:00 0 
7f353c000000-7f353f001000 rw-p 00000000 00:00 0 
7f353f001000-7f3540000000 ---p 00000000 00:00 0 
7f3540000000-7f3543001000 rw-p 00000000 00:00 0 
7f3543001000-7f3544000000 ---p 00000000 00:00 0 
7f3544000000-7f3547001000 rw-p 00000000 00:00 0 
7f3547001000-7f3548000000 ---p 00000000 00:00 0 
7f3548200000-7f3548a00000 rw-p 00000000 00:00 0 
7f3548bff000-7f3549bff000 rw-s 00000000 00:07 1146                       /dev/nvidiactl
7f3549bff000-7f354a400000 rw-p 00000000 00:00 0 
7f354a400000-7f354aa00000 rw-p 00000000 00:00 0 
7f354aafe000-7f354b2ff000 rw-p 00000000 00:00 0 
7f354b2ff000-7f354b7ff000 rw-p 00000000 00:00 0 
7f354b7ff000-7f354c000000 rw-p 00000000 00:00 0 
7f354c000000-7f354fcda000 rw-p 00000000 00:00 0 
7f354fcda000-7f3550000000 ---p 00000000 00:00 0 
7f3550000000-7f3551800000 rw-p 00000000 00:00 0 
7f3551980000-7f3552c00000 rw-p 00000000 00:00 0 
7f3552d80000-7f3555400000 rw-p 00000000 00:00 0 
7f3555500000-7f3557200000 rw-p 00000000 00:00 0 
7f3557280000-7f3558000000 rw-p 00000000 00:00 0 
7f3558000000-7f3558380000 rw-p 00000000 00:00 0 
7f3558380000-7f3558500000 rw-p 00000000 00:00 0 
7f3558500000-7f355ab00000 rw-p 00000000 00:00 0 
7f355ab00000-7f355ac00000 rw-p 00000000 00:00 0 
7f355ac00000-7f355c000000 rw-p 00000000 00:00 0 
7f355c017000-7f355c800000 rw-s 00000000 00:07 1146                       /dev/nvidiactl
7f355ca00000-7f355e000000 rw-p 00000000 00:00 0 
7f355e000000-7f355e540000 rw-p 00000000 00:00 0 
7f355e540000-7f355e580000 rw-p 00000000 00:00 0 
7f355e580000-7f355f500000 rw-p 00000000 00:00 0 
7f355f500000-7f355f5a0000 rw-p 00000000 00:00 0 
7f355f5a0000-7f355f600000 ---p 00000000 00:00 0 
7f355f600000-7f3560ef0000 rw-p 00000000 00:00 0 
7f3560ef0000-7f3562000000 ---p 00000000 00:00 0 
7f3562400000-7f3563000000 rw-p 00000000 00:00 0 
7f35630fd000-7f35637fd000 rw-p 00000000 00:00 0 
7f3563af2000-7f3563af3000 rw-p 00000000 00:00 0 
7f3563af3000-7f3563af7000 ---p 00000000 00:00 0 
7f3563af7000-7f3563bf4000 rw-p 00000000 00:00 0 
7f3563bf4000-7f3563bf8000 ---p 00000000 00:00 0 
7f3563bf8000-7f3563cf5000 rw-p 00000000 00:00 0 
7f3563cf5000-7f3563cf9000 ---p 00000000 00:00 0 
7f3563cf9000-7f3563df6000 rw-p 00000000 00:00 0 
7f3563df6000-7f3563dfa000 ---p 00000000 00:00 0 
7f3563dfa000-7f3563ef7000 rw-p 00000000 00:00 0 
7f3563ef7000-7f3563efb000 ---p 00000000 00:00 0 
7f3563efb000-7f3563ff8000 rw-p 00000000 00:00 0 
7f3563ff8000-7f3563ffc000 ---p 00000000 00:00 0 
7f3563ffc000-7f35640f9000 rw-p 00000000 00:00 0 
7f35640f9000-7f35640fd000 ---p 00000000 00:00 0 
7f35640fd000-7f35641fa000 rw-p 00000000 00:00 0 
7f35641fa000-7f35641fe000 ---p 00000000 00:00 0 
7f35641fe000-7f35642fb000 rw-p 00000000 00:00 0 
7f35642fb000-7f35642ff000 ---p 00000000 00:00 0 
7f35642ff000-7f35643fc000 rw-p 00000000 00:00 0 
7f35643fc000-7f3564400000 ---p 00000000 00:00 0 
7f3564400000-7f35644fd000 rw-p 00000000 00:00 0 
7f35644fd000-7f3564501000 ---p 00000000 00:00 0 
7f3564501000-7f35645fe000 rw-p 00000000 00:00 0 
7f35645fe000-7f3564602000 ---p 00000000 00:00 0 
7f3564602000-7f35646ff000 rw-p 00000000 00:00 0 
7f35646ff000-7f3564703000 ---p 00000000 00:00 0 
7f3564703000-7f35647ff000 rw-p 00000000 00:00 0 
7f35647ff000-7f35657ff000 rw-s 00000000 00:07 1146                       /dev/nvidiactl
7f35657ff000-7f35661ff000 rw-p 00000000 00:00 0 
7f35662f9000-7f35662fa000 rw-p 00000000 00:00 0 
7f35662fa000-7f35662fe000 ---p 00000000 00:00 0 
7f35662fe000-7f35663fb000 rw-p 00000000 00:00 0 
7f35663fb000-7f35663ff000 ---p 00000000 00:00 0 
7f35663ff000-7f35664fc000 rw-p 00000000 00:00 0 
7f35664fc000-7f3566500000 ---p 00000000 00:00 0 
7f3566500000-7f35665fd000 rw-p 00000000 00:00 0 
7f35665fd000-7f3566601000 ---p 00000000 00:00 0 
7f3566601000-7f35666fe000 rw-p 00000000 00:00 0 
7f35666fe000-7f3566702000 ---p 00000000 00:00 0 
7f3566702000-7f35667ff000 rw-p 00000000 00:00 0 
7f35667ff000-7f3566803000 ---p 00000000 00:00 0 
7f3566803000-7f3566900000 rw-p 00000000 00:00 0 
7f3566900000-7f3566904000 ---p 00000000 00:00 0 
7f3566904000-7f3566a00000 rw-p 00000000 00:00 0 
7f3566a00000-7f3566e00000 rw-s 00000000 00:07 1146                       /dev/nvidiactl
7f3567200000-7f3567e00000 rw-p 00000000 00:00 0 
7f3567e7b000-7f356867f000 rw-p 00000000 00:00 0 
7f356867f000-7f3568a7f000 rw-s 00000000 00:07 1146                       /dev/nvidiactl
7f3568d7b000-7f3568f7b000 rw-s 00000000 00:07 1146                       /dev/nvidiactl
7f3568f7b000-7f3568f7c000 rw-p 00000000 00:00 0 
7f3568f7c000-7f3568f80000 ---p 00000000 00:00 0 
7f3568f80000-7f356967f000 rw-p 00000000 00:00 0 
7f356967f000-7f3569a7f000 rw-s 00000000 00:07 1146                       /dev/nvidiactl
7f3569b7d000-7f3569b7e000 rw-p 00000000 00:00 0 
7f3569b7e000-7f3569b82000 ---p 00000000 00:00 0 
7f3569b82000-7f3569e7f000 rw-p 00000000 00:00 0 
7f3569e7f000-7f356de80000 rw-p 00000000 00:00 0 
7f356de80000-7f356ea00000 rw-p 00000000 00:00 0 
7f356eafe000-7f356eaff000 rw-p 00000000 00:00 0 
7f356eaff000-7f356eb03000 ---p 00000000 00:00 0 
7f356eb03000-7f356ebff000 rw-p 00000000 00:00 0 
7f356ec25000-7f356ec26000 rw-p 00000000 00:00 0 
7f356ec26000-7f356ec2a000 ---p 00000000 00:00 0 
7f356ec2a000-7f356ed27000 rw-p 00000000 00:00 0 
7f356ed27000-7f356ed2b000 ---p 00000000 00:00 0 
7f356ed2b000-7f356ee28000 rw-p 00000000 00:00 0 
7f356ee28000-7f356ee2c000 ---p 00000000 00:00 0 
7f356ee2c000-7f356ef29000 rw-p 00000000 00:00 0 
7f356ef29000-7f356ef2d000 ---p 00000000 00:00 0 
7f356ef2d000-7f356f02a000 rw-p 00000000 00:00 0 
7f356f02a000-7f356f02e000 ---p 00000000 00:00 0 
7f356f02e000-7f356f12b000 rw-p 00000000 00:00 0 
7f356f12b000-7f356f12f000 ---p 00000000 00:00 0 
7f356f12f000-7f356f22b000 rw-p 00000000 00:00 0 
7f356f22b000-7f356f27e000 r--p 00000000 103:07 230708                    /run/media/ashy/Shared/.minecraftx/instances/Gearfall Dev/.sable/natives/sable_rapier_x86_64_linux.so
7f356f27e000-7f356f3e8000 r-xp 00052000 103:07 230708                    /run/media/ashy/Shared/.minecraftx/instances/Gearfall Dev/.sable/natives/sable_rapier_x86_64_linux.so
7f356f3e8000-7f356f3f8000 r--p 001bb000 103:07 230708                    /run/media/ashy/Shared/.minecraftx/instances/Gearfall Dev/.sable/natives/sable_rapier_x86_64_linux.so
7f356f3f8000-7f356f3f9000 rw-p 001ca000 103:07 230708                    /run/media/ashy/Shared/.minecraftx/instances/Gearfall Dev/.sable/natives/sable_rapier_x86_64_linux.so
7f356f3f9000-7f356f3fa000 rw-p 00000000 00:00 0 
7f356f3fa000-7f356f5fa000 rw-s 00000000 00:07 1146                       /dev/nvidiactl
7f356f5fa000-7f356f5fb000 rw-p 00000000 00:00 0 
7f356f5fb000-7f356f5ff000 ---p 00000000 00:00 0 
7f356f5ff000-7f356f6fc000 rw-p 00000000 00:00 0 
7f356f6fc000-7f356f700000 ---p 00000000 00:00 0 
7f356f700000-7f356f7fd000 rw-p 00000000 00:00 0 
7f356f7fd000-7f356f801000 ---p 00000000 00:00 0 
7f356f801000-7f356f8fe000 rw-p 00000000 00:00 0 
7f356f8fe000-7f356f902000 ---p 00000000 00:00 0 
7f356f902000-7f356f9ff000 rw-p 00000000 00:00 0 
7f356f9ff000-7f356fa03000 ---p 00000000 00:00 0 
7f356fa03000-7f356fb00000 rw-p 00000000 00:00 0 
7f356fb00000-7f356fb04000 ---p 00000000 00:00 0 
7f356fb04000-7f356fc00000 rw-p 00000000 00:00 0 
7f356fc00000-7f3570a00000 rw-p 00000000 00:00 0 
7f3570a7f000-7f3570a80000 rw-p 00000000 00:00 0 
7f3570a80000-7f3570a84000 ---p 00000000 00:00 0 
7f3570a84000-7f3570b80000 rw-p 00000000 00:00 0 
7f3570b80000-7f3572e00000 rw-p 00000000 00:00 0 
7f3572e7c000-7f3572e7d000 rw-p 00000000 00:00 0 
7f3572e7d000-7f3572e81000 ---p 00000000 00:00 0 
7f3572e81000-7f3572f7e000 rw-p 00000000 00:00 0 
7f3572f7e000-7f3572f82000 ---p 00000000 00:00 0 
7f3572f82000-7f357307f000 rw-p 00000000 00:00 0 
7f357307f000-7f3573083000 ---p 00000000 00:00 0 
7f3573083000-7f3573180000 rw-p 00000000 00:00 0 
7f3573180000-7f3573184000 ---p 00000000 00:00 0 
7f3573184000-7f3573280000 rw-p 00000000 00:00 0 
7f3573280000-7f3575800000 rw-p 00000000 00:00 0 
7f3575889000-7f357588a000 rw-p 00000000 00:00 0 
7f357588a000-7f357588e000 ---p 00000000 00:00 0 
7f357588e000-7f357598a000 rw-p 00000000 00:00 0 
7f357598a000-7f35759a8000 r--p 00000000 103:07 94821                     /run/media/ashy/Shared/.minecraftx/versions/neoforge-21.1.248/neoforge-21.1.248-natives/libfreetype.so
7f35759a8000-7f3575b8c000 r-xp 0001e000 103:07 94821                     /run/media/ashy/Shared/.minecraftx/versions/neoforge-21.1.248/neoforge-21.1.248-natives/libfreetype.so
7f3575b8c000-7f3575bf6000 r--p 00202000 103:07 94821                     /run/media/ashy/Shared/.minecraftx/versions/neoforge-21.1.248/neoforge-21.1.248-natives/libfreetype.so
7f3575bf6000-7f3575bf7000 ---p 0026c000 103:07 94821                     /run/media/ashy/Shared/.minecraftx/versions/neoforge-21.1.248/neoforge-21.1.248-natives/libfreetype.so
7f3575bf7000-7f3575bfe000 r--p 0026c000 103:07 94821                     /run/media/ashy/Shared/.minecraftx/versions/neoforge-21.1.248/neoforge-21.1.248-natives/libfreetype.so
7f3575bfe000-7f3575c00000 rw-p 00273000 103:07 94821                     /run/media/ashy/Shared/.minecraftx/versions/neoforge-21.1.248/neoforge-21.1.248-natives/libfreetype.so
7f3575c00000-7f3579400000 rw-p 00000000 00:00 0 
7f357947f000-7f3579480000 rw-p 00000000 00:00 0 
7f3579480000-7f3579484000 ---p 00000000 00:00 0 
7f3579484000-7f3579580000 rw-p 00000000 00:00 0 
7f3579580000-7f357a600000 rw-p 00000000 00:00 0 
7f357a623000-7f357a624000 rw-p 00000000 00:00 0 
7f357a624000-7f357a628000 ---p 00000000 00:00 0 
7f357a628000-7f357a725000 rw-p 00000000 00:00 0 
7f357a725000-7f357a729000 ---p 00000000 00:00 0 
7f357a729000-7f357a826000 rw-p 00000000 00:00 0 
7f357a826000-7f357a82a000 ---p 00000000 00:00 0 
7f357a82a000-7f357a927000 rw-p 00000000 00:00 0 
7f357a927000-7f357a92b000 ---p 00000000 00:00 0 
7f357a92b000-7f357aa28000 rw-p 00000000 00:00 0 
7f357aa28000-7f357aa2c000 ---p 00000000 00:00 0 
7f357aa2c000-7f357ab29000 rw-p 00000000 00:00 0 
7f357ab29000-7f357ab2d000 ---p 00000000 00:00 0 
7f357ab2d000-7f357ac2a000 rw-p 00000000 00:00 0 
7f357ac2a000-7f357ac2e000 ---p 00000000 00:00 0 
7f357ac2e000-7f357ad2b000 rw-p 00000000 00:00 0 
7f357ad2b000-7f357ad2f000 ---p 00000000 00:00 0 
7f357ad2f000-7f357ae2c000 rw-p 00000000 00:00 0 
7f357ae2c000-7f357ae30000 ---p 00000000 00:00 0 
7f357ae30000-7f357af2d000 rw-p 00000000 00:00 0 
7f357af2d000-7f357af31000 ---p 00000000 00:00 0 
7f357af31000-7f357b02d000 rw-p 00000000 00:00 0 
7f357b02d000-7f357fffb000 rw-p 00000000 00:00 0 
7f357fffb000-7f3580000000 ---p 00000000 00:00 0 
7f35800ff000-7f3580100000 rw-p 00000000 00:00 0 
7f3580100000-7f3580104000 ---p 00000000 00:00 0 
7f3580104000-7f3580200000 rw-p 00000000 00:00 0 
7f3580200000-7f3580600000 rw-p 00000000 00:00 0 
7f35806fb000-7f35806fc000 rw-p 00000000 00:00 0 
7f35806fc000-7f3580700000 ---p 00000000 00:00 0 
7f3580700000-7f35807fd000 rw-p 00000000 00:00 0 
7f35807fd000-7f3580801000 ---p 00000000 00:00 0 
7f3580801000-7f35808fe000 rw-p 00000000 00:00 0 
7f35808fe000-7f3580902000 ---p 00000000 00:00 0 
7f3580902000-7f35809fe000 rw-p 00000000 00:00 0 
7f35809fe000-7f3580bfe000 rw-s 00000000 00:07 1146                       /dev/nvidiactl
7f3580bfe000-7f3581bff000 rw-p 00000000 00:00 0 
7f3581bff000-7f3582400000 rw-p 00000000 00:00 0 
7f3582400000-7f358249a000 r--p 00000000 00:21 4974                       /usr/lib/libstdc++.so.6.0.36
7f358249a000-7f358267a000 r-xp 0009a000 00:21 4974                       /usr/lib/libstdc++.so.6.0.36
7f358267a000-7f358271a000 r--p 0027a000 00:21 4974                       /usr/lib/libstdc++.so.6.0.36
7f358271a000-7f358272b000 r--p 0031a000 00:21 4974                       /usr/lib/libstdc++.so.6.0.36
7f358272b000-7f358272c000 rw-p 0032b000 00:21 4974                       /usr/lib/libstdc++.so.6.0.36
7f358272c000-7f3582730000 rw-p 00000000 00:00 0 
7f3582800000-7f3583000000 rw-p 00000000 00:00 0 
7f3583100000-7f3585000000 rw-p 00000000 00:00 0 
7f3585000000-7f35881c0000 rw-p 00000000 00:00 0 
7f35881c0000-7f3588d00000 rw-p 00000000 00:00 0 
7f3588d00000-7f3588e00000 rw-p 00000000 00:00 0 
7f3588e00000-7f3589000000 rw-p 00000000 00:00 0 
7f3589000000-7f3589300000 rw-p 00000000 00:00 0 
7f3589300000-7f3589400000 rw-p 00000000 00:00 0 
7f3589400000-7f358a300000 rw-p 00000000 00:00 0 
7f358a300000-7f358a400000 rw-p 00000000 00:00 0 
7f358a400000-7f358d000000 rw-p 00000000 00:00 0 
7f358d000000-7f358f800000 rw-p 00000000 00:00 0 
7f358f800000-7f3591000000 rw-p 00000000 00:00 0 
7f359103d000-7f3591050000 r--p 00000000 103:07 456462                    /run/media/ashy/Shared/.minecraftx/versions/neoforge-21.1.248/neoforge-21.1.248-natives/libopenal.so
7f3591050000-7f35910f0000 r-xp 00013000 103:07 456462                    /run/media/ashy/Shared/.minecraftx/versions/neoforge-21.1.248/neoforge-21.1.248-natives/libopenal.so
7f35910f0000-7f3591152000 r--p 000b3000 103:07 456462                    /run/media/ashy/Shared/.minecraftx/versions/neoforge-21.1.248/neoforge-21.1.248-natives/libopenal.so
7f3591152000-7f3591153000 ---p 00115000 103:07 456462                    /run/media/ashy/Shared/.minecraftx/versions/neoforge-21.1.248/neoforge-21.1.248-natives/libopenal.so
7f3591153000-7f3591158000 r--p 00115000 103:07 456462                    /run/media/ashy/Shared/.minecraftx/versions/neoforge-21.1.248/neoforge-21.1.248-natives/libopenal.so
7f3591158000-7f3591159000 rw-p 0011a000 103:07 456462                    /run/media/ashy/Shared/.minecraftx/versions/neoforge-21.1.248/neoforge-21.1.248-natives/libopenal.so
7f3591159000-7f35911d4000 rw-p 00000000 00:00 0 
7f35911d4000-7f3591a54000 rw-p 00000000 00:00 0 
7f3591a54000-7f3591a55000 rw-p 00000000 00:00 0 
7f3591a55000-7f3591a59000 ---p 00000000 00:00 0 
7f3591a59000-7f3591b56000 rw-p 00000000 00:00 0 
7f3591b56000-7f3591b5a000 ---p 00000000 00:00 0 
7f3591b5a000-7f3591c56000 rw-p 00000000 00:00 0 
7f3591c56000-7f359243f000 rw-s 00000000 00:07 1146                       /dev/nvidiactl
7f359243f000-7f3592c28000 rw-s 00000000 00:07 1146                       /dev/nvidiactl
7f3592c2b000-7f3592c38000 r--p 00000000 00:21 167454                     /usr/lib/libpipewire-0.3.so.0.1608.0
7f3592c38000-7f3592cbf000 r-xp 0000d000 00:21 167454                     /usr/lib/libpipewire-0.3.so.0.1608.0
7f3592cbf000-7f3592cdd000 r--p 00094000 00:21 167454                     /usr/lib/libpipewire-0.3.so.0.1608.0
7f3592cdd000-7f3592cf9000 r--p 000b2000 00:21 167454                     /usr/lib/libpipewire-0.3.so.0.1608.0
7f3592cf9000-7f3592cfa000 rw-p 000ce000 00:21 167454                     /usr/lib/libpipewire-0.3.so.0.1608.0
7f3592cfa000-7f3592cfb000 rw-p 00000000 00:00 0 
7f3592cfb000-7f3592cfc000 rw-p 00000000 00:00 0 
7f3592cfc000-7f3592d00000 ---p 00000000 00:00 0 
7f3592d00000-7f3592dfd000 rw-p 00000000 00:00 0 
7f3592dfd000-7f3592e01000 ---p 00000000 00:00 0 
7f3592e01000-7f3592efe000 rw-p 00000000 00:00 0 
7f3592efe000-7f3592f02000 ---p 00000000 00:00 0 
7f3592f02000-7f3592fff000 rw-p 00000000 00:00 0 
7f3592fff000-7f3593003000 ---p 00000000 00:00 0 
7f3593003000-7f3593100000 rw-p 00000000 00:00 0 
7f3593100000-7f3593104000 ---p 00000000 00:00 0 
7f3593104000-7f3593200000 rw-p 00000000 00:00 0 
7f3593200000-7f3593253000 r--p 00000000 00:21 9342                       /usr/lib/libcrypto.so.3
7f3593253000-7f35936ef000 r-xp 00053000 00:21 9342                       /usr/lib/libcrypto.so.3
7f35936ef000-7f359381b000 r--p 004ef000 00:21 9342                       /usr/lib/libcrypto.so.3
7f359381b000-7f359389a000 r--p 0061a000 00:21 9342                       /usr/lib/libcrypto.so.3
7f359389a000-7f359389d000 rw-p 00699000 00:21 9342                       /usr/lib/libcrypto.so.3
7f359389d000-7f35938a0000 rw-p 00000000 00:00 0 
7f35938fb000-7f35938fc000 rw-p 00000000 00:00 0 
7f35938fc000-7f3593900000 ---p 00000000 00:00 0 
7f3593900000-7f35939fc000 rw-p 00000000 00:00 0 
7f35939fc000-7f3593bfc000 rw-s 00000000 00:07 1146                       /dev/nvidiactl
7f3593bfc000-7f3593bfd000 rw-p 00000000 00:00 0 
7f3593bfd000-7f3593c01000 ---p 00000000 00:00 0 
7f3593c01000-7f3593cfe000 rw-p 00000000 00:00 0 
7f3593cfe000-7f3593d02000 ---p 00000000 00:00 0 
7f3593d02000-7f3593dff000 rw-p 00000000 00:00 0 
7f3593dff000-7f3593e03000 ---p 00000000 00:00 0 
7f3593e03000-7f3593f00000 rw-p 00000000 00:00 0 
7f3593f00000-7f3593f04000 ---p 00000000 00:00 0 
7f3593f04000-7f3594000000 rw-p 00000000 00:00 0 
7f3594000000-7f35941c0000 rw-p 00000000 00:00 0 
7f35941c0000-7f35949e0000 rw-p 00000000 00:00 0 
7f35949e0000-7f3595780000 rw-p 00000000 00:00 0 
7f3595780000-7f3595800000 rw-p 00000000 00:00 0 
7f3595800000-7f3596980000 rw-p 00000000 00:00 0 
7f3596980000-7f3596a00000 rw-p 00000000 00:00 0 
7f3596a00000-7f3596b00000 rw-p 00000000 00:00 0 
7f3596b00000-7f3598000000 rw-p 00000000 00:00 0 
7f3598000000-7f359bff8000 rw-p 00000000 00:00 0 
7f359bff8000-7f359c000000 ---p 00000000 00:00 0 
7f359c07b000-7f359c0fb000 rw-s 00000000 00:07 1146                       /dev/nvidiactl
7f359c0fb000-7f359c0fc000 rw-p 00000000 00:00 0 
7f359c0fc000-7f359c100000 ---p 00000000 00:00 0 
7f359c100000-7f359c1fd000 rw-p 00000000 00:00 0 
7f359c1fd000-7f359c201000 ---p 00000000 00:00 0 
7f359c201000-7f359c2fe000 rw-p 00000000 00:00 0 
7f359c2fe000-7f359c302000 ---p 00000000 00:00 0 
7f359c302000-7f359c3ff000 rw-p 00000000 00:00 0 
7f359c3ff000-7f359c403000 ---p 00000000 00:00 0 
7f359c403000-7f359c500000 rw-p 00000000 00:00 0 
7f359c500000-7f359c504000 ---p 00000000 00:00 0 
7f359c504000-7f359c600000 rw-p 00000000 00:00 0 
7f359c600000-7f359ca00000 rw-p 00000000 00:00 0 
7f359ca26000-7f359ca27000 rw-p 00000000 00:00 0 
7f359ca27000-7f359ca2b000 ---p 00000000 00:00 0 
7f359ca2b000-7f359cb28000 rw-p 00000000 00:00 0 
7f359cb28000-7f359cb2c000 ---p 00000000 00:00 0 
7f359cb2c000-7f359cc29000 rw-p 00000000 00:00 0 
7f359cc29000-7f359cc2d000 ---p 00000000 00:00 0 
7f359cc2d000-7f359cd2a000 rw-p 00000000 00:00 0 
7f359cd2a000-7f359cd2e000 ---p 00000000 00:00 0 
7f359cd2e000-7f359ce2b000 rw-p 00000000 00:00 0 
7f359ce2b000-7f359ce2f000 ---p 00000000 00:00 0 
7f359ce2f000-7f359cf2c000 rw-p 00000000 00:00 0 
7f359cf2c000-7f359cf30000 ---p 00000000 00:00 0 
7f359cf30000-7f359d02d000 rw-p 00000000 00:00 0 
7f359d02d000-7f359d031000 ---p 00000000 00:00 0 
7f359d031000-7f359d12e000 rw-p 00000000 00:00 0 
7f359d12e000-7f359d132000 ---p 00000000 00:00 0 
7f359d132000-7f359d22e000 rw-p 00000000 00:00 0 
7f359d22e000-7f359d62f000 rw-p 00000000 00:00 0 
7f359d62f000-7f359d6af000 rw-s 00000000 00:07 1146                       /dev/nvidiactl
7f359d6af000-7f359d6b0000 rw-p 00000000 00:00 0 
7f359d6b0000-7f359d6b4000 ---p 00000000 00:00 0 
7f359d6b4000-7f359d7b0000 rw-p 00000000 00:00 0 
7f359d7b0000-7f359d7b5000 r--p 00000000 00:21 16953                      /usr/lib/libudev.so.1.7.14
7f359d7b5000-7f359d7e3000 r-xp 00005000 00:21 16953                      /usr/lib/libudev.so.1.7.14
7f359d7e3000-7f359d7fa000 r--p 00033000 00:21 16953                      /usr/lib/libudev.so.1.7.14
7f359d7fa000-7f359d7ff000 r--p 0004a000 00:21 16953                      /usr/lib/libudev.so.1.7.14
7f359d7ff000-7f359d800000 rw-p 0004f000 00:21 16953                      /usr/lib/libudev.so.1.7.14
7f359d800000-7f359d81e000 r-xp 00000000 103:07 453501                    /run/media/ashy/Shared/.minecraftx/versions/neoforge-21.1.248/neoforge-21.1.248-natives/jna15475916459237222843.tmp (deleted)
7f359d81e000-7f359da1d000 ---p 0001e000 103:07 453501                    /run/media/ashy/Shared/.minecraftx/versions/neoforge-21.1.248/neoforge-21.1.248-natives/jna15475916459237222843.tmp (deleted)
7f359da1d000-7f359da1e000 rw-p 0001d000 103:07 453501                    /run/media/ashy/Shared/.minecraftx/versions/neoforge-21.1.248/neoforge-21.1.248-natives/jna15475916459237222843.tmp (deleted)
7f359da1e000-7f359da1f000 rw-p 00000000 00:00 0 
7f359dab0000-7f359dab2000 r--p 00000000 00:21 167501                     /usr/lib/pipewire-0.3/libpipewire-module-session-manager.so
7f359dab2000-7f359dad1000 r-xp 00002000 00:21 167501                     /usr/lib/pipewire-0.3/libpipewire-module-session-manager.so
7f359dad1000-7f359dad6000 r--p 00021000 00:21 167501                     /usr/lib/pipewire-0.3/libpipewire-module-session-manager.so
7f359dad6000-7f359dad8000 r--p 00025000 00:21 167501                     /usr/lib/pipewire-0.3/libpipewire-module-session-manager.so
7f359dad8000-7f359dad9000 rw-p 00027000 00:21 167501                     /usr/lib/pipewire-0.3/libpipewire-module-session-manager.so
7f359dad9000-7f359dada000 rw-p 00000000 00:00 0 
7f359dada000-7f359dade000 ---p 00000000 00:00 0 
7f359dade000-7f359dbdb000 rw-p 00000000 00:00 0 
7f359dbdb000-7f359dbdf000 ---p 00000000 00:00 0 
7f359dbdf000-7f359dcdb000 rw-p 00000000 00:00 0 
7f359dcdb000-7f359dd88000 r-xp 00000000 103:07 449581                    /run/media/ashy/Shared/.minecraftx/jre/java-runtime-delta/lib/libawt.so
7f359dd88000-7f359dd89000 ---p 000ad000 103:07 449581                    /run/media/ashy/Shared/.minecraftx/jre/java-runtime-delta/lib/libawt.so
7f359dd89000-7f359dd8a000 r--p 000ad000 103:07 449581                    /run/media/ashy/Shared/.minecraftx/jre/java-runtime-delta/lib/libawt.so
7f359dd8a000-7f359dd95000 rw-p 000ae000 103:07 449581                    /run/media/ashy/Shared/.minecraftx/jre/java-runtime-delta/lib/libawt.so
7f359dd95000-7f359ddba000 rw-p 00000000 00:00 0 
7f359ddba000-7f359ddbb000 rw-p 00000000 00:00 0 
7f359ddbb000-7f359ddbf000 ---p 00000000 00:00 0 
7f359ddbf000-7f359debc000 rw-p 00000000 00:00 0 
7f359debc000-7f359dec0000 ---p 00000000 00:00 0 
7f359dec0000-7f359dfbd000 rw-p 00000000 00:00 0 
7f359dfbd000-7f359dfc1000 ---p 00000000 00:00 0 
7f359dfc1000-7f359e0be000 rw-p 00000000 00:00 0 
7f359e0be000-7f359e0c2000 ---p 00000000 00:00 0 
7f359e0c2000-7f359e1be000 rw-p 00000000 00:00 0 
7f359e1be000-7f359e3be000 rw-s 00000000 00:07 1146                       /dev/nvidiactl
7f359e3be000-7f359e4be000 rw-s 00000000 00:07 1146                       /dev/nvidiactl
7f359e4be000-7f359e4fe000 rw-s 00000000 00:07 1146                       /dev/nvidiactl
7f359e4fe000-7f359ed00000 rw-p 00000000 00:00 0 
7f359ed00000-7f359ed04000 ---p 00000000 00:00 0 
7f359ed04000-7f359ee00000 rw-p 00000000 00:00 0 
7f359ee00000-7f359f200000 rw-p 00000000 00:00 0 
7f359f221000-7f359f228000 r--s 00000000 00:21 139723                     /usr/lib/gconv/gconv-modules.cache
7f359f228000-7f359f268000 rw-s 00000000 00:07 1146                       /dev/nvidiactl
7f359f282000-7f359f284000 r--p 00000000 00:21 167495                     /usr/lib/pipewire-0.3/libpipewire-module-metadata.so
7f359f284000-7f359f28d000 r-xp 00002000 00:21 167495                     /usr/lib/pipewire-0.3/libpipewire-module-metadata.so
7f359f28d000-7f359f28f000 r--p 0000b000 00:21 167495                     /usr/lib/pipewire-0.3/libpipewire-module-metadata.so
7f359f28f000-7f359f290000 r--p 0000c000 00:21 167495                     /usr/lib/pipewire-0.3/libpipewire-module-metadata.so
7f359f290000-7f359f291000 rw-p 0000d000 00:21 167495                     /usr/lib/pipewire-0.3/libpipewire-module-metadata.so
7f359f291000-7f359f293000 r--p 00000000 00:21 167491                     /usr/lib/pipewire-0.3/libpipewire-module-client-device.so
7f359f293000-7f359f29f000 r-xp 00002000 00:21 167491                     /usr/lib/pipewire-0.3/libpipewire-module-client-device.so
7f359f29f000-7f359f2a0000 r--p 0000e000 00:21 167491                     /usr/lib/pipewire-0.3/libpipewire-module-client-device.so
7f359f2a0000-7f359f2a1000 r--p 0000f000 00:21 167491                     /usr/lib/pipewire-0.3/libpipewire-module-client-device.so
7f359f2a1000-7f359f2a2000 rw-p 00010000 00:21 167491                     /usr/lib/pipewire-0.3/libpipewire-module-client-device.so
7f359f2a2000-7f359f2a5000 r--p 00000000 00:21 167492                     /usr/lib/pipewire-0.3/libpipewire-module-client-node.so
7f359f2a5000-7f359f2c0000 r-xp 00003000 00:21 167492                     /usr/lib/pipewire-0.3/libpipewire-module-client-node.so
7f359f2c0000-7f359f2c5000 r--p 0001e000 00:21 167492                     /usr/lib/pipewire-0.3/libpipewire-module-client-node.so
7f359f2c5000-7f359f2c7000 r--p 00022000 00:21 167492                     /usr/lib/pipewire-0.3/libpipewire-module-client-node.so
7f359f2c7000-7f359f2c8000 rw-p 00024000 00:21 167492                     /usr/lib/pipewire-0.3/libpipewire-module-client-node.so
7f359f2c8000-7f359f2c9000 rw-p 00000000 00:00 0 
7f359f2c9000-7f359f2cd000 ---p 00000000 00:00 0 
7f359f2cd000-7f359f3ca000 rw-p 00000000 00:00 0 
7f359f3ca000-7f359f3ce000 ---p 00000000 00:00 0 
7f359f3ce000-7f359f4cb000 rw-p 00000000 00:00 0 
7f359f4cb000-7f359f4cf000 ---p 00000000 00:00 0 
7f359f4cf000-7f359f5cc000 rw-p 00000000 00:00 0 
7f359f5cc000-7f359f5d0000 ---p 00000000 00:00 0 
7f359f5d0000-7f359f6cc000 rw-p 00000000 00:00 0 
7f359f6cc000-7f359f6cd000 r--p 00000000 00:21 8761                       /usr/lib/libbrotlicommon.so.1.2.0
7f359f6cd000-7f359f6ce000 r-xp 00001000 00:21 8761                       /usr/lib/libbrotlicommon.so.1.2.0
7f359f6ce000-7f359f6ed000 r--p 00002000 00:21 8761                       /usr/lib/libbrotlicommon.so.1.2.0
7f359f6ed000-7f359f6ee000 r--p 00021000 00:21 8761                       /usr/lib/libbrotlicommon.so.1.2.0
7f359f6ee000-7f359f6ef000 rw-p 00022000 00:21 8761                       /usr/lib/libbrotlicommon.so.1.2.0
7f359f6ef000-7f359f6fa000 r--p 00000000 00:21 9162                       /usr/lib/libzstd.so.1.5.7
7f359f6fa000-7f359f832000 r-xp 0000b000 00:21 9162                       /usr/lib/libzstd.so.1.5.7
7f359f832000-7f359f848000 r--p 00143000 00:21 9162                       /usr/lib/libzstd.so.1.5.7
7f359f848000-7f359f849000 r--p 00159000 00:21 9162                       /usr/lib/libzstd.so.1.5.7
7f359f849000-7f359f84a000 rw-p 0015a000 00:21 9162                       /usr/lib/libzstd.so.1.5.7
7f359f84a000-7f359f84b000 r--p 00000000 00:21 8767                       /usr/lib/libbrotlienc.so.1.2.0
7f359f84b000-7f359f8f3000 r-xp 00001000 00:21 8767                       /usr/lib/libbrotlienc.so.1.2.0
7f359f8f3000-7f359f945000 r--p 000a9000 00:21 8767                       /usr/lib/libbrotlienc.so.1.2.0
7f359f945000-7f359f946000 r--p 000fa000 00:21 8767                       /usr/lib/libbrotlienc.so.1.2.0
7f359f946000-7f359f947000 rw-p 000fb000 00:21 8767                       /usr/lib/libbrotlienc.so.1.2.0
7f359f947000-7f35a0130000 rw-s 00000000 00:07 1146                       /dev/nvidiactl
7f35a0130000-7f35a0230000 rw-s 00000000 00:07 1146                       /dev/nvidiactl
7f35a0230000-7f35a02b0000 rw-s 00000000 00:07 1146                       /dev/nvidiactl
7f35a02b0000-7f35a02f0000 rw-s 00000000 00:07 1146                       /dev/nvidiactl
7f35a02f0000-7f35a0310000 rw-s 00000000 00:07 1146                       /dev/nvidiactl
7f35a0310000-7f35a0350000 rw-s 00000000 00:07 1146                       /dev/nvidiactl
7f35a0350000-7f35a0370000 rw-s 00000000 00:07 1146                       /dev/nvidiactl
7f35a0372000-7f35a0373000 rw-p 00000000 00:00 0 
7f35a0373000-7f35a0374000 rw-p 00000000 00:00 0 
7f35a0374000-7f35a0378000 rw-s 00000000 00:07 1146                       /dev/nvidiactl
7f35a0378000-7f35a038b000 rw-s 00000000 00:07 1146                       /dev/nvidiactl
7f35a038b000-7f35a038c000 rw-s 00000000 00:07 1148                       /dev/nvidia0
7f35a038c000-7f35a03ac000 rw-s 00000000 00:07 1146                       /dev/nvidiactl
7f35a03ac000-7f35a03cc000 rw-s 00000000 00:07 1146                       /dev/nvidiactl
7f35a03cc000-7f35a040c000 rw-s 00000000 00:07 1146                       /dev/nvidiactl
7f35a040c000-7f35a042c000 rw-s 00000000 00:07 1146                       /dev/nvidiactl
7f35a042c000-7f35a045f000 r--p 00000000 103:07 456406                    /run/media/ashy/Shared/.minecraftx/versions/neoforge-21.1.248/neoforge-21.1.248-natives/liblwjgl_opengl.so
7f35a045f000-7f35a0473000 r-xp 00033000 103:07 456406                    /run/media/ashy/Shared/.minecraftx/versions/neoforge-21.1.248/neoforge-21.1.248-natives/liblwjgl_opengl.so
7f35a0473000-7f35a0483000 r--p 00047000 103:07 456406                    /run/media/ashy/Shared/.minecraftx/versions/neoforge-21.1.248/neoforge-21.1.248-natives/liblwjgl_opengl.so
7f35a0483000-7f35a0484000 r--p 00056000 103:07 456406                    /run/media/ashy/Shared/.minecraftx/versions/neoforge-21.1.248/neoforge-21.1.248-natives/liblwjgl_opengl.so
7f35a0484000-7f35a0485000 rw-p 00057000 103:07 456406                    /run/media/ashy/Shared/.minecraftx/versions/neoforge-21.1.248/neoforge-21.1.248-natives/liblwjgl_opengl.so
7f35a048a000-7f35a048c000 r--p 00000000 00:21 167490                     /usr/lib/pipewire-0.3/libpipewire-module-adapter.so
7f35a048c000-7f35a0490000 r-xp 00002000 00:21 167490                     /usr/lib/pipewire-0.3/libpipewire-module-adapter.so
7f35a0490000-7f35a0492000 r--p 00006000 00:21 167490                     /usr/lib/pipewire-0.3/libpipewire-module-adapter.so
7f35a0492000-7f35a0493000 r--p 00007000 00:21 167490                     /usr/lib/pipewire-0.3/libpipewire-module-adapter.so
7f35a0493000-7f35a0494000 rw-p 00008000 00:21 167490                     /usr/lib/pipewire-0.3/libpipewire-module-adapter.so
7f35a0494000-7f35a049b000 r-xp 00000000 103:07 449585                    /run/media/ashy/Shared/.minecraftx/jre/java-runtime-delta/lib/libawt_headless.so
7f35a049b000-7f35a049c000 r--p 00006000 103:07 449585                    /run/media/ashy/Shared/.minecraftx/jre/java-runtime-delta/lib/libawt_headless.so
7f35a049c000-7f35a049d000 rw-p 00007000 103:07 449585                    /run/media/ashy/Shared/.minecraftx/jre/java-runtime-delta/lib/libawt_headless.so
7f35a049d000-7f35a049e000 r--p 00000000 00:21 8764                       /usr/lib/libbrotlidec.so.1.2.0
7f35a049e000-7f35a04a8000 r-xp 00001000 00:21 8764                       /usr/lib/libbrotlidec.so.1.2.0
7f35a04a8000-7f35a04ab000 r--p 0000b000 00:21 8764                       /usr/lib/libbrotlidec.so.1.2.0
7f35a04ab000-7f35a04ac000 r--p 0000d000 00:21 8764                       /usr/lib/libbrotlidec.so.1.2.0
7f35a04ac000-7f35a04ad000 rw-p 0000e000 00:21 8764                       /usr/lib/libbrotlidec.so.1.2.0
7f35a04ad000-7f35a04af000 r--p 00000000 00:38 20310                      /tmp/native-7278841646714713731.so
7f35a04af000-7f35a04bb000 r-xp 00002000 00:38 20310                      /tmp/native-7278841646714713731.so
7f35a04bb000-7f35a04bd000 r--p 0000e000 00:38 20310                      /tmp/native-7278841646714713731.so
7f35a04bd000-7f35a04be000 ---p 00010000 00:38 20310                      /tmp/native-7278841646714713731.so
7f35a04be000-7f35a04bf000 r--p 00010000 00:38 20310                      /tmp/native-7278841646714713731.so
7f35a04bf000-7f35a04c0000 rw-p 00011000 00:38 20310                      /tmp/native-7278841646714713731.so
7f35a04c0000-7f35a04c7000 r--p 00000000 103:07 456417                    /run/media/ashy/Shared/.minecraftx/versions/neoforge-21.1.248/neoforge-21.1.248-natives/liblwjgl_stb.so
7f35a04c7000-7f35a052a000 r-xp 00007000 103:07 456417                    /run/media/ashy/Shared/.minecraftx/versions/neoforge-21.1.248/neoforge-21.1.248-natives/liblwjgl_stb.so
7f35a052a000-7f35a0536000 r--p 0006a000 103:07 456417                    /run/media/ashy/Shared/.minecraftx/versions/neoforge-21.1.248/neoforge-21.1.248-natives/liblwjgl_stb.so
7f35a0536000-7f35a0537000 r--p 00075000 103:07 456417                    /run/media/ashy/Shared/.minecraftx/versions/neoforge-21.1.248/neoforge-21.1.248-natives/liblwjgl_stb.so
7f35a0537000-7f35a0538000 rw-p 00076000 103:07 456417                    /run/media/ashy/Shared/.minecraftx/versions/neoforge-21.1.248/neoforge-21.1.248-natives/liblwjgl_stb.so
7f35a054f000-7f35a0558000 rw-s 00008000 00:01 65359                      /memfd:pipewire-memfd:flags=0x0000000f,type=2,size=65664 (deleted)
7f35a0558000-7f35a055a000 r--p 00000000 00:21 179058                     /usr/lib/spa-0.2/audioconvert/libspa-audioconvert.so
7f35a055a000-7f35a05bb000 r-xp 00002000 00:21 179058                     /usr/lib/spa-0.2/audioconvert/libspa-audioconvert.so
7f35a05bb000-7f35a0627000 r--p 00063000 00:21 179058                     /usr/lib/spa-0.2/audioconvert/libspa-audioconvert.so
7f35a0627000-7f35a0635000 r--p 000ce000 00:21 179058                     /usr/lib/spa-0.2/audioconvert/libspa-audioconvert.so
7f35a0635000-7f35a0638000 rw-p 000dc000 00:21 179058                     /usr/lib/spa-0.2/audioconvert/libspa-audioconvert.so
7f35a0638000-7f35a0678000 rw-s 00000000 00:07 1146                       /dev/nvidiactl
7f35a0678000-7f35a06b8000 rw-s 00000000 00:07 1146                       /dev/nvidiactl
7f35a06b8000-7f35a06cd000 r--p 00000000 00:21 16950                      /usr/lib/libsystemd.so.0.44.0
7f35a06cd000-7f35a07a6000 r-xp 00015000 00:21 16950                      /usr/lib/libsystemd.so.0.44.0
7f35a07a6000-7f35a07f5000 r--p 000ee000 00:21 16950                      /usr/lib/libsystemd.so.0.44.0
7f35a07f5000-7f35a07fe000 r--p 0013c000 00:21 16950                      /usr/lib/libsystemd.so.0.44.0
7f35a07fe000-7f35a07ff000 rw-p 00145000 00:21 16950                      /usr/lib/libsystemd.so.0.44.0
7f35a07ff000-7f35a0800000 rw-p 00000000 00:00 0 
7f35a0800000-7f35a0aab000 r--p 00000000 00:21 143551                     /usr/lib/libnvidia-gpucomp.so.580.173.02
7f35a0aab000-7f35a3b99000 r-xp 002ab000 00:21 143551                     /usr/lib/libnvidia-gpucomp.so.580.173.02
7f35a3b99000-7f35a4a09000 r--p 03399000 00:21 143551                     /usr/lib/libnvidia-gpucomp.so.580.173.02
7f35a4a09000-7f35a4a0a000 ---p 04209000 00:21 143551                     /usr/lib/libnvidia-gpucomp.so.580.173.02
7f35a4a0a000-7f35a4be1000 r--p 04209000 00:21 143551                     /usr/lib/libnvidia-gpucomp.so.580.173.02
7f35a4be1000-7f35a4cec000 rw-p 043e0000 00:21 143551                     /usr/lib/libnvidia-gpucomp.so.580.173.02
7f35a4cec000-7f35a4d8c000 rw-p 00000000 00:00 0 
7f35a4d8c000-7f35a4d8e000 rw-s 00000000 00:07 1146                       /dev/nvidiactl
7f35a4d8e000-7f35a4d8f000 rw-s 00000000 00:07 1148                       /dev/nvidia0
7f35a4d8f000-7f35a4d90000 rw-s 00000000 00:07 1148                       /dev/nvidia0
7f35a4d90000-7f35a4d91000 rw-s 00000000 00:07 1148                       /dev/nvidia0
7f35a4d91000-7f35a4d92000 rw-s 00000000 00:07 1146                       /dev/nvidiactl
7f35a4d98000-7f35a4d99000 r--p 00000000 00:38 20312                      /tmp/native-10327060781111400509.so
7f35a4d99000-7f35a4d9a000 r-xp 00001000 00:38 20312                      /tmp/native-10327060781111400509.so
7f35a4d9a000-7f35a4d9b000 r--p 00002000 00:38 20312                      /tmp/native-10327060781111400509.so
7f35a4d9b000-7f35a4d9c000 r--p 00002000 00:38 20312                      /tmp/native-10327060781111400509.so
7f35a4d9c000-7f35a4d9d000 rw-p 00003000 00:38 20312                      /tmp/native-10327060781111400509.so
7f35a4da0000-7f35a4de0000 rw-s 00000000 00:07 1146                       /dev/nvidiactl
7f35a4de4000-7f35a4de5000 rw-s 00000000 00:07 1146                       /dev/nvidiactl
7f35a4de9000-7f35a4dfc000 rw-s 00000000 00:07 1146                       /dev/nvidiactl
7f35a4dfc000-7f35a4dfd000 rw-s 00000000 00:07 1148                       /dev/nvidia0
7f35a4dfd000-7f35a4dff000 rw-s 00000000 00:07 1146                       /dev/nvidiactl
7f35a4dff000-7f35a4e00000 rw-s 00000000 00:07 1148                       /dev/nvidia0
7f35a4e00000-7f35a5059000 r-xp 00000000 00:21 143545                     /usr/lib/libnvidia-glcore.so.580.173.02
7f35a5059000-7f35a507a000 rwxp 00259000 00:21 143545                     /usr/lib/libnvidia-glcore.so.580.173.02
7f35a507a000-7f35a5200000 r-xp 0027a000 00:21 143545                     /usr/lib/libnvidia-glcore.so.580.173.02
7f35a5200000-7f35a5e00000 r-xp 00400000 00:21 143545                     /usr/lib/libnvidia-glcore.so.580.173.02
7f35a5e00000-7f35a6f7b000 r-xp 01000000 00:21 143545                     /usr/lib/libnvidia-glcore.so.580.173.02
7f35a6f7b000-7f35a70f6000 r--p 0217a000 00:21 143545                     /usr/lib/libnvidia-glcore.so.580.173.02
7f35a70f6000-7f35a7159000 rw-p 022f5000 00:21 143545                     /usr/lib/libnvidia-glcore.so.580.173.02
7f35a7159000-7f35a7179000 rw-p 00000000 00:00 0 
7f35a7179000-7f35a717a000 rw-s 00000000 00:07 1148                       /dev/nvidia0
7f35a717a000-7f35a717e000 r--p 00000000 00:21 143530                     /usr/lib/libnvidia-allocator.so.580.173.02
7f35a717e000-7f35a7197000 r-xp 00004000 00:21 143530                     /usr/lib/libnvidia-allocator.so.580.173.02
7f35a7197000-7f35a71a2000 r--p 0001d000 00:21 143530                     /usr/lib/libnvidia-allocator.so.580.173.02
7f35a71a2000-7f35a71a3000 r--p 00027000 00:21 143530                     /usr/lib/libnvidia-allocator.so.580.173.02
7f35a71a3000-7f35a71a4000 rw-p 00028000 00:21 143530                     /usr/lib/libnvidia-allocator.so.580.173.02
7f35a71a4000-7f35a71a6000 rw-p 00000000 00:00 0 
7f35a71a6000-7f35a71b4000 r--p 00000000 00:21 26897                      /usr/lib/libdbus-1.so.3.38.3
7f35a71b4000-7f35a71eb000 r-xp 0000e000 00:21 26897                      /usr/lib/libdbus-1.so.3.38.3
7f35a71eb000-7f35a71fd000 r--p 00045000 00:21 26897                      /usr/lib/libdbus-1.so.3.38.3
7f35a71fd000-7f35a71ff000 r--p 00056000 00:21 26897                      /usr/lib/libdbus-1.so.3.38.3
7f35a71ff000-7f35a7200000 rw-p 00058000 00:21 26897                      /usr/lib/libdbus-1.so.3.38.3
7f35a7200000-7f35a7a00000 rw-p 00000000 00:00 0 
7f35a7a00000-7f35a7a02000 rw-s 00000000 00:01 66085                      /memfd:/.glXXXXXX (deleted)
7f35a7a02000-7f35a7a03000 rw-s 00000000 00:07 1146                       /dev/nvidiactl
7f35a7a03000-7f35a7a16000 rw-s 00000000 00:07 1146                       /dev/nvidiactl
7f35a7a16000-7f35a7a1b000 r--p 00000000 00:21 63249                      /usr/lib/libdrm.so.2.134.0
7f35a7a1b000-7f35a7a29000 r-xp 00005000 00:21 63249                      /usr/lib/libdrm.so.2.134.0
7f35a7a29000-7f35a7a2d000 r--p 00013000 00:21 63249                      /usr/lib/libdrm.so.2.134.0
7f35a7a2d000-7f35a7a2e000 r--p 00017000 00:21 63249                      /usr/lib/libdrm.so.2.134.0
7f35a7a2e000-7f35a7a2f000 rw-p 00018000 00:21 63249                      /usr/lib/libdrm.so.2.134.0
7f35a7a2f000-7f35a7a32000 r--p 00000000 00:21 59406                      /usr/lib/libxcb-xfixes.so.0.0.0
7f35a7a32000-7f35a7a35000 r-xp 00003000 00:21 59406                      /usr/lib/libxcb-xfixes.so.0.0.0
7f35a7a35000-7f35a7a36000 r--p 00006000 00:21 59406                      /usr/lib/libxcb-xfixes.so.0.0.0
7f35a7a36000-7f35a7a37000 r--p 00007000 00:21 59406                      /usr/lib/libxcb-xfixes.so.0.0.0
7f35a7a37000-7f35a7a38000 rw-p 00008000 00:21 59406                      /usr/lib/libxcb-xfixes.so.0.0.0
7f35a7a38000-7f35a7a48000 r--p 00000000 00:21 143547                     /usr/lib/libnvidia-glsi.so.580.173.02
7f35a7a48000-7f35a7aa8000 r-xp 00010000 00:21 143547                     /usr/lib/libnvidia-glsi.so.580.173.02
7f35a7aa8000-7f35a7ac5000 r--p 00070000 00:21 143547                     /usr/lib/libnvidia-glsi.so.580.173.02
7f35a7ac5000-7f35a7acb000 r--p 0008c000 00:21 143547                     /usr/lib/libnvidia-glsi.so.580.173.02
7f35a7acb000-7f35a7acc000 rw-p 00092000 00:21 143547                     /usr/lib/libnvidia-glsi.so.580.173.02
7f35a7acc000-7f35a7ad4000 rw-p 00000000 00:00 0 
7f35a7ad4000-7f35a7b25000 r--p 00000000 00:21 143518                     /usr/lib/libGLX_nvidia.so.580.173.02
7f35a7b25000-7f35a7b82000 r-xp 00051000 00:21 143518                     /usr/lib/libGLX_nvidia.so.580.173.02
7f35a7b82000-7f35a7bb7000 rwxp 000ae000 00:21 143518                     /usr/lib/libGLX_nvidia.so.580.173.02
7f35a7bb7000-7f35a7bb8000 r-xp 000e3000 00:21 143518                     /usr/lib/libGLX_nvidia.so.580.173.02
7f35a7bb8000-7f35a7bd8000 r--p 000e4000 00:21 143518                     /usr/lib/libGLX_nvidia.so.580.173.02
7f35a7bd8000-7f35a7bf8000 r--p 00103000 00:21 143518                     /usr/lib/libGLX_nvidia.so.580.173.02
7f35a7bf8000-7f35a7bfd000 rw-p 00123000 00:21 143518                     /usr/lib/libGLX_nvidia.so.580.173.02
7f35a7bfd000-7f35a7bff000 rw-p 00000000 00:00 0 
7f35a8000000-7f35a8500000 rw-p 00000000 00:00 0 
7f35a8500000-7f35a8520000 rw-p 00000000 00:00 0 
7f35a8520000-7f35a8540000 rw-p 00000000 00:00 0 
7f35a8540000-7f35a8580000 rw-p 00000000 00:00 0 
7f35a8580000-7f35a8700000 rw-p 00000000 00:00 0 
7f35a8700000-7f35a8720000 rw-p 00000000 00:00 0 
7f35a8720000-7f35a8740000 rw-p 00000000 00:00 0 
7f35a8740000-7f35a8780000 rw-p 00000000 00:00 0 
7f35a8780000-7f35a8a00000 rw-p 00000000 00:00 0 
7f35a8a00000-7f35a8b00000 rw-p 00000000 00:00 0 
7f35a8b00000-7f35a8d00000 rw-p 00000000 00:00 0 
7f35a8d00000-7f35a8f00000 rw-p 00000000 00:00 0 
7f35a8f00000-7f35a9000000 rw-p 00000000 00:00 0 
7f35a9000000-7f35a9100000 rw-p 00000000 00:00 0 
7f35a9100000-7f35a9200000 rw-p 00000000 00:00 0 
7f35a9200000-7f35a9280000 rw-p 00000000 00:00 0 
7f35a9280000-7f35a9300000 rw-p 00000000 00:00 0 
7f35a9300000-7f35a9440000 rw-p 00000000 00:00 0 
7f35a9440000-7f35a9480000 rw-p 00000000 00:00 0 
7f35a9480000-7f35a9500000 rw-p 00000000 00:00 0 
7f35a9500000-7f35a9700000 rw-p 00000000 00:00 0 
7f35a9700000-7f35a9800000 rw-p 00000000 00:00 0 
7f35a9800000-7f35a9900000 rw-p 00000000 00:00 0 
7f35a9900000-7f35a9a00000 rw-p 00000000 00:00 0 
7f35a9a00000-7f35a9dc0000 rw-p 00000000 00:00 0 
7f35a9dc0000-7f35a9de0000 rw-p 00000000 00:00 0 
7f35a9de0000-7f35a9f40000 rw-p 00000000 00:00 0 
7f35a9f40000-7f35a9f60000 rw-p 00000000 00:00 0 
7f35a9f60000-7f35aa1e0000 rw-p 00000000 00:00 0 
7f35aa1e0000-7f35aa300000 rw-p 00000000 00:00 0 
7f35aa300000-7f35aa400000 rw-p 00000000 00:00 0 
7f35aa400000-7f35aa500000 rw-p 00000000 00:00 0 
7f35aa500000-7f35aa600000 rw-p 00000000 00:00 0 
7f35aa600000-7f35aa700000 rw-p 00000000 00:00 0 
7f35aa700000-7f35aa800000 rw-p 00000000 00:00 0 
7f35aa800000-7f35aac00000 rw-p 00000000 00:00 0 
7f35aac00000-7f35ab380000 rw-p 00000000 00:00 0 
7f35ab380000-7f35ab400000 rw-p 00000000 00:00 0 
7f35ab400000-7f35ac000000 rw-p 00000000 00:00 0 
7f35ac000000-7f35ae4c7000 rw-p 00000000 00:00 0 
7f35ae4c7000-7f35b0000000 ---p 00000000 00:00 0 
7f35b0000000-7f35b20f7000 rw-p 00000000 00:00 0 
7f35b20f7000-7f35b4000000 ---p 00000000 00:00 0 
7f35b4000000-7f35b6318000 rw-p 00000000 00:00 0 
7f35b6318000-7f35b8000000 ---p 00000000 00:00 0 
7f35b8000000-7f35b8004000 rw-s 00000000 00:07 1146                       /dev/nvidiactl
7f35b8004000-7f35b8005000 rw-s 00000000 00:07 1148                       /dev/nvidia0
7f35b8005000-7f35b8007000 rw-s 00000000 00:07 1146                       /dev/nvidiactl
7f35b8007000-7f35b800a000 r--p 00000000 00:21 59400                      /usr/lib/libxcb-sync.so.1.0.0
7f35b800a000-7f35b800d000 r-xp 00003000 00:21 59400                      /usr/lib/libxcb-sync.so.1.0.0
7f35b800d000-7f35b800e000 r--p 00006000 00:21 59400                      /usr/lib/libxcb-sync.so.1.0.0
7f35b800e000-7f35b800f000 r--p 00007000 00:21 59400                      /usr/lib/libxcb-sync.so.1.0.0
7f35b800f000-7f35b8010000 rw-p 00008000 00:21 59400                      /usr/lib/libxcb-sync.so.1.0.0
7f35b8010000-7f35b8011000 r--p 00000000 00:21 59376                      /usr/lib/libxcb-present.so.0.0.0
7f35b8011000-7f35b8012000 r-xp 00001000 00:21 59376                      /usr/lib/libxcb-present.so.0.0.0
7f35b8012000-7f35b8013000 r--p 00002000 00:21 59376                      /usr/lib/libxcb-present.so.0.0.0
7f35b8013000-7f35b8014000 r--p 00002000 00:21 59376                      /usr/lib/libxcb-present.so.0.0.0
7f35b8014000-7f35b8015000 rw-p 00003000 00:21 59376                      /usr/lib/libxcb-present.so.0.0.0
7f35b8015000-7f35b8017000 r--p 00000000 00:21 59370                      /usr/lib/libxcb-dri3.so.0.1.0
7f35b8017000-7f35b8019000 r-xp 00002000 00:21 59370                      /usr/lib/libxcb-dri3.so.0.1.0
7f35b8019000-7f35b801a000 r--p 00004000 00:21 59370                      /usr/lib/libxcb-dri3.so.0.1.0
7f35b801a000-7f35b801b000 r--p 00004000 00:21 59370                      /usr/lib/libxcb-dri3.so.0.1.0
7f35b801b000-7f35b801c000 rw-p 00005000 00:21 59370                      /usr/lib/libxcb-dri3.so.0.1.0
7f35b801c000-7f35b8023000 r--p 00000000 00:21 59379                      /usr/lib/libxcb-randr.so.0.1.0
7f35b8023000-7f35b8029000 r-xp 00007000 00:21 59379                      /usr/lib/libxcb-randr.so.0.1.0
7f35b8029000-7f35b802c000 r--p 0000d000 00:21 59379                      /usr/lib/libxcb-randr.so.0.1.0
7f35b802c000-7f35b802d000 r--p 00010000 00:21 59379                      /usr/lib/libxcb-randr.so.0.1.0
7f35b802d000-7f35b802e000 rw-p 00011000 00:21 59379                      /usr/lib/libxcb-randr.so.0.1.0
7f35b802e000-7f35b803a000 r--p 00000000 00:21 59373                      /usr/lib/libxcb-glx.so.0.0.0
7f35b803a000-7f35b8043000 r-xp 0000c000 00:21 59373                      /usr/lib/libxcb-glx.so.0.0.0
7f35b8043000-7f35b8048000 r--p 00015000 00:21 59373                      /usr/lib/libxcb-glx.so.0.0.0
7f35b8048000-7f35b804a000 r--p 0001a000 00:21 59373                      /usr/lib/libxcb-glx.so.0.0.0
7f35b804a000-7f35b804b000 rw-p 0001c000 00:21 59373                      /usr/lib/libxcb-glx.so.0.0.0
7f35b804b000-7f35b804c000 r--p 00000000 00:21 143581                     /usr/lib/libnvidia-tls.so.580.173.02
7f35b804c000-7f35b804e000 r-xp 00001000 00:21 143581                     /usr/lib/libnvidia-tls.so.580.173.02
7f35b804e000-7f35b804f000 r--p 00003000 00:21 143581                     /usr/lib/libnvidia-tls.so.580.173.02
7f35b804f000-7f35b8050000 r--p 00003000 00:21 143581                     /usr/lib/libnvidia-tls.so.580.173.02
7f35b8050000-7f35b8051000 rw-p 00004000 00:21 143581                     /usr/lib/libnvidia-tls.so.580.173.02
7f35b8051000-7f35b8053000 r--p 00000000 00:21 131477                     /usr/lib/libGLdispatch.so.0.0.0
7f35b8053000-7f35b8056000 r-xp 00002000 00:21 131477                     /usr/lib/libGLdispatch.so.0.0.0
7f35b8056000-7f35b8091000 r-xp 00005000 00:21 131477                     /usr/lib/libGLdispatch.so.0.0.0
7f35b8091000-7f35b8092000 r-xp 00040000 00:21 131477                     /usr/lib/libGLdispatch.so.0.0.0
7f35b8092000-7f35b80a5000 r--p 00041000 00:21 131477                     /usr/lib/libGLdispatch.so.0.0.0
7f35b80a5000-7f35b80c1000 r--p 00054000 00:21 131477                     /usr/lib/libGLdispatch.so.0.0.0
7f35b80c1000-7f35b80c2000 rw-p 00070000 00:21 131477                     /usr/lib/libGLdispatch.so.0.0.0
7f35b80c2000-7f35b80ca000 rw-p 00000000 00:00 0 
7f35b80ca000-7f35b80cc000 r--p 00000000 00:21 131474                     /usr/lib/libGLX.so.0.0.0
7f35b80cc000-7f35b80e7000 r-xp 00002000 00:21 131474                     /usr/lib/libGLX.so.0.0.0
7f35b80e7000-7f35b80ea000 r--p 0001d000 00:21 131474                     /usr/lib/libGLX.so.0.0.0
7f35b80ea000-7f35b80eb000 r--p 00020000 00:21 131474                     /usr/lib/libGLX.so.0.0.0
7f35b80eb000-7f35b80ec000 rw-p 00021000 00:21 131474                     /usr/lib/libGLX.so.0.0.0
7f35b80ec000-7f35b80fc000 rw-p 00000000 00:00 0 
7f35b80fc000-7f35b80fd000 r--p 00000000 00:21 61789                      /usr/lib/libX11-xcb.so.1.0.0
7f35b80fd000-7f35b80fe000 r-xp 00001000 00:21 61789                      /usr/lib/libX11-xcb.so.1.0.0
7f35b80fe000-7f35b80ff000 r--p 00002000 00:21 61789                      /usr/lib/libX11-xcb.so.1.0.0
7f35b80ff000-7f35b8100000 r--p 00002000 00:21 61789                      /usr/lib/libX11-xcb.so.1.0.0
7f35b8100000-7f35b8101000 rw-p 00003000 00:21 61789                      /usr/lib/libX11-xcb.so.1.0.0
7f35b8101000-7f35b8104000 r--p 00000000 00:21 149779                     /usr/lib/libXcursor.so.1.0.2
7f35b8104000-7f35b810b000 r-xp 00003000 00:21 149779                     /usr/lib/libXcursor.so.1.0.2
7f35b810b000-7f35b810d000 r--p 0000a000 00:21 149779                     /usr/lib/libXcursor.so.1.0.2
7f35b810d000-7f35b810e000 r--p 0000c000 00:21 149779                     /usr/lib/libXcursor.so.1.0.2
7f35b810e000-7f35b810f000 rw-p 0000d000 00:21 149779                     /usr/lib/libXcursor.so.1.0.2
7f35b810f000-7f35b8111000 r--p 00000000 00:21 63113                      /usr/lib/libXrender.so.1.3.0
7f35b8111000-7f35b8119000 r-xp 00002000 00:21 63113                      /usr/lib/libXrender.so.1.3.0
7f35b8119000-7f35b811b000 r--p 0000a000 00:21 63113                      /usr/lib/libXrender.so.1.3.0
7f35b811b000-7f35b811c000 r--p 0000b000 00:21 63113                      /usr/lib/libXrender.so.1.3.0
7f35b811c000-7f35b811d000 rw-p 0000c000 00:21 63113                      /usr/lib/libXrender.so.1.3.0
7f35b811d000-7f35b811f000 r--p 00000000 00:21 149878                     /usr/lib/libXrandr.so.2.2.0
7f35b811f000-7f35b8128000 r-xp 00002000 00:21 149878                     /usr/lib/libXrandr.so.2.2.0
7f35b8128000-7f35b812a000 r--p 0000b000 00:21 149878                     /usr/lib/libXrandr.so.2.2.0
7f35b812a000-7f35b812b000 r--p 0000c000 00:21 149878                     /usr/lib/libXrandr.so.2.2.0
7f35b812b000-7f35b812c000 rw-p 0000d000 00:21 149878                     /usr/lib/libXrandr.so.2.2.0
7f35b812c000-7f35b812f000 r--p 00000000 00:21 148001                     /usr/lib/libXi.so.6.1.0
7f35b812f000-7f35b813e000 r-xp 00003000 00:21 148001                     /usr/lib/libXi.so.6.1.0
7f35b813e000-7f35b8141000 r--p 00012000 00:21 148001                     /usr/lib/libXi.so.6.1.0
7f35b8141000-7f35b8142000 r--p 00014000 00:21 148001                     /usr/lib/libXi.so.6.1.0
7f35b8142000-7f35b8143000 rw-p 00015000 00:21 148001                     /usr/lib/libXi.so.6.1.0
7f35b8143000-7f35b815a000 r--p 00000000 00:21 61792                      /usr/lib/libX11.so.6.4.0
7f35b815a000-7f35b8210000 r-xp 00017000 00:21 61792                      /usr/lib/libX11.so.6.4.0
7f35b8210000-7f35b82a5000 r--p 000cd000 00:21 61792                      /usr/lib/libX11.so.6.4.0
7f35b82a5000-7f35b82a8000 r--p 00162000 00:21 61792                      /usr/lib/libX11.so.6.4.0
7f35b82a8000-7f35b82ab000 rw-p 00165000 00:21 61792                      /usr/lib/libX11.so.6.4.0
7f35b82ab000-7f35b82ac000 rw-p 00000000 00:00 0 
7f35b82ac000-7f35b82ba000 r--p 00000000 103:07 456405                    /run/media/ashy/Shared/.minecraftx/versions/neoforge-21.1.248/neoforge-21.1.248-natives/libglfw.so
7f35b82ba000-7f35b82d9000 r-xp 0000e000 103:07 456405                    /run/media/ashy/Shared/.minecraftx/versions/neoforge-21.1.248/neoforge-21.1.248-natives/libglfw.so
7f35b82d9000-7f35b830c000 r--p 0002d000 103:07 456405                    /run/media/ashy/Shared/.minecraftx/versions/neoforge-21.1.248/neoforge-21.1.248-natives/libglfw.so
7f35b830c000-7f35b830d000 ---p 00060000 103:07 456405                    /run/media/ashy/Shared/.minecraftx/versions/neoforge-21.1.248/neoforge-21.1.248-natives/libglfw.so
7f35b830d000-7f35b8310000 r--p 00060000 103:07 456405                    /run/media/ashy/Shared/.minecraftx/versions/neoforge-21.1.248/neoforge-21.1.248-natives/libglfw.so
7f35b8310000-7f35b8313000 rw-p 00063000 103:07 456405                    /run/media/ashy/Shared/.minecraftx/versions/neoforge-21.1.248/neoforge-21.1.248-natives/libglfw.so
7f35b8313000-7f35b8336000 rw-p 00000000 00:00 0 
7f35b8336000-7f35b833e000 r--p 00000000 103:07 456404                    /run/media/ashy/Shared/.minecraftx/versions/neoforge-21.1.248/neoforge-21.1.248-natives/libjemalloc.so
7f35b833e000-7f35b8393000 r-xp 00008000 103:07 456404                    /run/media/ashy/Shared/.minecraftx/versions/neoforge-21.1.248/neoforge-21.1.248-natives/libjemalloc.so
7f35b8393000-7f35b83a3000 r--p 0005d000 103:07 456404                    /run/media/ashy/Shared/.minecraftx/versions/neoforge-21.1.248/neoforge-21.1.248-natives/libjemalloc.so
7f35b83a3000-7f35b83a4000 ---p 0006d000 103:07 456404                    /run/media/ashy/Shared/.minecraftx/versions/neoforge-21.1.248/neoforge-21.1.248-natives/libjemalloc.so
7f35b83a4000-7f35b83aa000 r--p 0006d000 103:07 456404                    /run/media/ashy/Shared/.minecraftx/versions/neoforge-21.1.248/neoforge-21.1.248-natives/libjemalloc.so
7f35b83aa000-7f35b83ab000 rw-p 00073000 103:07 456404                    /run/media/ashy/Shared/.minecraftx/versions/neoforge-21.1.248/neoforge-21.1.248-natives/libjemalloc.so
7f35b83ab000-7f35b85b5000 rw-p 00000000 00:00 0 
7f35b85b5000-7f35b85b6000 rw-p 00000000 00:00 0 
7f35b85b6000-7f35b85ba000 ---p 00000000 00:00 0 
7f35b85ba000-7f35b89ba000 rw-p 00000000 00:00 0 
7f35b89ba000-7f35b89be000 ---p 00000000 00:00 0 
7f35b89be000-7f35b8abb000 rw-p 00000000 00:00 0 
7f35b8abb000-7f35b8abf000 ---p 00000000 00:00 0 
7f35b8abf000-7f35b8bbc000 rw-p 00000000 00:00 0 
7f35b8bbc000-7f35b8bc0000 ---p 00000000 00:00 0 
7f35b8bc0000-7f35b8cbd000 rw-p 00000000 00:00 0 
7f35b8cbd000-7f35b8cc1000 ---p 00000000 00:00 0 
7f35b8cc1000-7f35b8dbe000 rw-p 00000000 00:00 0 
7f35b8dbe000-7f35b8dc2000 ---p 00000000 00:00 0 
7f35b8dc2000-7f35b8ebf000 rw-p 00000000 00:00 0 
7f35b8ebf000-7f35b8ec3000 ---p 00000000 00:00 0 
7f35b8ec3000-7f35b8fc0000 rw-p 00000000 00:00 0 
7f35b8fc0000-7f35b8fc4000 ---p 00000000 00:00 0 
7f35b8fc4000-7f35b90c0000 rw-p 00000000 00:00 0 
7f35b90c0000-7f35b90c1000 rw-s 00000000 00:07 1148                       /dev/nvidia0
7f35b90c1000-7f35b90e1000 rw-s 00000000 00:07 1146                       /dev/nvidiactl
7f35b90e1000-7f35b9121000 rw-s 00000000 00:07 1146                       /dev/nvidiactl
7f35b9121000-7f35b9122000 r--p 00000000 00:00 0 
7f35b9122000-7f35b9123000 rw-p 00000000 00:00 0 
7f35b9123000-7f35b9127000 ---p 00000000 00:00 0 
7f35b9127000-7f35b9224000 rw-p 00000000 00:00 0 
7f35b9224000-7f35b9228000 ---p 00000000 00:00 0 
7f35b9228000-7f35b9324000 rw-p 00000000 00:00 0 
7f35b9324000-7f35b9328000 rw-s 00000000 00:07 1146                       /dev/nvidiactl
7f35b9328000-7f35b9351000 r--p 00000000 103:07 456403                    /run/media/ashy/Shared/.minecraftx/versions/neoforge-21.1.248/neoforge-21.1.248-natives/liblwjgl.so
7f35b9351000-7f35b9383000 r-xp 00029000 103:07 456403                    /run/media/ashy/Shared/.minecraftx/versions/neoforge-21.1.248/neoforge-21.1.248-natives/liblwjgl.so
7f35b9383000-7f35b939c000 r--p 0005b000 103:07 456403                    /run/media/ashy/Shared/.minecraftx/versions/neoforge-21.1.248/neoforge-21.1.248-natives/liblwjgl.so
7f35b939c000-7f35b939d000 r--p 00073000 103:07 456403                    /run/media/ashy/Shared/.minecraftx/versions/neoforge-21.1.248/neoforge-21.1.248-natives/liblwjgl.so
7f35b939d000-7f35b939e000 rw-p 00074000 103:07 456403                    /run/media/ashy/Shared/.minecraftx/versions/neoforge-21.1.248/neoforge-21.1.248-natives/liblwjgl.so
7f35b939e000-7f35b98a4000 rw-p 00000000 00:00 0 
7f35b98a4000-7f35b98a8000 ---p 00000000 00:00 0 
7f35b98a8000-7f35b99a4000 rw-p 00000000 00:00 0 
7f35b99a4000-7f35b99a7000 r--p 00000000 00:21 16946                      /usr/lib/libnss_resolve.so.2
7f35b99a7000-7f35b99da000 r-xp 00003000 00:21 16946                      /usr/lib/libnss_resolve.so.2
7f35b99da000-7f35b99f2000 r--p 00036000 00:21 16946                      /usr/lib/libnss_resolve.so.2
7f35b99f2000-7f35b99f9000 r--p 0004e000 00:21 16946                      /usr/lib/libnss_resolve.so.2
7f35b99f9000-7f35b99fa000 rw-p 00055000 00:21 16946                      /usr/lib/libnss_resolve.so.2
7f35b99fa000-7f35b99fb000 rw-p 00000000 00:00 0 
7f35b99fb000-7f35b99ff000 ---p 00000000 00:00 0 
7f35b99ff000-7f35b9afc000 rw-p 00000000 00:00 0 
7f35b9afc000-7f35b9b00000 ---p 00000000 00:00 0 
7f35b9b00000-7f35b9bfd000 rw-p 00000000 00:00 0 
7f35b9bfd000-7f35b9c01000 ---p 00000000 00:00 0 
7f35b9c01000-7f35b9cfe000 rw-p 00000000 00:00 0 
7f35b9cfe000-7f35b9d02000 ---p 00000000 00:00 0 
7f35b9d02000-7f35b9dff000 rw-p 00000000 00:00 0 
7f35b9dff000-7f35b9e03000 ---p 00000000 00:00 0 
7f35b9e03000-7f35b9f00000 rw-p 00000000 00:00 0 
7f35b9f00000-7f35b9f04000 ---p 00000000 00:00 0 
7f35b9f04000-7f35ba000000 rw-p 00000000 00:00 0 
7f35ba000000-7f35bde02000 rw-p 00000000 00:00 0 
7f35bde02000-7f35c0000000 ---p 00000000 00:00 0 
7f35c0000000-7f35c2a11000 rw-p 00000000 00:00 0 
7f35c2a11000-7f35c4000000 ---p 00000000 00:00 0 
7f35c4000000-7f35c7f34000 rw-p 00000000 00:00 0 
7f35c7f34000-7f35c8000000 ---p 00000000 00:00 0 
7f35c8000000-7f35c800c000 r--p 00000000 00:21 59427                      /usr/lib/libxcb.so.1.1.0
7f35c800c000-7f35c8022000 r-xp 0000c000 00:21 59427                      /usr/lib/libxcb.so.1.1.0
7f35c8022000-7f35c802b000 r--p 00022000 00:21 59427                      /usr/lib/libxcb.so.1.1.0
7f35c802b000-7f35c802c000 r--p 0002a000 00:21 59427                      /usr/lib/libxcb.so.1.1.0
7f35c802c000-7f35c802d000 rw-p 0002b000 00:21 59427                      /usr/lib/libxcb.so.1.1.0
7f35c802d000-7f35c80fb000 r-xp 00000000 103:07 449599                    /run/media/ashy/Shared/.minecraftx/jre/java-runtime-delta/lib/libjsvml.so
7f35c80fb000-7f35c80fc000 r--p 000cd000 103:07 449599                    /run/media/ashy/Shared/.minecraftx/jre/java-runtime-delta/lib/libjsvml.so
7f35c80fc000-7f35c80fd000 rw-p 000ce000 103:07 449599                    /run/media/ashy/Shared/.minecraftx/jre/java-runtime-delta/lib/libjsvml.so
7f35c80fd000-7f35c80fe000 rw-p 00000000 00:00 0 
7f35c80fe000-7f35c8102000 ---p 00000000 00:00 0 
7f35c8102000-7f35c81ff000 rw-p 00000000 00:00 0 
7f35c81ff000-7f35c8203000 ---p 00000000 00:00 0 
7f35c8203000-7f35c8300000 rw-p 00000000 00:00 0 
7f35c8300000-7f35c8304000 ---p 00000000 00:00 0 
7f35c8304000-7f35c8400000 rw-p 00000000 00:00 0 
7f35c8400000-7f35c86ed000 r--p 00000000 00:21 141812                     /usr/lib/locale/locale-archive
7f35c86ed000-7f35c86ee000 rw-s 00000000 00:07 1148                       /dev/nvidia0
7f35c86ee000-7f35c86ef000 r--p 00000000 00:21 149862                     /usr/lib/libXinerama.so.1.0.0
7f35c86ef000-7f35c86f0000 r-xp 00001000 00:21 149862                     /usr/lib/libXinerama.so.1.0.0
7f35c86f0000-7f35c86f1000 r--p 00002000 00:21 149862                     /usr/lib/libXinerama.so.1.0.0
7f35c86f1000-7f35c86f2000 r--p 00002000 00:21 149862                     /usr/lib/libXinerama.so.1.0.0
7f35c86f2000-7f35c86f3000 rw-p 00003000 00:21 149862                     /usr/lib/libXinerama.so.1.0.0
7f35c86f3000-7f35c86f4000 rw-p 00000000 00:00 0 
7f35c86f4000-7f35c86f8000 ---p 00000000 00:00 0 
7f35c86f8000-7f35c8bf8000 rw-p 00000000 00:00 0 
7f35c8bf8000-7f35cd210000 rw-p 00000000 00:00 0 
7f35cd210000-7f35d12e0000 ---p 00000000 00:00 0 
7f35d12e0000-7f35d1400000 rw-p 00000000 00:00 0 
7f35d1400000-7f35d5720000 rwxp 00000000 00:00 0 
7f35d5720000-7f35d8937000 ---p 00000000 00:00 0 
7f35d8937000-7f35d8ec9000 rwxp 00000000 00:00 0 
7f35d8ec9000-7f35db2b9000 rwxp 00000000 00:00 0 
7f35db2b9000-7f35e0400000 ---p 00000000 00:00 0 
7f35e0400000-7f35e0401000 rw-s 00000000 00:07 1148                       /dev/nvidia0
7f35e0401000-7f35e0402000 rw-s 00000000 00:07 1148                       /dev/nvidia0
7f35e0402000-7f35e0404000 r--p 00000000 00:21 147988                     /usr/lib/libXfixes.so.3.1.0
7f35e0404000-7f35e0407000 r-xp 00002000 00:21 147988                     /usr/lib/libXfixes.so.3.1.0
7f35e0407000-7f35e0408000 r--p 00005000 00:21 147988                     /usr/lib/libXfixes.so.3.1.0
7f35e0408000-7f35e0409000 r--p 00006000 00:21 147988                     /usr/lib/libXfixes.so.3.1.0
7f35e0409000-7f35e040a000 rw-p 00007000 00:21 147988                     /usr/lib/libXfixes.so.3.1.0
7f35e040a000-7f35e040e000 r--p 00000000 00:21 63035                      /usr/lib/libXext.so.6.4.0
7f35e040e000-7f35e041e000 r-xp 00004000 00:21 63035                      /usr/lib/libXext.so.6.4.0
7f35e041e000-7f35e0422000 r--p 00014000 00:21 63035                      /usr/lib/libXext.so.6.4.0
7f35e0422000-7f35e0423000 r--p 00017000 00:21 63035                      /usr/lib/libXext.so.6.4.0
7f35e0423000-7f35e0424000 rw-p 00018000 00:21 63035                      /usr/lib/libXext.so.6.4.0
7f35e0424000-7f35e0428000 r--p 00000000 00:21 16945                      /usr/lib/libnss_mymachines.so.2
7f35e0428000-7f35e0479000 r-xp 00004000 00:21 16945                      /usr/lib/libnss_mymachines.so.2
7f35e0479000-7f35e0493000 r--p 00055000 00:21 16945                      /usr/lib/libnss_mymachines.so.2
7f35e0493000-7f35e0496000 r--p 0006f000 00:21 16945                      /usr/lib/libnss_mymachines.so.2
7f35e0496000-7f35e0497000 rw-p 00072000 00:21 16945                      /usr/lib/libnss_mymachines.so.2
7f35e0497000-7f35e4000000 r--s 00000000 103:07 1993                      /run/media/ashy/Shared/.minecraftx/jre/java-runtime-delta/lib/modules
7f35e4000000-7f35e7ffc000 rw-p 00000000 00:00 0 
7f35e7ffc000-7f35e8000000 ---p 00000000 00:00 0 
7f35e8000000-7f35e8001000 rw-s 00000000 00:07 1146                       /dev/nvidiactl
7f35e8001000-7f35e8002000 rw-s 00000000 00:07 1146                       /dev/nvidiactl
7f35e8002000-7f35e8003000 r--p 00000000 00:21 131164                     /usr/lib/libXxf86vm.so.1.0.0
7f35e8003000-7f35e8007000 r-xp 00001000 00:21 131164                     /usr/lib/libXxf86vm.so.1.0.0
7f35e8007000-7f35e8008000 r--p 00005000 00:21 131164                     /usr/lib/libXxf86vm.so.1.0.0
7f35e8008000-7f35e8009000 r--p 00005000 00:21 131164                     /usr/lib/libXxf86vm.so.1.0.0
7f35e8009000-7f35e800a000 rw-p 00006000 00:21 131164                     /usr/lib/libXxf86vm.so.1.0.0
7f35e800a000-7f35e800c000 r--p 00000000 00:21 59289                      /usr/lib/libXdmcp.so.6.0.0
7f35e800c000-7f35e800e000 r-xp 00002000 00:21 59289                      /usr/lib/libXdmcp.so.6.0.0
7f35e800e000-7f35e8010000 r--p 00004000 00:21 59289                      /usr/lib/libXdmcp.so.6.0.0
7f35e8010000-7f35e8011000 r--p 00005000 00:21 59289                      /usr/lib/libXdmcp.so.6.0.0
7f35e8011000-7f35e8012000 rw-p 00006000 00:21 59289                      /usr/lib/libXdmcp.so.6.0.0
7f35e8012000-7f35e8013000 r--p 00000000 00:21 59302                      /usr/lib/libXau.so.6.0.0
7f35e8013000-7f35e8014000 r-xp 00001000 00:21 59302                      /usr/lib/libXau.so.6.0.0
7f35e8014000-7f35e8015000 r--p 00002000 00:21 59302                      /usr/lib/libXau.so.6.0.0
7f35e8015000-7f35e8016000 r--p 00002000 00:21 59302                      /usr/lib/libXau.so.6.0.0
7f35e8016000-7f35e8017000 rw-p 00003000 00:21 59302                      /usr/lib/libXau.so.6.0.0
7f35e8017000-7f35e8018000 r-xp 00059000 103:07 456403                    /run/media/ashy/Shared/.minecraftx/versions/neoforge-21.1.248/neoforge-21.1.248-natives/liblwjgl.so
7f35e8018000-7f35e8019000 rw-p 00000000 00:00 0 
7f35e8019000-7f35e801e000 r-xp 00000000 103:07 449604                    /run/media/ashy/Shared/.minecraftx/jre/java-runtime-delta/lib/libmanagement_ext.so
7f35e801e000-7f35e801f000 ---p 00005000 103:07 449604                    /run/media/ashy/Shared/.minecraftx/jre/java-runtime-delta/lib/libmanagement_ext.so
7f35e801f000-7f35e8020000 r--p 00005000 103:07 449604                    /run/media/ashy/Shared/.minecraftx/jre/java-runtime-delta/lib/libmanagement_ext.so
7f35e8020000-7f35e8021000 rw-p 00006000 103:07 449604                    /run/media/ashy/Shared/.minecraftx/jre/java-runtime-delta/lib/libmanagement_ext.so
7f35e8026000-7f35e8029000 r--p 00000000 00:21 167498                     /usr/lib/pipewire-0.3/libpipewire-module-protocol-native.so
7f35e8029000-7f35e8047000 r-xp 00003000 00:21 167498                     /usr/lib/pipewire-0.3/libpipewire-module-protocol-native.so
7f35e8047000-7f35e8052000 r--p 00021000 00:21 167498                     /usr/lib/pipewire-0.3/libpipewire-module-protocol-native.so
7f35e8052000-7f35e805d000 r--p 0002c000 00:21 167498                     /usr/lib/pipewire-0.3/libpipewire-module-protocol-native.so
7f35e805d000-7f35e805e000 rw-p 00037000 00:21 167498                     /usr/lib/pipewire-0.3/libpipewire-module-protocol-native.so
7f35e805e000-7f35e8060000 r--p 00000000 00:21 167499                     /usr/lib/pipewire-0.3/libpipewire-module-rt.so
7f35e8060000-7f35e8064000 r-xp 00002000 00:21 167499                     /usr/lib/pipewire-0.3/libpipewire-module-rt.so
7f35e8064000-7f35e8066000 r--p 00006000 00:21 167499                     /usr/lib/pipewire-0.3/libpipewire-module-rt.so
7f35e8066000-7f35e8067000 r--p 00007000 00:21 167499                     /usr/lib/pipewire-0.3/libpipewire-module-rt.so
7f35e8067000-7f35e8068000 rw-p 00008000 00:21 167499                     /usr/lib/pipewire-0.3/libpipewire-module-rt.so
7f35e8068000-7f35e8069000 r--p 00000000 00:21 167509                     /usr/lib/spa-0.2/support/libspa-dbus.so
7f35e8069000-7f35e806c000 r-xp 00001000 00:21 167509                     /usr/lib/spa-0.2/support/libspa-dbus.so
7f35e806c000-7f35e806d000 r--p 00004000 00:21 167509                     /usr/lib/spa-0.2/support/libspa-dbus.so
7f35e806d000-7f35e806e000 r--p 00004000 00:21 167509                     /usr/lib/spa-0.2/support/libspa-dbus.so
7f35e806e000-7f35e806f000 rw-p 00005000 00:21 167509                     /usr/lib/spa-0.2/support/libspa-dbus.so
7f35e806f000-7f35e8070000 r--p 00000000 00:21 167510                     /usr/lib/spa-0.2/support/libspa-journal.so
7f35e8070000-7f35e8072000 r-xp 00001000 00:21 167510                     /usr/lib/spa-0.2/support/libspa-journal.so
7f35e8072000-7f35e8073000 r--p 00003000 00:21 167510                     /usr/lib/spa-0.2/support/libspa-journal.so
7f35e8073000-7f35e8074000 r--p 00003000 00:21 167510                     /usr/lib/spa-0.2/support/libspa-journal.so
7f35e8074000-7f35e8075000 rw-p 00004000 00:21 167510                     /usr/lib/spa-0.2/support/libspa-journal.so
7f35e8075000-7f35e8077000 r--p 00000000 00:21 167511                     /usr/lib/spa-0.2/support/libspa-support.so
7f35e8077000-7f35e8093000 r-xp 00002000 00:21 167511                     /usr/lib/spa-0.2/support/libspa-support.so
7f35e8093000-7f35e8099000 r--p 0001e000 00:21 167511                     /usr/lib/spa-0.2/support/libspa-support.so
7f35e8099000-7f35e80a1000 r--p 00024000 00:21 167511                     /usr/lib/spa-0.2/support/libspa-support.so
7f35e80a1000-7f35e80a2000 rw-p 0002c000 00:21 167511                     /usr/lib/spa-0.2/support/libspa-support.so
7f35e80a2000-7f35e80fd000 rw-p 00000000 00:00 0 
7f35e80fd000-7f35e8400000 rw-p 00000000 00:00 0 
7f35e8400000-7f35e8bc2000 rw-p 00000000 00:00 0 
7f35e8bc2000-7f35e93dc000 ---p 00000000 00:00 0 
7f35e93dc000-7f35e9bc2000 rw-p 00000000 00:00 0 
7f35e9bc2000-7f35ea3dc000 ---p 00000000 00:00 0 
7f35ea3dc000-7f35ea400000 rw-p 00000000 00:00 0 
7f35ea400000-7f35ea401000 r--s 00000000 00:07 1146                       /dev/nvidiactl
7f35ea401000-7f35ea405000 r-xp 00000000 103:07 449602                    /run/media/ashy/Shared/.minecraftx/jre/java-runtime-delta/lib/libmanagement.so
7f35ea405000-7f35ea406000 r--p 00003000 103:07 449602                    /run/media/ashy/Shared/.minecraftx/jre/java-runtime-delta/lib/libmanagement.so
7f35ea406000-7f35ea407000 rw-p 00004000 103:07 449602                    /run/media/ashy/Shared/.minecraftx/jre/java-runtime-delta/lib/libmanagement.so
7f35ea407000-7f35ea414000 r-xp 00000000 103:07 449616                    /run/media/ashy/Shared/.minecraftx/jre/java-runtime-delta/lib/libverify.so
7f35ea414000-7f35ea416000 r--p 0000c000 103:07 449616                    /run/media/ashy/Shared/.minecraftx/jre/java-runtime-delta/lib/libverify.so
7f35ea416000-7f35ea417000 rw-p 0000e000 103:07 449616                    /run/media/ashy/Shared/.minecraftx/jre/java-runtime-delta/lib/libverify.so
7f35ea417000-7f35ea41b000 r--p 00000000 00:21 4965                       /usr/lib/libgcc_s.so.1
7f35ea41b000-7f35ea445000 r-xp 00004000 00:21 4965                       /usr/lib/libgcc_s.so.1
7f35ea445000-7f35ea449000 r--p 0002e000 00:21 4965                       /usr/lib/libgcc_s.so.1
7f35ea449000-7f35ea44a000 r--p 00032000 00:21 4965                       /usr/lib/libgcc_s.so.1
7f35ea44a000-7f35ea44b000 rw-p 00033000 00:21 4965                       /usr/lib/libgcc_s.so.1
7f35ea44b000-7f35ea457000 r-xp 00000000 103:07 449613                    /run/media/ashy/Shared/.minecraftx/jre/java-runtime-delta/lib/libnet.so
7f35ea457000-7f35ea458000 r--p 0000b000 103:07 449613                    /run/media/ashy/Shared/.minecraftx/jre/java-runtime-delta/lib/libnet.so
7f35ea458000-7f35ea459000 rw-p 0000c000 103:07 449613                    /run/media/ashy/Shared/.minecraftx/jre/java-runtime-delta/lib/libnet.so
7f35ea459000-7f35ea45a000 rw-s 00000000 00:07 1146                       /dev/nvidiactl
7f35ea45a000-7f35ea47a000 rw-s 00000000 00:07 1146                       /dev/nvidiactl
7f35ea47b000-7f35ea484000 rw-s 00000000 00:01 65359                      /memfd:pipewire-memfd:flags=0x0000000f,type=2,size=65664 (deleted)
7f35ea484000-7f35ea48d000 rw-s 00008000 00:01 65358                      /memfd:pipewire-memfd:flags=0x0000000f,type=2,size=65664 (deleted)
7f35ea48d000-7f35ea496000 rw-s 00000000 00:01 65358                      /memfd:pipewire-memfd:flags=0x0000000f,type=2,size=65664 (deleted)
7f35ea496000-7f35ea497000 rw-s 00000000 00:01 35762                      /memfd:pipewire-memfd:flags=0x0000000f,type=2,size=2312 (deleted)
7f35ea497000-7f35ea498000 rw-s 00000000 00:01 35763                      /memfd:pipewire-memfd:flags=0x0000000f,type=2,size=4096 (deleted)
7f35ea498000-7f35ea499000 rw-s 00000000 00:01 65357                      /memfd:pipewire-memfd:flags=0x0000000f,type=2,size=2312 (deleted)
7f35ea499000-7f35ea49a000 rw-s 00000000 00:01 68721                      /memfd:pipewire-memfd:flags=0x0000000f,type=2,size=2312 (deleted)
7f35ea49a000-7f35eadf1000 rw-p 00000000 00:00 0 
7f35eadf1000-7f35eae94000 ---p 00000000 00:00 0 
7f35eae94000-7f35eaf1b000 rw-p 00000000 00:00 0 
7f35eaf1b000-7f35eaf7f000 ---p 00000000 00:00 0 
7f35eaf7f000-7f35eaf83000 ---p 00000000 00:00 0 
7f35eaf83000-7f35eb07f000 rw-p 00000000 00:00 0 
7f35eb07f000-7f35ec495000 r-xp 00000000 103:07 449621                    /run/media/ashy/Shared/.minecraftx/jre/java-runtime-delta/lib/server/libjvm.so
7f35ec495000-7f35ec496000 ---p 01416000 103:07 449621                    /run/media/ashy/Shared/.minecraftx/jre/java-runtime-delta/lib/server/libjvm.so
7f35ec496000-7f35ec56a000 r--p 01416000 103:07 449621                    /run/media/ashy/Shared/.minecraftx/jre/java-runtime-delta/lib/server/libjvm.so
7f35ec56a000-7f35ec59a000 rw-p 014ea000 103:07 449621                    /run/media/ashy/Shared/.minecraftx/jre/java-runtime-delta/lib/server/libjvm.so
7f35ec59a000-7f35ec600000 rw-p 00000000 00:00 0 
7f35ec600000-7f35ec624000 r--p 00000000 00:21 4147                       /usr/lib/libc.so.6
7f35ec624000-7f35ec7c3000 r-xp 00024000 00:21 4147                       /usr/lib/libc.so.6
7f35ec7c3000-7f35ec83c000 r--p 001c3000 00:21 4147                       /usr/lib/libc.so.6
7f35ec83c000-7f35ec840000 r--p 0023c000 00:21 4147                       /usr/lib/libc.so.6
7f35ec840000-7f35ec842000 rw-p 00240000 00:21 4147                       /usr/lib/libc.so.6
7f35ec842000-7f35ec84b000 rw-p 00000000 00:00 0 
7f35ec84b000-7f35ec84d000 r-xp 00000000 103:07 449584                    /run/media/ashy/Shared/.minecraftx/jre/java-runtime-delta/lib/libextnet.so
7f35ec84d000-7f35ec84e000 r--p 00001000 103:07 449584                    /run/media/ashy/Shared/.minecraftx/jre/java-runtime-delta/lib/libextnet.so
7f35ec84e000-7f35ec84f000 rw-p 00002000 103:07 449584                    /run/media/ashy/Shared/.minecraftx/jre/java-runtime-delta/lib/libextnet.so
7f35ec84f000-7f35ec863000 r-xp 00000000 103:07 449606                    /run/media/ashy/Shared/.minecraftx/jre/java-runtime-delta/lib/libnio.so
7f35ec863000-7f35ec864000 r--p 00013000 103:07 449606                    /run/media/ashy/Shared/.minecraftx/jre/java-runtime-delta/lib/libnio.so
7f35ec864000-7f35ec865000 rw-p 00014000 103:07 449606                    /run/media/ashy/Shared/.minecraftx/jre/java-runtime-delta/lib/libnio.so
7f35ec865000-7f35ec86c000 r-xp 00000000 103:07 449614                    /run/media/ashy/Shared/.minecraftx/jre/java-runtime-delta/lib/libzip.so
7f35ec86c000-7f35ec86d000 ---p 00007000 103:07 449614                    /run/media/ashy/Shared/.minecraftx/jre/java-runtime-delta/lib/libzip.so
7f35ec86d000-7f35ec86e000 r--p 00007000 103:07 449614                    /run/media/ashy/Shared/.minecraftx/jre/java-runtime-delta/lib/libzip.so
7f35ec86e000-7f35ec86f000 rw-p 00008000 103:07 449614                    /run/media/ashy/Shared/.minecraftx/jre/java-runtime-delta/lib/libzip.so
7f35ec86f000-7f35ec87b000 rw-p 00000000 00:00 0 
7f35ec87b000-7f35ec883000 rw-s 00000000 00:38 20304                      /tmp/hsperfdata_ashy/1030727
7f35ec883000-7f35ec8a3000 r-xp 00000000 103:07 449590                    /run/media/ashy/Shared/.minecraftx/jre/java-runtime-delta/lib/libjava.so
7f35ec8a3000-7f35ec8a4000 ---p 00020000 103:07 449590                    /run/media/ashy/Shared/.minecraftx/jre/java-runtime-delta/lib/libjava.so
7f35ec8a4000-7f35ec8a5000 r--p 00020000 103:07 449590                    /run/media/ashy/Shared/.minecraftx/jre/java-runtime-delta/lib/libjava.so
7f35ec8a5000-7f35ec8a6000 rw-p 00021000 103:07 449590                    /run/media/ashy/Shared/.minecraftx/jre/java-runtime-delta/lib/libjava.so
7f35ec8a6000-7f35ec8a7000 rw-p 00000000 00:00 0 
7f35ec8a7000-7f35ec8b1000 r-xp 00000000 103:07 449586                    /run/media/ashy/Shared/.minecraftx/jre/java-runtime-delta/lib/libinstrument.so
7f35ec8b1000-7f35ec8b2000 ---p 0000a000 103:07 449586                    /run/media/ashy/Shared/.minecraftx/jre/java-runtime-delta/lib/libinstrument.so
7f35ec8b2000-7f35ec8b3000 r--p 0000a000 103:07 449586                    /run/media/ashy/Shared/.minecraftx/jre/java-runtime-delta/lib/libinstrument.so
7f35ec8b3000-7f35ec8b4000 rw-p 0000b000 103:07 449586                    /run/media/ashy/Shared/.minecraftx/jre/java-runtime-delta/lib/libinstrument.so
7f35ec8b4000-7f35ec8b5000 ---p 00000000 00:00 0 
7f35ec8b5000-7f35ec8b6000 r--p 00000000 00:00 0 
7f35ec8b6000-7f35ec8b7000 ---p 00000000 00:00 0 
7f35ec8b7000-7f35ec8d2000 r-xp 00000000 103:07 449595                    /run/media/ashy/Shared/.minecraftx/jre/java-runtime-delta/lib/libjimage.so
7f35ec8d2000-7f35ec8d3000 ---p 0001b000 103:07 449595                    /run/media/ashy/Shared/.minecraftx/jre/java-runtime-delta/lib/libjimage.so
7f35ec8d3000-7f35ec8d5000 r--p 0001b000 103:07 449595                    /run/media/ashy/Shared/.minecraftx/jre/java-runtime-delta/lib/libjimage.so
7f35ec8d5000-7f35ec8d6000 rw-p 0001d000 103:07 449595                    /run/media/ashy/Shared/.minecraftx/jre/java-runtime-delta/lib/libjimage.so
7f35ec8d6000-7f35ec8e6000 r--p 00000000 00:21 4157                       /usr/lib/libm.so.6
7f35ec8e6000-7f35ec97c000 r-xp 00010000 00:21 4157                       /usr/lib/libm.so.6
7f35ec97c000-7f35ec9db000 r--p 000a6000 00:21 4157                       /usr/lib/libm.so.6
7f35ec9db000-7f35ec9dc000 r--p 00105000 00:21 4157                       /usr/lib/libm.so.6
7f35ec9dc000-7f35ec9dd000 rw-p 00106000 00:21 4157                       /usr/lib/libm.so.6
7f35ec9dd000-7f35ec9de000 r--p 00000000 00:21 4179                       /usr/lib/librt.so.1
7f35ec9de000-7f35ec9df000 r-xp 00001000 00:21 4179                       /usr/lib/librt.so.1
7f35ec9df000-7f35ec9e0000 r--p 00002000 00:21 4179                       /usr/lib/librt.so.1
7f35ec9e0000-7f35ec9e1000 r--p 00002000 00:21 4179                       /usr/lib/librt.so.1
7f35ec9e1000-7f35ec9e2000 rw-p 00003000 00:21 4179                       /usr/lib/librt.so.1
7f35ec9e2000-7f35ec9e6000 rw-p 00000000 00:00 0 
7f35ec9e6000-7f35ec9e7000 r--p 00000000 00:21 4152                       /usr/lib/libdl.so.2
7f35ec9e7000-7f35ec9e8000 r-xp 00001000 00:21 4152                       /usr/lib/libdl.so.2
7f35ec9e8000-7f35ec9e9000 r--p 00002000 00:21 4152                       /usr/lib/libdl.so.2
7f35ec9e9000-7f35ec9ea000 r--p 00002000 00:21 4152                       /usr/lib/libdl.so.2
7f35ec9ea000-7f35ec9eb000 rw-p 00003000 00:21 4152                       /usr/lib/libdl.so.2
7f35ec9eb000-7f35ec9ec000 r--p 00000000 00:21 4174                       /usr/lib/libpthread.so.0
7f35ec9ec000-7f35ec9ed000 r-xp 00001000 00:21 4174                       /usr/lib/libpthread.so.0
7f35ec9ed000-7f35ec9ee000 r--p 00002000 00:21 4174                       /usr/lib/libpthread.so.0
7f35ec9ee000-7f35ec9ef000 r--p 00002000 00:21 4174                       /usr/lib/libpthread.so.0
7f35ec9ef000-7f35ec9f0000 rw-p 00003000 00:21 4174                       /usr/lib/libpthread.so.0
7f35ec9f0000-7f35ec9fe000 r-xp 00000000 103:07 449596                    /run/media/ashy/Shared/.minecraftx/jre/java-runtime-delta/lib/libjli.so
7f35ec9fe000-7f35ec9ff000 ---p 0000e000 103:07 449596                    /run/media/ashy/Shared/.minecraftx/jre/java-runtime-delta/lib/libjli.so
7f35ec9ff000-7f35eca00000 r--p 0000e000 103:07 449596                    /run/media/ashy/Shared/.minecraftx/jre/java-runtime-delta/lib/libjli.so
7f35eca00000-7f35eca01000 rw-p 0000f000 103:07 449596                    /run/media/ashy/Shared/.minecraftx/jre/java-runtime-delta/lib/libjli.so
7f35eca01000-7f35eca04000 r--p 00000000 00:21 161704                     /usr/lib/libz.so.1.3.1.zlib-ng
7f35eca04000-7f35eca30000 r-xp 00003000 00:21 161704                     /usr/lib/libz.so.1.3.1.zlib-ng
7f35eca30000-7f35eca3a000 r--p 0002f000 00:21 161704                     /usr/lib/libz.so.1.3.1.zlib-ng
7f35eca3a000-7f35eca3b000 r--p 00038000 00:21 161704                     /usr/lib/libz.so.1.3.1.zlib-ng
7f35eca3b000-7f35eca3c000 rw-p 00039000 00:21 161704                     /usr/lib/libz.so.1.3.1.zlib-ng
7f35eca3c000-7f35eca3e000 rw-p 00000000 00:00 0 
7f35eca3e000-7f35eca6f000 r--p 00000000 00:21 829807                     /etc/ld.so.cache
7f35eca6f000-7f35eca73000 r--p 00000000 00:00 0                          [vvar]
7f35eca73000-7f35eca75000 r--p 00000000 00:00 0                          [vvar_vclock]
7f35eca75000-7f35eca77000 r-xp 00000000 00:00 0                          [vdso]
7f35eca77000-7f35eca78000 r--p 00000000 00:21 4138                       /usr/lib/ld-linux-x86-64.so.2
7f35eca78000-7f35ecaaa000 r-xp 00001000 00:21 4138                       /usr/lib/ld-linux-x86-64.so.2
7f35ecaaa000-7f35ecaba000 r--p 00033000 00:21 4138                       /usr/lib/ld-linux-x86-64.so.2
7f35ecaba000-7f35ecabc000 r--p 00043000 00:21 4138                       /usr/lib/ld-linux-x86-64.so.2
7f35ecabc000-7f35ecabd000 rw-p 00045000 00:21 4138                       /usr/lib/ld-linux-x86-64.so.2
7f35ecabd000-7f35ecabe000 rw-p 00000000 00:00 0 
7ffe22e3d000-7ffe22e61000 rw-p 00000000 00:00 0                          [stack]
ffffffffff600000-ffffffffff601000 --xp 00000000 00:00 0                  [vsyscall]
Total number of mappings: 978


VM Arguments:
jvm_args: -Xms256M -Xmx8192M -javaagent:/run/media/ashy/Shared/.minecraftx/libraries/org/to2mbn/authlibinjector/1.2.8/authlibinjector-1.2.8.jar=http://localhost:25555/yggdrasil -Dauthlibinjector.side=client -Djava.library.path=/run/media/ashy/Shared/.minecraftx/versions/neoforge-21.1.248/neoforge-21.1.248-natives -Djna.tmpdir=/run/media/ashy/Shared/.minecraftx/versions/neoforge-21.1.248/neoforge-21.1.248-natives -Dorg.lwjgl.system.SharedLibraryExtractPath=/run/media/ashy/Shared/.minecraftx/versions/neoforge-21.1.248/neoforge-21.1.248-natives -Dio.netty.native.workdir=/run/media/ashy/Shared/.minecraftx/versions/neoforge-21.1.248/neoforge-21.1.248-natives -Dminecraft.launcher.brand=X Minecraft Launcher (0.65.1) -Dminecraft.launcher.version=X Minecraft Launcher (0.65.1) -Djava.net.preferIPv6Addresses=system -DignoreList=client-extra,1.21.1.jar -DlibraryDirectory=/run/media/ashy/Shared/.minecraftx/libraries --module-path=/run/media/ashy/Shared/.minecraftx/libraries/cpw/mods/bootstraplauncher/2.0.2/bootstraplauncher-2.0.2.jar:/run/media/ashy/Shared/.minecraftx/libraries/cpw/mods/securejarhandler/3.0.8/securejarhandler-3.0.8.jar:/run/media/ashy/Shared/.minecraftx/libraries/org/ow2/asm/asm-commons/9.10.1/asm-commons-9.10.1.jar:/run/media/ashy/Shared/.minecraftx/libraries/org/ow2/asm/asm-util/9.10.1/asm-util-9.10.1.jar:/run/media/ashy/Shared/.minecraftx/libraries/org/ow2/asm/asm-analysis/9.10.1/asm-analysis-9.10.1.jar:/run/media/ashy/Shared/.minecraftx/libraries/org/ow2/asm/asm-tree/9.10.1/asm-tree-9.10.1.jar:/run/media/ashy/Shared/.minecraftx/libraries/org/ow2/asm/asm/9.10.1/asm-9.10.1.jar:/run/media/ashy/Shared/.minecraftx/libraries/net/neoforged/JarJarFileSystems/0.4.1/JarJarFileSystems-0.4.1.jar --add-modules=ALL-MODULE-PATH --add-opens=java.base/java.util.jar=cpw.mods.securejarhandler --add-opens=java.base/java.lang.invoke=cpw.mods.securejarhandler --add-exports=java.base/sun.security.util=cpw.mods.securejarhandler --add-exports=jdk.naming.dns/com.sun.jndi.dns=java.naming -Dauthlibinjector.debug 
java_command: cpw.mods.bootstraplauncher.BootstrapLauncher --username Ashy --version neoforge-21.1.248 --gameDir /run/media/ashy/Shared/.minecraftx/instances/Gearfall Dev --assetsDir /run/media/ashy/Shared/.minecraftx/assets --assetIndex 818f68d092986c6933366762f435889884c36a52 --uuid 68af5072-46a5-387f-ac5e-a6b3c47d6c3f --accessToken f41381d5bb9147468f6af82f71e446b4 --clientId ${clientid} --xuid ${auth_xuid} --userType msa --versionType release --fml.neoForgeVersion 21.1.248 --fml.fmlVersion 4.0.43 --fml.mcVersion 1.21.1 --fml.neoFormVersion 20240808.144430 --launchTarget forgeclient --fullscreen
java_class_path (initial): /run/media/ashy/Shared/.minecraftx/libraries/com/github/oshi/oshi-core/6.4.10/oshi-core-6.4.10.jar:/run/media/ashy/Shared/.minecraftx/libraries/com/google/code/gson/gson/2.10.1/gson-2.10.1.jar:/run/media/ashy/Shared/.minecraftx/libraries/com/google/guava/failureaccess/1.0.1/failureaccess-1.0.1.jar:/run/media/ashy/Shared/.minecraftx/libraries/com/google/guava/guava/32.1.2-jre/guava-32.1.2-jre.jar:/run/media/ashy/Shared/.minecraftx/libraries/com/ibm/icu/icu4j/73.2/icu4j-73.2.jar:/run/media/ashy/Shared/.minecraftx/libraries/com/mojang/authlib/6.0.54/authlib-6.0.54.jar:/run/media/ashy/Shared/.minecraftx/libraries/com/mojang/blocklist/1.0.10/blocklist-1.0.10.jar:/run/media/ashy/Shared/.minecraftx/libraries/com/mojang/brigadier/1.3.10/brigadier-1.3.10.jar:/run/media/ashy/Shared/.minecraftx/libraries/com/mojang/datafixerupper/8.0.16/datafixerupper-8.0.16.jar:/run/media/ashy/Shared/.minecraftx/libraries/com/mojang/logging/1.2.7/logging-1.2.7.jar:/run/media/ashy/Shared/.minecraftx/libraries/com/mojang/patchy/2.2.10/patchy-2.2.10.jar:/run/media/ashy/Shared/.minecraftx/libraries/com/mojang/text2speech/1.17.9/text2speech-1.17.9.jar:/run/media/ashy/Shared/.minecraftx/libraries/commons-codec/commons-codec/1.16.0/commons-codec-1.16.0.jar:/run/media/ashy/Shared/.minecraftx/libraries/commons-io/commons-io/2.15.1/commons-io-2.15.1.jar:/run/media/ashy/Shared/.minecraftx/libraries/commons-logging/commons-logging/1.2/commons-logging-1.2.jar:/run/media/ashy/Shared/.minecraftx/libraries/io/netty/netty-buffer/4.1.97.Final/netty-buffer-4.1.97.Final.jar:/run/media/ashy/Shared/.minecraftx/libraries/io/netty/netty-codec/4.1.97.Final/netty-codec-4.1.97.Final.jar:/run/media/ashy/Shared/.minecraftx/libraries/io/netty/netty-common/4.1.97.Final/netty-common-4.1.97.Final.jar:/run/media/ashy/Shared/.minecraftx/libraries/io/netty/netty-handler/4.1.97.Final/netty-handler-4.1.97.Final.jar:/run/media/ashy/Shared/.minecraftx/libraries/io/netty/netty-resolver/4.1.97.Final/netty-resolver-4.1.97.Final.jar:/run/media/ashy/Shared/.minecraftx/libraries/io/netty/netty-transport-classes-epoll/4.1.97.Final/netty-transport-classes-epoll-4.1.97.Final.jar:/run/media/ashy/Shared/.minecraftx/libraries/io/netty/netty-transport-native-epoll/4.1.97.Final/netty-transport-native-epoll-4.1.97.Final-linux-aarch_64.jar:/run/media/ashy/Shared/.minecraftx/libraries/io/netty/netty-transport-native-epoll/4.1.97.Final/netty-transport-native-epoll-4.1.97.Final-linux-x86_64.jar:/run/media/ashy/Shared/.minecraftx/libraries/io/netty/netty-transport-native-unix-common/4.1.97.Final/netty-transport-native-unix-common-4.1.97.Final.jar:/run/media/ashy/Shared/.minecraftx/libraries/io/netty/netty-transport/4.1.97.Final/netty-transport-4.1.97.Final.jar:/run/media/ashy/Shared/.minecraftx/libraries/it/unimi/dsi/fastutil/8.5.12/fastutil-8.5.12.jar:/run/media/ashy/Shared/.minecraftx/libraries/net/java/dev/jna/jna-platform/5.14.0/jna-platform-5.14.0.jar:/run/media/ashy/Shared/.minecraftx/libraries/net/java/dev/jna/jna/5.14.0/jna-5.14.0.jar:/run/media/ashy/Shared/.minecraftx/libraries/net/sf/jopt-simple/jopt-simple/5.0.4/jopt-simple-5.0.4.jar:/run/media/ashy/Shared/.minecraftx/libraries/org/apache/commons/commons-compress/1.26.0/commons-compress-1.26.0.jar:/run/media/ashy/Shared/.minecraftx/libraries/org/apache/commons/commons-lang3/3.14.0/commons-lang3-3.14.0.jar:/run/media/ashy/Shared/.minecraftx/libraries/org/apache/httpcomponents/httpclient/4.5.13/httpclient-4.5.13.jar:/run/media/ashy/Shared/.minecraftx/libraries/org/apache/httpcomponents/httpcore/4.4.16/httpcore-4.4.16.jar:/run/media/ashy/Shared/.minecraftx/libraries/org/apache/logging/log4j/log4j-api/2.22.1/log4j-api-2.22.1.jar:/run/media/ashy/Shared/.minecraftx/libraries/org/apache/logging/log4j/log4j-core/2.22.1/log4j-core-2.22.1.jar:/run/media/ashy/Shared/.minecraftx/libraries/org/apache/logging/log4j/log4j-slf4j2-impl/2.22.1/log4j-slf4j2-impl-2.22.1.jar:/run/media/ashy/Shared/.minecraftx/libraries/org/jcraft/jorbis/0.0.17/jorbis-0.0.17.jar:/run/media/ashy/Shared/.minecraftx/libraries/org/joml/joml/1.10.5/joml-1.10.5.jar:/run/media/ashy/Shared/.minecraftx/libraries/org/lwjgl/lwjgl-freetype/3.3.3/lwjgl-freetype-3.3.3.jar:/run/media/ashy/Shared/.minecraftx/libraries/org/lwjgl/lwjgl-freetype/3.3.3/lwjgl-freetype-3.3.3-natives-linux.jar:/run/media/ashy/Shared/.minecraftx/libraries/org/lwjgl/lwjgl-glfw/3.3.3/lwjgl-glfw-3.3.3.jar:/run/media/ashy/Shared/.minecraftx/libraries/org/lwjgl/lwjgl-glfw/3.3.3/lwjgl-glfw-3.3.3-natives-linux.jar:/run/media/ashy/Shared/.minecraftx/libraries/org/lwjgl/lwjgl-jemalloc/3.3.3/lwjgl-jemalloc-3.3.3.jar:/run/media/ashy/Shared/.minecraftx/libraries/org/lwjgl/lwjgl-jemalloc/3.3.3/lwjgl-jemalloc-3.3.3-natives-linux.jar:/run/media/ashy/Shared/.minecraftx/libraries/org/lwjgl/lwjgl-openal/3.3.3/lwjgl-openal-3.3.3.jar:/run/media/ashy/Shared/.minecraftx/libraries/org/lwjgl/lwjgl-openal/3.3.3/lwjgl-openal-3.3.3-natives-linux.jar:/run/media/ashy/Shared/.minecraftx/libraries/org/lwjgl/lwjgl-opengl/3.3.3/lwjgl-opengl-3.3.3.jar:/run/media/ashy/Shared/.minecraftx/libraries/org/lwjgl/lwjgl-opengl/3.3.3/lwjgl-opengl-3.3.3-natives-linux.jar:/run/media/ashy/Shared/.minecraftx/libraries/org/lwjgl/lwjgl-stb/3.3.3/lwjgl-stb-3.3.3.jar:/run/media/ashy/Shared/.minecraftx/libraries/org/lwjgl/lwjgl-stb/3.3.3/lwjgl-stb-3.3.3-natives-linux.jar:/run/media/ashy/Shared/.minecraftx/libraries/org/lwjgl/lwjgl-tinyfd/3.3.3/lwjgl-tinyfd-3.3.3.jar:/run/media/ashy/Shared/.minecraftx/libraries/org/lwjgl/lwjgl-tinyfd/3.3.3/lwjgl-tinyfd-3.3.3-natives-linux.jar:/run/media/ashy/Shared/.minecraftx/libraries/org/lwjgl/lwjgl/3.3.3/lwjgl-3.3.3.jar:/run/media/ashy/Shared/.minecraftx/libraries/org/lwjgl/lwjgl/3.3.3/lwjgl-3.3.3-natives-linux.jar:/run/media/ashy/Shared/.minecraftx/libraries/org/lz4/lz4-java/1.8.0/lz4-java-1.8.0.jar:/run/media/ashy/Shared/.minecraftx/libraries/org/slf4j/slf4j-api/2.0.9/slf4j-api-2.0.9.jar:/run/media/ashy/Shared/.minecraftx/libraries/net/neoforged/fancymodloader/earlydisplay/4.0.43/earlydisplay-4.0.43.jar:/run/media/ashy/Shared/.minecraftx/libraries/net/neoforged/fancymodloader/loader/4.0.43/loader-4.0.43.jar:/run/media/ashy/Shared/.minecraftx/libraries/net/neoforged/accesstransformers/at-modlauncher/10.0.1/at-modlauncher-10.0.1.jar:/run/media/ashy/Shared/.minecraftx/libraries/net/neoforged/accesstransformers/10.0.1/accesstransformers-10.0.1.jar:/run/media/ashy/Shared/.minecraftx/libraries/net/neoforged/bus/8.0.5/bus-8.0.5.jar:/run/media/ashy/Shared/.minecraftx/libraries/net/neoforged/coremods/7.0.3/coremods-7.0.3.jar:/run/media/ashy/Shared/.minecraftx/libraries/cpw/mods/modlauncher/11.0.5/modlauncher-11.0.5.jar:/run/media/ashy/Shared/.minecraftx/libraries/net/neoforged/mergetool/2.0.0/mergetool-2.0.0-api.jar:/run/media/ashy/Shared/.minecraftx/libraries/com/electronwill/night-config/toml/3.8.3/toml-3.8.3.jar:/run/media/ashy/Shared/.minecraftx/libraries/com/electronwill/night-config/core/3.8.3/core-3.8.3.jar:/run/media/ashy/Shared/.minecraftx/libraries/net/neoforged/JarJarSelector/0.4.1/JarJarSelector-0.4.1.jar:/run/media/ashy/Shared/.minecraftx/libraries/net/neoforged/JarJarMetadata/0.4.1/JarJarMetadata-0.4.1.jar:/run/media/ashy/Shared/.minecraftx/libraries/org/apache/maven/maven-artifact/3.8.5/maven-artifact-3.8.5.jar:/run/media/ashy/Shared/.minecraftx/libraries/net/jodah/typetools/0.6.3/typetools-0.6.3.jar:/run/media/ashy/Shared/.minecraftx/libraries/net/minecrell/terminalconsoleappender/1.3.0/terminalconsoleappender-1.3.0.jar:/run/media/ashy/Shared/.minecraftx/libraries/net/fabricmc/sponge-mixin/0.15.2+mixin.0.8.7/sponge-mixin-0.15.2+mixin.0.8.7.jar:/run/media/ashy/Shared/.minecraftx/libraries/org/openjdk/nashorn/nashorn-core/15.4/nashorn-core-15.4.jar:/run/media/ashy/Shared/.minecraftx/libraries/cpw/mods/bootstraplauncher/2.0.2/bootstraplauncher-2.0.2.jar:/run/media/ashy/Shared/.minecraftx/libraries/cpw/mods/securejarhandler/3.0.8/securejarhandler-3.0.8.jar:/run/media/ashy/Shared/.minecraftx/libraries/org/ow2/asm/asm-commons/9.10.1/asm-commons-9.10.1.jar:/run/media/ashy/Shared/.minecraftx/libraries/org/ow2/asm/asm-util/9.10.1/asm-util-9.10.1.jar:/run/media/ashy/Shared/.minecraftx/libraries/org/ow2/asm/asm-analysis/9.10.1/asm-analysis-9.10.1.jar:/run/media/ashy/Shared/.minecraftx/libraries/org/ow2/asm/asm-tree/9.10.1/asm-tree-9.10.1.jar:/run/media/ashy/Shared/.minecraftx/libraries/org/ow2/asm/asm/9.10.1/asm-9.10.1.jar:/run/media/ashy/Shared/.minecraftx/libraries/net/neoforged/JarJarFileSystems/0.4.1/JarJarFileSystems-0.4.1.jar:/run/media/ashy/Shared/.minecraftx/libraries/org/antlr/antlr4-runtime/4.13.1/antlr4-runtime-4.13.1.jar:/run/media/ashy/Shared/.minecraftx/libraries/org/jline/jline-reader/3.20.0/jline-reader-3.20.0.jar:/run/media/ashy/Shared/.minecraftx/libraries/org/jline/jline-terminal/3.20.0/jline-terminal-3.20.0.jar:/run/media/ashy/Shared/.minecraftx/libraries/net/minecraftforge/srgutils/0.4.15/srgutils-0.4.15.jar:/run/media/ashy/Shared/.minecraftx/libraries/com/google/guava/listenablefuture/9999.0-empty-to-avoid-conflict-with-guava/listenablefuture-9999.0-empty-to-avoid-conflict-with-guava.jar:/run/media/ashy/Shared/.minecraftx/libraries/com/google/code/findbugs/jsr305/3.0.2/jsr305-3.0.2.jar:/run/media/ashy/Shared/.minecraftx/libraries/org/checkerframework/checker-qual/3.33.0/checker-qual-3.33.0.jar:/run/media/ashy/Shared/.minecraftx/libraries/com/google/errorprone/error_prone_annotations/2.18.0/error_prone_annotations-2.18.0.jar:/run/media/ashy/Shared/.minecraftx/libraries/com/google/j2objc/j2objc-annotations/2.8/j2objc-annotations-2.8.jar:/run/media/ashy/Shared/.minecraftx/libraries/org/codehaus/plexus/plexus-utils/3.3.0/plexus-utils-3.3.0.jar:/run/media/ashy/Shared/.minecraftx/libraries/com/machinezoo/noexception/noexception/1.7.1/noexception-1.7.1.jar:/run/media/ashy/Shared/.minecraftx/versions/1.21.1/1.21.1.jar
Launcher Type: SUN_STANDARD

[Global flags]
     intx CICompilerCount                          = 4                                         {product} {ergonomic}
     uint ConcGCThreads                            = 2                                         {product} {ergonomic}
     uint G1ConcRefinementThreads                  = 8                                         {product} {ergonomic}
   size_t G1HeapRegionSize                         = 4194304                                   {product} {ergonomic}
    uintx GCDrainStackTargetSize                   = 64                                        {product} {ergonomic}
   size_t InitialHeapSize                          = 268435456                                 {product} {command line}
   size_t MarkStackSize                            = 4194304                                   {product} {ergonomic}
   size_t MaxHeapSize                              = 8589934592                                {product} {command line}
   size_t MaxNewSize                               = 5150605312                                {product} {ergonomic}
   size_t MinHeapDeltaBytes                        = 4194304                                   {product} {ergonomic}
   size_t MinHeapSize                              = 268435456                                 {product} {command line}
    uintx NonNMethodCodeHeapSize                   = 5839372                                {pd product} {ergonomic}
    uintx NonProfiledCodeHeapSize                  = 122909434                              {pd product} {ergonomic}
    uintx ProfiledCodeHeapSize                     = 122909434                              {pd product} {ergonomic}
    uintx ReservedCodeCacheSize                    = 251658240                              {pd product} {ergonomic}
     bool SegmentedCodeCache                       = true                                      {product} {ergonomic}
   size_t SoftMaxHeapSize                          = 8589934592                             {manageable} {ergonomic}
     bool UseCompressedOops                        = true                           {product lp64_product} {ergonomic}
     bool UseG1GC                                  = true                                      {product} {ergonomic}

Logging:
Log output configuration:
 #0: stdout all=warning uptime,level,tags foldmultilines=false
 #1: stderr all=off uptime,level,tags foldmultilines=false

Environment Variables:
PATH=/usr/bin:/usr/local/sbin:/usr/local/bin:/usr/bin:/opt/android-sdk/platform-tools:/opt/cuda/bin:/usr/bin/site_perl:/usr/bin/vendor_perl:/usr/bin/core_perl:/home/ashy/.local/share/JetBrains/Toolbox/scripts:/opt/android-sdk/platform-tools:/home/ashy/.local/share/JetBrains/Toolbox/scripts
XDG_CACHE_HOME=/home/ashy/.cache
XDG_CONFIG_HOME=/home/ashy/.config
SHELL=/bin/fish
DISPLAY=:0
LANG=en_US.UTF-8
LC_NUMERIC=en_US.UTF-8
LC_TIME=en_US.UTF-8

Active Locale:
LC_ALL=en_US.UTF-8
LC_COLLATE=en_US.UTF-8
LC_CTYPE=en_US.UTF-8
LC_MESSAGES=en_US.UTF-8
LC_MONETARY=en_US.UTF-8
LC_NUMERIC=en_US.UTF-8
LC_TIME=en_US.UTF-8

Signal Handlers:
   SIGSEGV: crash_handler in libjvm.so, mask=11100100010111111101111111111110, flags=SA_RESTART|SA_SIGINFO, unblocked
    SIGBUS: crash_handler in libjvm.so, mask=11100100010111111101111111111110, flags=SA_RESTART|SA_SIGINFO, unblocked
    SIGFPE: crash_handler in libjvm.so, mask=11100100010111111101111111111110, flags=SA_RESTART|SA_SIGINFO, unblocked
   SIGPIPE: javaSignalHandler in libjvm.so, mask=11100100010111111101111111111110, flags=SA_RESTART|SA_SIGINFO, blocked
   SIGXFSZ: javaSignalHandler in libjvm.so, mask=11100100010111111101111111111110, flags=SA_RESTART|SA_SIGINFO, blocked
    SIGILL: crash_handler in libjvm.so, mask=11100100010111111101111111111110, flags=SA_RESTART|SA_SIGINFO, unblocked
   SIGUSR2: SR_handler in libjvm.so, mask=00000000000000000000000000000000, flags=SA_RESTART|SA_SIGINFO, blocked
    SIGHUP: UserHandler in libjvm.so, mask=11100100010111111101111111111110, flags=SA_RESTART|SA_SIGINFO, blocked
    SIGINT: UserHandler in libjvm.so, mask=11100100010111111101111111111110, flags=SA_RESTART|SA_SIGINFO, blocked
   SIGTERM: UserHandler in libjvm.so, mask=11100100010111111101111111111110, flags=SA_RESTART|SA_SIGINFO, blocked
   SIGQUIT: UserHandler in libjvm.so, mask=11100100010111111101111111111110, flags=SA_RESTART|SA_SIGINFO, blocked
   SIGTRAP: crash_handler in libjvm.so, mask=11100100010111111101111111111110, flags=SA_RESTART|SA_SIGINFO, unblocked


Periodic native trim disabled

---------------  S Y S T E M  ---------------

OS:
DISTRIB_ID=cachyos
DISTRIB_RELEASE="rolling"
DISTRIB_DESCRIPTION="CachyOS"
uname: Linux 7.1.8-1-cachyos #1 SMP PREEMPT_DYNAMIC Tue, 11 Aug 2026 14:27:10 +0000 x86_64
OS uptime: 0 days 9:51 hours
libc: glibc 2.44 NPTL 2.44 
rlimit (soft/hard): STACK 8192k/infinity , CORE infinity/infinity , NPROC 45817/45817 , NOFILE 1048576/1048576 , AS infinity/infinity , CPU infinity/infinity , DATA infinity/infinity , FSIZE infinity/infinity , MEMLOCK 8192k/8192k
load average: 4.90 3.65 2.77

/proc/meminfo:
MemTotal:       12041768 kB
MemFree:          499448 kB
MemAvailable:    1453332 kB
Buffers:           11056 kB
Cached:          2257828 kB
SwapCached:        69572 kB
Active:          3333764 kB
Inactive:        5288116 kB
Active(anon):    2910216 kB
Inactive(anon):  4587920 kB
Active(file):     423548 kB
Inactive(file):   700196 kB
Unevictable:      596276 kB
Mlocked:           14260 kB
SwapTotal:      28818424 kB
SwapFree:       23306988 kB
Zswap:                 0 kB
Zswapped:              0 kB
Dirty:              3072 kB
Writeback:             0 kB
AnonPages:       6940312 kB
Mapped:           713384 kB
Shmem:            757304 kB
KReclaimable:     142448 kB
Slab:             413432 kB
SReclaimable:     142448 kB
SUnreclaim:       270984 kB
KernelStack:       31108 kB
PageTables:        87524 kB
SecPageTables:      2056 kB
NFS_Unstable:          0 kB
Bounce:                0 kB
WritebackTmp:          0 kB
CommitLimit:    34839308 kB
Committed_AS:   31503384 kB
VmallocTotal:   34359738367 kB
VmallocUsed:      296832 kB
VmallocChunk:          0 kB
Percpu:             7360 kB
HardwareCorrupted:     0 kB
AnonHugePages:    319488 kB
ShmemHugePages:    40960 kB
ShmemPmdMapped:        0 kB
FileHugePages:    182272 kB
FilePmdMapped:    180224 kB
CmaTotal:              0 kB
CmaFree:               0 kB
Unaccepted:            0 kB
Balloon:               0 kB
GPUActive:             0 kB
GPUReclaim:            0 kB
HugePages_Total:       0
HugePages_Free:        0
HugePages_Rsvd:        0
HugePages_Surp:        0
Hugepagesize:       2048 kB
Hugetlb:               0 kB
DirectMap4k:     6942484 kB
DirectMap2M:     5441536 kB
DirectMap1G:     2097152 kB

/sys/kernel/mm/transparent_hugepage/enabled: [always] madvise never
/sys/kernel/mm/transparent_hugepage/hpage_pmd_size: 2097152
/sys/kernel/mm/transparent_hugepage/defrag (defrag/compaction efforts parameter): always defer [defer+madvise] madvise never

Process Memory:
Virtual Size: 12891632K (peak: 13022704K)
Resident Set Size: 5390272K (peak: 5852252K) (anon: 5250696K, file: 139380K, shmem: 196K)
Swapped out: 560976K
C-Heap outstanding allocations: 885911K, retained: 181560K
glibc malloc tunables: (default)

/proc/sys/kernel/threads-max (system-wide limit on the number of threads): 91634
/proc/sys/vm/max_map_count (maximum number of memory map areas a process may have): 1048576
/proc/sys/vm/swappiness (control to define how aggressively the kernel swaps out anonymous memory): 150
/proc/sys/kernel/pid_max (system-wide limit on number of process identifiers): 4194304

container information not found.
Steal ticks since vm start: 0
Steal ticks percentage since vm start:  0.000

CPU: total 8 (initial active 8) (4 cores per cpu, 2 threads per core) family 6 model 126 stepping 5 microcode 0xce, cx8, cmov, fxsr, ht, mmx, 3dnowpref, sse, sse2, sse3, ssse3, sse4.1, sse4.2, popcnt, lzcnt, tsc, tscinvbit, avx, avx2, aes, erms, clmul, bmi1, bmi2, adx, avx512f, avx512dq, avx512cd, avx512bw, avx512vl, sha, fma, vzeroupper, avx512_vpopcntdq, avx512_vpclmulqdq, avx512_vaes, avx512_vnni, clflush, clflushopt, avx512_vbmi2, avx512_vbmi, rdtscp, rdpid, fsrm, gfni, avx512_bitalg, f16c, pku, ospke, avx512_ifma
CPU Model and flags from /proc/cpuinfo:
model name	: Intel(R) Core(TM) i5-1035G1 CPU @ 1.00GHz
flags		: fpu vme de pse tsc msr pae mce cx8 apic sep mtrr pge mca cmov pat pse36 clflush dts acpi mmx fxsr sse sse2 ss ht tm pbe syscall nx pdpe1gb rdtscp lm constant_tsc art arch_perfmon pebs bts rep_good nopl xtopology nonstop_tsc cpuid aperfmperf tsc_known_freq pni pclmulqdq dtes64 monitor ds_cpl vmx est tm2 ssse3 sdbg fma cx16 xtpr pdcm pcid sse4_1 sse4_2 x2apic movbe popcnt tsc_deadline_timer aes xsave avx f16c rdrand lahf_lm abm 3dnowprefetch cpuid_fault epb ssbd ibrs ibpb stibp ibrs_enhanced tpr_shadow flexpriority ept vpid ept_ad fsgsbase tsc_adjust bmi1 avx2 smep bmi2 erms invpcid avx512f avx512dq rdseed adx smap avx512ifma clflushopt intel_pt avx512cd sha_ni avx512bw avx512vl xsaveopt xsavec xgetbv1 xsaves split_lock_detect dtherm ida arat pln pts hwp hwp_notify hwp_act_window hwp_epp hwp_pkg_req vnmi avx512vbmi umip pku ospke avx512_vbmi2 gfni vaes vpclmulqdq avx512_vnni avx512_bitalg avx512_vpopcntdq rdpid fsrm md_clear flush_l1d arch_capabilities

Online cpus: 0-7
Offline cpus: 
BIOS frequency limitation: <Not Available>
Frequency switch latency (ns): 0
Available cpu frequencies: <Not Available>
Current governor: powersave
Core performance/turbo boost: <Not Available>

Memory: 4k page, physical 12041768k(1452032k free), swap 28818424k(23306900k free)
Page Sizes: 4k

vm_info: OpenJDK 64-Bit Server VM (21.0.7+6-LTS) for linux-amd64 JRE (21.0.7+6-LTS), built on 2025-04-09T22:25:01Z by "MicrosoftCorporation" with gcc 11.3.0

END.
