#
# A fatal error has been detected by the Java Runtime Environment:
#
#  SIGSEGV (0xb) at pc=0x00007f837b42bee6, pid=29910, tid=29916
#
# JRE version: OpenJDK Runtime Environment Microsoft-11369942 (21.0.7+6) (build 21.0.7+6-LTS)
# Java VM: OpenJDK 64-Bit Server VM Microsoft-11369942 (21.0.7+6-LTS, mixed mode, tiered, compressed oops, compressed class ptrs, g1 gc, linux-amd64)
# Problematic frame:
# V  [libjvm.so+0x7acee6]  void OopOopIterateDispatch<G1CMOopClosure>::Table::oop_oop_iterate<ObjArrayKlass, narrowOop>(G1CMOopClosure*, oopDesc*, Klass*)+0x466
#
# Core dump will be written. Default location: Core dumps may be processed with "/usr/lib/systemd/systemd-coredump %P %u %g %s %t %c %h %d %F %I" (or dumping to /run/media/ashy/Shared/.minecraftx/instances/Gearfall Dev/core.29910)
#
# If you would like to submit a bug report, please visit:
#   https://aka.ms/minecraftjavacrashes
#

---------------  S U M M A R Y ------------

Command Line: -Xms256M -Xmx8192M -javaagent:/run/media/ashy/Shared/.minecraftx/libraries/org/to2mbn/authlibinjector/1.2.8/authlibinjector-1.2.8.jar=http://localhost:25555/yggdrasil -Dauthlibinjector.side=client -Djava.library.path=/run/media/ashy/Shared/.minecraftx/versions/neoforge-21.1.248/neoforge-21.1.248-natives -Djna.tmpdir=/run/media/ashy/Shared/.minecraftx/versions/neoforge-21.1.248/neoforge-21.1.248-natives -Dorg.lwjgl.system.SharedLibraryExtractPath=/run/media/ashy/Shared/.minecraftx/versions/neoforge-21.1.248/neoforge-21.1.248-natives -Dio.netty.native.workdir=/run/media/ashy/Shared/.minecraftx/versions/neoforge-21.1.248/neoforge-21.1.248-natives -Dminecraft.launcher.brand=X Minecraft Launcher (0.65.1) -Dminecraft.launcher.version=X Minecraft Launcher (0.65.1) -Djava.net.preferIPv6Addresses=system -DignoreList=client-extra,1.21.1.jar -DlibraryDirectory=/run/media/ashy/Shared/.minecraftx/libraries --module-path=/run/media/ashy/Shared/.minecraftx/libraries/cpw/mods/bootstraplauncher/2.0.2/bootstraplauncher-2.0.2.jar:/run/media/ashy/Shared/.minecraftx/libraries/cpw/mods/securejarhandler/3.0.8/securejarhandler-3.0.8.jar:/run/media/ashy/Shared/.minecraftx/libraries/org/ow2/asm/asm-commons/9.10.1/asm-commons-9.10.1.jar:/run/media/ashy/Shared/.minecraftx/libraries/org/ow2/asm/asm-util/9.10.1/asm-util-9.10.1.jar:/run/media/ashy/Shared/.minecraftx/libraries/org/ow2/asm/asm-analysis/9.10.1/asm-analysis-9.10.1.jar:/run/media/ashy/Shared/.minecraftx/libraries/org/ow2/asm/asm-tree/9.10.1/asm-tree-9.10.1.jar:/run/media/ashy/Shared/.minecraftx/libraries/org/ow2/asm/asm/9.10.1/asm-9.10.1.jar:/run/media/ashy/Shared/.minecraftx/libraries/net/neoforged/JarJarFileSystems/0.4.1/JarJarFileSystems-0.4.1.jar --add-modules=ALL-MODULE-PATH --add-opens=java.base/java.util.jar=cpw.mods.securejarhandler --add-opens=java.base/java.lang.invoke=cpw.mods.securejarhandler --add-exports=java.base/sun.security.util=cpw.mods.securejarhandler --add-exports=jdk.naming.dns/com.sun.jndi.dns=java.naming -Dauthlibinjector.debug cpw.mods.bootstraplauncher.BootstrapLauncher --username Ashy --version neoforge-21.1.248 --gameDir /run/media/ashy/Shared/.minecraftx/instances/Gearfall Dev --assetsDir /run/media/ashy/Shared/.minecraftx/assets --assetIndex 818f68d092986c6933366762f435889884c36a52 --uuid 68af5072-46a5-387f-ac5e-a6b3c47d6c3f --accessToken 10f3b11d145148eb86cf690c6e44675c --clientId ${clientid} --xuid ${auth_xuid} --userType msa --versionType release --fml.neoForgeVersion 21.1.248 --fml.fmlVersion 4.0.43 --fml.mcVersion 1.21.1 --fml.neoFormVersion 20240808.144430 --launchTarget forgeclient --fullscreen

Host: Intel(R) Core(TM) i5-1035G1 CPU @ 1.00GHz, 8 cores, 11G, CachyOS
Time: Fri Aug 28 09:44:56 2026 +0530 elapsed time: 72.164362 seconds (0d 0h 1m 12s)

---------------  T H R E A D  ---------------

Current thread (0x00007f837406e150):  WorkerThread "G1 Conc#0"      [id=29916, stack(0x00007f8378cfe000,0x00007f8378dfe000) (1024K)]

Stack: [0x00007f8378cfe000,0x00007f8378dfe000],  sp=0x00007f8378dfcb80,  free space=1018k
Native frames: (J=compiled Java code, j=interpreted, Vv=VM code, C=native code)
V  [libjvm.so+0x7acee6]  void OopOopIterateDispatch<G1CMOopClosure>::Table::oop_oop_iterate<ObjArrayKlass, narrowOop>(G1CMOopClosure*, oopDesc*, Klass*)+0x466
V  [libjvm.so+0x7e3a2e]  void G1CMTask::process_grey_task_entry<true>(G1TaskQueueEntry)+0xce
V  [libjvm.so+0x7de24f]  G1CMTask::drain_local_queue(bool) [clone .part.0] [clone .constprop.1]+0x6f
V  [libjvm.so+0x7dff36]  G1CMTask::do_marking_step(double, bool, bool)+0x706
V  [libjvm.so+0x7e4c8d]  G1CMConcurrentMarkingTask::work(unsigned int)+0xdd
V  [libjvm.so+0x103bce0]  WorkerThread::run()+0x80
V  [libjvm.so+0xf7f788]  Thread::call_run()+0xa8
V  [libjvm.so+0xd0aaea]  thread_native_entry(Thread*)+0xda

siginfo: si_signo: 11 (SIGSEGV), si_code: 1 (SEGV_MAPERR), si_addr: 0x0000000000000100

Registers:
RAX=0x0000000000000000, RBX=0x00000006317c11d0, RCX=0x00007f837af663e0, RDX=0x0000000000000000
RSP=0x00007f8378dfcb80, RBP=0x00007f8378dfcbc0, RSI=0x00000006317c1158, RDI=0x0000000800000009
R8 =0x00007f837c1b1534, R9 =0x00007f837c1706e8, R10=0x0000000000000001, R11=0x0000080000000000
R12=0x00007f8374073810, R13=0x00007f837405c6b0, R14=0x00007f8378dfcca0, R15=0x00000006317c11d4
RIP=0x00007f837b42bee6, EFLAGS=0x0000000000010246, CSGSFS=0x002b000000000033, ERR=0x0000000000000004
  TRAPNO=0x000000000000000e

XMM[0]=0x0000000000000000 0x3ff1c6a7ef9db000
XMM[1]=0x0000000000000000 0x4014000000000000
XMM[2]=0x0000000000000000 0x4004b81dab4c2a3a
XMM[3]=0x0000000000000000 0x4023185f6af7cccf
XMM[4]=0x0000000000000000 0x3fe0000000000000
XMM[5]=0x40e19400784449dd 0x40accc0dd2f1a9f8
XMM[6]=0x0000000000000000 0x00007f8374073810
XMM[7]=0x00007f8378dfe000 0x0000000000000004
XMM[8]=0xcafebabecafebabe 0xcafebabecafebabe
XMM[9]=0x0000000000000000 0x00007f837be40340
XMM[10]=0x0000000000000000 0x00007f837be406a0
XMM[11]=0x0000000000000000 0x00007f837be40460
XMM[12]=0x0000000000000000 0x0000000000000000
XMM[13]=0x0000000000000000 0x0000000000000000
XMM[14]=0x0000000000000000 0x0000000000000000
XMM[15]=0x0000000000000000 0x0000000000000000
  MXCSR=0x00001fa2


Register to memory mapping:

RAX=0x0 is null
RBX=0x00000006317c11d0 is pointing into object: [Ljava.lang.String; 
{0x00000006317c11b0} - klass: 'java/lang/String'[]
 - length: 5
RCX=0x00007f837af663e0: <offset 0x00000000002e73e0> in /run/media/ashy/Shared/.minecraftx/jre/java-runtime-delta/lib/server/libjvm.so at 0x00007f837ac7f000
RDX=0x0 is null
RSP=0x00007f8378dfcb80 points into unknown readable memory: 0x0000000800041f60 | 60 1f 04 00 08 00 00 00
RBP=0x00007f8378dfcbc0 points into unknown readable memory: 0x00007f8378dfcc00 | 00 cc df 78 83 7f 00 00
RSI=0x00000006317c1158 is pointing into object: [B 
{0x00000006317c1120} - klass: {type array byte}
 - length: 41
RDI=0x0000000800000009 is pointing into metadata
R8 =0x00007f837c1b1534: <offset 0x0000000001532534> in /run/media/ashy/Shared/.minecraftx/jre/java-runtime-delta/lib/server/libjvm.so at 0x00007f837ac7f000
R9 =0x00007f837c1706e8: <offset 0x00000000014f16e8> in /run/media/ashy/Shared/.minecraftx/jre/java-runtime-delta/lib/server/libjvm.so at 0x00007f837ac7f000
R10=0x0000000000000001 is an unknown value
R11=0x0000080000000000 is an unknown value
R12=0x00007f8374073810 points into unknown readable memory: 0x00007f837c0a18c8 | c8 18 0a 7c 83 7f 00 00
R13=0x00007f837405c6b0 points into unknown readable memory: 0x00007f837406d1b0 | b0 d1 06 74 83 7f 00 00
R14=0x00007f8378dfcca0 points into unknown readable memory: 0x00007f837c0a15d8 | d8 15 0a 7c 83 7f 00 00
R15=0x00000006317c11d4 is pointing into object: [Ljava.lang.String; 
{0x00000006317c11b0} - klass: 'java/lang/String'[]
 - length: 5

Top of Stack: (sp=0x00007f8378dfcb80)
0x00007f8378dfcb80:   0000000800041f60 0000000800041f58
0x00007f8378dfcb90:   0000000000000269 00007f8374073810
0x00007f8378dfcba0:   00000006317c11b0 0000000000000005
0x00007f8378dfcbb0:   000000080005d0c0 00007f8378dfcca0
0x00007f8378dfcbc0:   00007f8378dfcc00 00007f837b462a2e
0x00007f8378dfcbd0:   000000000042e910 0000000000000040
0x00007f8378dfcbe0:   00007f8378dfcc18 00007f8374073810
0x00007f8378dfcbf0:   00007f8374073948 00007f8374073810
0x00007f8378dfcc00:   00007f8378dfcc40 00007f837b45d24f
0x00007f8378dfcc10:   00007f8374044320 00000006317c11b0
0x00007f8378dfcc20:   00007f837c0a15d8 00007f837c0a15d8
0x00007f8378dfcc30:   000000000000000a 0000000000000001
0x00007f8378dfcc40:   00007f8378dfcd00 00007f837b45ef36
0x00007f8378dfcc50:   00007f837c1ce420 000000017c16ff18
0x00007f8378dfcc60:   3fe0000000000000 000000000199590b
0x00007f8378dfcc70:   00007f8374073948 3fd6241416fcfcbe
0x00007f8378dfcc80:   0000000000000000 00000000000497c6
0x00007f8378dfcc90:   00007f837405c6b0 00007f8374073810
0x00007f8378dfcca0:   00007f837c0a15d8 00007f837413d590
0x00007f8378dfccb0:   00007f8300000003 00007f8374044320
0x00007f8378dfccc0:   00007f8374073810 00007f8378efdb10
0x00007f8378dfccd0:   00007f837c1ce3f0 00007f8378efdb10
0x00007f8378dfcce0:   00007f837c1d89e8 00007f837406e4f0
0x00007f8378dfccf0:   00007f837c16ff18 00007f8374073810
0x00007f8378dfcd00:   00007f8378dfcd80 00007f837b463c8d
0x00007f8378dfcd10:   00007f837406e530 00007f837406e540
0x00007f8378dfcd20:   00000000000003d8 00007f837406e918
0x00007f8378dfcd30:   000000017c2b5f10 00007f837406e540
0x00007f8378dfcd40:   00007f837406e530 4011063305100a39
0x00007f8378dfcd50:   00007f837406e0f8 00007f837406e0f8
0x00007f8378dfcd60:   00007f8378dfcd9c 00007f837406e150
0x00007f8378dfcd70:   0000000000000001 0000000000000001 

Instructions: (pc=0x00007f837b42bee6)
0x00007f837b42bde6:   00 00 00 8b b9 00 01 00 00 89 d0 29 f8 25 ff ff
0x00007f837b42bdf6:   01 00 3d fd ff 01 00 0f 87 dd fd ff ff 48 8b 81
0x00007f837b42be06:   80 01 00 00 89 d7 83 c2 01 81 e2 ff ff 01 00 48
0x00007f837b42be16:   89 34 f8 48 83 c3 04 89 91 80 00 00 00 49 39 df
0x00007f837b42be26:   0f 87 dc fc ff ff e9 bc fd ff ff 0f 1f 80 00 00
0x00007f837b42be36:   00 00 48 8b 46 08 e9 bb fe ff ff 0f 1f 80 00 00
0x00007f837b42be46:   00 00 48 8b 46 08 e9 6a fc ff ff 0f 1f 80 00 00
0x00007f837b42be56:   00 00 48 8b 91 80 01 00 00 89 c7 83 c0 01 25 ff
0x00007f837b42be66:   ff 01 00 48 89 34 fa 48 83 c3 04 89 81 80 00 00
0x00007f837b42be76:   00 49 39 df 0f 87 88 fc ff ff e9 68 fd ff ff 0f
0x00007f837b42be86:   1f 00 48 83 47 50 01 e9 14 fe ff ff 66 0f 1f 44
0x00007f837b42be96:   00 00 48 8b 07 48 8d 15 3e a5 b3 ff 48 8b 80 00
0x00007f837b42bea6:   01 00 00 48 39 d0 0f 84 81 fd ff ff 44 89 55 c4
0x00007f837b42beb6:   48 89 75 c8 ff d0 48 8b 75 c8 44 8b 55 c4 4c 8d
0x00007f837b42bec6:   05 69 56 d8 00 4c 8d 0d 16 48 d4 00 48 89 c2 e9
0x00007f837b42bed6:   5f fd ff ff 48 8b 07 48 8d 0d fc a4 b3 ff 31 d2
0x00007f837b42bee6:   48 8b 80 00 01 00 00 48 39 c8 0f 84 43 fd ff ff
0x00007f837b42bef6:   44 89 55 c4 48 89 75 c8 ff d0 4c 8d 0d e1 47 d4
0x00007f837b42bf06:   00 4c 8d 05 26 56 d8 00 44 8b 55 c4 48 8b 75 c8
0x00007f837b42bf16:   48 89 c2 e9 1b fd ff ff 66 90 55 48 89 e5 41 57
0x00007f837b42bf26:   49 89 ff 41 56 41 55 4d 89 c5 41 54 49 89 f4 53
0x00007f837b42bf36:   48 89 cb 48 83 ec 18 4c 8d 0d a4 47 d4 00 41 80
0x00007f837b42bf46:   39 00 0f 84 b2 03 00 00 48 8d 15 2b 2f d4 00 8b
0x00007f837b42bf56:   46 08 8b 4a 08 48 d3 e0 48 03 02 41 8b 57 10 48
0x00007f837b42bf66:   8b b8 98 00 00 00 31 c9 4c 89 fe 4e 8d 34 eb e8
0x00007f837b42bf76:   26 80 e7 ff 4c 8d 0d 67 47 d4 00 41 80 39 01 48
0x00007f837b42bf86:   19 d2 83 e2 04 41 80 39 01 48 19 c0 49 63 54 14
0x00007f837b42bf96:   0c 83 e0 08 49 8d 44 04 10 48 39 d8 48 0f 43 d8
0x00007f837b42bfa6:   48 8d 04 90 49 39 c6 4c 0f 47 f0 4c 39 f3 0f 83
0x00007f837b42bfb6:   e3 00 00 00 66 0f 1f 44 00 00 4d 8b 67 20 49 83
0x00007f837b42bfc6:   84 24 b8 00 00 00 01 8b 33 85 f6 0f 84 b9 00 00
0x00007f837b42bfd6:   00 48 8d 05 b2 2e d4 00 8b 48 08 48 d3 e6 48 03 


Stack slot to memory mapping:

stack at sp + 0 slots: 0x0000000800041f60 is a pointer to class: 
java.lang.reflect.AnnotatedElement {0x0000000800041f60}
 - instance size:     2
 - klass size:        62
 - access:            public interface abstract 
 - flags:             rewritten has_nonstatic_concrete_methods declares_nonstatic_concrete_methods has_localvariable_table 
 - state:             fully_initialized
 - name:              'java/lang/reflect/AnnotatedElement'
 - super:             'java/lang/Object'
 - sub:               
 - nof implementors:  2
 - arrays:            'java/lang/reflect/AnnotatedElement'[]
 - methods:           Array<T>(0x00007f8338016300)
 - method ordering:   Array<T>(0x00007f8338000018)
 - local interfaces:  Array<T>(0x00007f8338000058)
 - trans. interfaces: Array<T>(0x00007f8338000058)
 - constants:         constant pool [164]/operands[21] {0x00007f8338015d08} for 'java/lang/reflect/AnnotatedElement' cache=0x00007f8338172cf0
 - class loader data:  loader data: 0x00007f83740d5d70 of 'bootstrap'
 - source file:       'AnnotatedElement.java'
 - inner classes:     Array<T>(0x00007f83380169e8)
 - nest members:     Array<T>(0x00007f8338000028)
 - permitted subclasses:     Array<T>(0x00007f8338000028)
 - java mirror:       a 'java/lang/Class'{0x00000006008ea4e0} = 'java/lang/reflect/AnnotatedElement'
 - vtable length      5  (start addr: 0x0000000800042120)
 - itable length      0 (start addr: 0x0000000800042148)
 - ---- static fields (0 words):
 - ---- non-static fields (0 words):
 - non-static oop maps: 
stack at sp + 1 slots: 0x0000000800041f58 is pointing into metadata
stack at sp + 2 slots: 0x0000000000000269 is an unknown value
stack at sp + 3 slots: 0x00007f8374073810 points into unknown readable memory: 0x00007f837c0a18c8 | c8 18 0a 7c 83 7f 00 00
stack at sp + 4 slots: 0x00000006317c11b0 is an oop: [Ljava.lang.String; 
{0x00000006317c11b0} - klass: 'java/lang/String'[]
 - length: 5
stack at sp + 5 slots: 0x0000000000000005 is an unknown value
stack at sp + 6 slots: 0x000000080005d0c0 is a pointer to class: 
stack at sp + 7 slots: 0x00007f8378dfcca0 points into unknown readable memory: 0x00007f837c0a15d8 | d8 15 0a 7c 83 7f 00 00


---------------  P R O C E S S  ---------------

Threads class SMR info:
_java_thread_list=0x000055f676e60260, length=79, elements={
0x00007f83740313e0, 0x00007f83741a0010, 0x00007f83741b1180, 0x00007f83741b2a60,
0x00007f83741b3fc0, 0x00007f83741b5550, 0x00007f83741b6d30, 0x00007f83741c03c0,
0x00007f83742b79b0, 0x00007f83749fa390, 0x00007f8374e78620, 0x00007f833c2ff080,
0x00007f833c716880, 0x00007f8344002f50, 0x00007f8350001f40, 0x00007f8344004750,
0x00007f834c0072a0, 0x00007f837628afa0, 0x00007f83761f22e0, 0x00007f8328c56da0,
0x00007f8377d30c30, 0x00007f834c733300, 0x00007f834cc8ca60, 0x00007f834c20e3d0,
0x00007f834c11f310, 0x00007f834c574e30, 0x00007f834c3aee10, 0x00007f834c513710,
0x00007f834cb25e40, 0x00007f8344029520, 0x00007f8350027b40, 0x00007f834cd246c0,
0x00007f834cd253a0, 0x00007f8354428e50, 0x000055f676297db0, 0x00007f83757e9160,
0x00007f837769a540, 0x00007f833c0463d0, 0x00007f833c0474d0, 0x00007f8354d96990,
0x000055f6774a2c40, 0x000055f6774c6290, 0x00007f8350bed210, 0x00007f8350729b30,
0x00007f83507f0db0, 0x00007f834c6d4860, 0x00007f83541a7c90, 0x00007f8354e5c590,
0x00007f834d946fa0, 0x00007f834cecf320, 0x000055f676f16e40, 0x00007f834c97bb20,
0x00007f834c97e420, 0x00007f83540a9870, 0x00007f834c97fc40, 0x00007f834d01b4e0,
0x00007f834f45e320, 0x00007f834f6669c0, 0x00007f8340c4a8d0, 0x00007f834f71e070,
0x00007f834f85c3b0, 0x00007f834f861b70, 0x00007f8354d9cb30, 0x00007f834fa20700,
0x00007f834fa23ef0, 0x00007f8328431ce0, 0x00007f834fb8e300, 0x00007f834fb90280,
0x00007f834fb9f2e0, 0x00007f833cb99500, 0x00007f834fba0ab0, 0x00007f834fba2160,
0x00007f83568bba30, 0x000055f676dde600, 0x00007f834fc176a0, 0x000055f6772f1240,
0x00007f83446aa3c0, 0x00007f8350046b60, 0x000055f676f78ac0
}

Java Threads: ( => current thread )
  0x00007f83740313e0 JavaThread "Ixeris Event Polling Thread"        [_thread_blocked, id=29911, stack(0x00007f837ab7f000,0x00007f837ac7f000) (1024K)]
  0x00007f83741a0010 JavaThread "Reference Handler"          daemon [_thread_blocked, id=29930, stack(0x00007f8358300000,0x00007f8358400000) (1024K)]
  0x00007f83741b1180 JavaThread "Finalizer"                  daemon [_thread_blocked, id=29931, stack(0x00007f83581ff000,0x00007f83582ff000) (1024K)]
  0x00007f83741b2a60 JavaThread "Signal Dispatcher"          daemon [_thread_blocked, id=29932, stack(0x00007f83580fe000,0x00007f83581fe000) (1024K)]
  0x00007f83741b3fc0 JavaThread "Service Thread"             daemon [_thread_blocked, id=29933, stack(0x00007f8349f00000,0x00007f834a000000) (1024K)]
  0x00007f83741b5550 JavaThread "Monitor Deflation Thread"   daemon [_thread_blocked, id=29934, stack(0x00007f8349b00000,0x00007f8349c00000) (1024K)]
  0x00007f83741b6d30 JavaThread "C2 CompilerThread0"         daemon [_thread_in_vm, id=29935, stack(0x00007f83499ff000,0x00007f8349aff000) (1024K)]
  0x00007f83741c03c0 JavaThread "C1 CompilerThread0"         daemon [_thread_in_vm, id=29936, stack(0x00007f83498fe000,0x00007f83499fe000) (1024K)]
  0x00007f83742b79b0 JavaThread "Common-Cleaner"             daemon [_thread_blocked, id=29948, stack(0x00007f83497fd000,0x00007f83498fd000) (1024K)]
  0x00007f83749fa390 JavaThread "Notification Thread"        daemon [_thread_blocked, id=29998, stack(0x00007f834936f000,0x00007f834946f000) (1024K)]
  0x00007f8374e78620 JavaThread "ForkJoinPool.commonPool-worker-1" daemon [_thread_blocked, id=30160, stack(0x00007f8348c06000,0x00007f8348d06000) (1024K)]
  0x00007f833c2ff080 JavaThread "ForkJoinPool.commonPool-worker-2" daemon [_thread_blocked, id=30161, stack(0x00007f8348b05000,0x00007f8348c05000) (1024K)]
  0x00007f833c716880 JavaThread "ForkJoinPool.commonPool-worker-3" daemon [_thread_blocked, id=30162, stack(0x00007f8348a04000,0x00007f8348b04000) (1024K)]
  0x00007f8344002f50 JavaThread "ForkJoinPool.commonPool-worker-4" daemon [_thread_blocked, id=30163, stack(0x00007f8348903000,0x00007f8348a03000) (1024K)]
  0x00007f8350001f40 JavaThread "ForkJoinPool.commonPool-worker-5" daemon [_thread_blocked, id=30164, stack(0x00007f8348802000,0x00007f8348902000) (1024K)]
  0x00007f8344004750 JavaThread "ForkJoinPool.commonPool-worker-6" daemon [_thread_blocked, id=30165, stack(0x00007f8348701000,0x00007f8348801000) (1024K)]
  0x00007f834c0072a0 JavaThread "ForkJoinPool.commonPool-worker-7" daemon [_thread_blocked, id=30166, stack(0x00007f8348600000,0x00007f8348700000) (1024K)]
  0x00007f837628afa0 JavaThread "LauncherLogger-Worker"      daemon [_thread_blocked, id=30476, stack(0x00007f83481fc000,0x00007f83482fc000) (1024K)]
  0x00007f83761f22e0 JavaThread "JNA Cleaner"                daemon [_thread_blocked, id=30537, stack(0x00007f832d49b000,0x00007f832d59b000) (1024K)]
  0x00007f8328c56da0 JavaThread "Timer hack thread"          daemon [_thread_blocked, id=34881, stack(0x00007f8349470000,0x00007f8349570000) (1024K)]
  0x00007f8377d30c30 JavaThread "Render thread"                     [_thread_in_native, id=34882, stack(0x00007f832c679000,0x00007f832c779000) (1024K)]
  0x00007f834c733300 JavaThread "WaterConfig-Worker"         daemon [_thread_blocked, id=34920, stack(0x00007f832c100000,0x00007f832c200000) (1024K)]
  0x00007f834cc8ca60 JavaThread "WaterConfig-IO"             daemon [_thread_blocked, id=34930, stack(0x00007f8323f00000,0x00007f8324000000) (1024K)]
  0x00007f834c20e3d0 JavaThread "NanoHttpd Main Listener"    daemon [_thread_in_native, id=34953, stack(0x00007f8323dff000,0x00007f8323eff000) (1024K)]
  0x00007f834c11f310 JavaThread "Yggdrasil Key Fetcher"      daemon [_thread_blocked, id=34954, stack(0x00007f8323cfe000,0x00007f8323dfe000) (1024K)]
  0x00007f834c574e30 JavaThread "Download-1"                 daemon [_thread_blocked, id=34956, stack(0x00007f8323afc000,0x00007f8323bfc000) (1024K)]
  0x00007f834c3aee10 JavaThread "Download-2"                 daemon [_thread_blocked, id=34960, stack(0x00007f83238fa000,0x00007f83239fa000) (1024K)]
  0x00007f834c513710 JavaThread "Cleaner-0"                  daemon [_thread_blocked, id=35007, stack(0x00007f83495fb000,0x00007f83496fb000) (1024K)]
  0x00007f834cb25e40 JavaThread "modloading-worker-0"        daemon [_thread_blocked, id=35109, stack(0x00007f832c87b000,0x00007f832c97b000) (1024K)]
  0x00007f8344029520 JavaThread "modloading-worker-0"        daemon [_thread_blocked, id=35110, stack(0x00007f8348d69000,0x00007f8348e69000) (1024K)]
  0x00007f8350027b40 JavaThread "modloading-worker-0"        daemon [_thread_blocked, id=35111, stack(0x00007f832c97c000,0x00007f832ca7c000) (1024K)]
  0x00007f834cd246c0 JavaThread "modloading-worker-0"        daemon [_thread_blocked, id=35112, stack(0x00007f832c77a000,0x00007f832c87a000) (1024K)]
  0x00007f834cd253a0 JavaThread "modloading-worker-0"        daemon [_thread_blocked, id=35113, stack(0x00007f832ca7d000,0x00007f832cb7d000) (1024K)]
  0x00007f8354428e50 JavaThread "modloading-worker-0"        daemon [_thread_blocked, id=35114, stack(0x00007f832cb7e000,0x00007f832cc7e000) (1024K)]
  0x000055f676297db0 JavaThread "modloading-worker-0"        daemon [_thread_blocked, id=35115, stack(0x00007f83496fc000,0x00007f83497fc000) (1024K)]
  0x00007f83757e9160 JavaThread "modloading-worker-0"        daemon [_thread_blocked, id=35116, stack(0x00007f83480fb000,0x00007f83481fb000) (1024K)]
  0x00007f837769a540 JavaThread "Thread-10"                  daemon [_thread_in_native, id=35153, stack(0x00007f832ef8b000,0x00007f832f08b000) (1024K)]
  0x00007f833c0463d0 JavaThread "FileSystemWatchService"     daemon [_thread_in_native, id=35290, stack(0x00007f832ee8a000,0x00007f832ef8a000) (1024K)]
  0x00007f833c0474d0 JavaThread "config-file-watcher-0-0"    daemon [_thread_blocked, id=35291, stack(0x00007f832ed89000,0x00007f832ee89000) (1024K)]
  0x00007f8354d96990 JavaThread "FileWatcher-1-thread-1"     daemon [_thread_blocked, id=35292, stack(0x00007f832dbff000,0x00007f832dcff000) (1024K)]
  0x000055f6774a2c40 JavaThread "FileSystemWatchService"     daemon [_thread_in_native, id=35462, stack(0x00007f832dafe000,0x00007f832dbfe000) (1024K)]
  0x000055f6774c6290 JavaThread "JEI Config File Watcher"    daemon [_thread_blocked, id=35483, stack(0x00007f832d9fd000,0x00007f832dafd000) (1024K)]
  0x00007f8350bed210 JavaThread "FileSystemWatchService"     daemon [_thread_in_native, id=35759, stack(0x00007f83239fb000,0x00007f8323afb000) (1024K)]
  0x00007f8350729b30 JavaThread "kubejs-background-thread"   daemon [_thread_blocked, id=35870, stack(0x00007f8323bfd000,0x00007f8323cfd000) (1024K)]
  0x00007f83507f0db0 JavaThread "ForkJoinPool-5-worker-1"    daemon [_thread_blocked, id=35906, stack(0x00007f83237f9000,0x00007f83238f9000) (1024K)]
  0x00007f834c6d4860 JavaThread "ForkJoinPool-5-worker-2"    daemon [_thread_blocked, id=35907, stack(0x00007f832d8fc000,0x00007f832d9fc000) (1024K)]
  0x00007f83541a7c90 JavaThread "FileSystemWatchService"     daemon [_thread_in_native, id=35950, stack(0x00007f832d71c000,0x00007f832d81c000) (1024K)]
  0x00007f8354e5c590 JavaThread "config-file-watcher-1-0"    daemon [_thread_blocked, id=35951, stack(0x00007f832d61b000,0x00007f832d71b000) (1024K)]
  0x00007f834d946fa0 JavaThread "Moonlight Hub Fetcher"      daemon [_thread_in_native, id=35976, stack(0x00007f8322d00000,0x00007f8322e00000) (1024K)]
  0x00007f834cecf320 JavaThread "FancyMenu-WebUtils-Thread"  daemon [_thread_blocked, id=35999, stack(0x00007f8322bff000,0x00007f8322cff000) (1024K)]
  0x000055f676f16e40 JavaThread "Tween thread"               daemon [_thread_blocked, id=36099, stack(0x00007f8322afe000,0x00007f8322bfe000) (1024K)]
  0x00007f834c97bb20 JavaThread "modloading-sync-worker"     daemon [_thread_blocked, id=36235, stack(0x00007f83229fd000,0x00007f8322afd000) (1024K)]
  0x00007f834c97e420 JavaThread "ForkJoinPool-5-worker-3"    daemon [_thread_blocked, id=36236, stack(0x00007f83228fc000,0x00007f83229fc000) (1024K)]
  0x00007f83540a9870 JavaThread "ForkJoinPool-5-worker-4"    daemon [_thread_blocked, id=36237, stack(0x00007f83227fb000,0x00007f83228fb000) (1024K)]
  0x00007f834c97fc40 JavaThread "ForkJoinPool-5-worker-5"    daemon [_thread_blocked, id=36238, stack(0x00007f8321651000,0x00007f8321751000) (1024K)]
  0x00007f834d01b4e0 JavaThread "Sound engine"               daemon [_thread_blocked, id=37141, stack(0x00007f832f08c000,0x00007f832f18c000) (1024K)]
  0x00007f834f45e320 JavaThread "Worker-Main-1"              daemon [_thread_blocked, id=37361, stack(0x00007f8321550000,0x00007f8321650000) (1024K)]
  0x00007f834f6669c0 JavaThread "Worker-ResourceReload-0"    daemon [_thread_blocked, id=37386, stack(0x00007f830f32b000,0x00007f830f42b000) (1024K)]
  0x00007f8340c4a8d0 JavaThread "pool-14-thread-1"                  [_thread_blocked, id=37407, stack(0x00007f830f22a000,0x00007f830f32a000) (1024K)]
  0x00007f834f71e070 JavaThread "FancyMenu-JsonPlaceholder-Cleanup" daemon [_thread_blocked, id=37419, stack(0x00007f830ed00000,0x00007f830ee00000) (1024K)]
  0x00007f834f85c3b0 JavaThread "pool-17-thread-1"                  [_thread_blocked, id=37499, stack(0x00007f832cc7f000,0x00007f832cd7f000) (1024K)]
  0x00007f834f861b70 JavaThread "pool-18-thread-1"                  [_thread_blocked, id=37500, stack(0x00007f83236f8000,0x00007f83237f8000) (1024K)]
  0x00007f8354d9cb30 JavaThread "C2 CompilerThread1"         daemon [_thread_in_native, id=37512, stack(0x00007f830ebff000,0x00007f830ecff000) (1024K)]
  0x00007f834fa20700 JavaThread "Thread-13"                         [_thread_blocked, id=37524, stack(0x00007f830eafe000,0x00007f830ebfe000) (1024K)]
  0x00007f834fa23ef0 JavaThread "Thread-14"                         [_thread_blocked, id=37527, stack(0x00007f830e9fd000,0x00007f830eafd000) (1024K)]
  0x00007f8328431ce0 JavaThread "C2 CompilerThread2"         daemon [_thread_in_native, id=37537, stack(0x00007f830e8fc000,0x00007f830e9fc000) (1024K)]
  0x00007f834fb8e300 JavaThread "Worker-ResourceReload-1"    daemon [_thread_blocked, id=37586, stack(0x00007f830e7fb000,0x00007f830e8fb000) (1024K)]
  0x00007f834fb90280 JavaThread "Worker-ResourceReload-2"    daemon [_thread_blocked, id=37596, stack(0x00007f830e6fa000,0x00007f830e7fa000) (1024K)]
  0x00007f834fb9f2e0 JavaThread "Worker-ResourceReload-3"    daemon [_thread_blocked, id=37597, stack(0x00007f830e5f9000,0x00007f830e6f9000) (1024K)]
  0x00007f833cb99500 JavaThread "Worker-ResourceReload-4"    daemon [_thread_blocked, id=37598, stack(0x00007f830e4f8000,0x00007f830e5f8000) (1024K)]
  0x00007f834fba0ab0 JavaThread "Worker-ResourceReload-5"    daemon [_thread_in_native, id=37599, stack(0x00007f830e3f7000,0x00007f830e4f7000) (1024K)]
  0x00007f834fba2160 JavaThread "Worker-ResourceReload-6"    daemon [_thread_blocked, id=37600, stack(0x00007f830e2f6000,0x00007f830e3f6000) (1024K)]
  0x00007f83568bba30 JavaThread "NeoForge Version Check"     daemon [_thread_blocked, id=37667, stack(0x00007f830d680000,0x00007f830d780000) (1024K)]
  0x000055f676dde600 JavaThread "HttpClient-1-SelectorManager" daemon [_thread_in_native, id=37679, stack(0x00007f830788a000,0x00007f830798a000) (1024K)]
  0x00007f834fc176a0 JavaThread "IO-Worker-1"                       [_thread_blocked, id=37737, stack(0x00007f8307100000,0x00007f8307200000) (1024K)]
  0x000055f6772f1240 JavaThread "Worker-Main-2"              daemon [_thread_blocked, id=37782, stack(0x00007f8305700000,0x00007f8305800000) (1024K)]
  0x00007f83446aa3c0 JavaThread "Worker-Main-3"              daemon [_thread_blocked, id=37783, stack(0x00007f83055ff000,0x00007f83056ff000) (1024K)]
  0x00007f8350046b60 JavaThread "Worker-Main-5"              daemon [_thread_blocked, id=37784, stack(0x00007f83054fe000,0x00007f83055fe000) (1024K)]
  0x000055f676f78ac0 JavaThread "Worker-Main-4"              daemon [_thread_blocked, id=37785, stack(0x00007f83053fd000,0x00007f83054fd000) (1024K)]
Total: 79

Other Threads:
  0x00007f8374127610 VMThread "VM Thread"                           [id=29929, stack(0x00007f8378016000,0x00007f8378116000) (1024K)]
  0x00007f83740dc5d0 WatcherThread "VM Periodic Task Thread"        [id=29919, stack(0x00007f8378117000,0x00007f8378217000) (1024K)]
  0x00007f837405bba0 WorkerThread "GC Thread#0"                     [id=29914, stack(0x00007f8378f00000,0x00007f8379000000) (1024K)]
  0x000055f675b091e0 WorkerThread "GC Thread#1"                     [id=30010, stack(0x00007f834926e000,0x00007f834936e000) (1024K)]
  0x000055f675b09cb0 WorkerThread "GC Thread#2"                     [id=30011, stack(0x00007f834916d000,0x00007f834926d000) (1024K)]
  0x000055f675b0a7c0 WorkerThread "GC Thread#3"                     [id=30012, stack(0x00007f834906c000,0x00007f834916c000) (1024K)]
  0x000055f675b0b2d0 WorkerThread "GC Thread#4"                     [id=30013, stack(0x00007f8348f6b000,0x00007f834906b000) (1024K)]
  0x000055f675b0c260 WorkerThread "GC Thread#5"                     [id=30014, stack(0x00007f8348e6a000,0x00007f8348f6a000) (1024K)]
  0x000055f675b19590 WorkerThread "GC Thread#6"                     [id=30222, stack(0x00007f83484ff000,0x00007f83485ff000) (1024K)]
  0x000055f675b19c10 WorkerThread "GC Thread#7"                     [id=30223, stack(0x00007f83483fe000,0x00007f83484fe000) (1024K)]
  0x00007f837406d1b0 ConcurrentGCThread "G1 Main Marker"            [id=29915, stack(0x00007f8378dff000,0x00007f8378eff000) (1024K)]
=>0x00007f837406e150 WorkerThread "G1 Conc#0"                       [id=29916, stack(0x00007f8378cfe000,0x00007f8378dfe000) (1024K)]
  0x00007f834c00d190 WorkerThread "G1 Conc#1"                       [id=30234, stack(0x00007f83482fd000,0x00007f83483fd000) (1024K)]
  0x00007f83740cb250 ConcurrentGCThread "G1 Refine#0"               [id=29917, stack(0x00007f83783f5000,0x00007f83784f5000) (1024K)]
  0x00007f83740cc200 ConcurrentGCThread "G1 Service"                [id=29918, stack(0x00007f83782f4000,0x00007f83783f4000) (1024K)]
Total: 15

Threads with active compile tasks:
C2 CompilerThread0  72179 27138       4       guideme.libs.micromark.Tokenizer$HookStateMachineFactory::createFirst (55 bytes)
C2 CompilerThread1  72179 25812       4       io.github.ocelot.glslprocessor.impl.GlslParserImpl$$Lambda/0x0000000804d251a8::apply (8 bytes)
C2 CompilerThread2  72179 27139       4       guideme.libs.micromark.Tokenizer$$Lambda/0x0000000804c8aec8::hook (19 bytes)
Total: 3

VM state: not at safepoint (normal execution)

VM Mutex/Monitor currently owned by a thread: None

Heap address: 0x0000000600000000, size: 8192 MB, Compressed Oops mode: Zero based, Oop shift amount: 3

CDS archive(s) not mapped
Compressed class space mapped at: 0x0000000800000000-0x0000000840000000, reserved size: 1073741824
Narrow klass base: 0x0000000800000000, Narrow klass shift: 0, Narrow klass range: 0x40000000

GC Precious Log:
 CardTable entry size: 512
 Card Set container configuration: InlinePtr #cards 4 size 8 Array Of Cards #cards 32 size 80 Howl #buckets 8 coarsen threshold 7372 Howl Bitmap #cards 1024 size 144 coarsen threshold 921 Card regions per heap region 1 cards per card region 8192
 CPUs: 8 total, 8 available
 Memory: 11759M
 Large Page Support: Disabled
 NUMA Support: Disabled
 Compressed Oops: Enabled (Zero based)
 Heap Region Size: 4M
 Heap Min Capacity: 256M
 Heap Initial Capacity: 256M
 Heap Max Capacity: 8G
 Pre-touch: Disabled
 Parallel Workers: 8
 Concurrent Workers: 2
 Concurrent Refinement Workers: 8
 Periodic GC: Disabled

Heap:
 garbage-first heap   total 3194880K, used 1922884K [0x0000000600000000, 0x0000000800000000)
  region size 4096K, 222 young (909312K), 19 survivors (77824K)
 Metaspace       used 402611K, committed 406720K, reserved 1441792K
  class space    used 77027K, committed 79040K, reserved 1048576K

Heap Regions: E=young(eden), S=young(survivor), O=old, HS=humongous(starts), HC=humongous(continues), CS=collection set, F=free, TAMS=top-at-mark-start, PB=parsable bottom
|   0|0x0000000600000000, 0x0000000600400000, 0x0000000600400000|100%| O|  |TAMS 0x0000000600400000| PB 0x0000000600000000| Untracked 
|   1|0x0000000600400000, 0x0000000600800000, 0x0000000600800000|100%| O|  |TAMS 0x0000000600800000| PB 0x0000000600400000| Untracked 
|   2|0x0000000600800000, 0x0000000600c00000, 0x0000000600c00000|100%| O|  |TAMS 0x0000000600c00000| PB 0x0000000600800000| Untracked 
|   3|0x0000000600c00000, 0x0000000601000000, 0x0000000601000000|100%| O|  |TAMS 0x0000000601000000| PB 0x0000000600c00000| Untracked 
|   4|0x0000000601000000, 0x0000000601400000, 0x0000000601400000|100%| O|  |TAMS 0x0000000601400000| PB 0x0000000601000000| Untracked 
|   5|0x0000000601400000, 0x0000000601800000, 0x0000000601800000|100%| O|  |TAMS 0x0000000601800000| PB 0x0000000601400000| Untracked 
|   6|0x0000000601800000, 0x0000000601c00000, 0x0000000601c00000|100%| O|  |TAMS 0x0000000601c00000| PB 0x0000000601800000| Untracked 
|   7|0x0000000601c00000, 0x0000000602000000, 0x0000000602000000|100%| O|  |TAMS 0x0000000602000000| PB 0x0000000601c00000| Untracked 
|   8|0x0000000602000000, 0x0000000602400000, 0x0000000602400000|100%| O|  |TAMS 0x0000000602400000| PB 0x0000000602000000| Untracked 
|   9|0x0000000602400000, 0x0000000602800000, 0x0000000602800000|100%| O|  |TAMS 0x0000000602800000| PB 0x0000000602400000| Untracked 
|  10|0x0000000602800000, 0x0000000602c00000, 0x0000000602c00000|100%| O|  |TAMS 0x0000000602c00000| PB 0x0000000602800000| Untracked 
|  11|0x0000000602c00000, 0x0000000603000000, 0x0000000603000000|100%| O|  |TAMS 0x0000000603000000| PB 0x0000000602c00000| Untracked 
|  12|0x0000000603000000, 0x0000000603400000, 0x0000000603400000|100%| O|  |TAMS 0x0000000603400000| PB 0x0000000603000000| Untracked 
|  13|0x0000000603400000, 0x0000000603800000, 0x0000000603800000|100%| O|  |TAMS 0x0000000603800000| PB 0x0000000603400000| Untracked 
|  14|0x0000000603800000, 0x0000000603c00000, 0x0000000603c00000|100%| O|  |TAMS 0x0000000603c00000| PB 0x0000000603800000| Untracked 
|  15|0x0000000603c00000, 0x0000000604000000, 0x0000000604000000|100%| O|  |TAMS 0x0000000604000000| PB 0x0000000603c00000| Untracked 
|  16|0x0000000604000000, 0x0000000604400000, 0x0000000604400000|100%| O|  |TAMS 0x0000000604400000| PB 0x0000000604000000| Untracked 
|  17|0x0000000604400000, 0x0000000604800000, 0x0000000604800000|100%|HS|  |TAMS 0x0000000604800000| PB 0x0000000604400000| Complete 
|  18|0x0000000604800000, 0x0000000604c00000, 0x0000000604c00000|100%|HC|  |TAMS 0x0000000604c00000| PB 0x0000000604800000| Complete 
|  19|0x0000000604c00000, 0x0000000605000000, 0x0000000605000000|100%| O|  |TAMS 0x0000000605000000| PB 0x0000000604c00000| Untracked 
|  20|0x0000000605000000, 0x0000000605400000, 0x0000000605400000|100%| O|  |TAMS 0x0000000605400000| PB 0x0000000605000000| Untracked 
|  21|0x0000000605400000, 0x0000000605800000, 0x0000000605800000|100%| O|  |TAMS 0x0000000605800000| PB 0x0000000605400000| Untracked 
|  22|0x0000000605800000, 0x0000000605c00000, 0x0000000605c00000|100%| O|  |TAMS 0x0000000605c00000| PB 0x0000000605800000| Untracked 
|  23|0x0000000605c00000, 0x0000000606000000, 0x0000000606000000|100%| O|  |TAMS 0x0000000606000000| PB 0x0000000605c00000| Untracked 
|  24|0x0000000606000000, 0x0000000606400000, 0x0000000606400000|100%| O|  |TAMS 0x0000000606400000| PB 0x0000000606000000| Untracked 
|  25|0x0000000606400000, 0x0000000606800000, 0x0000000606800000|100%| O|  |TAMS 0x0000000606800000| PB 0x0000000606400000| Untracked 
|  26|0x0000000606800000, 0x0000000606c00000, 0x0000000606c00000|100%| O|  |TAMS 0x0000000606c00000| PB 0x0000000606800000| Untracked 
|  27|0x0000000606c00000, 0x0000000607000000, 0x0000000607000000|100%| O|  |TAMS 0x0000000607000000| PB 0x0000000606c00000| Untracked 
|  28|0x0000000607000000, 0x0000000607400000, 0x0000000607400000|100%| O|  |TAMS 0x0000000607400000| PB 0x0000000607000000| Untracked 
|  29|0x0000000607400000, 0x0000000607800000, 0x0000000607800000|100%| O|  |TAMS 0x0000000607800000| PB 0x0000000607400000| Untracked 
|  30|0x0000000607800000, 0x0000000607c00000, 0x0000000607c00000|100%| O|  |TAMS 0x0000000607c00000| PB 0x0000000607800000| Untracked 
|  31|0x0000000607c00000, 0x0000000608000000, 0x0000000608000000|100%| O|  |TAMS 0x0000000608000000| PB 0x0000000607c00000| Untracked 
|  32|0x0000000608000000, 0x0000000608400000, 0x0000000608400000|100%| O|  |TAMS 0x0000000608400000| PB 0x0000000608000000| Untracked 
|  33|0x0000000608400000, 0x0000000608800000, 0x0000000608800000|100%| O|  |TAMS 0x0000000608800000| PB 0x0000000608400000| Untracked 
|  34|0x0000000608800000, 0x0000000608c00000, 0x0000000608c00000|100%| O|  |TAMS 0x0000000608c00000| PB 0x0000000608800000| Untracked 
|  35|0x0000000608c00000, 0x0000000609000000, 0x0000000609000000|100%| O|  |TAMS 0x0000000609000000| PB 0x0000000608c00000| Untracked 
|  36|0x0000000609000000, 0x0000000609400000, 0x0000000609400000|100%| O|  |TAMS 0x0000000609400000| PB 0x0000000609000000| Untracked 
|  37|0x0000000609400000, 0x0000000609800000, 0x0000000609800000|100%| O|  |TAMS 0x0000000609800000| PB 0x0000000609400000| Untracked 
|  38|0x0000000609800000, 0x0000000609c00000, 0x0000000609c00000|100%| O|  |TAMS 0x0000000609c00000| PB 0x0000000609800000| Untracked 
|  39|0x0000000609c00000, 0x000000060a000000, 0x000000060a000000|100%| O|  |TAMS 0x000000060a000000| PB 0x0000000609c00000| Untracked 
|  40|0x000000060a000000, 0x000000060a400000, 0x000000060a400000|100%| O|  |TAMS 0x000000060a400000| PB 0x000000060a000000| Untracked 
|  41|0x000000060a400000, 0x000000060a800000, 0x000000060a800000|100%| O|  |TAMS 0x000000060a800000| PB 0x000000060a400000| Untracked 
|  42|0x000000060a800000, 0x000000060ac00000, 0x000000060ac00000|100%| O|  |TAMS 0x000000060ac00000| PB 0x000000060a800000| Untracked 
|  43|0x000000060ac00000, 0x000000060b000000, 0x000000060b000000|100%| O|  |TAMS 0x000000060b000000| PB 0x000000060ac00000| Untracked 
|  44|0x000000060b000000, 0x000000060b400000, 0x000000060b400000|100%| O|  |TAMS 0x000000060b400000| PB 0x000000060b000000| Untracked 
|  45|0x000000060b400000, 0x000000060b800000, 0x000000060b800000|100%| O|  |TAMS 0x000000060b800000| PB 0x000000060b400000| Untracked 
|  46|0x000000060b800000, 0x000000060bc00000, 0x000000060bc00000|100%| O|  |TAMS 0x000000060bc00000| PB 0x000000060b800000| Untracked 
|  47|0x000000060bc00000, 0x000000060c000000, 0x000000060c000000|100%| O|  |TAMS 0x000000060c000000| PB 0x000000060bc00000| Untracked 
|  48|0x000000060c000000, 0x000000060c400000, 0x000000060c400000|100%| O|  |TAMS 0x000000060c400000| PB 0x000000060c000000| Untracked 
|  49|0x000000060c400000, 0x000000060c800000, 0x000000060c800000|100%| O|  |TAMS 0x000000060c800000| PB 0x000000060c400000| Untracked 
|  50|0x000000060c800000, 0x000000060cc00000, 0x000000060cc00000|100%| O|  |TAMS 0x000000060cc00000| PB 0x000000060c800000| Untracked 
|  51|0x000000060cc00000, 0x000000060d000000, 0x000000060d000000|100%| O|  |TAMS 0x000000060d000000| PB 0x000000060cc00000| Untracked 
|  52|0x000000060d000000, 0x000000060d400000, 0x000000060d400000|100%| O|  |TAMS 0x000000060d400000| PB 0x000000060d000000| Untracked 
|  53|0x000000060d400000, 0x000000060d800000, 0x000000060d800000|100%| O|  |TAMS 0x000000060d800000| PB 0x000000060d400000| Untracked 
|  54|0x000000060d800000, 0x000000060dc00000, 0x000000060dc00000|100%| O|  |TAMS 0x000000060dc00000| PB 0x000000060d800000| Untracked 
|  55|0x000000060dc00000, 0x000000060e000000, 0x000000060e000000|100%| O|  |TAMS 0x000000060e000000| PB 0x000000060dc00000| Untracked 
|  56|0x000000060e000000, 0x000000060e400000, 0x000000060e400000|100%| O|  |TAMS 0x000000060e400000| PB 0x000000060e000000| Untracked 
|  57|0x000000060e400000, 0x000000060e800000, 0x000000060e800000|100%| O|  |TAMS 0x000000060e800000| PB 0x000000060e400000| Untracked 
|  58|0x000000060e800000, 0x000000060ec00000, 0x000000060ec00000|100%| O|  |TAMS 0x000000060ec00000| PB 0x000000060e800000| Untracked 
|  59|0x000000060ec00000, 0x000000060f000000, 0x000000060f000000|100%| O|  |TAMS 0x000000060f000000| PB 0x000000060ec00000| Untracked 
|  60|0x000000060f000000, 0x000000060f400000, 0x000000060f400000|100%| O|  |TAMS 0x000000060f400000| PB 0x000000060f000000| Untracked 
|  61|0x000000060f400000, 0x000000060f800000, 0x000000060f800000|100%| O|  |TAMS 0x000000060f800000| PB 0x000000060f400000| Untracked 
|  62|0x000000060f800000, 0x000000060fc00000, 0x000000060fc00000|100%| O|  |TAMS 0x000000060fc00000| PB 0x000000060f800000| Untracked 
|  63|0x000000060fc00000, 0x0000000610000000, 0x0000000610000000|100%| O|  |TAMS 0x0000000610000000| PB 0x000000060fc00000| Untracked 
|  64|0x0000000610000000, 0x0000000610400000, 0x0000000610400000|100%| O|  |TAMS 0x0000000610400000| PB 0x0000000610000000| Untracked 
|  65|0x0000000610400000, 0x0000000610800000, 0x0000000610800000|100%| O|  |TAMS 0x0000000610800000| PB 0x0000000610400000| Untracked 
|  66|0x0000000610800000, 0x0000000610c00000, 0x0000000610c00000|100%| O|  |TAMS 0x0000000610c00000| PB 0x0000000610800000| Untracked 
|  67|0x0000000610c00000, 0x0000000611000000, 0x0000000611000000|100%| O|  |TAMS 0x0000000611000000| PB 0x0000000610c00000| Untracked 
|  68|0x0000000611000000, 0x0000000611400000, 0x0000000611400000|100%| O|  |TAMS 0x0000000611400000| PB 0x0000000611000000| Untracked 
|  69|0x0000000611400000, 0x0000000611800000, 0x0000000611800000|100%| O|  |TAMS 0x0000000611800000| PB 0x0000000611400000| Untracked 
|  70|0x0000000611800000, 0x0000000611c00000, 0x0000000611c00000|100%| O|  |TAMS 0x0000000611c00000| PB 0x0000000611800000| Untracked 
|  71|0x0000000611c00000, 0x0000000612000000, 0x0000000612000000|100%| O|  |TAMS 0x0000000612000000| PB 0x0000000611c00000| Untracked 
|  72|0x0000000612000000, 0x0000000612400000, 0x0000000612400000|100%| O|  |TAMS 0x0000000612400000| PB 0x0000000612000000| Untracked 
|  73|0x0000000612400000, 0x0000000612800000, 0x0000000612800000|100%| O|  |TAMS 0x0000000612800000| PB 0x0000000612400000| Untracked 
|  74|0x0000000612800000, 0x0000000612c00000, 0x0000000612c00000|100%| O|  |TAMS 0x0000000612c00000| PB 0x0000000612800000| Untracked 
|  75|0x0000000612c00000, 0x0000000613000000, 0x0000000613000000|100%| O|  |TAMS 0x0000000613000000| PB 0x0000000612c00000| Untracked 
|  76|0x0000000613000000, 0x0000000613400000, 0x0000000613400000|100%| O|  |TAMS 0x0000000613400000| PB 0x0000000613000000| Untracked 
|  77|0x0000000613400000, 0x0000000613800000, 0x0000000613800000|100%| O|  |TAMS 0x0000000613800000| PB 0x0000000613400000| Untracked 
|  78|0x0000000613800000, 0x0000000613c00000, 0x0000000613c00000|100%| O|  |TAMS 0x0000000613c00000| PB 0x0000000613800000| Untracked 
|  79|0x0000000613c00000, 0x0000000614000000, 0x0000000614000000|100%| O|  |TAMS 0x0000000614000000| PB 0x0000000613c00000| Untracked 
|  80|0x0000000614000000, 0x0000000614400000, 0x0000000614400000|100%| O|  |TAMS 0x0000000614400000| PB 0x0000000614000000| Untracked 
|  81|0x0000000614400000, 0x0000000614800000, 0x0000000614800000|100%| O|  |TAMS 0x0000000614800000| PB 0x0000000614400000| Untracked 
|  82|0x0000000614800000, 0x0000000614c00000, 0x0000000614c00000|100%| O|  |TAMS 0x0000000614c00000| PB 0x0000000614800000| Untracked 
|  83|0x0000000614c00000, 0x0000000615000000, 0x0000000615000000|100%| O|  |TAMS 0x0000000615000000| PB 0x0000000614c00000| Untracked 
|  84|0x0000000615000000, 0x0000000615400000, 0x0000000615400000|100%| O|  |TAMS 0x0000000615400000| PB 0x0000000615000000| Untracked 
|  85|0x0000000615400000, 0x0000000615800000, 0x0000000615800000|100%| O|  |TAMS 0x0000000615800000| PB 0x0000000615400000| Untracked 
|  86|0x0000000615800000, 0x0000000615c00000, 0x0000000615c00000|100%| O|  |TAMS 0x0000000615c00000| PB 0x0000000615800000| Untracked 
|  87|0x0000000615c00000, 0x0000000616000000, 0x0000000616000000|100%| O|  |TAMS 0x0000000616000000| PB 0x0000000615c00000| Untracked 
|  88|0x0000000616000000, 0x0000000616400000, 0x0000000616400000|100%| O|  |TAMS 0x0000000616400000| PB 0x0000000616000000| Untracked 
|  89|0x0000000616400000, 0x0000000616800000, 0x0000000616800000|100%| O|  |TAMS 0x0000000616800000| PB 0x0000000616400000| Untracked 
|  90|0x0000000616800000, 0x0000000616c00000, 0x0000000616c00000|100%|HS|  |TAMS 0x0000000616c00000| PB 0x0000000616800000| Complete 
|  91|0x0000000616c00000, 0x0000000617000000, 0x0000000617000000|100%|HS|  |TAMS 0x0000000617000000| PB 0x0000000616c00000| Complete 
|  92|0x0000000617000000, 0x0000000617400000, 0x0000000617400000|100%|HC|  |TAMS 0x0000000617400000| PB 0x0000000617000000| Complete 
|  93|0x0000000617400000, 0x0000000617800000, 0x0000000617800000|100%| O|  |TAMS 0x0000000617800000| PB 0x0000000617400000| Untracked 
|  94|0x0000000617800000, 0x0000000617c00000, 0x0000000617c00000|100%| O|  |TAMS 0x0000000617c00000| PB 0x0000000617800000| Untracked 
|  95|0x0000000617c00000, 0x0000000618000000, 0x0000000618000000|100%| O|  |TAMS 0x0000000618000000| PB 0x0000000617c00000| Untracked 
|  96|0x0000000618000000, 0x0000000618400000, 0x0000000618400000|100%| O|  |TAMS 0x0000000618400000| PB 0x0000000618000000| Untracked 
|  97|0x0000000618400000, 0x0000000618800000, 0x0000000618800000|100%| O|  |TAMS 0x0000000618800000| PB 0x0000000618400000| Untracked 
|  98|0x0000000618800000, 0x0000000618c00000, 0x0000000618c00000|100%| O|  |TAMS 0x0000000618c00000| PB 0x0000000618800000| Untracked 
|  99|0x0000000618c00000, 0x0000000619000000, 0x0000000619000000|100%| O|  |TAMS 0x0000000619000000| PB 0x0000000618c00000| Untracked 
| 100|0x0000000619000000, 0x0000000619400000, 0x0000000619400000|100%| O|  |TAMS 0x0000000619400000| PB 0x0000000619000000| Untracked 
| 101|0x0000000619400000, 0x0000000619800000, 0x0000000619800000|100%| O|  |TAMS 0x0000000619800000| PB 0x0000000619400000| Untracked 
| 102|0x0000000619800000, 0x0000000619c00000, 0x0000000619c00000|100%| O|  |TAMS 0x0000000619c00000| PB 0x0000000619800000| Untracked 
| 103|0x0000000619c00000, 0x000000061a000000, 0x000000061a000000|100%| O|  |TAMS 0x000000061a000000| PB 0x0000000619c00000| Untracked 
| 104|0x000000061a000000, 0x000000061a400000, 0x000000061a400000|100%| O|  |TAMS 0x000000061a400000| PB 0x000000061a000000| Untracked 
| 105|0x000000061a400000, 0x000000061a800000, 0x000000061a800000|100%| O|  |TAMS 0x000000061a800000| PB 0x000000061a400000| Untracked 
| 106|0x000000061a800000, 0x000000061ac00000, 0x000000061ac00000|100%| O|  |TAMS 0x000000061ac00000| PB 0x000000061a800000| Untracked 
| 107|0x000000061ac00000, 0x000000061b000000, 0x000000061b000000|100%| O|  |TAMS 0x000000061b000000| PB 0x000000061ac00000| Untracked 
| 108|0x000000061b000000, 0x000000061b400000, 0x000000061b400000|100%| O|  |TAMS 0x000000061b400000| PB 0x000000061b000000| Untracked 
| 109|0x000000061b400000, 0x000000061b800000, 0x000000061b800000|100%| O|  |TAMS 0x000000061b800000| PB 0x000000061b400000| Untracked 
| 110|0x000000061b800000, 0x000000061bc00000, 0x000000061bc00000|100%| O|  |TAMS 0x000000061bc00000| PB 0x000000061b800000| Untracked 
| 111|0x000000061bc00000, 0x000000061c000000, 0x000000061c000000|100%| O|  |TAMS 0x000000061c000000| PB 0x000000061bc00000| Untracked 
| 112|0x000000061c000000, 0x000000061c400000, 0x000000061c400000|100%| O|  |TAMS 0x000000061c400000| PB 0x000000061c000000| Untracked 
| 113|0x000000061c400000, 0x000000061c800000, 0x000000061c800000|100%| O|  |TAMS 0x000000061c800000| PB 0x000000061c400000| Untracked 
| 114|0x000000061c800000, 0x000000061cc00000, 0x000000061cc00000|100%| O|  |TAMS 0x000000061cc00000| PB 0x000000061c800000| Untracked 
| 115|0x000000061cc00000, 0x000000061d000000, 0x000000061d000000|100%| O|  |TAMS 0x000000061d000000| PB 0x000000061cc00000| Untracked 
| 116|0x000000061d000000, 0x000000061d400000, 0x000000061d400000|100%| O|  |TAMS 0x000000061d400000| PB 0x000000061d000000| Untracked 
| 117|0x000000061d400000, 0x000000061d800000, 0x000000061d800000|100%| O|  |TAMS 0x000000061d800000| PB 0x000000061d400000| Untracked 
| 118|0x000000061d800000, 0x000000061dc00000, 0x000000061dc00000|100%| O|  |TAMS 0x000000061dc00000| PB 0x000000061d800000| Untracked 
| 119|0x000000061dc00000, 0x000000061e000000, 0x000000061e000000|100%| O|  |TAMS 0x000000061e000000| PB 0x000000061dc00000| Untracked 
| 120|0x000000061e000000, 0x000000061e400000, 0x000000061e400000|100%| O|  |TAMS 0x000000061e400000| PB 0x000000061e000000| Untracked 
| 121|0x000000061e400000, 0x000000061e800000, 0x000000061e800000|100%| O|  |TAMS 0x000000061e800000| PB 0x000000061e400000| Untracked 
| 122|0x000000061e800000, 0x000000061ec00000, 0x000000061ec00000|100%| O|  |TAMS 0x000000061ec00000| PB 0x000000061e800000| Untracked 
| 123|0x000000061ec00000, 0x000000061f000000, 0x000000061f000000|100%| O|  |TAMS 0x000000061f000000| PB 0x000000061ec00000| Untracked 
| 124|0x000000061f000000, 0x000000061f400000, 0x000000061f400000|100%| O|  |TAMS 0x000000061f400000| PB 0x000000061f000000| Untracked 
| 125|0x000000061f400000, 0x000000061f800000, 0x000000061f800000|100%| O|  |TAMS 0x000000061f800000| PB 0x000000061f400000| Untracked 
| 126|0x000000061f800000, 0x000000061fc00000, 0x000000061fc00000|100%| O|  |TAMS 0x000000061fc00000| PB 0x000000061f800000| Untracked 
| 127|0x000000061fc00000, 0x0000000620000000, 0x0000000620000000|100%| O|  |TAMS 0x0000000620000000| PB 0x000000061fc00000| Untracked 
| 128|0x0000000620000000, 0x0000000620400000, 0x0000000620400000|100%| O|  |TAMS 0x0000000620400000| PB 0x0000000620000000| Untracked 
| 129|0x0000000620400000, 0x0000000620800000, 0x0000000620800000|100%| O|  |TAMS 0x0000000620800000| PB 0x0000000620400000| Untracked 
| 130|0x0000000620800000, 0x0000000620c00000, 0x0000000620c00000|100%| O|  |TAMS 0x0000000620c00000| PB 0x0000000620800000| Untracked 
| 131|0x0000000620c00000, 0x0000000621000000, 0x0000000621000000|100%| O|  |TAMS 0x0000000621000000| PB 0x0000000620c00000| Untracked 
| 132|0x0000000621000000, 0x0000000621400000, 0x0000000621400000|100%| O|  |TAMS 0x0000000621400000| PB 0x0000000621000000| Untracked 
| 133|0x0000000621400000, 0x0000000621800000, 0x0000000621800000|100%| O|  |TAMS 0x0000000621800000| PB 0x0000000621400000| Untracked 
| 134|0x0000000621800000, 0x0000000621c00000, 0x0000000621c00000|100%| O|  |TAMS 0x0000000621c00000| PB 0x0000000621800000| Untracked 
| 135|0x0000000621c00000, 0x0000000622000000, 0x0000000622000000|100%| O|  |TAMS 0x0000000622000000| PB 0x0000000621c00000| Untracked 
| 136|0x0000000622000000, 0x0000000622400000, 0x0000000622400000|100%| O|  |TAMS 0x0000000622400000| PB 0x0000000622000000| Untracked 
| 137|0x0000000622400000, 0x0000000622800000, 0x0000000622800000|100%| O|  |TAMS 0x0000000622800000| PB 0x0000000622400000| Untracked 
| 138|0x0000000622800000, 0x0000000622c00000, 0x0000000622c00000|100%| O|  |TAMS 0x0000000622c00000| PB 0x0000000622800000| Untracked 
| 139|0x0000000622c00000, 0x0000000623000000, 0x0000000623000000|100%| O|  |TAMS 0x0000000623000000| PB 0x0000000622c00000| Untracked 
| 140|0x0000000623000000, 0x0000000623400000, 0x0000000623400000|100%| O|  |TAMS 0x0000000623400000| PB 0x0000000623000000| Untracked 
| 141|0x0000000623400000, 0x0000000623800000, 0x0000000623800000|100%| O|  |TAMS 0x0000000623800000| PB 0x0000000623400000| Untracked 
| 142|0x0000000623800000, 0x0000000623c00000, 0x0000000623c00000|100%| O|  |TAMS 0x0000000623c00000| PB 0x0000000623800000| Untracked 
| 143|0x0000000623c00000, 0x0000000624000000, 0x0000000624000000|100%| O|  |TAMS 0x0000000624000000| PB 0x0000000623c00000| Untracked 
| 144|0x0000000624000000, 0x0000000624400000, 0x0000000624400000|100%| O|  |TAMS 0x0000000624400000| PB 0x0000000624000000| Untracked 
| 145|0x0000000624400000, 0x0000000624800000, 0x0000000624800000|100%| O|  |TAMS 0x0000000624800000| PB 0x0000000624400000| Untracked 
| 146|0x0000000624800000, 0x0000000624c00000, 0x0000000624c00000|100%| O|  |TAMS 0x0000000624c00000| PB 0x0000000624800000| Untracked 
| 147|0x0000000624c00000, 0x0000000625000000, 0x0000000625000000|100%| O|  |TAMS 0x0000000625000000| PB 0x0000000624c00000| Untracked 
| 148|0x0000000625000000, 0x0000000625400000, 0x0000000625400000|100%| O|  |TAMS 0x0000000625400000| PB 0x0000000625000000| Untracked 
| 149|0x0000000625400000, 0x0000000625800000, 0x0000000625800000|100%| O|  |TAMS 0x0000000625800000| PB 0x0000000625400000| Untracked 
| 150|0x0000000625800000, 0x0000000625c00000, 0x0000000625c00000|100%| O|  |TAMS 0x0000000625c00000| PB 0x0000000625800000| Untracked 
| 151|0x0000000625c00000, 0x0000000626000000, 0x0000000626000000|100%| O|  |TAMS 0x0000000626000000| PB 0x0000000625c00000| Untracked 
| 152|0x0000000626000000, 0x0000000626400000, 0x0000000626400000|100%| O|  |TAMS 0x0000000626400000| PB 0x0000000626000000| Untracked 
| 153|0x0000000626400000, 0x0000000626800000, 0x0000000626800000|100%| O|  |TAMS 0x0000000626800000| PB 0x0000000626400000| Untracked 
| 154|0x0000000626800000, 0x0000000626c00000, 0x0000000626c00000|100%| O|  |TAMS 0x0000000626c00000| PB 0x0000000626800000| Untracked 
| 155|0x0000000626c00000, 0x0000000627000000, 0x0000000627000000|100%| O|  |TAMS 0x0000000627000000| PB 0x0000000626c00000| Untracked 
| 156|0x0000000627000000, 0x0000000627400000, 0x0000000627400000|100%| O|  |TAMS 0x0000000627400000| PB 0x0000000627000000| Untracked 
| 157|0x0000000627400000, 0x0000000627800000, 0x0000000627800000|100%| O|  |TAMS 0x0000000627800000| PB 0x0000000627400000| Untracked 
| 158|0x0000000627800000, 0x0000000627c00000, 0x0000000627c00000|100%| O|  |TAMS 0x0000000627c00000| PB 0x0000000627800000| Untracked 
| 159|0x0000000627c00000, 0x0000000628000000, 0x0000000628000000|100%| O|  |TAMS 0x0000000628000000| PB 0x0000000627c00000| Untracked 
| 160|0x0000000628000000, 0x0000000628400000, 0x0000000628400000|100%| O|  |TAMS 0x0000000628400000| PB 0x0000000628000000| Untracked 
| 161|0x0000000628400000, 0x0000000628800000, 0x0000000628800000|100%| O|  |TAMS 0x0000000628800000| PB 0x0000000628400000| Untracked 
| 162|0x0000000628800000, 0x0000000628c00000, 0x0000000628c00000|100%| O|  |TAMS 0x0000000628c00000| PB 0x0000000628800000| Untracked 
| 163|0x0000000628c00000, 0x0000000629000000, 0x0000000629000000|100%| O|  |TAMS 0x0000000629000000| PB 0x0000000628c00000| Untracked 
| 164|0x0000000629000000, 0x0000000629400000, 0x0000000629400000|100%| O|  |TAMS 0x0000000629400000| PB 0x0000000629000000| Untracked 
| 165|0x0000000629400000, 0x0000000629800000, 0x0000000629800000|100%| O|  |TAMS 0x0000000629800000| PB 0x0000000629400000| Untracked 
| 166|0x0000000629800000, 0x0000000629c00000, 0x0000000629c00000|100%| O|  |TAMS 0x0000000629c00000| PB 0x0000000629800000| Untracked 
| 167|0x0000000629c00000, 0x000000062a000000, 0x000000062a000000|100%| O|  |TAMS 0x000000062a000000| PB 0x0000000629c00000| Untracked 
| 168|0x000000062a000000, 0x000000062a400000, 0x000000062a400000|100%|HS|  |TAMS 0x000000062a400000| PB 0x000000062a000000| Complete 
| 169|0x000000062a400000, 0x000000062a800000, 0x000000062a800000|100%|HC|  |TAMS 0x000000062a800000| PB 0x000000062a400000| Complete 
| 170|0x000000062a800000, 0x000000062ac00000, 0x000000062ac00000|100%| O|  |TAMS 0x000000062ac00000| PB 0x000000062a800000| Untracked 
| 171|0x000000062ac00000, 0x000000062b000000, 0x000000062b000000|100%| O|  |TAMS 0x000000062b000000| PB 0x000000062ac00000| Untracked 
| 172|0x000000062b000000, 0x000000062b400000, 0x000000062b400000|100%| O|  |TAMS 0x000000062b400000| PB 0x000000062b000000| Untracked 
| 173|0x000000062b400000, 0x000000062b800000, 0x000000062b800000|100%| O|  |TAMS 0x000000062b800000| PB 0x000000062b400000| Untracked 
| 174|0x000000062b800000, 0x000000062bc00000, 0x000000062bc00000|100%| O|  |TAMS 0x000000062bc00000| PB 0x000000062b800000| Untracked 
| 175|0x000000062bc00000, 0x000000062c000000, 0x000000062c000000|100%| O|  |TAMS 0x000000062c000000| PB 0x000000062bc00000| Untracked 
| 176|0x000000062c000000, 0x000000062c400000, 0x000000062c400000|100%| O|  |TAMS 0x000000062c400000| PB 0x000000062c000000| Untracked 
| 177|0x000000062c400000, 0x000000062c800000, 0x000000062c800000|100%| O|  |TAMS 0x000000062c800000| PB 0x000000062c400000| Untracked 
| 178|0x000000062c800000, 0x000000062cc00000, 0x000000062cc00000|100%| O|  |TAMS 0x000000062cc00000| PB 0x000000062c800000| Untracked 
| 179|0x000000062cc00000, 0x000000062d000000, 0x000000062d000000|100%| O|  |TAMS 0x000000062d000000| PB 0x000000062cc00000| Untracked 
| 180|0x000000062d000000, 0x000000062d400000, 0x000000062d400000|100%| O|  |TAMS 0x000000062d400000| PB 0x000000062d000000| Untracked 
| 181|0x000000062d400000, 0x000000062d800000, 0x000000062d800000|100%| O|  |TAMS 0x000000062d800000| PB 0x000000062d400000| Untracked 
| 182|0x000000062d800000, 0x000000062dc00000, 0x000000062dc00000|100%| O|  |TAMS 0x000000062dc00000| PB 0x000000062d800000| Untracked 
| 183|0x000000062dc00000, 0x000000062e000000, 0x000000062e000000|100%| O|  |TAMS 0x000000062e000000| PB 0x000000062dc00000| Untracked 
| 184|0x000000062e000000, 0x000000062e400000, 0x000000062e400000|100%| O|  |TAMS 0x000000062e400000| PB 0x000000062e000000| Untracked 
| 185|0x000000062e400000, 0x000000062e800000, 0x000000062e800000|100%| O|  |TAMS 0x000000062e800000| PB 0x000000062e400000| Untracked 
| 186|0x000000062e800000, 0x000000062ec00000, 0x000000062ec00000|100%| O|  |TAMS 0x000000062ec00000| PB 0x000000062e800000| Untracked 
| 187|0x000000062ec00000, 0x000000062f000000, 0x000000062f000000|100%| O|  |TAMS 0x000000062f000000| PB 0x000000062ec00000| Untracked 
| 188|0x000000062f000000, 0x000000062f400000, 0x000000062f400000|100%| O|  |TAMS 0x000000062f400000| PB 0x000000062f000000| Untracked 
| 189|0x000000062f400000, 0x000000062f800000, 0x000000062f800000|100%| O|  |TAMS 0x000000062f800000| PB 0x000000062f400000| Untracked 
| 190|0x000000062f800000, 0x000000062fc00000, 0x000000062fc00000|100%| O|  |TAMS 0x000000062fc00000| PB 0x000000062f800000| Untracked 
| 191|0x000000062fc00000, 0x0000000630000000, 0x0000000630000000|100%| O|  |TAMS 0x0000000630000000| PB 0x000000062fc00000| Untracked 
| 192|0x0000000630000000, 0x0000000630400000, 0x0000000630400000|100%| O|  |TAMS 0x0000000630400000| PB 0x0000000630000000| Untracked 
| 193|0x0000000630400000, 0x0000000630800000, 0x0000000630800000|100%| O|  |TAMS 0x0000000630800000| PB 0x0000000630400000| Untracked 
| 194|0x0000000630800000, 0x0000000630c00000, 0x0000000630c00000|100%| O|  |TAMS 0x0000000630c00000| PB 0x0000000630800000| Untracked 
| 195|0x0000000630c00000, 0x0000000631000000, 0x0000000631000000|100%| O|  |TAMS 0x0000000631000000| PB 0x0000000630c00000| Untracked 
| 196|0x0000000631000000, 0x0000000631400000, 0x0000000631400000|100%| O|  |TAMS 0x0000000631400000| PB 0x0000000631000000| Untracked 
| 197|0x0000000631400000, 0x0000000631800000, 0x0000000631800000|100%| O|  |TAMS 0x0000000631800000| PB 0x0000000631400000| Untracked 
| 198|0x0000000631800000, 0x0000000631c00000, 0x0000000631c00000|100%| O|  |TAMS 0x0000000631c00000| PB 0x0000000631800000| Untracked 
| 199|0x0000000631c00000, 0x0000000632000000, 0x0000000632000000|100%| O|  |TAMS 0x0000000632000000| PB 0x0000000631c00000| Untracked 
| 200|0x0000000632000000, 0x0000000632400000, 0x0000000632400000|100%| O|  |TAMS 0x0000000632400000| PB 0x0000000632000000| Untracked 
| 201|0x0000000632400000, 0x0000000632800000, 0x0000000632800000|100%| O|  |TAMS 0x0000000632800000| PB 0x0000000632400000| Untracked 
| 202|0x0000000632800000, 0x0000000632c00000, 0x0000000632c00000|100%| O|  |TAMS 0x0000000632c00000| PB 0x0000000632800000| Untracked 
| 203|0x0000000632c00000, 0x0000000633000000, 0x0000000633000000|100%| O|  |TAMS 0x0000000633000000| PB 0x0000000632c00000| Untracked 
| 204|0x0000000633000000, 0x0000000633400000, 0x0000000633400000|100%| O|  |TAMS 0x0000000633400000| PB 0x0000000633000000| Untracked 
| 205|0x0000000633400000, 0x0000000633800000, 0x0000000633800000|100%| O|  |TAMS 0x0000000633400000| PB 0x0000000633400000| Untracked 
| 206|0x0000000633800000, 0x0000000633c00000, 0x0000000633c00000|100%| O|  |TAMS 0x0000000633800000| PB 0x0000000633800000| Untracked 
| 207|0x0000000633c00000, 0x0000000634000000, 0x0000000634000000|100%| O|  |TAMS 0x0000000633c00000| PB 0x0000000633c00000| Untracked 
| 208|0x0000000634000000, 0x0000000634400000, 0x0000000634400000|100%| O|  |TAMS 0x0000000634400000| PB 0x0000000634000000| Untracked 
| 209|0x0000000634400000, 0x0000000634800000, 0x0000000634800000|100%| O|  |TAMS 0x0000000634800000| PB 0x0000000634400000| Untracked 
| 210|0x0000000634800000, 0x0000000634c00000, 0x0000000634c00000|100%| O|  |TAMS 0x0000000634c00000| PB 0x0000000634800000| Untracked 
| 211|0x0000000634c00000, 0x0000000635000000, 0x0000000635000000|100%| O|  |TAMS 0x0000000635000000| PB 0x0000000634c00000| Untracked 
| 212|0x0000000635000000, 0x0000000635400000, 0x0000000635400000|100%| O|  |TAMS 0x0000000635400000| PB 0x0000000635000000| Untracked 
| 213|0x0000000635400000, 0x0000000635800000, 0x0000000635800000|100%| O|  |TAMS 0x0000000635800000| PB 0x0000000635400000| Untracked 
| 214|0x0000000635800000, 0x0000000635c00000, 0x0000000635c00000|100%| O|  |TAMS 0x0000000635c00000| PB 0x0000000635800000| Untracked 
| 215|0x0000000635c00000, 0x0000000636000000, 0x0000000636000000|100%| O|  |TAMS 0x0000000636000000| PB 0x0000000635c00000| Untracked 
| 216|0x0000000636000000, 0x0000000636400000, 0x0000000636400000|100%| O|  |TAMS 0x0000000636400000| PB 0x0000000636000000| Untracked 
| 217|0x0000000636400000, 0x0000000636800000, 0x0000000636800000|100%| O|  |TAMS 0x0000000636800000| PB 0x0000000636400000| Untracked 
| 218|0x0000000636800000, 0x0000000636c00000, 0x0000000636c00000|100%| O|  |TAMS 0x0000000636800000| PB 0x0000000636800000| Untracked 
| 219|0x0000000636c00000, 0x0000000637000000, 0x0000000637000000|100%| O|  |TAMS 0x0000000636c00000| PB 0x0000000636c00000| Untracked 
| 220|0x0000000637000000, 0x0000000637400000, 0x0000000637400000|100%| O|  |TAMS 0x0000000637000000| PB 0x0000000637000000| Untracked 
| 221|0x0000000637400000, 0x0000000637800000, 0x0000000637800000|100%| O|  |TAMS 0x0000000637400000| PB 0x0000000637400000| Untracked 
| 222|0x0000000637800000, 0x0000000637c00000, 0x0000000637c00000|100%| O|  |TAMS 0x0000000637800000| PB 0x0000000637800000| Untracked 
| 223|0x0000000637c00000, 0x0000000638000000, 0x0000000638000000|100%| O|  |TAMS 0x0000000637c00000| PB 0x0000000637c00000| Untracked 
| 224|0x0000000638000000, 0x0000000638400000, 0x0000000638400000|100%| O|  |TAMS 0x0000000638000000| PB 0x0000000638000000| Untracked 
| 225|0x0000000638400000, 0x0000000638800000, 0x0000000638800000|100%| O|  |TAMS 0x0000000638400000| PB 0x0000000638400000| Untracked 
| 226|0x0000000638800000, 0x0000000638c00000, 0x0000000638c00000|100%| O|  |TAMS 0x0000000638800000| PB 0x0000000638800000| Untracked 
| 227|0x0000000638c00000, 0x0000000639000000, 0x0000000639000000|100%| O|  |TAMS 0x0000000639000000| PB 0x0000000638c00000| Untracked 
| 228|0x0000000639000000, 0x0000000639400000, 0x0000000639400000|100%| O|  |TAMS 0x0000000639400000| PB 0x0000000639000000| Untracked 
| 229|0x0000000639400000, 0x0000000639800000, 0x0000000639800000|100%| O|  |TAMS 0x0000000639800000| PB 0x0000000639400000| Untracked 
| 230|0x0000000639800000, 0x0000000639c00000, 0x0000000639c00000|100%| O|  |TAMS 0x0000000639c00000| PB 0x0000000639800000| Untracked 
| 231|0x0000000639c00000, 0x000000063a000000, 0x000000063a000000|100%| O|  |TAMS 0x000000063a000000| PB 0x0000000639c00000| Untracked 
| 232|0x000000063a000000, 0x000000063a400000, 0x000000063a400000|100%| O|  |TAMS 0x000000063a400000| PB 0x000000063a000000| Untracked 
| 233|0x000000063a400000, 0x000000063a800000, 0x000000063a800000|100%| O|  |TAMS 0x000000063a800000| PB 0x000000063a400000| Untracked 
| 234|0x000000063a800000, 0x000000063ac00000, 0x000000063ac00000|100%| O|  |TAMS 0x000000063ac00000| PB 0x000000063a800000| Untracked 
| 235|0x000000063ac00000, 0x000000063b000000, 0x000000063b000000|100%| O|  |TAMS 0x000000063b000000| PB 0x000000063ac00000| Untracked 
| 236|0x000000063b000000, 0x000000063b400000, 0x000000063b400000|100%| O|  |TAMS 0x000000063b400000| PB 0x000000063b000000| Untracked 
| 237|0x000000063b400000, 0x000000063b800000, 0x000000063b800000|100%| O|  |TAMS 0x000000063b800000| PB 0x000000063b400000| Untracked 
| 238|0x000000063b800000, 0x000000063bc00000, 0x000000063bc00000|100%| O|  |TAMS 0x000000063b800000| PB 0x000000063b800000| Untracked 
| 239|0x000000063bc00000, 0x000000063c000000, 0x000000063c000000|100%| O|  |TAMS 0x000000063bc00000| PB 0x000000063bc00000| Untracked 
| 240|0x000000063c000000, 0x000000063c400000, 0x000000063c400000|100%| O|  |TAMS 0x000000063c000000| PB 0x000000063c000000| Untracked 
| 241|0x000000063c400000, 0x000000063c800000, 0x000000063c800000|100%| O|  |TAMS 0x000000063c400000| PB 0x000000063c400000| Untracked 
| 242|0x000000063c800000, 0x000000063c88e6a8, 0x000000063cc00000| 13%| O|  |TAMS 0x000000063c800000| PB 0x000000063c800000| Untracked 
| 243|0x000000063cc00000, 0x000000063cc00000, 0x000000063d000000|  0%| F|  |TAMS 0x000000063cc00000| PB 0x000000063cc00000| Untracked 
| 244|0x000000063d000000, 0x000000063d000000, 0x000000063d400000|  0%| F|  |TAMS 0x000000063d000000| PB 0x000000063d000000| Untracked 
| 245|0x000000063d400000, 0x000000063d400000, 0x000000063d800000|  0%| F|  |TAMS 0x000000063d400000| PB 0x000000063d400000| Untracked 
| 246|0x000000063d800000, 0x000000063d800000, 0x000000063dc00000|  0%| F|  |TAMS 0x000000063d800000| PB 0x000000063d800000| Untracked 
| 247|0x000000063dc00000, 0x000000063dc00000, 0x000000063e000000|  0%| F|  |TAMS 0x000000063dc00000| PB 0x000000063dc00000| Untracked 
| 248|0x000000063e000000, 0x000000063e000000, 0x000000063e400000|  0%| F|  |TAMS 0x000000063e000000| PB 0x000000063e000000| Untracked 
| 249|0x000000063e400000, 0x000000063e400000, 0x000000063e800000|  0%| F|  |TAMS 0x000000063e400000| PB 0x000000063e400000| Untracked 
| 250|0x000000063e800000, 0x000000063e800000, 0x000000063ec00000|  0%| F|  |TAMS 0x000000063e800000| PB 0x000000063e800000| Untracked 
| 251|0x000000063ec00000, 0x000000063ec00000, 0x000000063f000000|  0%| F|  |TAMS 0x000000063ec00000| PB 0x000000063ec00000| Untracked 
| 252|0x000000063f000000, 0x000000063f000000, 0x000000063f400000|  0%| F|  |TAMS 0x000000063f000000| PB 0x000000063f000000| Untracked 
| 253|0x000000063f400000, 0x000000063f400000, 0x000000063f800000|  0%| F|  |TAMS 0x000000063f400000| PB 0x000000063f400000| Untracked 
| 254|0x000000063f800000, 0x000000063f800000, 0x000000063fc00000|  0%| F|  |TAMS 0x000000063f800000| PB 0x000000063f800000| Untracked 
| 255|0x000000063fc00000, 0x000000063fc00000, 0x0000000640000000|  0%| F|  |TAMS 0x000000063fc00000| PB 0x000000063fc00000| Untracked 
| 256|0x0000000640000000, 0x0000000640000000, 0x0000000640400000|  0%| F|  |TAMS 0x0000000640000000| PB 0x0000000640000000| Untracked 
| 257|0x0000000640400000, 0x0000000640400000, 0x0000000640800000|  0%| F|  |TAMS 0x0000000640400000| PB 0x0000000640400000| Untracked 
| 258|0x0000000640800000, 0x0000000640800000, 0x0000000640c00000|  0%| F|  |TAMS 0x0000000640800000| PB 0x0000000640800000| Untracked 
| 259|0x0000000640c00000, 0x0000000640c00000, 0x0000000641000000|  0%| F|  |TAMS 0x0000000640c00000| PB 0x0000000640c00000| Untracked 
| 260|0x0000000641000000, 0x0000000641000000, 0x0000000641400000|  0%| F|  |TAMS 0x0000000641000000| PB 0x0000000641000000| Untracked 
| 261|0x0000000641400000, 0x0000000641400000, 0x0000000641800000|  0%| F|  |TAMS 0x0000000641400000| PB 0x0000000641400000| Untracked 
| 262|0x0000000641800000, 0x0000000641800000, 0x0000000641c00000|  0%| F|  |TAMS 0x0000000641800000| PB 0x0000000641800000| Untracked 
| 263|0x0000000641c00000, 0x0000000641c00000, 0x0000000642000000|  0%| F|  |TAMS 0x0000000641c00000| PB 0x0000000641c00000| Untracked 
| 264|0x0000000642000000, 0x0000000642000000, 0x0000000642400000|  0%| F|  |TAMS 0x0000000642000000| PB 0x0000000642000000| Untracked 
| 265|0x0000000642400000, 0x0000000642400000, 0x0000000642800000|  0%| F|  |TAMS 0x0000000642400000| PB 0x0000000642400000| Untracked 
| 266|0x0000000642800000, 0x0000000642800000, 0x0000000642c00000|  0%| F|  |TAMS 0x0000000642800000| PB 0x0000000642800000| Untracked 
| 267|0x0000000642c00000, 0x0000000642d42a00, 0x0000000643000000| 31%| S|CS|TAMS 0x0000000642c00000| PB 0x0000000642c00000| Complete 
| 268|0x0000000643000000, 0x0000000643400000, 0x0000000643400000|100%| S|CS|TAMS 0x0000000643000000| PB 0x0000000643000000| Complete 
| 269|0x0000000643400000, 0x0000000643800000, 0x0000000643800000|100%| S|CS|TAMS 0x0000000643400000| PB 0x0000000643400000| Complete 
| 270|0x0000000643800000, 0x0000000643c00000, 0x0000000643c00000|100%| S|CS|TAMS 0x0000000643800000| PB 0x0000000643800000| Complete 
| 271|0x0000000643c00000, 0x0000000644000000, 0x0000000644000000|100%| S|CS|TAMS 0x0000000643c00000| PB 0x0000000643c00000| Complete 
| 272|0x0000000644000000, 0x0000000644400000, 0x0000000644400000|100%| S|CS|TAMS 0x0000000644000000| PB 0x0000000644000000| Complete 
| 273|0x0000000644400000, 0x0000000644800000, 0x0000000644800000|100%| S|CS|TAMS 0x0000000644400000| PB 0x0000000644400000| Complete 
| 274|0x0000000644800000, 0x0000000644c00000, 0x0000000644c00000|100%| S|CS|TAMS 0x0000000644800000| PB 0x0000000644800000| Complete 
| 275|0x0000000644c00000, 0x0000000644c00000, 0x0000000645000000|  0%| F|  |TAMS 0x0000000644c00000| PB 0x0000000644c00000| Untracked 
| 276|0x0000000645000000, 0x0000000645000000, 0x0000000645400000|  0%| F|  |TAMS 0x0000000645000000| PB 0x0000000645000000| Untracked 
| 277|0x0000000645400000, 0x0000000645400000, 0x0000000645800000|  0%| F|  |TAMS 0x0000000645400000| PB 0x0000000645400000| Untracked 
| 278|0x0000000645800000, 0x0000000645800000, 0x0000000645c00000|  0%| F|  |TAMS 0x0000000645800000| PB 0x0000000645800000| Untracked 
| 279|0x0000000645c00000, 0x0000000645c00000, 0x0000000646000000|  0%| F|  |TAMS 0x0000000645c00000| PB 0x0000000645c00000| Untracked 
| 280|0x0000000646000000, 0x0000000646000000, 0x0000000646400000|  0%| F|  |TAMS 0x0000000646000000| PB 0x0000000646000000| Untracked 
| 281|0x0000000646400000, 0x0000000646400000, 0x0000000646800000|  0%| F|  |TAMS 0x0000000646400000| PB 0x0000000646400000| Untracked 
| 282|0x0000000646800000, 0x0000000646800000, 0x0000000646c00000|  0%| F|  |TAMS 0x0000000646800000| PB 0x0000000646800000| Untracked 
| 283|0x0000000646c00000, 0x0000000647000000, 0x0000000647000000|100%| S|CS|TAMS 0x0000000646c00000| PB 0x0000000646c00000| Complete 
| 284|0x0000000647000000, 0x0000000647400000, 0x0000000647400000|100%| S|CS|TAMS 0x0000000647000000| PB 0x0000000647000000| Complete 
| 285|0x0000000647400000, 0x0000000647800000, 0x0000000647800000|100%| S|CS|TAMS 0x0000000647400000| PB 0x0000000647400000| Complete 
| 286|0x0000000647800000, 0x0000000647c00000, 0x0000000647c00000|100%| S|CS|TAMS 0x0000000647800000| PB 0x0000000647800000| Complete 
| 287|0x0000000647c00000, 0x0000000648000000, 0x0000000648000000|100%| S|CS|TAMS 0x0000000647c00000| PB 0x0000000647c00000| Complete 
| 288|0x0000000648000000, 0x0000000648400000, 0x0000000648400000|100%| S|CS|TAMS 0x0000000648000000| PB 0x0000000648000000| Complete 
| 289|0x0000000648400000, 0x0000000648800000, 0x0000000648800000|100%| S|CS|TAMS 0x0000000648400000| PB 0x0000000648400000| Complete 
| 290|0x0000000648800000, 0x0000000648c00000, 0x0000000648c00000|100%| S|CS|TAMS 0x0000000648800000| PB 0x0000000648800000| Complete 
| 291|0x0000000648c00000, 0x0000000649000000, 0x0000000649000000|100%| S|CS|TAMS 0x0000000648c00000| PB 0x0000000648c00000| Complete 
| 292|0x0000000649000000, 0x0000000649400000, 0x0000000649400000|100%| S|CS|TAMS 0x0000000649000000| PB 0x0000000649000000| Complete 
| 293|0x0000000649400000, 0x0000000649800000, 0x0000000649800000|100%| S|CS|TAMS 0x0000000649400000| PB 0x0000000649400000| Complete 
| 294|0x0000000649800000, 0x0000000649800000, 0x0000000649c00000|  0%| F|  |TAMS 0x0000000649800000| PB 0x0000000649800000| Untracked 
| 295|0x0000000649c00000, 0x0000000649c00000, 0x000000064a000000|  0%| F|  |TAMS 0x0000000649c00000| PB 0x0000000649c00000| Untracked 
| 296|0x000000064a000000, 0x000000064a000000, 0x000000064a400000|  0%| F|  |TAMS 0x000000064a000000| PB 0x000000064a000000| Untracked 
| 297|0x000000064a400000, 0x000000064a400000, 0x000000064a800000|  0%| F|  |TAMS 0x000000064a400000| PB 0x000000064a400000| Untracked 
| 298|0x000000064a800000, 0x000000064a800000, 0x000000064ac00000|  0%| F|  |TAMS 0x000000064a800000| PB 0x000000064a800000| Untracked 
| 299|0x000000064ac00000, 0x000000064ac00000, 0x000000064b000000|  0%| F|  |TAMS 0x000000064ac00000| PB 0x000000064ac00000| Untracked 
| 300|0x000000064b000000, 0x000000064b000000, 0x000000064b400000|  0%| F|  |TAMS 0x000000064b000000| PB 0x000000064b000000| Untracked 
| 301|0x000000064b400000, 0x000000064b400000, 0x000000064b800000|  0%| F|  |TAMS 0x000000064b400000| PB 0x000000064b400000| Untracked 
| 302|0x000000064b800000, 0x000000064b800000, 0x000000064bc00000|  0%| F|  |TAMS 0x000000064b800000| PB 0x000000064b800000| Untracked 
| 303|0x000000064bc00000, 0x000000064bc00000, 0x000000064c000000|  0%| F|  |TAMS 0x000000064bc00000| PB 0x000000064bc00000| Untracked 
| 304|0x000000064c000000, 0x000000064c000000, 0x000000064c400000|  0%| F|  |TAMS 0x000000064c000000| PB 0x000000064c000000| Untracked 
| 305|0x000000064c400000, 0x000000064c400000, 0x000000064c800000|  0%| F|  |TAMS 0x000000064c400000| PB 0x000000064c400000| Untracked 
| 306|0x000000064c800000, 0x000000064c800000, 0x000000064cc00000|  0%| F|  |TAMS 0x000000064c800000| PB 0x000000064c800000| Untracked 
| 307|0x000000064cc00000, 0x000000064cc00000, 0x000000064d000000|  0%| F|  |TAMS 0x000000064cc00000| PB 0x000000064cc00000| Untracked 
| 308|0x000000064d000000, 0x000000064d000000, 0x000000064d400000|  0%| F|  |TAMS 0x000000064d000000| PB 0x000000064d000000| Untracked 
| 309|0x000000064d400000, 0x000000064d400000, 0x000000064d800000|  0%| F|  |TAMS 0x000000064d400000| PB 0x000000064d400000| Untracked 
| 310|0x000000064d800000, 0x000000064d800000, 0x000000064dc00000|  0%| F|  |TAMS 0x000000064d800000| PB 0x000000064d800000| Untracked 
| 311|0x000000064dc00000, 0x000000064dc00000, 0x000000064e000000|  0%| F|  |TAMS 0x000000064dc00000| PB 0x000000064dc00000| Untracked 
| 312|0x000000064e000000, 0x000000064e000000, 0x000000064e400000|  0%| F|  |TAMS 0x000000064e000000| PB 0x000000064e000000| Untracked 
| 313|0x000000064e400000, 0x000000064e400000, 0x000000064e800000|  0%| F|  |TAMS 0x000000064e400000| PB 0x000000064e400000| Untracked 
| 314|0x000000064e800000, 0x000000064e800000, 0x000000064ec00000|  0%| F|  |TAMS 0x000000064e800000| PB 0x000000064e800000| Untracked 
| 315|0x000000064ec00000, 0x000000064ec00000, 0x000000064f000000|  0%| F|  |TAMS 0x000000064ec00000| PB 0x000000064ec00000| Untracked 
| 316|0x000000064f000000, 0x000000064f000000, 0x000000064f400000|  0%| F|  |TAMS 0x000000064f000000| PB 0x000000064f000000| Untracked 
| 317|0x000000064f400000, 0x000000064f400000, 0x000000064f800000|  0%| F|  |TAMS 0x000000064f400000| PB 0x000000064f400000| Untracked 
| 318|0x000000064f800000, 0x000000064f800000, 0x000000064fc00000|  0%| F|  |TAMS 0x000000064f800000| PB 0x000000064f800000| Untracked 
| 319|0x000000064fc00000, 0x000000064fc00000, 0x0000000650000000|  0%| F|  |TAMS 0x000000064fc00000| PB 0x000000064fc00000| Untracked 
| 320|0x0000000650000000, 0x0000000650000000, 0x0000000650400000|  0%| F|  |TAMS 0x0000000650000000| PB 0x0000000650000000| Untracked 
| 321|0x0000000650400000, 0x0000000650400000, 0x0000000650800000|  0%| F|  |TAMS 0x0000000650400000| PB 0x0000000650400000| Untracked 
| 322|0x0000000650800000, 0x0000000650800000, 0x0000000650c00000|  0%| F|  |TAMS 0x0000000650800000| PB 0x0000000650800000| Untracked 
| 323|0x0000000650c00000, 0x0000000650c00000, 0x0000000651000000|  0%| F|  |TAMS 0x0000000650c00000| PB 0x0000000650c00000| Untracked 
| 324|0x0000000651000000, 0x0000000651000000, 0x0000000651400000|  0%| F|  |TAMS 0x0000000651000000| PB 0x0000000651000000| Untracked 
| 325|0x0000000651400000, 0x0000000651400000, 0x0000000651800000|  0%| F|  |TAMS 0x0000000651400000| PB 0x0000000651400000| Untracked 
| 326|0x0000000651800000, 0x0000000651800000, 0x0000000651c00000|  0%| F|  |TAMS 0x0000000651800000| PB 0x0000000651800000| Untracked 
| 327|0x0000000651c00000, 0x0000000651c00000, 0x0000000652000000|  0%| F|  |TAMS 0x0000000651c00000| PB 0x0000000651c00000| Untracked 
| 328|0x0000000652000000, 0x0000000652000000, 0x0000000652400000|  0%| F|  |TAMS 0x0000000652000000| PB 0x0000000652000000| Untracked 
| 329|0x0000000652400000, 0x0000000652400000, 0x0000000652800000|  0%| F|  |TAMS 0x0000000652400000| PB 0x0000000652400000| Untracked 
| 330|0x0000000652800000, 0x0000000652800000, 0x0000000652c00000|  0%| F|  |TAMS 0x0000000652800000| PB 0x0000000652800000| Untracked 
| 331|0x0000000652c00000, 0x0000000652c00000, 0x0000000653000000|  0%| F|  |TAMS 0x0000000652c00000| PB 0x0000000652c00000| Untracked 
| 332|0x0000000653000000, 0x0000000653000000, 0x0000000653400000|  0%| F|  |TAMS 0x0000000653000000| PB 0x0000000653000000| Untracked 
| 333|0x0000000653400000, 0x0000000653400000, 0x0000000653800000|  0%| F|  |TAMS 0x0000000653400000| PB 0x0000000653400000| Untracked 
| 334|0x0000000653800000, 0x0000000653800000, 0x0000000653c00000|  0%| F|  |TAMS 0x0000000653800000| PB 0x0000000653800000| Untracked 
| 335|0x0000000653c00000, 0x0000000653c00000, 0x0000000654000000|  0%| F|  |TAMS 0x0000000653c00000| PB 0x0000000653c00000| Untracked 
| 336|0x0000000654000000, 0x0000000654000000, 0x0000000654400000|  0%| F|  |TAMS 0x0000000654000000| PB 0x0000000654000000| Untracked 
| 337|0x0000000654400000, 0x0000000654400000, 0x0000000654800000|  0%| F|  |TAMS 0x0000000654400000| PB 0x0000000654400000| Untracked 
| 338|0x0000000654800000, 0x0000000654800000, 0x0000000654c00000|  0%| F|  |TAMS 0x0000000654800000| PB 0x0000000654800000| Untracked 
| 339|0x0000000654c00000, 0x0000000654c00000, 0x0000000655000000|  0%| F|  |TAMS 0x0000000654c00000| PB 0x0000000654c00000| Untracked 
| 340|0x0000000655000000, 0x0000000655000000, 0x0000000655400000|  0%| F|  |TAMS 0x0000000655000000| PB 0x0000000655000000| Untracked 
| 341|0x0000000655400000, 0x0000000655400000, 0x0000000655800000|  0%| F|  |TAMS 0x0000000655400000| PB 0x0000000655400000| Untracked 
| 342|0x0000000655800000, 0x0000000655800000, 0x0000000655c00000|  0%| F|  |TAMS 0x0000000655800000| PB 0x0000000655800000| Untracked 
| 343|0x0000000655c00000, 0x0000000655c00000, 0x0000000656000000|  0%| F|  |TAMS 0x0000000655c00000| PB 0x0000000655c00000| Untracked 
| 344|0x0000000656000000, 0x0000000656000000, 0x0000000656400000|  0%| F|  |TAMS 0x0000000656000000| PB 0x0000000656000000| Untracked 
| 345|0x0000000656400000, 0x0000000656400000, 0x0000000656800000|  0%| F|  |TAMS 0x0000000656400000| PB 0x0000000656400000| Untracked 
| 346|0x0000000656800000, 0x0000000656800000, 0x0000000656c00000|  0%| F|  |TAMS 0x0000000656800000| PB 0x0000000656800000| Untracked 
| 347|0x0000000656c00000, 0x0000000656c00000, 0x0000000657000000|  0%| F|  |TAMS 0x0000000656c00000| PB 0x0000000656c00000| Untracked 
| 348|0x0000000657000000, 0x0000000657000000, 0x0000000657400000|  0%| F|  |TAMS 0x0000000657000000| PB 0x0000000657000000| Untracked 
| 349|0x0000000657400000, 0x0000000657400000, 0x0000000657800000|  0%| F|  |TAMS 0x0000000657400000| PB 0x0000000657400000| Untracked 
| 350|0x0000000657800000, 0x0000000657800000, 0x0000000657c00000|  0%| F|  |TAMS 0x0000000657800000| PB 0x0000000657800000| Untracked 
| 351|0x0000000657c00000, 0x0000000657c00000, 0x0000000658000000|  0%| F|  |TAMS 0x0000000657c00000| PB 0x0000000657c00000| Untracked 
| 352|0x0000000658000000, 0x0000000658000000, 0x0000000658400000|  0%| F|  |TAMS 0x0000000658000000| PB 0x0000000658000000| Untracked 
| 353|0x0000000658400000, 0x0000000658400000, 0x0000000658800000|  0%| F|  |TAMS 0x0000000658400000| PB 0x0000000658400000| Untracked 
| 354|0x0000000658800000, 0x0000000658800000, 0x0000000658c00000|  0%| F|  |TAMS 0x0000000658800000| PB 0x0000000658800000| Untracked 
| 355|0x0000000658c00000, 0x0000000658c00000, 0x0000000659000000|  0%| F|  |TAMS 0x0000000658c00000| PB 0x0000000658c00000| Untracked 
| 356|0x0000000659000000, 0x0000000659000000, 0x0000000659400000|  0%| F|  |TAMS 0x0000000659000000| PB 0x0000000659000000| Untracked 
| 357|0x0000000659400000, 0x0000000659400000, 0x0000000659800000|  0%| F|  |TAMS 0x0000000659400000| PB 0x0000000659400000| Untracked 
| 358|0x0000000659800000, 0x0000000659800000, 0x0000000659c00000|  0%| F|  |TAMS 0x0000000659800000| PB 0x0000000659800000| Untracked 
| 359|0x0000000659c00000, 0x0000000659c00000, 0x000000065a000000|  0%| F|  |TAMS 0x0000000659c00000| PB 0x0000000659c00000| Untracked 
| 360|0x000000065a000000, 0x000000065a000000, 0x000000065a400000|  0%| F|  |TAMS 0x000000065a000000| PB 0x000000065a000000| Untracked 
| 361|0x000000065a400000, 0x000000065a400000, 0x000000065a800000|  0%| F|  |TAMS 0x000000065a400000| PB 0x000000065a400000| Untracked 
| 362|0x000000065a800000, 0x000000065a800000, 0x000000065ac00000|  0%| F|  |TAMS 0x000000065a800000| PB 0x000000065a800000| Untracked 
| 363|0x000000065ac00000, 0x000000065ac00000, 0x000000065b000000|  0%| F|  |TAMS 0x000000065ac00000| PB 0x000000065ac00000| Untracked 
| 364|0x000000065b000000, 0x000000065b000000, 0x000000065b400000|  0%| F|  |TAMS 0x000000065b000000| PB 0x000000065b000000| Untracked 
| 365|0x000000065b400000, 0x000000065b400000, 0x000000065b800000|  0%| F|  |TAMS 0x000000065b400000| PB 0x000000065b400000| Untracked 
| 366|0x000000065b800000, 0x000000065b800000, 0x000000065bc00000|  0%| F|  |TAMS 0x000000065b800000| PB 0x000000065b800000| Untracked 
| 367|0x000000065bc00000, 0x000000065bc00000, 0x000000065c000000|  0%| F|  |TAMS 0x000000065bc00000| PB 0x000000065bc00000| Untracked 
| 368|0x000000065c000000, 0x000000065c000000, 0x000000065c400000|  0%| F|  |TAMS 0x000000065c000000| PB 0x000000065c000000| Untracked 
| 369|0x000000065c400000, 0x000000065c400000, 0x000000065c800000|  0%| F|  |TAMS 0x000000065c400000| PB 0x000000065c400000| Untracked 
| 370|0x000000065c800000, 0x000000065c800000, 0x000000065cc00000|  0%| F|  |TAMS 0x000000065c800000| PB 0x000000065c800000| Untracked 
| 371|0x000000065cc00000, 0x000000065cc00000, 0x000000065d000000|  0%| F|  |TAMS 0x000000065cc00000| PB 0x000000065cc00000| Untracked 
| 372|0x000000065d000000, 0x000000065d000000, 0x000000065d400000|  0%| F|  |TAMS 0x000000065d000000| PB 0x000000065d000000| Untracked 
| 373|0x000000065d400000, 0x000000065d400000, 0x000000065d800000|  0%| F|  |TAMS 0x000000065d400000| PB 0x000000065d400000| Untracked 
| 374|0x000000065d800000, 0x000000065d800000, 0x000000065dc00000|  0%| F|  |TAMS 0x000000065d800000| PB 0x000000065d800000| Untracked 
| 375|0x000000065dc00000, 0x000000065dc00000, 0x000000065e000000|  0%| F|  |TAMS 0x000000065dc00000| PB 0x000000065dc00000| Untracked 
| 376|0x000000065e000000, 0x000000065e000000, 0x000000065e400000|  0%| F|  |TAMS 0x000000065e000000| PB 0x000000065e000000| Untracked 
| 377|0x000000065e400000, 0x000000065e400000, 0x000000065e800000|  0%| F|  |TAMS 0x000000065e400000| PB 0x000000065e400000| Untracked 
| 378|0x000000065e800000, 0x000000065e800000, 0x000000065ec00000|  0%| F|  |TAMS 0x000000065e800000| PB 0x000000065e800000| Untracked 
| 379|0x000000065ec00000, 0x000000065ec00000, 0x000000065f000000|  0%| F|  |TAMS 0x000000065ec00000| PB 0x000000065ec00000| Untracked 
| 380|0x000000065f000000, 0x000000065f000000, 0x000000065f400000|  0%| F|  |TAMS 0x000000065f000000| PB 0x000000065f000000| Untracked 
| 381|0x000000065f400000, 0x000000065f400000, 0x000000065f800000|  0%| F|  |TAMS 0x000000065f400000| PB 0x000000065f400000| Untracked 
| 382|0x000000065f800000, 0x000000065f800000, 0x000000065fc00000|  0%| F|  |TAMS 0x000000065f800000| PB 0x000000065f800000| Untracked 
| 383|0x000000065fc00000, 0x000000065fc00000, 0x0000000660000000|  0%| F|  |TAMS 0x000000065fc00000| PB 0x000000065fc00000| Untracked 
| 384|0x0000000660000000, 0x0000000660000000, 0x0000000660400000|  0%| F|  |TAMS 0x0000000660000000| PB 0x0000000660000000| Untracked 
| 385|0x0000000660400000, 0x0000000660400000, 0x0000000660800000|  0%| F|  |TAMS 0x0000000660400000| PB 0x0000000660400000| Untracked 
| 386|0x0000000660800000, 0x0000000660800000, 0x0000000660c00000|  0%| F|  |TAMS 0x0000000660800000| PB 0x0000000660800000| Untracked 
| 387|0x0000000660c00000, 0x0000000660c00000, 0x0000000661000000|  0%| F|  |TAMS 0x0000000660c00000| PB 0x0000000660c00000| Untracked 
| 388|0x0000000661000000, 0x0000000661000000, 0x0000000661400000|  0%| F|  |TAMS 0x0000000661000000| PB 0x0000000661000000| Untracked 
| 389|0x0000000661400000, 0x0000000661400000, 0x0000000661800000|  0%| F|  |TAMS 0x0000000661400000| PB 0x0000000661400000| Untracked 
| 390|0x0000000661800000, 0x0000000661800000, 0x0000000661c00000|  0%| F|  |TAMS 0x0000000661800000| PB 0x0000000661800000| Untracked 
| 391|0x0000000661c00000, 0x0000000661c00000, 0x0000000662000000|  0%| F|  |TAMS 0x0000000661c00000| PB 0x0000000661c00000| Untracked 
| 392|0x0000000662000000, 0x0000000662000000, 0x0000000662400000|  0%| F|  |TAMS 0x0000000662000000| PB 0x0000000662000000| Untracked 
| 393|0x0000000662400000, 0x0000000662400000, 0x0000000662800000|  0%| F|  |TAMS 0x0000000662400000| PB 0x0000000662400000| Untracked 
| 394|0x0000000662800000, 0x0000000662800000, 0x0000000662c00000|  0%| F|  |TAMS 0x0000000662800000| PB 0x0000000662800000| Untracked 
| 395|0x0000000662c00000, 0x0000000662c00000, 0x0000000663000000|  0%| F|  |TAMS 0x0000000662c00000| PB 0x0000000662c00000| Untracked 
| 396|0x0000000663000000, 0x0000000663000000, 0x0000000663400000|  0%| F|  |TAMS 0x0000000663000000| PB 0x0000000663000000| Untracked 
| 397|0x0000000663400000, 0x0000000663400000, 0x0000000663800000|  0%| F|  |TAMS 0x0000000663400000| PB 0x0000000663400000| Untracked 
| 398|0x0000000663800000, 0x0000000663800000, 0x0000000663c00000|  0%| F|  |TAMS 0x0000000663800000| PB 0x0000000663800000| Untracked 
| 399|0x0000000663c00000, 0x0000000663c00000, 0x0000000664000000|  0%| F|  |TAMS 0x0000000663c00000| PB 0x0000000663c00000| Untracked 
| 400|0x0000000664000000, 0x0000000664000000, 0x0000000664400000|  0%| F|  |TAMS 0x0000000664000000| PB 0x0000000664000000| Untracked 
| 401|0x0000000664400000, 0x0000000664400000, 0x0000000664800000|  0%| F|  |TAMS 0x0000000664400000| PB 0x0000000664400000| Untracked 
| 402|0x0000000664800000, 0x0000000664800000, 0x0000000664c00000|  0%| F|  |TAMS 0x0000000664800000| PB 0x0000000664800000| Untracked 
| 403|0x0000000664c00000, 0x0000000664c00000, 0x0000000665000000|  0%| F|  |TAMS 0x0000000664c00000| PB 0x0000000664c00000| Untracked 
| 404|0x0000000665000000, 0x0000000665000000, 0x0000000665400000|  0%| F|  |TAMS 0x0000000665000000| PB 0x0000000665000000| Untracked 
| 405|0x0000000665400000, 0x0000000665400000, 0x0000000665800000|  0%| F|  |TAMS 0x0000000665400000| PB 0x0000000665400000| Untracked 
| 406|0x0000000665800000, 0x0000000665800000, 0x0000000665c00000|  0%| F|  |TAMS 0x0000000665800000| PB 0x0000000665800000| Untracked 
| 407|0x0000000665c00000, 0x0000000665c00000, 0x0000000666000000|  0%| F|  |TAMS 0x0000000665c00000| PB 0x0000000665c00000| Untracked 
| 408|0x0000000666000000, 0x0000000666000000, 0x0000000666400000|  0%| F|  |TAMS 0x0000000666000000| PB 0x0000000666000000| Untracked 
| 409|0x0000000666400000, 0x0000000666400000, 0x0000000666800000|  0%| F|  |TAMS 0x0000000666400000| PB 0x0000000666400000| Untracked 
| 410|0x0000000666800000, 0x0000000666800000, 0x0000000666c00000|  0%| F|  |TAMS 0x0000000666800000| PB 0x0000000666800000| Untracked 
| 411|0x0000000666c00000, 0x0000000666c00000, 0x0000000667000000|  0%| F|  |TAMS 0x0000000666c00000| PB 0x0000000666c00000| Untracked 
| 412|0x0000000667000000, 0x0000000667000000, 0x0000000667400000|  0%| F|  |TAMS 0x0000000667000000| PB 0x0000000667000000| Untracked 
| 413|0x0000000667400000, 0x0000000667400000, 0x0000000667800000|  0%| F|  |TAMS 0x0000000667400000| PB 0x0000000667400000| Untracked 
| 414|0x0000000667800000, 0x0000000667800000, 0x0000000667c00000|  0%| F|  |TAMS 0x0000000667800000| PB 0x0000000667800000| Untracked 
| 415|0x0000000667c00000, 0x0000000667c00000, 0x0000000668000000|  0%| F|  |TAMS 0x0000000667c00000| PB 0x0000000667c00000| Untracked 
| 416|0x0000000668000000, 0x0000000668000000, 0x0000000668400000|  0%| F|  |TAMS 0x0000000668000000| PB 0x0000000668000000| Untracked 
| 417|0x0000000668400000, 0x0000000668400000, 0x0000000668800000|  0%| F|  |TAMS 0x0000000668400000| PB 0x0000000668400000| Untracked 
| 418|0x0000000668800000, 0x0000000668800000, 0x0000000668c00000|  0%| F|  |TAMS 0x0000000668800000| PB 0x0000000668800000| Untracked 
| 419|0x0000000668c00000, 0x0000000668c00000, 0x0000000669000000|  0%| F|  |TAMS 0x0000000668c00000| PB 0x0000000668c00000| Untracked 
| 420|0x0000000669000000, 0x0000000669000000, 0x0000000669400000|  0%| F|  |TAMS 0x0000000669000000| PB 0x0000000669000000| Untracked 
| 421|0x0000000669400000, 0x0000000669400000, 0x0000000669800000|  0%| F|  |TAMS 0x0000000669400000| PB 0x0000000669400000| Untracked 
| 422|0x0000000669800000, 0x0000000669800000, 0x0000000669c00000|  0%| F|  |TAMS 0x0000000669800000| PB 0x0000000669800000| Untracked 
| 423|0x0000000669c00000, 0x0000000669c00000, 0x000000066a000000|  0%| F|  |TAMS 0x0000000669c00000| PB 0x0000000669c00000| Untracked 
| 424|0x000000066a000000, 0x000000066a000000, 0x000000066a400000|  0%| F|  |TAMS 0x000000066a000000| PB 0x000000066a000000| Untracked 
| 425|0x000000066a400000, 0x000000066a400000, 0x000000066a800000|  0%| F|  |TAMS 0x000000066a400000| PB 0x000000066a400000| Untracked 
| 426|0x000000066a800000, 0x000000066a800000, 0x000000066ac00000|  0%| F|  |TAMS 0x000000066a800000| PB 0x000000066a800000| Untracked 
| 427|0x000000066ac00000, 0x000000066ac00000, 0x000000066b000000|  0%| F|  |TAMS 0x000000066ac00000| PB 0x000000066ac00000| Untracked 
| 428|0x000000066b000000, 0x000000066b000000, 0x000000066b400000|  0%| F|  |TAMS 0x000000066b000000| PB 0x000000066b000000| Untracked 
| 429|0x000000066b400000, 0x000000066b400000, 0x000000066b800000|  0%| F|  |TAMS 0x000000066b400000| PB 0x000000066b400000| Untracked 
| 430|0x000000066b800000, 0x000000066b800000, 0x000000066bc00000|  0%| F|  |TAMS 0x000000066b800000| PB 0x000000066b800000| Untracked 
| 431|0x000000066bc00000, 0x000000066bc00000, 0x000000066c000000|  0%| F|  |TAMS 0x000000066bc00000| PB 0x000000066bc00000| Untracked 
| 432|0x000000066c000000, 0x000000066c000000, 0x000000066c400000|  0%| F|  |TAMS 0x000000066c000000| PB 0x000000066c000000| Untracked 
| 433|0x000000066c400000, 0x000000066c400000, 0x000000066c800000|  0%| F|  |TAMS 0x000000066c400000| PB 0x000000066c400000| Untracked 
| 434|0x000000066c800000, 0x000000066c800000, 0x000000066cc00000|  0%| F|  |TAMS 0x000000066c800000| PB 0x000000066c800000| Untracked 
| 435|0x000000066cc00000, 0x000000066cc00000, 0x000000066d000000|  0%| F|  |TAMS 0x000000066cc00000| PB 0x000000066cc00000| Untracked 
| 436|0x000000066d000000, 0x000000066d000000, 0x000000066d400000|  0%| F|  |TAMS 0x000000066d000000| PB 0x000000066d000000| Untracked 
| 437|0x000000066d400000, 0x000000066d400000, 0x000000066d800000|  0%| F|  |TAMS 0x000000066d400000| PB 0x000000066d400000| Untracked 
| 438|0x000000066d800000, 0x000000066d800000, 0x000000066dc00000|  0%| F|  |TAMS 0x000000066d800000| PB 0x000000066d800000| Untracked 
| 439|0x000000066dc00000, 0x000000066dc00000, 0x000000066e000000|  0%| F|  |TAMS 0x000000066dc00000| PB 0x000000066dc00000| Untracked 
| 440|0x000000066e000000, 0x000000066e000000, 0x000000066e400000|  0%| F|  |TAMS 0x000000066e000000| PB 0x000000066e000000| Untracked 
| 441|0x000000066e400000, 0x000000066e400000, 0x000000066e800000|  0%| F|  |TAMS 0x000000066e400000| PB 0x000000066e400000| Untracked 
| 442|0x000000066e800000, 0x000000066e800000, 0x000000066ec00000|  0%| F|  |TAMS 0x000000066e800000| PB 0x000000066e800000| Untracked 
| 443|0x000000066ec00000, 0x000000066ec00000, 0x000000066f000000|  0%| F|  |TAMS 0x000000066ec00000| PB 0x000000066ec00000| Untracked 
| 444|0x000000066f000000, 0x000000066f000000, 0x000000066f400000|  0%| F|  |TAMS 0x000000066f000000| PB 0x000000066f000000| Untracked 
| 445|0x000000066f400000, 0x000000066f400000, 0x000000066f800000|  0%| F|  |TAMS 0x000000066f400000| PB 0x000000066f400000| Untracked 
| 446|0x000000066f800000, 0x000000066f800000, 0x000000066fc00000|  0%| F|  |TAMS 0x000000066f800000| PB 0x000000066f800000| Untracked 
| 447|0x000000066fc00000, 0x000000066fc00000, 0x0000000670000000|  0%| F|  |TAMS 0x000000066fc00000| PB 0x000000066fc00000| Untracked 
| 448|0x0000000670000000, 0x0000000670000000, 0x0000000670400000|  0%| F|  |TAMS 0x0000000670000000| PB 0x0000000670000000| Untracked 
| 449|0x0000000670400000, 0x0000000670400000, 0x0000000670800000|  0%| F|  |TAMS 0x0000000670400000| PB 0x0000000670400000| Untracked 
| 450|0x0000000670800000, 0x0000000670800000, 0x0000000670c00000|  0%| F|  |TAMS 0x0000000670800000| PB 0x0000000670800000| Untracked 
| 451|0x0000000670c00000, 0x0000000670c00000, 0x0000000671000000|  0%| F|  |TAMS 0x0000000670c00000| PB 0x0000000670c00000| Untracked 
| 452|0x0000000671000000, 0x0000000671000000, 0x0000000671400000|  0%| F|  |TAMS 0x0000000671000000| PB 0x0000000671000000| Untracked 
| 453|0x0000000671400000, 0x0000000671400000, 0x0000000671800000|  0%| F|  |TAMS 0x0000000671400000| PB 0x0000000671400000| Untracked 
| 454|0x0000000671800000, 0x0000000671800000, 0x0000000671c00000|  0%| F|  |TAMS 0x0000000671800000| PB 0x0000000671800000| Untracked 
| 455|0x0000000671c00000, 0x0000000671c00000, 0x0000000672000000|  0%| F|  |TAMS 0x0000000671c00000| PB 0x0000000671c00000| Untracked 
| 456|0x0000000672000000, 0x0000000672000000, 0x0000000672400000|  0%| F|  |TAMS 0x0000000672000000| PB 0x0000000672000000| Untracked 
| 457|0x0000000672400000, 0x0000000672400000, 0x0000000672800000|  0%| F|  |TAMS 0x0000000672400000| PB 0x0000000672400000| Untracked 
| 458|0x0000000672800000, 0x0000000672800000, 0x0000000672c00000|  0%| F|  |TAMS 0x0000000672800000| PB 0x0000000672800000| Untracked 
| 459|0x0000000672c00000, 0x0000000672c00000, 0x0000000673000000|  0%| F|  |TAMS 0x0000000672c00000| PB 0x0000000672c00000| Untracked 
| 460|0x0000000673000000, 0x0000000673000000, 0x0000000673400000|  0%| F|  |TAMS 0x0000000673000000| PB 0x0000000673000000| Untracked 
| 461|0x0000000673400000, 0x0000000673400000, 0x0000000673800000|  0%| F|  |TAMS 0x0000000673400000| PB 0x0000000673400000| Untracked 
| 462|0x0000000673800000, 0x0000000673800000, 0x0000000673c00000|  0%| F|  |TAMS 0x0000000673800000| PB 0x0000000673800000| Untracked 
| 463|0x0000000673c00000, 0x0000000673c00000, 0x0000000674000000|  0%| F|  |TAMS 0x0000000673c00000| PB 0x0000000673c00000| Untracked 
| 464|0x0000000674000000, 0x0000000674000000, 0x0000000674400000|  0%| F|  |TAMS 0x0000000674000000| PB 0x0000000674000000| Untracked 
| 465|0x0000000674400000, 0x0000000674400000, 0x0000000674800000|  0%| F|  |TAMS 0x0000000674400000| PB 0x0000000674400000| Untracked 
| 466|0x0000000674800000, 0x0000000674800000, 0x0000000674c00000|  0%| F|  |TAMS 0x0000000674800000| PB 0x0000000674800000| Untracked 
| 467|0x0000000674c00000, 0x0000000674c00000, 0x0000000675000000|  0%| F|  |TAMS 0x0000000674c00000| PB 0x0000000674c00000| Untracked 
| 468|0x0000000675000000, 0x0000000675000000, 0x0000000675400000|  0%| F|  |TAMS 0x0000000675000000| PB 0x0000000675000000| Untracked 
| 469|0x0000000675400000, 0x0000000675400000, 0x0000000675800000|  0%| F|  |TAMS 0x0000000675400000| PB 0x0000000675400000| Untracked 
| 470|0x0000000675800000, 0x0000000675800000, 0x0000000675c00000|  0%| F|  |TAMS 0x0000000675800000| PB 0x0000000675800000| Untracked 
| 471|0x0000000675c00000, 0x0000000675c00000, 0x0000000676000000|  0%| F|  |TAMS 0x0000000675c00000| PB 0x0000000675c00000| Untracked 
| 472|0x0000000676000000, 0x0000000676000000, 0x0000000676400000|  0%| F|  |TAMS 0x0000000676000000| PB 0x0000000676000000| Untracked 
| 473|0x0000000676400000, 0x0000000676400000, 0x0000000676800000|  0%| F|  |TAMS 0x0000000676400000| PB 0x0000000676400000| Untracked 
| 474|0x0000000676800000, 0x0000000676800000, 0x0000000676c00000|  0%| F|  |TAMS 0x0000000676800000| PB 0x0000000676800000| Untracked 
| 475|0x0000000676c00000, 0x0000000676c00000, 0x0000000677000000|  0%| F|  |TAMS 0x0000000676c00000| PB 0x0000000676c00000| Untracked 
| 476|0x0000000677000000, 0x0000000677000000, 0x0000000677400000|  0%| F|  |TAMS 0x0000000677000000| PB 0x0000000677000000| Untracked 
| 477|0x0000000677400000, 0x0000000677400000, 0x0000000677800000|  0%| F|  |TAMS 0x0000000677400000| PB 0x0000000677400000| Untracked 
| 478|0x0000000677800000, 0x0000000677800000, 0x0000000677c00000|  0%| F|  |TAMS 0x0000000677800000| PB 0x0000000677800000| Untracked 
| 479|0x0000000677c00000, 0x0000000677c00000, 0x0000000678000000|  0%| F|  |TAMS 0x0000000677c00000| PB 0x0000000677c00000| Untracked 
| 480|0x0000000678000000, 0x0000000678000000, 0x0000000678400000|  0%| F|  |TAMS 0x0000000678000000| PB 0x0000000678000000| Untracked 
| 481|0x0000000678400000, 0x0000000678400000, 0x0000000678800000|  0%| F|  |TAMS 0x0000000678400000| PB 0x0000000678400000| Untracked 
| 482|0x0000000678800000, 0x0000000678800000, 0x0000000678c00000|  0%| F|  |TAMS 0x0000000678800000| PB 0x0000000678800000| Untracked 
| 483|0x0000000678c00000, 0x0000000678c00000, 0x0000000679000000|  0%| F|  |TAMS 0x0000000678c00000| PB 0x0000000678c00000| Untracked 
| 484|0x0000000679000000, 0x0000000679000000, 0x0000000679400000|  0%| F|  |TAMS 0x0000000679000000| PB 0x0000000679000000| Untracked 
| 485|0x0000000679400000, 0x0000000679400000, 0x0000000679800000|  0%| F|  |TAMS 0x0000000679400000| PB 0x0000000679400000| Untracked 
| 486|0x0000000679800000, 0x0000000679800000, 0x0000000679c00000|  0%| F|  |TAMS 0x0000000679800000| PB 0x0000000679800000| Untracked 
| 487|0x0000000679c00000, 0x0000000679c00000, 0x000000067a000000|  0%| F|  |TAMS 0x0000000679c00000| PB 0x0000000679c00000| Untracked 
| 488|0x000000067a000000, 0x000000067a000000, 0x000000067a400000|  0%| F|  |TAMS 0x000000067a000000| PB 0x000000067a000000| Untracked 
| 489|0x000000067a400000, 0x000000067a400000, 0x000000067a800000|  0%| F|  |TAMS 0x000000067a400000| PB 0x000000067a400000| Untracked 
| 490|0x000000067a800000, 0x000000067a800000, 0x000000067ac00000|  0%| F|  |TAMS 0x000000067a800000| PB 0x000000067a800000| Untracked 
| 491|0x000000067ac00000, 0x000000067ac00000, 0x000000067b000000|  0%| F|  |TAMS 0x000000067ac00000| PB 0x000000067ac00000| Untracked 
| 492|0x000000067b000000, 0x000000067b000000, 0x000000067b400000|  0%| F|  |TAMS 0x000000067b000000| PB 0x000000067b000000| Untracked 
| 493|0x000000067b400000, 0x000000067b400000, 0x000000067b800000|  0%| F|  |TAMS 0x000000067b400000| PB 0x000000067b400000| Untracked 
| 494|0x000000067b800000, 0x000000067b800000, 0x000000067bc00000|  0%| F|  |TAMS 0x000000067b800000| PB 0x000000067b800000| Untracked 
| 495|0x000000067bc00000, 0x000000067bc00000, 0x000000067c000000|  0%| F|  |TAMS 0x000000067bc00000| PB 0x000000067bc00000| Untracked 
| 496|0x000000067c000000, 0x000000067c000000, 0x000000067c400000|  0%| F|  |TAMS 0x000000067c000000| PB 0x000000067c000000| Untracked 
| 497|0x000000067c400000, 0x000000067c400000, 0x000000067c800000|  0%| F|  |TAMS 0x000000067c400000| PB 0x000000067c400000| Untracked 
| 498|0x000000067c800000, 0x000000067c800000, 0x000000067cc00000|  0%| F|  |TAMS 0x000000067c800000| PB 0x000000067c800000| Untracked 
| 499|0x000000067cc00000, 0x000000067cc00000, 0x000000067d000000|  0%| F|  |TAMS 0x000000067cc00000| PB 0x000000067cc00000| Untracked 
| 500|0x000000067d000000, 0x000000067d000000, 0x000000067d400000|  0%| F|  |TAMS 0x000000067d000000| PB 0x000000067d000000| Untracked 
| 501|0x000000067d400000, 0x000000067d400000, 0x000000067d800000|  0%| F|  |TAMS 0x000000067d400000| PB 0x000000067d400000| Untracked 
| 502|0x000000067d800000, 0x000000067d800000, 0x000000067dc00000|  0%| F|  |TAMS 0x000000067d800000| PB 0x000000067d800000| Untracked 
| 503|0x000000067dc00000, 0x000000067dc00000, 0x000000067e000000|  0%| F|  |TAMS 0x000000067dc00000| PB 0x000000067dc00000| Untracked 
| 504|0x000000067e000000, 0x000000067e000000, 0x000000067e400000|  0%| F|  |TAMS 0x000000067e000000| PB 0x000000067e000000| Untracked 
| 505|0x000000067e400000, 0x000000067e400000, 0x000000067e800000|  0%| F|  |TAMS 0x000000067e400000| PB 0x000000067e400000| Untracked 
| 506|0x000000067e800000, 0x000000067e800000, 0x000000067ec00000|  0%| F|  |TAMS 0x000000067e800000| PB 0x000000067e800000| Untracked 
| 507|0x000000067ec00000, 0x000000067ec00000, 0x000000067f000000|  0%| F|  |TAMS 0x000000067ec00000| PB 0x000000067ec00000| Untracked 
| 508|0x000000067f000000, 0x000000067f000000, 0x000000067f400000|  0%| F|  |TAMS 0x000000067f000000| PB 0x000000067f000000| Untracked 
| 509|0x000000067f400000, 0x000000067f400000, 0x000000067f800000|  0%| F|  |TAMS 0x000000067f400000| PB 0x000000067f400000| Untracked 
| 510|0x000000067f800000, 0x000000067f800000, 0x000000067fc00000|  0%| F|  |TAMS 0x000000067f800000| PB 0x000000067f800000| Untracked 
| 511|0x000000067fc00000, 0x000000067fc00000, 0x0000000680000000|  0%| F|  |TAMS 0x000000067fc00000| PB 0x000000067fc00000| Untracked 
| 512|0x0000000680000000, 0x0000000680000000, 0x0000000680400000|  0%| F|  |TAMS 0x0000000680000000| PB 0x0000000680000000| Untracked 
| 513|0x0000000680400000, 0x0000000680400000, 0x0000000680800000|  0%| F|  |TAMS 0x0000000680400000| PB 0x0000000680400000| Untracked 
| 514|0x0000000680800000, 0x0000000680800000, 0x0000000680c00000|  0%| F|  |TAMS 0x0000000680800000| PB 0x0000000680800000| Untracked 
| 515|0x0000000680c00000, 0x0000000680c00000, 0x0000000681000000|  0%| F|  |TAMS 0x0000000680c00000| PB 0x0000000680c00000| Untracked 
| 516|0x0000000681000000, 0x0000000681000000, 0x0000000681400000|  0%| F|  |TAMS 0x0000000681000000| PB 0x0000000681000000| Untracked 
| 517|0x0000000681400000, 0x0000000681400000, 0x0000000681800000|  0%| F|  |TAMS 0x0000000681400000| PB 0x0000000681400000| Untracked 
| 518|0x0000000681800000, 0x0000000681800000, 0x0000000681c00000|  0%| F|  |TAMS 0x0000000681800000| PB 0x0000000681800000| Untracked 
| 519|0x0000000681c00000, 0x0000000681c00000, 0x0000000682000000|  0%| F|  |TAMS 0x0000000681c00000| PB 0x0000000681c00000| Untracked 
| 520|0x0000000682000000, 0x0000000682000000, 0x0000000682400000|  0%| F|  |TAMS 0x0000000682000000| PB 0x0000000682000000| Untracked 
| 521|0x0000000682400000, 0x0000000682400000, 0x0000000682800000|  0%| F|  |TAMS 0x0000000682400000| PB 0x0000000682400000| Untracked 
| 522|0x0000000682800000, 0x0000000682800000, 0x0000000682c00000|  0%| F|  |TAMS 0x0000000682800000| PB 0x0000000682800000| Untracked 
| 523|0x0000000682c00000, 0x0000000682c00000, 0x0000000683000000|  0%| F|  |TAMS 0x0000000682c00000| PB 0x0000000682c00000| Untracked 
| 524|0x0000000683000000, 0x0000000683000000, 0x0000000683400000|  0%| F|  |TAMS 0x0000000683000000| PB 0x0000000683000000| Untracked 
| 525|0x0000000683400000, 0x0000000683400000, 0x0000000683800000|  0%| F|  |TAMS 0x0000000683400000| PB 0x0000000683400000| Untracked 
| 526|0x0000000683800000, 0x0000000683800000, 0x0000000683c00000|  0%| F|  |TAMS 0x0000000683800000| PB 0x0000000683800000| Untracked 
| 527|0x0000000683c00000, 0x0000000683c00000, 0x0000000684000000|  0%| F|  |TAMS 0x0000000683c00000| PB 0x0000000683c00000| Untracked 
| 528|0x0000000684000000, 0x0000000684000000, 0x0000000684400000|  0%| F|  |TAMS 0x0000000684000000| PB 0x0000000684000000| Untracked 
| 529|0x0000000684400000, 0x0000000684400000, 0x0000000684800000|  0%| F|  |TAMS 0x0000000684400000| PB 0x0000000684400000| Untracked 
| 530|0x0000000684800000, 0x0000000684800000, 0x0000000684c00000|  0%| F|  |TAMS 0x0000000684800000| PB 0x0000000684800000| Untracked 
| 531|0x0000000684c00000, 0x0000000684c00000, 0x0000000685000000|  0%| F|  |TAMS 0x0000000684c00000| PB 0x0000000684c00000| Untracked 
| 532|0x0000000685000000, 0x0000000685000000, 0x0000000685400000|  0%| F|  |TAMS 0x0000000685000000| PB 0x0000000685000000| Untracked 
| 533|0x0000000685400000, 0x0000000685400000, 0x0000000685800000|  0%| F|  |TAMS 0x0000000685400000| PB 0x0000000685400000| Untracked 
| 534|0x0000000685800000, 0x0000000685800000, 0x0000000685c00000|  0%| F|  |TAMS 0x0000000685800000| PB 0x0000000685800000| Untracked 
| 535|0x0000000685c00000, 0x0000000685c00000, 0x0000000686000000|  0%| F|  |TAMS 0x0000000685c00000| PB 0x0000000685c00000| Untracked 
| 536|0x0000000686000000, 0x0000000686000000, 0x0000000686400000|  0%| F|  |TAMS 0x0000000686000000| PB 0x0000000686000000| Untracked 
| 537|0x0000000686400000, 0x0000000686400000, 0x0000000686800000|  0%| F|  |TAMS 0x0000000686400000| PB 0x0000000686400000| Untracked 
| 538|0x0000000686800000, 0x0000000686800000, 0x0000000686c00000|  0%| F|  |TAMS 0x0000000686800000| PB 0x0000000686800000| Untracked 
| 539|0x0000000686c00000, 0x0000000686c00000, 0x0000000687000000|  0%| F|  |TAMS 0x0000000686c00000| PB 0x0000000686c00000| Untracked 
| 540|0x0000000687000000, 0x0000000687000000, 0x0000000687400000|  0%| F|  |TAMS 0x0000000687000000| PB 0x0000000687000000| Untracked 
| 541|0x0000000687400000, 0x0000000687400000, 0x0000000687800000|  0%| F|  |TAMS 0x0000000687400000| PB 0x0000000687400000| Untracked 
| 542|0x0000000687800000, 0x0000000687800000, 0x0000000687c00000|  0%| F|  |TAMS 0x0000000687800000| PB 0x0000000687800000| Untracked 
| 543|0x0000000687c00000, 0x0000000687c00000, 0x0000000688000000|  0%| F|  |TAMS 0x0000000687c00000| PB 0x0000000687c00000| Untracked 
| 544|0x0000000688000000, 0x0000000688000000, 0x0000000688400000|  0%| F|  |TAMS 0x0000000688000000| PB 0x0000000688000000| Untracked 
| 545|0x0000000688400000, 0x0000000688400000, 0x0000000688800000|  0%| F|  |TAMS 0x0000000688400000| PB 0x0000000688400000| Untracked 
| 546|0x0000000688800000, 0x0000000688800000, 0x0000000688c00000|  0%| F|  |TAMS 0x0000000688800000| PB 0x0000000688800000| Untracked 
| 547|0x0000000688c00000, 0x0000000688c00000, 0x0000000689000000|  0%| F|  |TAMS 0x0000000688c00000| PB 0x0000000688c00000| Untracked 
| 548|0x0000000689000000, 0x0000000689000000, 0x0000000689400000|  0%| F|  |TAMS 0x0000000689000000| PB 0x0000000689000000| Untracked 
| 549|0x0000000689400000, 0x0000000689400000, 0x0000000689800000|  0%| F|  |TAMS 0x0000000689400000| PB 0x0000000689400000| Untracked 
| 550|0x0000000689800000, 0x0000000689800000, 0x0000000689c00000|  0%| F|  |TAMS 0x0000000689800000| PB 0x0000000689800000| Untracked 
| 551|0x0000000689c00000, 0x0000000689c00000, 0x000000068a000000|  0%| F|  |TAMS 0x0000000689c00000| PB 0x0000000689c00000| Untracked 
| 552|0x000000068a000000, 0x000000068a000000, 0x000000068a400000|  0%| F|  |TAMS 0x000000068a000000| PB 0x000000068a000000| Untracked 
| 553|0x000000068a400000, 0x000000068a400000, 0x000000068a800000|  0%| F|  |TAMS 0x000000068a400000| PB 0x000000068a400000| Untracked 
| 554|0x000000068a800000, 0x000000068a800000, 0x000000068ac00000|  0%| F|  |TAMS 0x000000068a800000| PB 0x000000068a800000| Untracked 
| 555|0x000000068ac00000, 0x000000068ac00000, 0x000000068b000000|  0%| F|  |TAMS 0x000000068ac00000| PB 0x000000068ac00000| Untracked 
| 556|0x000000068b000000, 0x000000068b000000, 0x000000068b400000|  0%| F|  |TAMS 0x000000068b000000| PB 0x000000068b000000| Untracked 
| 557|0x000000068b400000, 0x000000068b400000, 0x000000068b800000|  0%| F|  |TAMS 0x000000068b400000| PB 0x000000068b400000| Untracked 
| 558|0x000000068b800000, 0x000000068b800000, 0x000000068bc00000|  0%| F|  |TAMS 0x000000068b800000| PB 0x000000068b800000| Untracked 
| 559|0x000000068bc00000, 0x000000068bc00000, 0x000000068c000000|  0%| F|  |TAMS 0x000000068bc00000| PB 0x000000068bc00000| Untracked 
| 560|0x000000068c000000, 0x000000068c000000, 0x000000068c400000|  0%| F|  |TAMS 0x000000068c000000| PB 0x000000068c000000| Untracked 
| 561|0x000000068c400000, 0x000000068c400000, 0x000000068c800000|  0%| F|  |TAMS 0x000000068c400000| PB 0x000000068c400000| Untracked 
| 562|0x000000068c800000, 0x000000068c800000, 0x000000068cc00000|  0%| F|  |TAMS 0x000000068c800000| PB 0x000000068c800000| Untracked 
| 563|0x000000068cc00000, 0x000000068cc00000, 0x000000068d000000|  0%| F|  |TAMS 0x000000068cc00000| PB 0x000000068cc00000| Untracked 
| 564|0x000000068d000000, 0x000000068d000000, 0x000000068d400000|  0%| F|  |TAMS 0x000000068d000000| PB 0x000000068d000000| Untracked 
| 565|0x000000068d400000, 0x000000068d400000, 0x000000068d800000|  0%| F|  |TAMS 0x000000068d400000| PB 0x000000068d400000| Untracked 
| 566|0x000000068d800000, 0x000000068d800000, 0x000000068dc00000|  0%| F|  |TAMS 0x000000068d800000| PB 0x000000068d800000| Untracked 
| 567|0x000000068dc00000, 0x000000068dc00000, 0x000000068e000000|  0%| F|  |TAMS 0x000000068dc00000| PB 0x000000068dc00000| Untracked 
| 568|0x000000068e000000, 0x000000068e000000, 0x000000068e400000|  0%| F|  |TAMS 0x000000068e000000| PB 0x000000068e000000| Untracked 
| 569|0x000000068e400000, 0x000000068e6b9258, 0x000000068e800000| 68%| E|  |TAMS 0x000000068e400000| PB 0x000000068e400000| Complete 
| 570|0x000000068e800000, 0x000000068ec00000, 0x000000068ec00000|100%| E|CS|TAMS 0x000000068e800000| PB 0x000000068e800000| Complete 
| 571|0x000000068ec00000, 0x000000068f000000, 0x000000068f000000|100%| E|CS|TAMS 0x000000068ec00000| PB 0x000000068ec00000| Complete 
| 572|0x000000068f000000, 0x000000068f400000, 0x000000068f400000|100%| E|CS|TAMS 0x000000068f000000| PB 0x000000068f000000| Complete 
| 573|0x000000068f400000, 0x000000068f800000, 0x000000068f800000|100%| E|CS|TAMS 0x000000068f400000| PB 0x000000068f400000| Complete 
| 574|0x000000068f800000, 0x000000068fc00000, 0x000000068fc00000|100%| E|CS|TAMS 0x000000068f800000| PB 0x000000068f800000| Complete 
| 575|0x000000068fc00000, 0x0000000690000000, 0x0000000690000000|100%| E|CS|TAMS 0x000000068fc00000| PB 0x000000068fc00000| Complete 
| 576|0x0000000690000000, 0x0000000690400000, 0x0000000690400000|100%| E|CS|TAMS 0x0000000690000000| PB 0x0000000690000000| Complete 
| 577|0x0000000690400000, 0x0000000690800000, 0x0000000690800000|100%| E|CS|TAMS 0x0000000690400000| PB 0x0000000690400000| Complete 
| 578|0x0000000690800000, 0x0000000690c00000, 0x0000000690c00000|100%| E|  |TAMS 0x0000000690800000| PB 0x0000000690800000| Complete 
| 579|0x0000000690c00000, 0x0000000691000000, 0x0000000691000000|100%| E|CS|TAMS 0x0000000690c00000| PB 0x0000000690c00000| Complete 
| 580|0x0000000691000000, 0x0000000691400000, 0x0000000691400000|100%| E|CS|TAMS 0x0000000691000000| PB 0x0000000691000000| Complete 
| 581|0x0000000691400000, 0x0000000691800000, 0x0000000691800000|100%| E|CS|TAMS 0x0000000691400000| PB 0x0000000691400000| Complete 
| 582|0x0000000691800000, 0x0000000691c00000, 0x0000000691c00000|100%| E|CS|TAMS 0x0000000691800000| PB 0x0000000691800000| Complete 
| 583|0x0000000691c00000, 0x0000000692000000, 0x0000000692000000|100%| E|CS|TAMS 0x0000000691c00000| PB 0x0000000691c00000| Complete 
| 584|0x0000000692000000, 0x0000000692400000, 0x0000000692400000|100%| E|CS|TAMS 0x0000000692000000| PB 0x0000000692000000| Complete 
| 585|0x0000000692400000, 0x0000000692800000, 0x0000000692800000|100%| E|CS|TAMS 0x0000000692400000| PB 0x0000000692400000| Complete 
| 586|0x0000000692800000, 0x0000000692c00000, 0x0000000692c00000|100%| E|CS|TAMS 0x0000000692800000| PB 0x0000000692800000| Complete 
| 587|0x0000000692c00000, 0x0000000693000000, 0x0000000693000000|100%| E|CS|TAMS 0x0000000692c00000| PB 0x0000000692c00000| Complete 
| 588|0x0000000693000000, 0x0000000693400000, 0x0000000693400000|100%| E|CS|TAMS 0x0000000693000000| PB 0x0000000693000000| Complete 
| 589|0x0000000693400000, 0x0000000693800000, 0x0000000693800000|100%| E|CS|TAMS 0x0000000693400000| PB 0x0000000693400000| Complete 
| 590|0x0000000693800000, 0x0000000693c00000, 0x0000000693c00000|100%| E|CS|TAMS 0x0000000693800000| PB 0x0000000693800000| Complete 
| 591|0x0000000693c00000, 0x0000000694000000, 0x0000000694000000|100%| E|CS|TAMS 0x0000000693c00000| PB 0x0000000693c00000| Complete 
| 592|0x0000000694000000, 0x0000000694400000, 0x0000000694400000|100%| E|CS|TAMS 0x0000000694000000| PB 0x0000000694000000| Complete 
| 593|0x0000000694400000, 0x0000000694800000, 0x0000000694800000|100%| E|CS|TAMS 0x0000000694400000| PB 0x0000000694400000| Complete 
| 594|0x0000000694800000, 0x0000000694c00000, 0x0000000694c00000|100%| E|CS|TAMS 0x0000000694800000| PB 0x0000000694800000| Complete 
| 595|0x0000000694c00000, 0x0000000695000000, 0x0000000695000000|100%| E|CS|TAMS 0x0000000694c00000| PB 0x0000000694c00000| Complete 
| 596|0x0000000695000000, 0x0000000695400000, 0x0000000695400000|100%| E|CS|TAMS 0x0000000695000000| PB 0x0000000695000000| Complete 
| 597|0x0000000695400000, 0x0000000695800000, 0x0000000695800000|100%| E|CS|TAMS 0x0000000695400000| PB 0x0000000695400000| Complete 
| 598|0x0000000695800000, 0x0000000695c00000, 0x0000000695c00000|100%| E|CS|TAMS 0x0000000695800000| PB 0x0000000695800000| Complete 
| 599|0x0000000695c00000, 0x0000000696000000, 0x0000000696000000|100%| E|CS|TAMS 0x0000000695c00000| PB 0x0000000695c00000| Complete 
| 600|0x0000000696000000, 0x0000000696400000, 0x0000000696400000|100%| E|CS|TAMS 0x0000000696000000| PB 0x0000000696000000| Complete 
| 601|0x0000000696400000, 0x0000000696800000, 0x0000000696800000|100%| E|CS|TAMS 0x0000000696400000| PB 0x0000000696400000| Complete 
| 602|0x0000000696800000, 0x0000000696c00000, 0x0000000696c00000|100%| E|CS|TAMS 0x0000000696800000| PB 0x0000000696800000| Complete 
| 603|0x0000000696c00000, 0x0000000697000000, 0x0000000697000000|100%| E|CS|TAMS 0x0000000696c00000| PB 0x0000000696c00000| Complete 
| 604|0x0000000697000000, 0x0000000697400000, 0x0000000697400000|100%| E|CS|TAMS 0x0000000697000000| PB 0x0000000697000000| Complete 
| 605|0x0000000697400000, 0x0000000697800000, 0x0000000697800000|100%| E|CS|TAMS 0x0000000697400000| PB 0x0000000697400000| Complete 
| 606|0x0000000697800000, 0x0000000697c00000, 0x0000000697c00000|100%| E|CS|TAMS 0x0000000697800000| PB 0x0000000697800000| Complete 
| 607|0x0000000697c00000, 0x0000000698000000, 0x0000000698000000|100%| E|CS|TAMS 0x0000000697c00000| PB 0x0000000697c00000| Complete 
| 608|0x0000000698000000, 0x0000000698400000, 0x0000000698400000|100%| E|CS|TAMS 0x0000000698000000| PB 0x0000000698000000| Complete 
| 609|0x0000000698400000, 0x0000000698800000, 0x0000000698800000|100%| E|CS|TAMS 0x0000000698400000| PB 0x0000000698400000| Complete 
| 610|0x0000000698800000, 0x0000000698c00000, 0x0000000698c00000|100%| E|CS|TAMS 0x0000000698800000| PB 0x0000000698800000| Complete 
| 611|0x0000000698c00000, 0x0000000699000000, 0x0000000699000000|100%| E|CS|TAMS 0x0000000698c00000| PB 0x0000000698c00000| Complete 
| 612|0x0000000699000000, 0x0000000699400000, 0x0000000699400000|100%| E|CS|TAMS 0x0000000699000000| PB 0x0000000699000000| Complete 
| 613|0x0000000699400000, 0x0000000699800000, 0x0000000699800000|100%| E|CS|TAMS 0x0000000699400000| PB 0x0000000699400000| Complete 
| 614|0x0000000699800000, 0x0000000699c00000, 0x0000000699c00000|100%| E|CS|TAMS 0x0000000699800000| PB 0x0000000699800000| Complete 
| 615|0x0000000699c00000, 0x000000069a000000, 0x000000069a000000|100%| E|CS|TAMS 0x0000000699c00000| PB 0x0000000699c00000| Complete 
| 616|0x000000069a000000, 0x000000069a400000, 0x000000069a400000|100%| E|CS|TAMS 0x000000069a000000| PB 0x000000069a000000| Complete 
| 617|0x000000069a400000, 0x000000069a800000, 0x000000069a800000|100%| E|CS|TAMS 0x000000069a400000| PB 0x000000069a400000| Complete 
| 618|0x000000069a800000, 0x000000069ac00000, 0x000000069ac00000|100%| E|CS|TAMS 0x000000069a800000| PB 0x000000069a800000| Complete 
| 619|0x000000069ac00000, 0x000000069b000000, 0x000000069b000000|100%| E|CS|TAMS 0x000000069ac00000| PB 0x000000069ac00000| Complete 
| 620|0x000000069b000000, 0x000000069b400000, 0x000000069b400000|100%| E|CS|TAMS 0x000000069b000000| PB 0x000000069b000000| Complete 
| 621|0x000000069b400000, 0x000000069b800000, 0x000000069b800000|100%| E|CS|TAMS 0x000000069b400000| PB 0x000000069b400000| Complete 
| 622|0x000000069b800000, 0x000000069bc00000, 0x000000069bc00000|100%| E|CS|TAMS 0x000000069b800000| PB 0x000000069b800000| Complete 
| 623|0x000000069bc00000, 0x000000069c000000, 0x000000069c000000|100%| E|CS|TAMS 0x000000069bc00000| PB 0x000000069bc00000| Complete 
| 624|0x000000069c000000, 0x000000069c400000, 0x000000069c400000|100%| E|CS|TAMS 0x000000069c000000| PB 0x000000069c000000| Complete 
| 625|0x000000069c400000, 0x000000069c800000, 0x000000069c800000|100%| E|CS|TAMS 0x000000069c400000| PB 0x000000069c400000| Complete 
| 626|0x000000069c800000, 0x000000069cc00000, 0x000000069cc00000|100%| E|CS|TAMS 0x000000069c800000| PB 0x000000069c800000| Complete 
| 627|0x000000069cc00000, 0x000000069d000000, 0x000000069d000000|100%| E|CS|TAMS 0x000000069cc00000| PB 0x000000069cc00000| Complete 
| 628|0x000000069d000000, 0x000000069d400000, 0x000000069d400000|100%| E|CS|TAMS 0x000000069d000000| PB 0x000000069d000000| Complete 
| 629|0x000000069d400000, 0x000000069d800000, 0x000000069d800000|100%| E|CS|TAMS 0x000000069d400000| PB 0x000000069d400000| Complete 
| 630|0x000000069d800000, 0x000000069dc00000, 0x000000069dc00000|100%| E|CS|TAMS 0x000000069d800000| PB 0x000000069d800000| Complete 
| 631|0x000000069dc00000, 0x000000069e000000, 0x000000069e000000|100%| E|CS|TAMS 0x000000069dc00000| PB 0x000000069dc00000| Complete 
| 632|0x000000069e000000, 0x000000069e400000, 0x000000069e400000|100%| E|CS|TAMS 0x000000069e000000| PB 0x000000069e000000| Complete 
| 633|0x000000069e400000, 0x000000069e800000, 0x000000069e800000|100%| E|CS|TAMS 0x000000069e400000| PB 0x000000069e400000| Complete 
| 634|0x000000069e800000, 0x000000069ec00000, 0x000000069ec00000|100%| E|CS|TAMS 0x000000069e800000| PB 0x000000069e800000| Complete 
| 635|0x000000069ec00000, 0x000000069f000000, 0x000000069f000000|100%| E|CS|TAMS 0x000000069ec00000| PB 0x000000069ec00000| Complete 
| 636|0x000000069f000000, 0x000000069f400000, 0x000000069f400000|100%| E|CS|TAMS 0x000000069f000000| PB 0x000000069f000000| Complete 
| 637|0x000000069f400000, 0x000000069f800000, 0x000000069f800000|100%| E|CS|TAMS 0x000000069f400000| PB 0x000000069f400000| Complete 
| 638|0x000000069f800000, 0x000000069fc00000, 0x000000069fc00000|100%| E|CS|TAMS 0x000000069f800000| PB 0x000000069f800000| Complete 
| 639|0x000000069fc00000, 0x00000006a0000000, 0x00000006a0000000|100%| E|CS|TAMS 0x000000069fc00000| PB 0x000000069fc00000| Complete 
| 640|0x00000006a0000000, 0x00000006a0400000, 0x00000006a0400000|100%| E|CS|TAMS 0x00000006a0000000| PB 0x00000006a0000000| Complete 
| 641|0x00000006a0400000, 0x00000006a0800000, 0x00000006a0800000|100%| E|CS|TAMS 0x00000006a0400000| PB 0x00000006a0400000| Complete 
| 642|0x00000006a0800000, 0x00000006a0c00000, 0x00000006a0c00000|100%| E|CS|TAMS 0x00000006a0800000| PB 0x00000006a0800000| Complete 
| 643|0x00000006a0c00000, 0x00000006a1000000, 0x00000006a1000000|100%| E|CS|TAMS 0x00000006a0c00000| PB 0x00000006a0c00000| Complete 
| 644|0x00000006a1000000, 0x00000006a1400000, 0x00000006a1400000|100%| E|CS|TAMS 0x00000006a1000000| PB 0x00000006a1000000| Complete 
| 645|0x00000006a1400000, 0x00000006a1800000, 0x00000006a1800000|100%| E|CS|TAMS 0x00000006a1400000| PB 0x00000006a1400000| Complete 
| 646|0x00000006a1800000, 0x00000006a1c00000, 0x00000006a1c00000|100%| E|CS|TAMS 0x00000006a1800000| PB 0x00000006a1800000| Complete 
| 647|0x00000006a1c00000, 0x00000006a2000000, 0x00000006a2000000|100%| E|CS|TAMS 0x00000006a1c00000| PB 0x00000006a1c00000| Complete 
| 648|0x00000006a2000000, 0x00000006a2400000, 0x00000006a2400000|100%| E|CS|TAMS 0x00000006a2000000| PB 0x00000006a2000000| Complete 
| 649|0x00000006a2400000, 0x00000006a2800000, 0x00000006a2800000|100%| E|CS|TAMS 0x00000006a2400000| PB 0x00000006a2400000| Complete 
| 650|0x00000006a2800000, 0x00000006a2c00000, 0x00000006a2c00000|100%| E|CS|TAMS 0x00000006a2800000| PB 0x00000006a2800000| Complete 
| 651|0x00000006a2c00000, 0x00000006a3000000, 0x00000006a3000000|100%| E|CS|TAMS 0x00000006a2c00000| PB 0x00000006a2c00000| Complete 
| 652|0x00000006a3000000, 0x00000006a3400000, 0x00000006a3400000|100%| E|CS|TAMS 0x00000006a3000000| PB 0x00000006a3000000| Complete 
| 653|0x00000006a3400000, 0x00000006a3800000, 0x00000006a3800000|100%| E|CS|TAMS 0x00000006a3400000| PB 0x00000006a3400000| Complete 
| 654|0x00000006a3800000, 0x00000006a3c00000, 0x00000006a3c00000|100%| E|CS|TAMS 0x00000006a3800000| PB 0x00000006a3800000| Complete 
| 655|0x00000006a3c00000, 0x00000006a4000000, 0x00000006a4000000|100%| E|CS|TAMS 0x00000006a3c00000| PB 0x00000006a3c00000| Complete 
| 656|0x00000006a4000000, 0x00000006a4400000, 0x00000006a4400000|100%| E|CS|TAMS 0x00000006a4000000| PB 0x00000006a4000000| Complete 
| 657|0x00000006a4400000, 0x00000006a4800000, 0x00000006a4800000|100%| E|CS|TAMS 0x00000006a4400000| PB 0x00000006a4400000| Complete 
| 658|0x00000006a4800000, 0x00000006a4c00000, 0x00000006a4c00000|100%| E|CS|TAMS 0x00000006a4800000| PB 0x00000006a4800000| Complete 
| 659|0x00000006a4c00000, 0x00000006a5000000, 0x00000006a5000000|100%| E|CS|TAMS 0x00000006a4c00000| PB 0x00000006a4c00000| Complete 
| 660|0x00000006a5000000, 0x00000006a5400000, 0x00000006a5400000|100%| E|CS|TAMS 0x00000006a5000000| PB 0x00000006a5000000| Complete 
| 661|0x00000006a5400000, 0x00000006a5800000, 0x00000006a5800000|100%| E|CS|TAMS 0x00000006a5400000| PB 0x00000006a5400000| Complete 
| 662|0x00000006a5800000, 0x00000006a5c00000, 0x00000006a5c00000|100%| E|CS|TAMS 0x00000006a5800000| PB 0x00000006a5800000| Complete 
| 663|0x00000006a5c00000, 0x00000006a6000000, 0x00000006a6000000|100%| E|CS|TAMS 0x00000006a5c00000| PB 0x00000006a5c00000| Complete 
| 664|0x00000006a6000000, 0x00000006a6400000, 0x00000006a6400000|100%| E|CS|TAMS 0x00000006a6000000| PB 0x00000006a6000000| Complete 
| 665|0x00000006a6400000, 0x00000006a6800000, 0x00000006a6800000|100%| E|CS|TAMS 0x00000006a6400000| PB 0x00000006a6400000| Complete 
| 666|0x00000006a6800000, 0x00000006a6c00000, 0x00000006a6c00000|100%| E|CS|TAMS 0x00000006a6800000| PB 0x00000006a6800000| Complete 
| 667|0x00000006a6c00000, 0x00000006a7000000, 0x00000006a7000000|100%| E|CS|TAMS 0x00000006a6c00000| PB 0x00000006a6c00000| Complete 
| 668|0x00000006a7000000, 0x00000006a7400000, 0x00000006a7400000|100%| E|CS|TAMS 0x00000006a7000000| PB 0x00000006a7000000| Complete 
| 669|0x00000006a7400000, 0x00000006a7800000, 0x00000006a7800000|100%| E|CS|TAMS 0x00000006a7400000| PB 0x00000006a7400000| Complete 
| 670|0x00000006a7800000, 0x00000006a7c00000, 0x00000006a7c00000|100%| E|CS|TAMS 0x00000006a7800000| PB 0x00000006a7800000| Complete 
| 671|0x00000006a7c00000, 0x00000006a8000000, 0x00000006a8000000|100%| E|CS|TAMS 0x00000006a7c00000| PB 0x00000006a7c00000| Complete 
| 672|0x00000006a8000000, 0x00000006a8400000, 0x00000006a8400000|100%| E|CS|TAMS 0x00000006a8000000| PB 0x00000006a8000000| Complete 
| 673|0x00000006a8400000, 0x00000006a8800000, 0x00000006a8800000|100%| E|CS|TAMS 0x00000006a8400000| PB 0x00000006a8400000| Complete 
| 674|0x00000006a8800000, 0x00000006a8c00000, 0x00000006a8c00000|100%| E|CS|TAMS 0x00000006a8800000| PB 0x00000006a8800000| Complete 
| 675|0x00000006a8c00000, 0x00000006a9000000, 0x00000006a9000000|100%| E|CS|TAMS 0x00000006a8c00000| PB 0x00000006a8c00000| Complete 
| 676|0x00000006a9000000, 0x00000006a9400000, 0x00000006a9400000|100%| E|CS|TAMS 0x00000006a9000000| PB 0x00000006a9000000| Complete 
| 677|0x00000006a9400000, 0x00000006a9800000, 0x00000006a9800000|100%| E|CS|TAMS 0x00000006a9400000| PB 0x00000006a9400000| Complete 
| 678|0x00000006a9800000, 0x00000006a9c00000, 0x00000006a9c00000|100%| E|CS|TAMS 0x00000006a9800000| PB 0x00000006a9800000| Complete 
| 679|0x00000006a9c00000, 0x00000006aa000000, 0x00000006aa000000|100%| E|CS|TAMS 0x00000006a9c00000| PB 0x00000006a9c00000| Complete 
| 680|0x00000006aa000000, 0x00000006aa400000, 0x00000006aa400000|100%| E|CS|TAMS 0x00000006aa000000| PB 0x00000006aa000000| Complete 
| 681|0x00000006aa400000, 0x00000006aa800000, 0x00000006aa800000|100%| E|CS|TAMS 0x00000006aa400000| PB 0x00000006aa400000| Complete 
| 682|0x00000006aa800000, 0x00000006aac00000, 0x00000006aac00000|100%| E|CS|TAMS 0x00000006aa800000| PB 0x00000006aa800000| Complete 
| 683|0x00000006aac00000, 0x00000006ab000000, 0x00000006ab000000|100%| E|CS|TAMS 0x00000006aac00000| PB 0x00000006aac00000| Complete 
| 684|0x00000006ab000000, 0x00000006ab400000, 0x00000006ab400000|100%| E|CS|TAMS 0x00000006ab000000| PB 0x00000006ab000000| Complete 
| 685|0x00000006ab400000, 0x00000006ab800000, 0x00000006ab800000|100%| E|CS|TAMS 0x00000006ab400000| PB 0x00000006ab400000| Complete 
| 686|0x00000006ab800000, 0x00000006abc00000, 0x00000006abc00000|100%| E|CS|TAMS 0x00000006ab800000| PB 0x00000006ab800000| Complete 
| 687|0x00000006abc00000, 0x00000006ac000000, 0x00000006ac000000|100%| E|CS|TAMS 0x00000006abc00000| PB 0x00000006abc00000| Complete 
| 688|0x00000006ac000000, 0x00000006ac400000, 0x00000006ac400000|100%| E|CS|TAMS 0x00000006ac000000| PB 0x00000006ac000000| Complete 
| 689|0x00000006ac400000, 0x00000006ac800000, 0x00000006ac800000|100%| E|CS|TAMS 0x00000006ac400000| PB 0x00000006ac400000| Complete 
| 690|0x00000006ac800000, 0x00000006acc00000, 0x00000006acc00000|100%| E|CS|TAMS 0x00000006ac800000| PB 0x00000006ac800000| Complete 
| 691|0x00000006acc00000, 0x00000006ad000000, 0x00000006ad000000|100%| E|CS|TAMS 0x00000006acc00000| PB 0x00000006acc00000| Complete 
| 692|0x00000006ad000000, 0x00000006ad400000, 0x00000006ad400000|100%| E|CS|TAMS 0x00000006ad000000| PB 0x00000006ad000000| Complete 
| 693|0x00000006ad400000, 0x00000006ad800000, 0x00000006ad800000|100%| E|CS|TAMS 0x00000006ad400000| PB 0x00000006ad400000| Complete 
| 694|0x00000006ad800000, 0x00000006adc00000, 0x00000006adc00000|100%| E|CS|TAMS 0x00000006ad800000| PB 0x00000006ad800000| Complete 
| 695|0x00000006adc00000, 0x00000006ae000000, 0x00000006ae000000|100%| E|CS|TAMS 0x00000006adc00000| PB 0x00000006adc00000| Complete 
| 696|0x00000006ae000000, 0x00000006ae400000, 0x00000006ae400000|100%| E|CS|TAMS 0x00000006ae000000| PB 0x00000006ae000000| Complete 
| 697|0x00000006ae400000, 0x00000006ae800000, 0x00000006ae800000|100%| E|CS|TAMS 0x00000006ae400000| PB 0x00000006ae400000| Complete 
| 698|0x00000006ae800000, 0x00000006aec00000, 0x00000006aec00000|100%| E|CS|TAMS 0x00000006ae800000| PB 0x00000006ae800000| Complete 
| 699|0x00000006aec00000, 0x00000006af000000, 0x00000006af000000|100%| E|CS|TAMS 0x00000006aec00000| PB 0x00000006aec00000| Complete 
| 700|0x00000006af000000, 0x00000006af400000, 0x00000006af400000|100%| E|CS|TAMS 0x00000006af000000| PB 0x00000006af000000| Complete 
| 701|0x00000006af400000, 0x00000006af800000, 0x00000006af800000|100%| E|CS|TAMS 0x00000006af400000| PB 0x00000006af400000| Complete 
| 702|0x00000006af800000, 0x00000006afc00000, 0x00000006afc00000|100%| E|CS|TAMS 0x00000006af800000| PB 0x00000006af800000| Complete 
| 703|0x00000006afc00000, 0x00000006b0000000, 0x00000006b0000000|100%| E|CS|TAMS 0x00000006afc00000| PB 0x00000006afc00000| Complete 
| 704|0x00000006b0000000, 0x00000006b0400000, 0x00000006b0400000|100%| E|CS|TAMS 0x00000006b0000000| PB 0x00000006b0000000| Complete 
| 705|0x00000006b0400000, 0x00000006b0800000, 0x00000006b0800000|100%| E|CS|TAMS 0x00000006b0400000| PB 0x00000006b0400000| Complete 
| 706|0x00000006b0800000, 0x00000006b0c00000, 0x00000006b0c00000|100%| E|CS|TAMS 0x00000006b0800000| PB 0x00000006b0800000| Complete 
| 707|0x00000006b0c00000, 0x00000006b1000000, 0x00000006b1000000|100%| E|CS|TAMS 0x00000006b0c00000| PB 0x00000006b0c00000| Complete 
| 708|0x00000006b1000000, 0x00000006b1400000, 0x00000006b1400000|100%| E|CS|TAMS 0x00000006b1000000| PB 0x00000006b1000000| Complete 
| 709|0x00000006b1400000, 0x00000006b1800000, 0x00000006b1800000|100%| E|CS|TAMS 0x00000006b1400000| PB 0x00000006b1400000| Complete 
| 710|0x00000006b1800000, 0x00000006b1c00000, 0x00000006b1c00000|100%| E|CS|TAMS 0x00000006b1800000| PB 0x00000006b1800000| Complete 
| 711|0x00000006b1c00000, 0x00000006b2000000, 0x00000006b2000000|100%| E|CS|TAMS 0x00000006b1c00000| PB 0x00000006b1c00000| Complete 
| 712|0x00000006b2000000, 0x00000006b2400000, 0x00000006b2400000|100%| E|CS|TAMS 0x00000006b2000000| PB 0x00000006b2000000| Complete 
| 713|0x00000006b2400000, 0x00000006b2800000, 0x00000006b2800000|100%| E|CS|TAMS 0x00000006b2400000| PB 0x00000006b2400000| Complete 
| 714|0x00000006b2800000, 0x00000006b2c00000, 0x00000006b2c00000|100%| E|CS|TAMS 0x00000006b2800000| PB 0x00000006b2800000| Complete 
| 715|0x00000006b2c00000, 0x00000006b3000000, 0x00000006b3000000|100%| E|CS|TAMS 0x00000006b2c00000| PB 0x00000006b2c00000| Complete 
| 716|0x00000006b3000000, 0x00000006b3400000, 0x00000006b3400000|100%| E|CS|TAMS 0x00000006b3000000| PB 0x00000006b3000000| Complete 
| 717|0x00000006b3400000, 0x00000006b3800000, 0x00000006b3800000|100%| E|CS|TAMS 0x00000006b3400000| PB 0x00000006b3400000| Complete 
| 718|0x00000006b3800000, 0x00000006b3c00000, 0x00000006b3c00000|100%| E|CS|TAMS 0x00000006b3800000| PB 0x00000006b3800000| Complete 
| 719|0x00000006b3c00000, 0x00000006b4000000, 0x00000006b4000000|100%| E|CS|TAMS 0x00000006b3c00000| PB 0x00000006b3c00000| Complete 
| 720|0x00000006b4000000, 0x00000006b4400000, 0x00000006b4400000|100%| E|CS|TAMS 0x00000006b4000000| PB 0x00000006b4000000| Complete 
| 721|0x00000006b4400000, 0x00000006b4800000, 0x00000006b4800000|100%| E|CS|TAMS 0x00000006b4400000| PB 0x00000006b4400000| Complete 
| 722|0x00000006b4800000, 0x00000006b4c00000, 0x00000006b4c00000|100%| E|CS|TAMS 0x00000006b4800000| PB 0x00000006b4800000| Complete 
| 723|0x00000006b4c00000, 0x00000006b5000000, 0x00000006b5000000|100%| E|CS|TAMS 0x00000006b4c00000| PB 0x00000006b4c00000| Complete 
| 724|0x00000006b5000000, 0x00000006b5400000, 0x00000006b5400000|100%| E|CS|TAMS 0x00000006b5000000| PB 0x00000006b5000000| Complete 
| 725|0x00000006b5400000, 0x00000006b5800000, 0x00000006b5800000|100%| E|CS|TAMS 0x00000006b5400000| PB 0x00000006b5400000| Complete 
| 726|0x00000006b5800000, 0x00000006b5c00000, 0x00000006b5c00000|100%| E|CS|TAMS 0x00000006b5800000| PB 0x00000006b5800000| Complete 
| 727|0x00000006b5c00000, 0x00000006b6000000, 0x00000006b6000000|100%| E|CS|TAMS 0x00000006b5c00000| PB 0x00000006b5c00000| Complete 
| 728|0x00000006b6000000, 0x00000006b6400000, 0x00000006b6400000|100%| E|CS|TAMS 0x00000006b6000000| PB 0x00000006b6000000| Complete 
| 729|0x00000006b6400000, 0x00000006b6800000, 0x00000006b6800000|100%| E|CS|TAMS 0x00000006b6400000| PB 0x00000006b6400000| Complete 
| 730|0x00000006b6800000, 0x00000006b6c00000, 0x00000006b6c00000|100%| E|CS|TAMS 0x00000006b6800000| PB 0x00000006b6800000| Complete 
| 731|0x00000006b6c00000, 0x00000006b7000000, 0x00000006b7000000|100%| E|CS|TAMS 0x00000006b6c00000| PB 0x00000006b6c00000| Complete 
| 732|0x00000006b7000000, 0x00000006b7400000, 0x00000006b7400000|100%| E|CS|TAMS 0x00000006b7000000| PB 0x00000006b7000000| Complete 
| 733|0x00000006b7400000, 0x00000006b7800000, 0x00000006b7800000|100%| E|CS|TAMS 0x00000006b7400000| PB 0x00000006b7400000| Complete 
| 734|0x00000006b7800000, 0x00000006b7c00000, 0x00000006b7c00000|100%| E|CS|TAMS 0x00000006b7800000| PB 0x00000006b7800000| Complete 
| 735|0x00000006b7c00000, 0x00000006b8000000, 0x00000006b8000000|100%| E|CS|TAMS 0x00000006b7c00000| PB 0x00000006b7c00000| Complete 
| 736|0x00000006b8000000, 0x00000006b8400000, 0x00000006b8400000|100%| E|CS|TAMS 0x00000006b8000000| PB 0x00000006b8000000| Complete 
| 737|0x00000006b8400000, 0x00000006b8800000, 0x00000006b8800000|100%| E|CS|TAMS 0x00000006b8400000| PB 0x00000006b8400000| Complete 
| 738|0x00000006b8800000, 0x00000006b8c00000, 0x00000006b8c00000|100%| E|CS|TAMS 0x00000006b8800000| PB 0x00000006b8800000| Complete 
| 739|0x00000006b8c00000, 0x00000006b9000000, 0x00000006b9000000|100%| E|CS|TAMS 0x00000006b8c00000| PB 0x00000006b8c00000| Complete 
| 740|0x00000006b9000000, 0x00000006b9400000, 0x00000006b9400000|100%| E|CS|TAMS 0x00000006b9000000| PB 0x00000006b9000000| Complete 
| 741|0x00000006b9400000, 0x00000006b9800000, 0x00000006b9800000|100%| E|CS|TAMS 0x00000006b9400000| PB 0x00000006b9400000| Complete 
| 742|0x00000006b9800000, 0x00000006b9c00000, 0x00000006b9c00000|100%| E|CS|TAMS 0x00000006b9800000| PB 0x00000006b9800000| Complete 
| 743|0x00000006b9c00000, 0x00000006ba000000, 0x00000006ba000000|100%| E|CS|TAMS 0x00000006b9c00000| PB 0x00000006b9c00000| Complete 
| 744|0x00000006ba000000, 0x00000006ba400000, 0x00000006ba400000|100%| E|CS|TAMS 0x00000006ba000000| PB 0x00000006ba000000| Complete 
| 745|0x00000006ba400000, 0x00000006ba800000, 0x00000006ba800000|100%| E|CS|TAMS 0x00000006ba400000| PB 0x00000006ba400000| Complete 
| 746|0x00000006ba800000, 0x00000006bac00000, 0x00000006bac00000|100%| E|CS|TAMS 0x00000006ba800000| PB 0x00000006ba800000| Complete 
| 747|0x00000006bac00000, 0x00000006bb000000, 0x00000006bb000000|100%| E|CS|TAMS 0x00000006bac00000| PB 0x00000006bac00000| Complete 
| 748|0x00000006bb000000, 0x00000006bb400000, 0x00000006bb400000|100%| E|CS|TAMS 0x00000006bb000000| PB 0x00000006bb000000| Complete 
| 749|0x00000006bb400000, 0x00000006bb800000, 0x00000006bb800000|100%| E|CS|TAMS 0x00000006bb400000| PB 0x00000006bb400000| Complete 
| 750|0x00000006bb800000, 0x00000006bbc00000, 0x00000006bbc00000|100%| E|CS|TAMS 0x00000006bb800000| PB 0x00000006bb800000| Complete 
| 751|0x00000006bbc00000, 0x00000006bc000000, 0x00000006bc000000|100%| E|CS|TAMS 0x00000006bbc00000| PB 0x00000006bbc00000| Complete 
| 752|0x00000006bc000000, 0x00000006bc400000, 0x00000006bc400000|100%| E|CS|TAMS 0x00000006bc000000| PB 0x00000006bc000000| Complete 
| 753|0x00000006bc400000, 0x00000006bc800000, 0x00000006bc800000|100%| E|CS|TAMS 0x00000006bc400000| PB 0x00000006bc400000| Complete 
| 754|0x00000006bc800000, 0x00000006bcc00000, 0x00000006bcc00000|100%| E|CS|TAMS 0x00000006bc800000| PB 0x00000006bc800000| Complete 
| 755|0x00000006bcc00000, 0x00000006bd000000, 0x00000006bd000000|100%| E|CS|TAMS 0x00000006bcc00000| PB 0x00000006bcc00000| Complete 
| 756|0x00000006bd000000, 0x00000006bd400000, 0x00000006bd400000|100%| E|CS|TAMS 0x00000006bd000000| PB 0x00000006bd000000| Complete 
| 757|0x00000006bd400000, 0x00000006bd800000, 0x00000006bd800000|100%| E|CS|TAMS 0x00000006bd400000| PB 0x00000006bd400000| Complete 
| 758|0x00000006bd800000, 0x00000006bdc00000, 0x00000006bdc00000|100%| E|CS|TAMS 0x00000006bd800000| PB 0x00000006bd800000| Complete 
| 759|0x00000006bdc00000, 0x00000006be000000, 0x00000006be000000|100%| E|CS|TAMS 0x00000006bdc00000| PB 0x00000006bdc00000| Complete 
| 760|0x00000006be000000, 0x00000006be400000, 0x00000006be400000|100%| E|CS|TAMS 0x00000006be000000| PB 0x00000006be000000| Complete 
| 761|0x00000006be400000, 0x00000006be800000, 0x00000006be800000|100%| E|CS|TAMS 0x00000006be400000| PB 0x00000006be400000| Complete 
| 762|0x00000006be800000, 0x00000006bec00000, 0x00000006bec00000|100%| E|CS|TAMS 0x00000006be800000| PB 0x00000006be800000| Complete 
| 763|0x00000006bec00000, 0x00000006bf000000, 0x00000006bf000000|100%| E|CS|TAMS 0x00000006bec00000| PB 0x00000006bec00000| Complete 
| 764|0x00000006bf000000, 0x00000006bf400000, 0x00000006bf400000|100%| E|CS|TAMS 0x00000006bf000000| PB 0x00000006bf000000| Complete 
|2033|0x00000007fc400000, 0x00000007fc800000, 0x00000007fc800000|100%| O|  |TAMS 0x00000007fc800000| PB 0x00000007fc400000| Untracked 
|2034|0x00000007fc800000, 0x00000007fcc00000, 0x00000007fcc00000|100%| O|  |TAMS 0x00000007fcc00000| PB 0x00000007fc800000| Untracked 
|2035|0x00000007fcc00000, 0x00000007fd000000, 0x00000007fd000000|100%| O|  |TAMS 0x00000007fd000000| PB 0x00000007fcc00000| Untracked 
|2036|0x00000007fd000000, 0x00000007fd400000, 0x00000007fd400000|100%| E|CS|TAMS 0x00000007fd000000| PB 0x00000007fd000000| Complete 
|2037|0x00000007fd400000, 0x00000007fd800000, 0x00000007fd800000|100%| E|CS|TAMS 0x00000007fd400000| PB 0x00000007fd400000| Complete 
|2038|0x00000007fd800000, 0x00000007fdc00000, 0x00000007fdc00000|100%| E|CS|TAMS 0x00000007fd800000| PB 0x00000007fd800000| Complete 
|2039|0x00000007fdc00000, 0x00000007fe000000, 0x00000007fe000000|100%| E|CS|TAMS 0x00000007fdc00000| PB 0x00000007fdc00000| Complete 
|2040|0x00000007fe000000, 0x00000007fe400000, 0x00000007fe400000|100%| E|CS|TAMS 0x00000007fe000000| PB 0x00000007fe000000| Complete 
|2041|0x00000007fe400000, 0x00000007fe800000, 0x00000007fe800000|100%| E|CS|TAMS 0x00000007fe400000| PB 0x00000007fe400000| Complete 
|2042|0x00000007fe800000, 0x00000007fec00000, 0x00000007fec00000|100%| O|  |TAMS 0x00000007fec00000| PB 0x00000007fe800000| Untracked 
|2043|0x00000007fec00000, 0x00000007ff000000, 0x00000007ff000000|100%| O|  |TAMS 0x00000007ff000000| PB 0x00000007fec00000| Untracked 
|2044|0x00000007ff000000, 0x00000007ff400000, 0x00000007ff400000|100%| E|CS|TAMS 0x00000007ff000000| PB 0x00000007ff000000| Complete 
|2045|0x00000007ff400000, 0x00000007ff800000, 0x00000007ff800000|100%| O|  |TAMS 0x00000007ff800000| PB 0x00000007ff400000| Untracked 
|2046|0x00000007ff800000, 0x00000007ffc00000, 0x00000007ffc00000|100%| O|  |TAMS 0x00000007ffc00000| PB 0x00000007ff800000| Untracked 
|2047|0x00000007ffc00000, 0x0000000800000000, 0x0000000800000000|100%| O|  |TAMS 0x0000000800000000| PB 0x00000007ffc00000| Untracked 

Card table byte_map: [0x00007f8360400000,0x00007f8361400000] _byte_map_base: 0x00007f835d400000

Marking Bits: (CMBitMap*) 0x00007f837405c6c0
 Bits: [0x00007f8358400000, 0x00007f8360400000)

Polling page: 0x00007f837c498000

Metaspace:

Usage:
  Non-class:    317.95 MB used.
      Class:     75.22 MB used.
       Both:    393.18 MB used.

Virtual space:
  Non-class space:      384.00 MB reserved,     320.00 MB ( 83%) committed,  6 nodes.
      Class space:        1.00 GB reserved,      77.19 MB (  8%) committed,  1 nodes.
             Both:        1.38 GB reserved,     397.19 MB ( 28%) committed. 

Chunk freelists:
   Non-Class:  15.84 MB
       Class:  2.76 MB
        Both:  18.60 MB

MaxMetaspaceSize: unlimited
CompressedClassSpaceSize: 1.00 GB
Initial GC threshold: 21.00 MB
Current GC threshold: 633.12 MB
CDS: off
 - commit_granule_bytes: 65536.
 - commit_granule_words: 8192.
 - virtual_space_node_default_size: 8388608.
 - enlarge_chunks_in_place: 1.
 - use_allocation_guard: 0.


Internal statistics:

num_allocs_failed_limit: 24.
num_arena_births: 9290.
num_arena_deaths: 1756.
num_vsnodes_births: 7.
num_vsnodes_deaths: 0.
num_space_committed: 6392.
num_space_uncommitted: 27.
num_chunks_returned_to_freelist: 3038.
num_chunks_taken_from_freelist: 30223.
num_chunk_merges: 1324.
num_chunk_splits: 18297.
num_chunks_enlarged: 11429.
num_inconsistent_stats: 0.

CodeHeap 'non-profiled nmethods': size=120028Kb used=19314Kb max_used=19314Kb free=100713Kb
 bounds [0x00007f8368ec9000, 0x00007f836a1a9000, 0x00007f8370400000]
CodeHeap 'profiled nmethods': size=120028Kb used=35345Kb max_used=35345Kb free=84682Kb
 bounds [0x00007f8361400000, 0x00007f8363690000, 0x00007f8368937000]
CodeHeap 'non-nmethods': size=5704Kb used=5523Kb max_used=5574Kb free=180Kb
 bounds [0x00007f8368937000, 0x00007f8368ec7000, 0x00007f8368ec9000]
 total_blobs=23104 nmethods=19921 adapters=3084
 compilation: enabled
              stopped_count=0, restarted_count=0
 full_count=0

Compilation events (20 events):
Event: 72.131 Thread 0x00007f83741c03c0 nmethod 27102 0x00007f8363661610 code [0x00007f83636618a0, 0x00007f8363662768]
Event: 72.131 Thread 0x00007f83741c03c0 27101       3       net.minecraft.client.resources.model.BlockStateModelLoader$$Lambda/0x0000000804d392f0::test (16 bytes)
Event: 72.131 Thread 0x00007f83741c03c0 nmethod 27101 0x00007f8363662a90 code [0x00007f8363662c40, 0x00007f8363662e88]
Event: 72.131 Thread 0x00007f83741c03c0 27100       2       net.minecraft.client.resources.model.BlockStateModelLoader$$Lambda/0x0000000804d39760::<init> (20 bytes)
Event: 72.131 Thread 0x00007f83741c03c0 nmethod 27100 0x00007f8363662f90 code [0x00007f8363663120, 0x00007f8363663348]
Event: 72.131 Thread 0x00007f83741c03c0 27045       1       java.util.ImmutableCollections$Map1::size (2 bytes)
Event: 72.131 Thread 0x00007f83741c03c0 nmethod 27045 0x00007f836a193c90 code [0x00007f836a193e20, 0x00007f836a193ee0]
Event: 72.132 Thread 0x00007f83741b6d30 nmethod 25813 0x00007f836a193f90 code [0x00007f836a194120, 0x00007f836a194228]
Event: 72.132 Thread 0x00007f83741b6d30 27103       4       guideme.libs.micromark.TokenizeContext::getParser (10 bytes)
Event: 72.132 Thread 0x00007f83741c03c0 27104       2       net.minecraft.client.resources.model.BlockStateModelLoader$ModelGroupKey::equals (8 bytes)
Event: 72.134 Thread 0x00007f83741c03c0 nmethod 27104 0x00007f8363663410 code [0x00007f8363663660, 0x00007f8363663c28]
Event: 72.134 Thread 0x00007f83741c03c0 27118       3       java.util.HashMap::computeIfAbsent (330 bytes)
Event: 72.135 Thread 0x00007f83741b6d30 nmethod 27103 0x00007f836a194390 code [0x00007f836a194520, 0x00007f836a1945f0]
Event: 72.135 Thread 0x00007f83741b6d30 27105       4       java.util.stream.Collectors$CollectorImpl::<init> (32 bytes)
Event: 72.140 Thread 0x00007f83741c03c0 nmethod 27118 0x00007f8363664090 code [0x00007f83636643e0, 0x00007f8363665b00]
Event: 72.140 Thread 0x00007f83741c03c0 27122       3       guideme.libs.micromark.RootTokenizeContext::<init> (38 bytes)
Event: 72.140 Thread 0x00007f83741c03c0 nmethod 27122 0x00007f8363666210 code [0x00007f8363666400, 0x00007f8363666ac0]
Event: 72.140 Thread 0x00007f83741c03c0 27123       3       guideme.libs.micromark.Tokenizer$Effects::<init> (81 bytes)
Event: 72.143 Thread 0x00007f8328431ce0 nmethod 27029 0x00007f836a194710 code [0x00007f836a194940, 0x00007f836a195158]
Event: 72.143 Thread 0x00007f8328431ce0 25814       4       io.github.ocelot.glslprocessor.impl.GlslParserImpl$$Lambda/0x0000000804d24d48::apply (8 bytes)

GC Heap History (20 events):
Event: 56.843 GC heap before
{Heap before GC invocations=57 (full 0):
 garbage-first heap   total 1884160K, used 1633165K [0x0000000600000000, 0x0000000800000000)
  region size 4096K, 276 young (1130496K), 25 survivors (102400K)
 Metaspace       used 324548K, committed 327872K, reserved 1376256K
  class space    used 61764K, committed 63552K, reserved 1048576K
}
Event: 56.932 GC heap after
{Heap after GC invocations=58 (full 0):
 garbage-first heap   total 1884160K, used 686965K [0x0000000600000000, 0x0000000800000000)
  region size 4096K, 33 young (135168K), 33 survivors (135168K)
 Metaspace       used 324548K, committed 327872K, reserved 1376256K
  class space    used 61764K, committed 63552K, reserved 1048576K
}
Event: 59.682 GC heap before
{Heap before GC invocations=59 (full 0):
 garbage-first heap   total 1884160K, used 1649525K [0x0000000600000000, 0x0000000800000000)
  region size 4096K, 268 young (1097728K), 33 survivors (135168K)
 Metaspace       used 340687K, committed 344064K, reserved 1376256K
  class space    used 65654K, committed 67456K, reserved 1048576K
}
Event: 59.779 GC heap after
{Heap after GC invocations=60 (full 0):
 garbage-first heap   total 1884160K, used 770377K [0x0000000600000000, 0x0000000800000000)
  region size 4096K, 22 young (90112K), 22 survivors (90112K)
 Metaspace       used 340687K, committed 344064K, reserved 1376256K
  class space    used 65654K, committed 67456K, reserved 1048576K
}
Event: 62.752 GC heap before
{Heap before GC invocations=60 (full 0):
 garbage-first heap   total 1884160K, used 1720649K [0x0000000600000000, 0x0000000800000000)
  region size 4096K, 248 young (1015808K), 22 survivors (90112K)
 Metaspace       used 358629K, committed 362112K, reserved 1376256K
  class space    used 69197K, committed 71040K, reserved 1048576K
}
Event: 62.827 GC heap after
{Heap after GC invocations=61 (full 0):
 garbage-first heap   total 1884160K, used 802816K [0x0000000600000000, 0x0000000800000000)
  region size 4096K, 8 young (32768K), 8 survivors (32768K)
 Metaspace       used 358629K, committed 362112K, reserved 1376256K
  class space    used 69197K, committed 71040K, reserved 1048576K
}
Event: 64.684 GC heap before
{Heap before GC invocations=61 (full 0):
 garbage-first heap   total 1884160K, used 1740800K [0x0000000600000000, 0x0000000800000000)
  region size 4096K, 237 young (970752K), 8 survivors (32768K)
 Metaspace       used 379761K, committed 383488K, reserved 1376256K
  class space    used 73331K, committed 75264K, reserved 1048576K
}
Event: 64.708 GC heap after
{Heap after GC invocations=62 (full 0):
 garbage-first heap   total 1884160K, used 811934K [0x0000000600000000, 0x0000000800000000)
  region size 4096K, 10 young (40960K), 10 survivors (40960K)
 Metaspace       used 379761K, committed 383488K, reserved 1376256K
  class space    used 73331K, committed 75264K, reserved 1048576K
}
Event: 67.229 GC heap before
{Heap before GC invocations=63 (full 0):
 garbage-first heap   total 1884160K, used 1749918K [0x0000000600000000, 0x0000000800000000)
  region size 4096K, 238 young (974848K), 10 survivors (40960K)
 Metaspace       used 391678K, committed 395648K, reserved 1376256K
  class space    used 75394K, committed 77376K, reserved 1048576K
}
Event: 67.322 GC heap after
{Heap after GC invocations=64 (full 0):
 garbage-first heap   total 1884160K, used 882688K [0x0000000600000000, 0x0000000800000000)
  region size 4096K, 28 young (114688K), 28 survivors (114688K)
 Metaspace       used 391678K, committed 395648K, reserved 1376256K
  class space    used 75394K, committed 77376K, reserved 1048576K
}
Event: 67.996 GC heap before
{Heap before GC invocations=64 (full 0):
 garbage-first heap   total 1884160K, used 1669120K [0x0000000600000000, 0x0000000800000000)
  region size 4096K, 221 young (905216K), 28 survivors (114688K)
 Metaspace       used 395129K, committed 399104K, reserved 1376256K
  class space    used 75898K, committed 77824K, reserved 1048576K
}
Event: 68.130 GC heap after
{Heap after GC invocations=65 (full 0):
 garbage-first heap   total 2428928K, used 965166K [0x0000000600000000, 0x0000000800000000)
  region size 4096K, 26 young (106496K), 26 survivors (106496K)
 Metaspace       used 395129K, committed 399104K, reserved 1376256K
  class space    used 75898K, committed 77824K, reserved 1048576K
}
Event: 69.200 GC heap before
{Heap before GC invocations=65 (full 0):
 garbage-first heap   total 2428928K, used 2189870K [0x0000000600000000, 0x0000000800000000)
  region size 4096K, 326 young (1335296K), 26 survivors (106496K)
 Metaspace       used 399882K, committed 403904K, reserved 1376256K
  class space    used 76763K, committed 78720K, reserved 1048576K
}
Event: 69.272 GC heap after
{Heap after GC invocations=66 (full 0):
 garbage-first heap   total 2428928K, used 1030144K [0x0000000600000000, 0x0000000800000000)
  region size 4096K, 18 young (73728K), 18 survivors (73728K)
 Metaspace       used 399882K, committed 403904K, reserved 1376256K
  class space    used 76763K, committed 78720K, reserved 1048576K
}
Event: 69.814 GC heap before
{Heap before GC invocations=66 (full 0):
 garbage-first heap   total 2428928K, used 2205696K [0x0000000600000000, 0x0000000800000000)
  region size 4096K, 306 young (1253376K), 18 survivors (73728K)
 Metaspace       used 401444K, committed 405504K, reserved 1376256K
  class space    used 76957K, committed 78912K, reserved 1048576K
}
Event: 69.859 GC heap after
{Heap after GC invocations=67 (full 0):
 garbage-first heap   total 2428928K, used 1046944K [0x0000000600000000, 0x0000000800000000)
  region size 4096K, 22 young (90112K), 22 survivors (90112K)
 Metaspace       used 401444K, committed 405504K, reserved 1376256K
  class space    used 76957K, committed 78912K, reserved 1048576K
}
Event: 70.519 GC heap before
{Heap before GC invocations=67 (full 0):
 garbage-first heap   total 2428928K, used 2206112K [0x0000000600000000, 0x0000000800000000)
  region size 4096K, 306 young (1253376K), 22 survivors (90112K)
 Metaspace       used 401820K, committed 405952K, reserved 1376256K
  class space    used 76983K, committed 78976K, reserved 1048576K
}
Event: 70.569 GC heap after
{Heap after GC invocations=68 (full 0):
 garbage-first heap   total 2428928K, used 1073606K [0x0000000600000000, 0x0000000800000000)
  region size 4096K, 12 young (49152K), 12 survivors (49152K)
 Metaspace       used 401820K, committed 405952K, reserved 1376256K
  class space    used 76983K, committed 78976K, reserved 1048576K
}
Event: 71.216 GC heap before
{Heap before GC invocations=68 (full 0):
 garbage-first heap   total 2428928K, used 2245062K [0x0000000600000000, 0x0000000800000000)
  region size 4096K, 299 young (1224704K), 12 survivors (49152K)
 Metaspace       used 402131K, committed 406272K, reserved 1376256K
  class space    used 76990K, committed 79040K, reserved 1048576K
}
Event: 71.256 GC heap after
{Heap after GC invocations=69 (full 0):
 garbage-first heap   total 3194880K, used 1099588K [0x0000000600000000, 0x0000000800000000)
  region size 4096K, 19 young (77824K), 19 survivors (77824K)
 Metaspace       used 402131K, committed 406272K, reserved 1376256K
  class space    used 76990K, committed 79040K, reserved 1048576K
}

Dll operation events (20 events):
Event: 0.008 Loaded shared library /run/media/ashy/Shared/.minecraftx/jre/java-runtime-delta/lib/libjava.so
Event: 0.015 Loaded shared library /run/media/ashy/Shared/.minecraftx/jre/java-runtime-delta/lib/libzip.so
Event: 0.067 Loaded shared library /run/media/ashy/Shared/.minecraftx/jre/java-runtime-delta/lib/libjsvml.so
Event: 0.076 Loaded shared library /run/media/ashy/Shared/.minecraftx/jre/java-runtime-delta/lib/libnio.so
Event: 0.173 Loaded shared library /run/media/ashy/Shared/.minecraftx/jre/java-runtime-delta/lib/libzip.so
Event: 0.281 Loaded shared library /run/media/ashy/Shared/.minecraftx/jre/java-runtime-delta/lib/libinstrument.so
Event: 0.401 Loaded shared library /run/media/ashy/Shared/.minecraftx/jre/java-runtime-delta/lib/libnet.so
Event: 0.436 Loaded shared library /run/media/ashy/Shared/.minecraftx/jre/java-runtime-delta/lib/libjimage.so
Event: 0.483 Loaded shared library /run/media/ashy/Shared/.minecraftx/jre/java-runtime-delta/lib/libextnet.so
Event: 0.639 Loaded shared library /run/media/ashy/Shared/.minecraftx/jre/java-runtime-delta/lib/libverify.so
Event: 2.296 Loaded shared library /run/media/ashy/Shared/.minecraftx/jre/java-runtime-delta/lib/libmanagement.so
Event: 2.298 Loaded shared library /run/media/ashy/Shared/.minecraftx/jre/java-runtime-delta/lib/libmanagement_ext.so
Event: 3.306 Loaded shared library /run/media/ashy/Shared/.minecraftx/versions/neoforge-21.1.248/neoforge-21.1.248-natives/liblwjgl.so
Event: 4.325 Loaded shared library /run/media/ashy/Shared/.minecraftx/versions/neoforge-21.1.248/neoforge-21.1.248-natives/liblwjgl_opengl.so
Event: 4.917 Loaded shared library /run/media/ashy/Shared/.minecraftx/versions/neoforge-21.1.248/neoforge-21.1.248-natives/jna18012071325345037769.tmp
Event: 44.390 Loaded shared library /run/media/ashy/Shared/.minecraftx/versions/neoforge-21.1.248/neoforge-21.1.248-natives/liblwjgl_stb.so
Event: 44.941 Loaded shared library /tmp/native-11704520830266920422.so
Event: 44.944 Loaded shared library /tmp/native-8864375492635720988.so
Event: 49.217 Loaded shared library /run/media/ashy/Shared/.minecraftx/jre/java-runtime-delta/lib/libawt.so
Event: 49.219 Loaded shared library /run/media/ashy/Shared/.minecraftx/jre/java-runtime-delta/lib/libawt_headless.so

Deoptimization events (20 events):
Event: 71.810 Thread 0x00007f834fba2160 Uncommon trap: trap_request=0xffffff45 fr.pc=0x00007f836a12819c relative=0x000000000000007c
Event: 71.810 Thread 0x00007f834fba2160 Uncommon trap: reason=unstable_if action=reinterpret pc=0x00007f836a12819c method=java.util.concurrent.CompletableFuture.reportJoin(Ljava/lang/Object;)Ljava/lang/Object; @ 4 c2
Event: 71.810 Thread 0x00007f834fba2160 DEOPT PACKING pc=0x00007f836a12819c sp=0x00007f830e3f4450
Event: 71.810 Thread 0x00007f834fba2160 DEOPT UNPACKING pc=0x00007f836898e619 sp=0x00007f830e3f4330 mode 2
Event: 71.810 Thread 0x00007f834fba2160 Uncommon trap: trap_request=0xfffffff4 fr.pc=0x00007f8369d48bcc relative=0x00000000000002ac
Event: 71.810 Thread 0x00007f834fba2160 Uncommon trap: reason=null_check action=make_not_entrant pc=0x00007f8369d48bcc method=java.util.stream.Nodes$FixedNodeBuilder.accept(Ljava/lang/Object;)V @ 28 c2
Event: 71.810 Thread 0x00007f834fba2160 DEOPT PACKING pc=0x00007f8369d48bcc sp=0x00007f830e3f4450
Event: 71.810 Thread 0x00007f834fba2160 DEOPT UNPACKING pc=0x00007f836898e619 sp=0x00007f830e3f43f0 mode 2
Event: 71.813 Thread 0x00007f834fba2160 Uncommon trap: trap_request=0xffffff45 fr.pc=0x00007f836a127e70 relative=0x0000000000000050
Event: 71.813 Thread 0x00007f834fba2160 Uncommon trap: reason=unstable_if action=reinterpret pc=0x00007f836a127e70 method=java.util.concurrent.CompletableFuture.reportJoin(Ljava/lang/Object;)Ljava/lang/Object; @ 4 c2
Event: 71.813 Thread 0x00007f834fba2160 DEOPT PACKING pc=0x00007f836a127e70 sp=0x00007f830e3f4380
Event: 71.813 Thread 0x00007f834fba2160 DEOPT UNPACKING pc=0x00007f836898e619 sp=0x00007f830e3f4328 mode 2
Event: 72.005 Thread 0x00007f8377d30c30 DEOPT PACKING pc=0x00007f83634f1d45 sp=0x00007f832c7775e0
Event: 72.005 Thread 0x00007f8377d30c30 DEOPT UNPACKING pc=0x00007f836898f14f sp=0x00007f832c776ac8 mode 0
Event: 72.114 Thread 0x00007f834fba2160 Uncommon trap: trap_request=0xffffff45 fr.pc=0x00007f8369e66cb0 relative=0x0000000000000f30
Event: 72.114 Thread 0x00007f834fba2160 Uncommon trap: reason=unstable_if action=reinterpret pc=0x00007f8369e66cb0 method=java.util.HashMap.computeIfAbsent(Ljava/lang/Object;Ljava/util/function/Function;)Ljava/lang/Object; @ 145 c2
Event: 72.114 Thread 0x00007f834fba2160 DEOPT PACKING pc=0x00007f8369e66cb0 sp=0x00007f830e3f40d0
Event: 72.114 Thread 0x00007f834fba2160 DEOPT UNPACKING pc=0x00007f836898e619 sp=0x00007f830e3f40b0 mode 2
Event: 72.122 Thread 0x00007f834fba2160 DEOPT PACKING pc=0x00007f83635b784a sp=0x00007f830e3f3e70
Event: 72.122 Thread 0x00007f834fba2160 DEOPT UNPACKING pc=0x00007f836898f14f sp=0x00007f830e3f33a0 mode 0

Classes loaded (20 events):
Event: 69.603 Loading class java/lang/CharacterDataUndefined
Event: 69.603 Loading class java/lang/CharacterDataUndefined done
Event: 69.924 Loading class java/util/stream/ReferencePipeline$5
Event: 69.925 Loading class java/util/stream/LongPipeline$StatelessOp
Event: 69.925 Loading class java/util/stream/LongPipeline
Event: 69.931 Loading class java/util/stream/LongPipeline done
Event: 69.931 Loading class java/util/stream/LongPipeline$StatelessOp done
Event: 69.931 Loading class java/util/stream/ReferencePipeline$5 done
Event: 69.931 Loading class java/util/stream/ReduceOps$10
Event: 69.931 Loading class java/util/stream/ReduceOps$10 done
Event: 69.931 Loading class java/util/stream/ReduceOps$8ReducingSink
Event: 69.932 Loading class java/util/stream/Sink$OfLong
Event: 69.932 Loading class java/util/stream/Sink$OfLong done
Event: 69.932 Loading class java/util/stream/ReduceOps$8ReducingSink done
Event: 69.937 Loading class java/util/stream/ReferencePipeline$5$1
Event: 69.937 Loading class java/util/stream/ReferencePipeline$5$1 done
Event: 69.947 Loading class java/util/stream/ReduceOps$12
Event: 69.947 Loading class java/util/stream/ReduceOps$12 done
Event: 69.947 Loading class java/util/stream/ReduceOps$10ReducingSink
Event: 69.947 Loading class java/util/stream/ReduceOps$10ReducingSink done

Classes unloaded (20 events):
Event: 40.431 Thread 0x00007f8374127610 Unloading class 0x000000080060e000 'org/openjdk/nashorn/internal/scripts/ModuleGraphManipulator'
Event: 40.431 Thread 0x00007f8374127610 Unloading class 0x000000080060bbf0 'org/openjdk/nashorn/internal/scripts/Script$Recompilation$9$6507$\^eval\_'
Event: 40.431 Thread 0x00007f8374127610 Unloading class 0x000000080060b9f8 'org/openjdk/nashorn/internal/scripts/Script$8$\^eval\_'
Event: 40.431 Thread 0x00007f8374127610 Unloading class 0x000000080060b800 'org/openjdk/nashorn/internal/scripts/ModuleGraphManipulator'
Event: 40.431 Thread 0x00007f8374127610 Unloading class 0x000000080060b3f0 'org/openjdk/nashorn/internal/scripts/Script$Recompilation$7$742$\^eval\_'
Event: 40.431 Thread 0x00007f8374127610 Unloading class 0x000000080060b1f8 'org/openjdk/nashorn/internal/scripts/Script$6$\^eval\_'
Event: 40.431 Thread 0x00007f8374127610 Unloading class 0x000000080060b000 'org/openjdk/nashorn/internal/scripts/ModuleGraphManipulator'
Event: 40.431 Thread 0x00007f8374127610 Unloading class 0x000000080060abf0 'org/openjdk/nashorn/internal/scripts/Script$Recompilation$5$6626$\^eval\_'
Event: 40.431 Thread 0x00007f8374127610 Unloading class 0x000000080060a9f8 'org/openjdk/nashorn/internal/scripts/Script$4$\^eval\_'
Event: 40.431 Thread 0x00007f8374127610 Unloading class 0x000000080060a800 'org/openjdk/nashorn/internal/scripts/ModuleGraphManipulator'
Event: 40.431 Thread 0x00007f8374127610 Unloading class 0x000000080060a000 'org/openjdk/nashorn/internal/scripts/Script$Recompilation$3$741$\^eval\_'
Event: 40.431 Thread 0x00007f8374127610 Unloading class 0x00000008006085f8 'org/openjdk/nashorn/internal/scripts/Script$2$\^eval\_'
Event: 40.431 Thread 0x00007f8374127610 Unloading class 0x0000000800608400 'org/openjdk/nashorn/internal/scripts/ModuleGraphManipulator'
Event: 40.431 Thread 0x00007f8374127610 Unloading class 0x00000008005dbbf0 'org/openjdk/nashorn/internal/scripts/Script$Recompilation$1$16788$\^eval\_'
Event: 40.431 Thread 0x00007f8374127610 Unloading class 0x00000008005db9f8 'org/openjdk/nashorn/internal/scripts/Script$\^eval\_'
Event: 40.431 Thread 0x00007f8374127610 Unloading class 0x00000008005db800 'org/openjdk/nashorn/internal/scripts/ModuleGraphManipulator'
Event: 57.318 Thread 0x00007f8374127610 Unloading class 0x0000000801274c00 'java/lang/invoke/LambdaForm$DMH+0x0000000801274c00'
Event: 57.318 Thread 0x00007f8374127610 Unloading class 0x000000080113d800 'com/google/gson/internal/reflect/ReflectionHelper$RecordSupportedHelper$$InjectedInvoker+0x000000080113d800'
Event: 57.318 Thread 0x00007f8374127610 Unloading class 0x000000080113cc00 'java/lang/invoke/LambdaForm$MH+0x000000080113cc00'
Event: 57.318 Thread 0x00007f8374127610 Unloading class 0x000000080113c400 'java/lang/invoke/LambdaForm$MH+0x000000080113c400'

Classes redefined (0 events):
No events

Internal exceptions (20 events):
Event: 68.858 Thread 0x00007f8350bed210 Exception <a 'sun/nio/fs/UnixException'{0x0000000660e00260}> (0x0000000660e00260) 
thrown [src/hotspot/share/prims/jni.cpp, line 520]
Event: 68.970 Thread 0x00007f834fb8e300 Exception <a 'java/lang/IllegalArgumentException'{0x000000065704c460}: Wrong type at constant pool index> (0x000000065704c460) 
thrown [src/hotspot/share/prims/jvm.cpp, line 2168]
Event: 68.970 Thread 0x00007f834fb8e300 Exception <a 'java/lang/IllegalArgumentException'{0x000000065704cd28}: Wrong type at constant pool index> (0x000000065704cd28) 
thrown [src/hotspot/share/prims/jvm.cpp, line 2168]
Event: 68.995 Thread 0x00007f834f6669c0 Exception <a 'java/lang/ClassNotFoundException'{0x000000065826e3c8}: it/hurts/octostudios/nerb/common/config/NERBConfigBeanInfo> (0x000000065826e3c8) 
thrown [src/hotspot/share/classfile/systemDictionary.cpp, line 312]
Event: 68.996 Thread 0x00007f834f6669c0 Exception <a 'java/lang/ClassNotFoundException'{0x000000065826f158}: java/lang/ObjectBeanInfo> (0x000000065826f158) 
thrown [src/hotspot/share/classfile/systemDictionary.cpp, line 312]
Event: 68.998 Thread 0x00007f834f6669c0 Exception <a 'java/lang/ClassNotFoundException'{0x00000006582710d0}: java/lang/ObjectCustomizer> (0x00000006582710d0) 
thrown [src/hotspot/share/classfile/systemDictionary.cpp, line 312]
Event: 69.016 Thread 0x00007f834fba2160 Exception <a 'java/lang/NoSuchMethodError'{0x00000006553a33b0}: 'void java.lang.invoke.DirectMethodHandle$Holder.invokeStatic(java.lang.Object, java.lang.Object, java.lang.Object, java.lang.Object, float)'> (0x00000006553a33b0) 
thrown [src/hotspot/share/interpreter/linkResolver.cpp, line 772]
Event: 69.017 Thread 0x00007f834f6669c0 Exception <a 'java/lang/ClassNotFoundException'{0x0000000658296fc8}: it/hurts/octostudios/nerb/common/config/NERBConfigCustomizer> (0x0000000658296fc8) 
thrown [src/hotspot/share/classfile/systemDictionary.cpp, line 312]
Event: 69.033 Thread 0x00007f834f6669c0 Exception <a 'java/lang/ClassNotFoundException'{0x00000006582e9c08}: it/hurts/octostudios/nerb/common/config/compat/EMICompatConfigBeanInfo> (0x00000006582e9c08) 
thrown [src/hotspot/share/classfile/systemDictionary.cpp, line 312]
Event: 69.035 Thread 0x00007f834f6669c0 Exception <a 'java/lang/ClassNotFoundException'{0x00000006582ed5f0}: it/hurts/octostudios/nerb/common/config/compat/EMICompatConfigCustomizer> (0x00000006582ed5f0) 
thrown [src/hotspot/share/classfile/systemDictionary.cpp, line 312]
Event: 69.142 Thread 0x00007f834fb90280 Exception <a 'java/lang/NoSuchMethodError'{0x000000065074d290}: 'java.lang.Object java.lang.invoke.DirectMethodHandle$Holder.invokeVirtual(java.lang.Object, java.lang.Object, java.lang.Object, java.lang.Object, java.lang.Object, java.lang.Object)'> (0x000000065074d290) 
thrown [src/hotspot/share/interpreter/linkResolver.cpp, line 772]
Event: 69.144 Thread 0x00007f834fb90280 Exception <a 'java/lang/NoSuchMethodError'{0x00000006507535b0}: 'java.lang.Object java.lang.invoke.DirectMethodHandle$Holder.invokeSpecial(java.lang.Object, java.lang.Object, java.lang.Object, int, java.lang.Object, int)'> (0x00000006507535b0) 
thrown [src/hotspot/share/interpreter/linkResolver.cpp, line 772]
Event: 69.146 Thread 0x00007f834fb90280 Exception <a 'java/lang/NoSuchMethodError'{0x000000065075a6d0}: 'java.lang.Object java.lang.invoke.DirectMethodHandle$Holder.invokeStatic(java.lang.Object, java.lang.Object, int, java.lang.Object, int)'> (0x000000065075a6d0) 
thrown [src/hotspot/share/interpreter/linkResolver.cpp, line 772]
Event: 69.442 Thread 0x00007f8377d30c30 Exception <a 'java/lang/NoSuchMethodError'{0x000000067f9eaf10}: 'java.lang.Object java.lang.invoke.DirectMethodHandle$Holder.invokeSpecial(java.lang.Object, java.lang.Object, java.lang.Object, java.lang.Object, int, int, float)'> (0x000000067f9eaf10) 
thrown [src/hotspot/share/interpreter/linkResolver.cpp, line 772]
Event: 69.515 Thread 0x00007f8377d30c30 Exception <a 'java/lang/NoSuchMethodError'{0x000000067b9c9fb8}: 'java.lang.Object java.lang.invoke.DirectMethodHandle$Holder.invokeSpecial(java.lang.Object, java.lang.Object, java.lang.Object, java.lang.Object, java.lang.Object, java.lang.Object, int, java.lang.Object)'> (0x000000067b9c9fb8) 
thrown [src/hotspot/share/interpreter/linkResolver.cpp, line 772]
Event: 69.516 Thread 0x00007f8377d30c30 Exception <a 'java/lang/NoSuchMethodError'{0x000000067b9d1f58}: 'java.lang.Object java.lang.invoke.DirectMethodHandle$Holder.newInvokeSpecial(java.lang.Object, java.lang.Object, java.lang.Object, java.lang.Object, java.lang.Object, java.lang.Object, int, java.lang.Object)'> (0x000000067b9d1f58) 
thrown [src/hotspot/share/interpreter/linkResolver.cpp, line 772]
Event: 69.516 Thread 0x00007f8377d30c30 Exception <a 'java/lang/NoSuchMethodError'{0x000000067b9d5ea8}: 'java.lang.Object java.lang.invoke.Invokers$Holder.linkToTargetMethod(java.lang.Object, java.lang.Object, java.lang.Object, java.lang.Object, java.lang.Object, int, java.lang.Object, java.lang.Object)'> (0x000000067b9d5ea8) 
thrown [src/hotspot/share/interpreter/linkResolver.cpp, line 772]
Event: 69.632 Thread 0x00007f834fb9f2e0 Exception <a 'java/lang/NoSuchMethodError'{0x0000000662cc6840}: 'java.lang.Object java.lang.invoke.DirectMethodHandle$Holder.invokeStatic(java.lang.Object, java.lang.Object, java.lang.Object, int, java.lang.Object, java.lang.Object, java.lang.Object)'> (0x0000000662cc6840) 
thrown [src/hotspot/share/interpreter/linkResolver.cpp, line 772]
Event: 71.810 Thread 0x00007f834fba2160 Implicit null exception at 0x00007f8369d48985 to 0x00007f8369d48bbc
Event: 72.067 Thread 0x00007f834fba2160 Exception <a 'java/lang/NoSuchMethodError'{0x000000068f69ba10}: 'void java.lang.invoke.DirectMethodHandle$Holder.invokeSpecial(java.lang.Object, java.lang.Object, java.lang.Object, java.lang.Object, java.lang.Object, java.lang.Object, java.lang.Object, java.lang.Object, java.lang.Object, java.lang.Object, java.lang.Object, java.lang.Object)'> (0x000000068f69ba10) 
thrown [src/hotspot/share/interpreter/linkResolver.cpp, line 772]

ZGC Phase Switch (0 events):
No events

VM Operations (20 events):
Event: 68.624 Executing VM operation: ICBufferFull
Event: 68.624 Executing VM operation: ICBufferFull done
Event: 68.624 Executing VM operation: ICBufferFull
Event: 68.624 Executing VM operation: ICBufferFull done
Event: 69.047 Executing VM operation: ICBufferFull
Event: 69.047 Executing VM operation: ICBufferFull done
Event: 69.172 Executing VM operation: HandshakeAllThreads (Deoptimize)
Event: 69.176 Executing VM operation: HandshakeAllThreads (Deoptimize) done
Event: 69.200 Executing VM operation: G1CollectForAllocation (G1 Evacuation Pause)
Event: 69.274 Executing VM operation: G1CollectForAllocation (G1 Evacuation Pause) done
Event: 69.309 Executing VM operation: HandshakeAllThreads (Deoptimize)
Event: 69.309 Executing VM operation: HandshakeAllThreads (Deoptimize) done
Event: 69.684 Executing VM operation: ICBufferFull
Event: 69.684 Executing VM operation: ICBufferFull done
Event: 69.813 Executing VM operation: G1CollectForAllocation (G1 Evacuation Pause)
Event: 69.860 Executing VM operation: G1CollectForAllocation (G1 Evacuation Pause) done
Event: 70.519 Executing VM operation: G1CollectForAllocation (G1 Evacuation Pause)
Event: 70.569 Executing VM operation: G1CollectForAllocation (G1 Evacuation Pause) done
Event: 71.216 Executing VM operation: G1CollectForAllocation (G1 Evacuation Pause)
Event: 71.257 Executing VM operation: G1CollectForAllocation (G1 Evacuation Pause) done

Memory protections (20 events):
Event: 65.676 Protecting memory [0x00007f83236f8000,0x00007f83236fc000] with protection modes 0
Event: 65.804 Protecting memory [0x00007f830ebff000,0x00007f830ec03000] with protection modes 0
Event: 65.911 Protecting memory [0x00007f830eafe000,0x00007f830eb02000] with protection modes 0
Event: 65.928 Protecting memory [0x00007f830e9fd000,0x00007f830ea01000] with protection modes 0
Event: 65.953 Protecting memory [0x00007f830e8fc000,0x00007f830e900000] with protection modes 0
Event: 66.453 Protecting memory [0x00007f830e7fb000,0x00007f830e7ff000] with protection modes 0
Event: 66.457 Protecting memory [0x00007f830e6fa000,0x00007f830e6fe000] with protection modes 0
Event: 66.462 Protecting memory [0x00007f830e5f9000,0x00007f830e5fd000] with protection modes 0
Event: 66.462 Protecting memory [0x00007f830e4f8000,0x00007f830e4fc000] with protection modes 0
Event: 66.464 Protecting memory [0x00007f830e2f6000,0x00007f830e2fa000] with protection modes 0
Event: 66.466 Protecting memory [0x00007f830e3f7000,0x00007f830e3fb000] with protection modes 0
Event: 67.109 Protecting memory [0x00007f830d680000,0x00007f830d684000] with protection modes 0
Event: 67.217 Protecting memory [0x00007f830788a000,0x00007f830788e000] with protection modes 0
Event: 67.719 Protecting memory [0x00007f8307100000,0x00007f8307104000] with protection modes 0
Event: 68.149 Protecting memory [0x00007f8305700000,0x00007f8305704000] with protection modes 0
Event: 68.151 Protecting memory [0x00007f83055ff000,0x00007f8305603000] with protection modes 0
Event: 68.151 Protecting memory [0x00007f83053fd000,0x00007f8305401000] with protection modes 0
Event: 68.152 Protecting memory [0x00007f83054fe000,0x00007f8305502000] with protection modes 0
Event: 69.520 Protecting memory [0x00007f83052fc000,0x00007f8305300000] with protection modes 0
Event: 69.522 Protecting memory [0x00007f82f36fb000,0x00007f82f36ff000] with protection modes 0

Nmethod flushes (20 events):
Event: 65.459 Thread 0x00007f8374127610 flushing  nmethod 0x00007f83625c3610
Event: 65.459 Thread 0x00007f8374127610 flushing  nmethod 0x00007f83625c4790
Event: 65.459 Thread 0x00007f8374127610 flushing  nmethod 0x00007f83625e5490
Event: 65.459 Thread 0x00007f8374127610 flushing  nmethod 0x00007f83629f2210
Event: 65.459 Thread 0x00007f8374127610 flushing  nmethod 0x00007f83629f7d10
Event: 65.459 Thread 0x00007f8374127610 flushing  nmethod 0x00007f83629f8d10
Event: 65.459 Thread 0x00007f8374127610 flushing  nmethod 0x00007f8362a46c10
Event: 65.459 Thread 0x00007f8374127610 flushing  nmethod 0x00007f8362a47310
Event: 65.459 Thread 0x00007f8374127610 flushing  nmethod 0x00007f8362a90790
Event: 65.459 Thread 0x00007f8374127610 flushing  nmethod 0x00007f8362a96d10
Event: 65.459 Thread 0x00007f8374127610 flushing  nmethod 0x00007f8362a9b390
Event: 65.459 Thread 0x00007f8374127610 flushing  nmethod 0x00007f8362af9210
Event: 65.459 Thread 0x00007f8374127610 flushing  nmethod 0x00007f8362afe690
Event: 65.459 Thread 0x00007f8374127610 flushing  nmethod 0x00007f8362afea90
Event: 65.459 Thread 0x00007f8374127610 flushing  nmethod 0x00007f8362bb7090
Event: 65.459 Thread 0x00007f8374127610 flushing  nmethod 0x00007f8362be9010
Event: 65.459 Thread 0x00007f8374127610 flushing  nmethod 0x00007f8362c3cd90
Event: 65.459 Thread 0x00007f8374127610 flushing  nmethod 0x00007f8362c3e810
Event: 65.459 Thread 0x00007f8374127610 flushing  nmethod 0x00007f8362d9d110
Event: 65.459 Thread 0x00007f8374127610 flushing  nmethod 0x00007f8362df7b10

Events (20 events):
Event: 65.911 Thread 0x00007f8377d30c30 Thread added: 0x00007f834fa20700
Event: 65.927 Thread 0x00007f8377d30c30 Thread added: 0x00007f834fa23ef0
Event: 65.953 Thread 0x00007f83741c03c0 Thread added: 0x00007f8328431ce0
Event: 66.453 Thread 0x00007f8377d30c30 Thread added: 0x00007f834fb8e300
Event: 66.457 Thread 0x00007f8377d30c30 Thread added: 0x00007f834fb90280
Event: 66.461 Thread 0x00007f8377d30c30 Thread added: 0x00007f834fb9f2e0
Event: 66.462 Thread 0x00007f8374e78620 Thread added: 0x00007f833cb99500
Event: 66.464 Thread 0x00007f8377d30c30 Thread added: 0x00007f834fba0ab0
Event: 66.464 Thread 0x00007f8377d30c30 Thread added: 0x00007f834fba2160
Event: 67.107 Thread 0x00007f834fba0ab0 Thread added: 0x00007f83568bba30
Event: 67.217 Thread 0x00007f83568bba30 Thread added: 0x000055f676dde600
Event: 67.719 Thread 0x00007f8377d30c30 Thread added: 0x00007f834fc176a0
Event: 68.149 Thread 0x00007f834f45e320 Thread added: 0x000055f6772f1240
Event: 68.151 Thread 0x000055f6772f1240 Thread added: 0x00007f83446aa3c0
Event: 68.151 Thread 0x00007f83446aa3c0 Thread added: 0x00007f8350046b60
Event: 68.151 Thread 0x00007f834f45e320 Thread added: 0x000055f676f78ac0
Event: 69.520 Thread 0x00007f8377d30c30 Thread added: 0x00007f834f52b670
Event: 69.522 Thread 0x00007f8377d30c30 Thread added: 0x00007f834f52c4f0
Event: 70.317 Thread 0x00007f834f52b670 Thread exited: 0x00007f834f52b670
Event: 70.320 Thread 0x00007f834f52c4f0 Thread exited: 0x00007f834f52c4f0


Dynamic libraries:
40ebf000-40ec1000 r-xs 00000000 00:01 6429                               /memfd:/.glXXXXXX (deleted)
4112a000-411d9000 rw-p 00000000 00:00 0 
600000000-6bf400000 rw-p 00000000 00:00 0 
6bf400000-7fc400000 ---p 00000000 00:00 0 
7fc400000-800040000 rw-p 00000000 00:00 0 
800040000-8000c0000 rw-p 00000000 00:00 0 
8000c0000-8000e0000 rw-p 00000000 00:00 0 
8000e0000-800140000 rw-p 00000000 00:00 0 
800140000-800180000 rw-p 00000000 00:00 0 
800180000-800200000 rw-p 00000000 00:00 0 
800200000-800240000 rw-p 00000000 00:00 0 
800240000-8002c0000 rw-p 00000000 00:00 0 
8002c0000-800300000 rw-p 00000000 00:00 0 
800300000-8003c0000 rw-p 00000000 00:00 0 
8003c0000-800400000 rw-p 00000000 00:00 0 
800400000-8004c0000 rw-p 00000000 00:00 0 
8004c0000-801340000 rw-p 00000000 00:00 0 
801340000-801380000 rw-p 00000000 00:00 0 
801380000-804940000 rw-p 00000000 00:00 0 
804940000-804970000 rw-p 00000000 00:00 0 
804970000-804980000 ---p 00000000 00:00 0 
804980000-804d40000 rw-p 00000000 00:00 0 
804d40000-840000000 ---p 00000000 00:00 0 
55f657cf7000-55f657cf8000 r-xp 00000000 103:07 449553                    /run/media/ashy/Shared/.minecraftx/jre/java-runtime-delta/bin/java
55f657cf9000-55f657cfa000 r--p 00001000 103:07 449553                    /run/media/ashy/Shared/.minecraftx/jre/java-runtime-delta/bin/java
55f657cfa000-55f657cfb000 rw-p 00002000 103:07 449553                    /run/media/ashy/Shared/.minecraftx/jre/java-runtime-delta/bin/java
55f675adc000-55f677c27000 rw-p 00000000 00:00 0                          [heap]
7f82e3000000-7f82e3030000 rw-p 00000000 00:00 0 
7f82e3030000-7f82e7000000 ---p 00000000 00:00 0 
7f82e7600000-7f82e9400000 rw-p 00000000 00:00 0 
7f82e9500000-7f82eba00000 rw-p 00000000 00:00 0 
7f82ebb00000-7f82ec000000 rw-p 00000000 00:00 0 
7f82ec000000-7f82ed801000 rw-p 00000000 00:00 0 
7f82ed801000-7f82f0000000 ---p 00000000 00:00 0 
7f82f0400000-7f82f0800000 rw-p 00000000 00:00 0 
7f82f0997000-7f82f0d17000 rw-p 00000000 00:00 0 
7f82f0d17000-7f82f1500000 rw-s 00000000 00:07 1147                       /dev/nvidiactl
7f82f1500000-7f82f2200000 rw-p 00000000 00:00 0 
7f82f2200000-7f82f2400000 rw-s 00000000 00:07 1147                       /dev/nvidiactl
7f82f2400000-7f82f3600000 rw-p 00000000 00:00 0 
7f82f36fa000-7f82f36fb000 rw-p 00000000 00:00 0 
7f82f36fb000-7f82f36ff000 ---p 00000000 00:00 0 
7f82f36ff000-7f82f37fb000 rw-p 00000000 00:00 0 
7f82f37fb000-7f82f8800000 rw-p 00000000 00:00 0 
7f82f8800000-7f82f8e00000 rw-p 00000000 00:00 0 
7f82f8e76000-7f82f90f6000 rw-p 00000000 00:00 0 
7f82f90f6000-7f83020ff000 rw-p 00000000 00:00 0 
7f83020ff000-7f83027ff000 rw-p 00000000 00:00 0 
7f83027ff000-7f8303800000 rw-p 00000000 00:00 0 
7f8303800000-7f8305200000 rw-p 00000000 00:00 0 
7f83052fb000-7f83052fc000 rw-p 00000000 00:00 0 
7f83052fc000-7f8305300000 ---p 00000000 00:00 0 
7f8305300000-7f83053fd000 rw-p 00000000 00:00 0 
7f83053fd000-7f8305401000 ---p 00000000 00:00 0 
7f8305401000-7f83054fe000 rw-p 00000000 00:00 0 
7f83054fe000-7f8305502000 ---p 00000000 00:00 0 
7f8305502000-7f83055ff000 rw-p 00000000 00:00 0 
7f83055ff000-7f8305603000 ---p 00000000 00:00 0 
7f8305603000-7f8305700000 rw-p 00000000 00:00 0 
7f8305700000-7f8305704000 ---p 00000000 00:00 0 
7f8305704000-7f8305800000 rw-p 00000000 00:00 0 
7f8305800000-7f8306000000 rw-p 00000000 00:00 0 
7f8306100000-7f8307000000 rw-p 00000000 00:00 0 
7f83070ff000-7f8307100000 rw-p 00000000 00:00 0 
7f8307100000-7f8307104000 ---p 00000000 00:00 0 
7f8307104000-7f8307200000 rw-p 00000000 00:00 0 
7f8307200000-7f8307800000 rw-p 00000000 00:00 0 
7f8307889000-7f830788a000 rw-p 00000000 00:00 0 
7f830788a000-7f830788e000 ---p 00000000 00:00 0 
7f830788e000-7f830798a000 rw-p 00000000 00:00 0 
7f830798a000-7f83079a8000 r--p 00000000 103:07 94821                     /run/media/ashy/Shared/.minecraftx/versions/neoforge-21.1.248/neoforge-21.1.248-natives/libfreetype.so
7f83079a8000-7f8307b8c000 r-xp 0001e000 103:07 94821                     /run/media/ashy/Shared/.minecraftx/versions/neoforge-21.1.248/neoforge-21.1.248-natives/libfreetype.so
7f8307b8c000-7f8307bf6000 r--p 00202000 103:07 94821                     /run/media/ashy/Shared/.minecraftx/versions/neoforge-21.1.248/neoforge-21.1.248-natives/libfreetype.so
7f8307bf6000-7f8307bf7000 ---p 0026c000 103:07 94821                     /run/media/ashy/Shared/.minecraftx/versions/neoforge-21.1.248/neoforge-21.1.248-natives/libfreetype.so
7f8307bf7000-7f8307bfe000 r--p 0026c000 103:07 94821                     /run/media/ashy/Shared/.minecraftx/versions/neoforge-21.1.248/neoforge-21.1.248-natives/libfreetype.so
7f8307bfe000-7f8307c00000 rw-p 00273000 103:07 94821                     /run/media/ashy/Shared/.minecraftx/versions/neoforge-21.1.248/neoforge-21.1.248-natives/libfreetype.so
7f8307c00000-7f8309c00000 rw-p 00000000 00:00 0 
7f8309d00000-7f830d600000 rw-p 00000000 00:00 0 
7f830d67f000-7f830d680000 rw-p 00000000 00:00 0 
7f830d680000-7f830d684000 ---p 00000000 00:00 0 
7f830d684000-7f830d780000 rw-p 00000000 00:00 0 
7f830d780000-7f830e200000 rw-p 00000000 00:00 0 
7f830e2f5000-7f830e2f6000 rw-p 00000000 00:00 0 
7f830e2f6000-7f830e2fa000 ---p 00000000 00:00 0 
7f830e2fa000-7f830e3f7000 rw-p 00000000 00:00 0 
7f830e3f7000-7f830e3fb000 ---p 00000000 00:00 0 
7f830e3fb000-7f830e4f8000 rw-p 00000000 00:00 0 
7f830e4f8000-7f830e4fc000 ---p 00000000 00:00 0 
7f830e4fc000-7f830e5f9000 rw-p 00000000 00:00 0 
7f830e5f9000-7f830e5fd000 ---p 00000000 00:00 0 
7f830e5fd000-7f830e6fa000 rw-p 00000000 00:00 0 
7f830e6fa000-7f830e6fe000 ---p 00000000 00:00 0 
7f830e6fe000-7f830e7fb000 rw-p 00000000 00:00 0 
7f830e7fb000-7f830e7ff000 ---p 00000000 00:00 0 
7f830e7ff000-7f830e8fc000 rw-p 00000000 00:00 0 
7f830e8fc000-7f830e900000 ---p 00000000 00:00 0 
7f830e900000-7f830e9fd000 rw-p 00000000 00:00 0 
7f830e9fd000-7f830ea01000 ---p 00000000 00:00 0 
7f830ea01000-7f830eafe000 rw-p 00000000 00:00 0 
7f830eafe000-7f830eb02000 ---p 00000000 00:00 0 
7f830eb02000-7f830ebff000 rw-p 00000000 00:00 0 
7f830ebff000-7f830ec03000 ---p 00000000 00:00 0 
7f830ec03000-7f830ed00000 rw-p 00000000 00:00 0 
7f830ed00000-7f830ed04000 ---p 00000000 00:00 0 
7f830ed04000-7f830ee00000 rw-p 00000000 00:00 0 
7f830ee00000-7f830f200000 rw-p 00000000 00:00 0 
7f830f229000-7f830f22a000 rw-p 00000000 00:00 0 
7f830f22a000-7f830f22e000 ---p 00000000 00:00 0 
7f830f22e000-7f830f32b000 rw-p 00000000 00:00 0 
7f830f32b000-7f830f32f000 ---p 00000000 00:00 0 
7f830f32f000-7f830f42b000 rw-p 00000000 00:00 0 
7f830f42b000-7f83103fe000 rw-p 00000000 00:00 0 
7f83103fe000-7f83105fe000 rw-s 00000000 00:07 1147                       /dev/nvidiactl
7f83105fe000-7f83115ff000 rw-p 00000000 00:00 0 
7f83115ff000-7f8311e00000 rw-p 00000000 00:00 0 
7f8311e00000-7f8311e9a000 r--p 00000000 00:21 4974                       /usr/lib/libstdc++.so.6.0.36
7f8311e9a000-7f831207a000 r-xp 0009a000 00:21 4974                       /usr/lib/libstdc++.so.6.0.36
7f831207a000-7f831211a000 r--p 0027a000 00:21 4974                       /usr/lib/libstdc++.so.6.0.36
7f831211a000-7f831212b000 r--p 0031a000 00:21 4974                       /usr/lib/libstdc++.so.6.0.36
7f831212b000-7f831212c000 rw-p 0032b000 00:21 4974                       /usr/lib/libstdc++.so.6.0.36
7f831212c000-7f8312130000 rw-p 00000000 00:00 0 
7f8312200000-7f8312a00000 rw-p 00000000 00:00 0 
7f8312b00000-7f8314a00000 rw-p 00000000 00:00 0 
7f8314b00000-7f8315000000 rw-p 00000000 00:00 0 
7f8315000000-7f83181e0000 rw-p 00000000 00:00 0 
7f83181e0000-7f8318700000 rw-p 00000000 00:00 0 
7f8318700000-7f83187d0000 rw-p 00000000 00:00 0 
7f83187d0000-7f8318800000 ---p 00000000 00:00 0 
7f8318800000-7f8319000000 rw-p 00000000 00:00 0 
7f8319000000-7f8319400000 rw-p 00000000 00:00 0 
7f8319400000-7f8319500000 rw-p 00000000 00:00 0 
7f8319500000-7f8319600000 rw-p 00000000 00:00 0 
7f8319600000-7f831d000000 rw-p 00000000 00:00 0 
7f831d000000-7f8321000000 rw-p 00000000 00:00 0 
7f8321038000-7f832104b000 r--p 00000000 103:07 456462                    /run/media/ashy/Shared/.minecraftx/versions/neoforge-21.1.248/neoforge-21.1.248-natives/libopenal.so
7f832104b000-7f83210eb000 r-xp 00013000 103:07 456462                    /run/media/ashy/Shared/.minecraftx/versions/neoforge-21.1.248/neoforge-21.1.248-natives/libopenal.so
7f83210eb000-7f832114d000 r--p 000b3000 103:07 456462                    /run/media/ashy/Shared/.minecraftx/versions/neoforge-21.1.248/neoforge-21.1.248-natives/libopenal.so
7f832114d000-7f832114e000 ---p 00115000 103:07 456462                    /run/media/ashy/Shared/.minecraftx/versions/neoforge-21.1.248/neoforge-21.1.248-natives/libopenal.so
7f832114e000-7f8321153000 r--p 00115000 103:07 456462                    /run/media/ashy/Shared/.minecraftx/versions/neoforge-21.1.248/neoforge-21.1.248-natives/libopenal.so
7f8321153000-7f8321154000 rw-p 0011a000 103:07 456462                    /run/media/ashy/Shared/.minecraftx/versions/neoforge-21.1.248/neoforge-21.1.248-natives/libopenal.so
7f8321154000-7f83211cf000 rw-p 00000000 00:00 0 
7f83211cf000-7f832154f000 rw-p 00000000 00:00 0 
7f832154f000-7f8321550000 rw-p 00000000 00:00 0 
7f8321550000-7f8321554000 ---p 00000000 00:00 0 
7f8321554000-7f8321651000 rw-p 00000000 00:00 0 
7f8321651000-7f8321655000 ---p 00000000 00:00 0 
7f8321655000-7f8321751000 rw-p 00000000 00:00 0 
7f8321751000-7f8321f3a000 rw-s 00000000 00:07 1147                       /dev/nvidiactl
7f8321f3a000-7f8322723000 rw-s 00000000 00:07 1147                       /dev/nvidiactl
7f83227fa000-7f83227fb000 rw-p 00000000 00:00 0 
7f83227fb000-7f83227ff000 ---p 00000000 00:00 0 
7f83227ff000-7f83228fc000 rw-p 00000000 00:00 0 
7f83228fc000-7f8322900000 ---p 00000000 00:00 0 
7f8322900000-7f83229fd000 rw-p 00000000 00:00 0 
7f83229fd000-7f8322a01000 ---p 00000000 00:00 0 
7f8322a01000-7f8322afe000 rw-p 00000000 00:00 0 
7f8322afe000-7f8322b02000 ---p 00000000 00:00 0 
7f8322b02000-7f8322bff000 rw-p 00000000 00:00 0 
7f8322bff000-7f8322c03000 ---p 00000000 00:00 0 
7f8322c03000-7f8322d00000 rw-p 00000000 00:00 0 
7f8322d00000-7f8322d04000 ---p 00000000 00:00 0 
7f8322d04000-7f8322e00000 rw-p 00000000 00:00 0 
7f8322e00000-7f8322e53000 r--p 00000000 00:21 9342                       /usr/lib/libcrypto.so.3
7f8322e53000-7f83232ef000 r-xp 00053000 00:21 9342                       /usr/lib/libcrypto.so.3
7f83232ef000-7f832341b000 r--p 004ef000 00:21 9342                       /usr/lib/libcrypto.so.3
7f832341b000-7f832349a000 r--p 0061a000 00:21 9342                       /usr/lib/libcrypto.so.3
7f832349a000-7f832349d000 rw-p 00699000 00:21 9342                       /usr/lib/libcrypto.so.3
7f832349d000-7f83234a0000 rw-p 00000000 00:00 0 
7f83234f7000-7f83236f7000 rw-s 00000000 00:07 1147                       /dev/nvidiactl
7f83236f7000-7f83236f8000 rw-p 00000000 00:00 0 
7f83236f8000-7f83236fc000 ---p 00000000 00:00 0 
7f83236fc000-7f83237f9000 rw-p 00000000 00:00 0 
7f83237f9000-7f83237fd000 ---p 00000000 00:00 0 
7f83237fd000-7f83238fa000 rw-p 00000000 00:00 0 
7f83238fa000-7f83238fe000 ---p 00000000 00:00 0 
7f83238fe000-7f83239fb000 rw-p 00000000 00:00 0 
7f83239fb000-7f83239ff000 ---p 00000000 00:00 0 
7f83239ff000-7f8323afc000 rw-p 00000000 00:00 0 
7f8323afc000-7f8323b00000 ---p 00000000 00:00 0 
7f8323b00000-7f8323bfd000 rw-p 00000000 00:00 0 
7f8323bfd000-7f8323c01000 ---p 00000000 00:00 0 
7f8323c01000-7f8323cfe000 rw-p 00000000 00:00 0 
7f8323cfe000-7f8323d02000 ---p 00000000 00:00 0 
7f8323d02000-7f8323dff000 rw-p 00000000 00:00 0 
7f8323dff000-7f8323e03000 ---p 00000000 00:00 0 
7f8323e03000-7f8323f00000 rw-p 00000000 00:00 0 
7f8323f00000-7f8323f04000 ---p 00000000 00:00 0 
7f8323f04000-7f8324000000 rw-p 00000000 00:00 0 
7f8324000000-7f8324ac0000 rw-p 00000000 00:00 0 
7f8324ac0000-7f8326b00000 rw-p 00000000 00:00 0 
7f8326b00000-7f8326d00000 rw-p 00000000 00:00 0 
7f8326d00000-7f8326e00000 rw-p 00000000 00:00 0 
7f8326e00000-7f8328000000 rw-p 00000000 00:00 0 
7f8328000000-7f832a135000 rw-p 00000000 00:00 0 
7f832a135000-7f832c000000 ---p 00000000 00:00 0 
7f832c02f000-7f832c03c000 r--p 00000000 00:21 167454                     /usr/lib/libpipewire-0.3.so.0.1608.0
7f832c03c000-7f832c0c3000 r-xp 0000d000 00:21 167454                     /usr/lib/libpipewire-0.3.so.0.1608.0
7f832c0c3000-7f832c0e1000 r--p 00094000 00:21 167454                     /usr/lib/libpipewire-0.3.so.0.1608.0
7f832c0e1000-7f832c0fd000 r--p 000b2000 00:21 167454                     /usr/lib/libpipewire-0.3.so.0.1608.0
7f832c0fd000-7f832c0fe000 rw-p 000ce000 00:21 167454                     /usr/lib/libpipewire-0.3.so.0.1608.0
7f832c0fe000-7f832c0ff000 rw-p 00000000 00:00 0 
7f832c0ff000-7f832c100000 rw-p 00000000 00:00 0 
7f832c100000-7f832c104000 ---p 00000000 00:00 0 
7f832c104000-7f832c200000 rw-p 00000000 00:00 0 
7f832c200000-7f832c600000 rw-p 00000000 00:00 0 
7f832c678000-7f832c679000 rw-p 00000000 00:00 0 
7f832c679000-7f832c67d000 ---p 00000000 00:00 0 
7f832c67d000-7f832c77a000 rw-p 00000000 00:00 0 
7f832c77a000-7f832c77e000 ---p 00000000 00:00 0 
7f832c77e000-7f832c87b000 rw-p 00000000 00:00 0 
7f832c87b000-7f832c87f000 ---p 00000000 00:00 0 
7f832c87f000-7f832c97c000 rw-p 00000000 00:00 0 
7f832c97c000-7f832c980000 ---p 00000000 00:00 0 
7f832c980000-7f832ca7d000 rw-p 00000000 00:00 0 
7f832ca7d000-7f832ca81000 ---p 00000000 00:00 0 
7f832ca81000-7f832cb7e000 rw-p 00000000 00:00 0 
7f832cb7e000-7f832cb82000 ---p 00000000 00:00 0 
7f832cb82000-7f832cc7f000 rw-p 00000000 00:00 0 
7f832cc7f000-7f832cc83000 ---p 00000000 00:00 0 
7f832cc83000-7f832cd7f000 rw-p 00000000 00:00 0 
7f832cd7f000-7f832d180000 rw-p 00000000 00:00 0 
7f832d180000-7f832d200000 rw-s 00000000 00:07 1147                       /dev/nvidiactl
7f832d200000-7f832d21e000 r-xp 00000000 103:07 102323                    /run/media/ashy/Shared/.minecraftx/versions/neoforge-21.1.248/neoforge-21.1.248-natives/jna18012071325345037769.tmp (deleted)
7f832d21e000-7f832d41d000 ---p 0001e000 103:07 102323                    /run/media/ashy/Shared/.minecraftx/versions/neoforge-21.1.248/neoforge-21.1.248-natives/jna18012071325345037769.tmp (deleted)
7f832d41d000-7f832d41e000 rw-p 0001d000 103:07 102323                    /run/media/ashy/Shared/.minecraftx/versions/neoforge-21.1.248/neoforge-21.1.248-natives/jna18012071325345037769.tmp (deleted)
7f832d41e000-7f832d41f000 rw-p 00000000 00:00 0 
7f832d49a000-7f832d49b000 rw-p 00000000 00:00 0 
7f832d49b000-7f832d49f000 ---p 00000000 00:00 0 
7f832d49f000-7f832d59b000 rw-p 00000000 00:00 0 
7f832d61a000-7f832d61b000 rw-p 00000000 00:00 0 
7f832d61b000-7f832d61f000 ---p 00000000 00:00 0 
7f832d61f000-7f832d71c000 rw-p 00000000 00:00 0 
7f832d71c000-7f832d720000 ---p 00000000 00:00 0 
7f832d720000-7f832d81c000 rw-p 00000000 00:00 0 
7f832d81c000-7f832d8c9000 r-xp 00000000 103:07 449581                    /run/media/ashy/Shared/.minecraftx/jre/java-runtime-delta/lib/libawt.so
7f832d8c9000-7f832d8ca000 ---p 000ad000 103:07 449581                    /run/media/ashy/Shared/.minecraftx/jre/java-runtime-delta/lib/libawt.so
7f832d8ca000-7f832d8cb000 r--p 000ad000 103:07 449581                    /run/media/ashy/Shared/.minecraftx/jre/java-runtime-delta/lib/libawt.so
7f832d8cb000-7f832d8d6000 rw-p 000ae000 103:07 449581                    /run/media/ashy/Shared/.minecraftx/jre/java-runtime-delta/lib/libawt.so
7f832d8d6000-7f832d8fb000 rw-p 00000000 00:00 0 
7f832d8fb000-7f832d8fc000 rw-p 00000000 00:00 0 
7f832d8fc000-7f832d900000 ---p 00000000 00:00 0 
7f832d900000-7f832d9fd000 rw-p 00000000 00:00 0 
7f832d9fd000-7f832da01000 ---p 00000000 00:00 0 
7f832da01000-7f832dafe000 rw-p 00000000 00:00 0 
7f832dafe000-7f832db02000 ---p 00000000 00:00 0 
7f832db02000-7f832dbff000 rw-p 00000000 00:00 0 
7f832dbff000-7f832dc03000 ---p 00000000 00:00 0 
7f832dc03000-7f832dcff000 rw-p 00000000 00:00 0 
7f832dcff000-7f832deff000 rw-s 00000000 00:07 1147                       /dev/nvidiactl
7f832deff000-7f832dfff000 rw-s 00000000 00:07 1147                       /dev/nvidiactl
7f832dfff000-7f832e800000 rw-p 00000000 00:00 0 
7f832e800000-7f832ec00000 rw-p 00000000 00:00 0 
7f832ec48000-7f832ec4a000 r--p 00000000 00:21 167501                     /usr/lib/pipewire-0.3/libpipewire-module-session-manager.so
7f832ec4a000-7f832ec69000 r-xp 00002000 00:21 167501                     /usr/lib/pipewire-0.3/libpipewire-module-session-manager.so
7f832ec69000-7f832ec6e000 r--p 00021000 00:21 167501                     /usr/lib/pipewire-0.3/libpipewire-module-session-manager.so
7f832ec6e000-7f832ec70000 r--p 00025000 00:21 167501                     /usr/lib/pipewire-0.3/libpipewire-module-session-manager.so
7f832ec70000-7f832ec71000 rw-p 00027000 00:21 167501                     /usr/lib/pipewire-0.3/libpipewire-module-session-manager.so
7f832ec71000-7f832ec78000 r--s 00000000 00:21 139723                     /usr/lib/gconv/gconv-modules.cache
7f832ec78000-7f832ec7d000 r--p 00000000 00:21 16953                      /usr/lib/libudev.so.1.7.14
7f832ec7d000-7f832ecab000 r-xp 00005000 00:21 16953                      /usr/lib/libudev.so.1.7.14
7f832ecab000-7f832ecc2000 r--p 00033000 00:21 16953                      /usr/lib/libudev.so.1.7.14
7f832ecc2000-7f832ecc7000 r--p 0004a000 00:21 16953                      /usr/lib/libudev.so.1.7.14
7f832ecc7000-7f832ecc8000 rw-p 0004f000 00:21 16953                      /usr/lib/libudev.so.1.7.14
7f832ecc8000-7f832ed08000 rw-s 00000000 00:07 1147                       /dev/nvidiactl
7f832ed08000-7f832ed28000 rw-s 00000000 00:07 1147                       /dev/nvidiactl
7f832ed49000-7f832ed4b000 r--p 00000000 00:21 167495                     /usr/lib/pipewire-0.3/libpipewire-module-metadata.so
7f832ed4b000-7f832ed54000 r-xp 00002000 00:21 167495                     /usr/lib/pipewire-0.3/libpipewire-module-metadata.so
7f832ed54000-7f832ed56000 r--p 0000b000 00:21 167495                     /usr/lib/pipewire-0.3/libpipewire-module-metadata.so
7f832ed56000-7f832ed57000 r--p 0000c000 00:21 167495                     /usr/lib/pipewire-0.3/libpipewire-module-metadata.so
7f832ed57000-7f832ed58000 rw-p 0000d000 00:21 167495                     /usr/lib/pipewire-0.3/libpipewire-module-metadata.so
7f832ed58000-7f832ed5a000 r--p 00000000 00:21 167490                     /usr/lib/pipewire-0.3/libpipewire-module-adapter.so
7f832ed5a000-7f832ed5e000 r-xp 00002000 00:21 167490                     /usr/lib/pipewire-0.3/libpipewire-module-adapter.so
7f832ed5e000-7f832ed60000 r--p 00006000 00:21 167490                     /usr/lib/pipewire-0.3/libpipewire-module-adapter.so
7f832ed60000-7f832ed61000 r--p 00007000 00:21 167490                     /usr/lib/pipewire-0.3/libpipewire-module-adapter.so
7f832ed61000-7f832ed62000 rw-p 00008000 00:21 167490                     /usr/lib/pipewire-0.3/libpipewire-module-adapter.so
7f832ed62000-7f832ed65000 r--p 00000000 00:21 167492                     /usr/lib/pipewire-0.3/libpipewire-module-client-node.so
7f832ed65000-7f832ed80000 r-xp 00003000 00:21 167492                     /usr/lib/pipewire-0.3/libpipewire-module-client-node.so
7f832ed80000-7f832ed85000 r--p 0001e000 00:21 167492                     /usr/lib/pipewire-0.3/libpipewire-module-client-node.so
7f832ed85000-7f832ed87000 r--p 00022000 00:21 167492                     /usr/lib/pipewire-0.3/libpipewire-module-client-node.so
7f832ed87000-7f832ed88000 rw-p 00024000 00:21 167492                     /usr/lib/pipewire-0.3/libpipewire-module-client-node.so
7f832ed88000-7f832ed89000 rw-p 00000000 00:00 0 
7f832ed89000-7f832ed8d000 ---p 00000000 00:00 0 
7f832ed8d000-7f832ee8a000 rw-p 00000000 00:00 0 
7f832ee8a000-7f832ee8e000 ---p 00000000 00:00 0 
7f832ee8e000-7f832ef8b000 rw-p 00000000 00:00 0 
7f832ef8b000-7f832ef8f000 ---p 00000000 00:00 0 
7f832ef8f000-7f832f08c000 rw-p 00000000 00:00 0 
7f832f08c000-7f832f090000 ---p 00000000 00:00 0 
7f832f090000-7f832f18c000 rw-p 00000000 00:00 0 
7f832f18c000-7f832f18d000 r--p 00000000 00:21 8761                       /usr/lib/libbrotlicommon.so.1.2.0
7f832f18d000-7f832f18e000 r-xp 00001000 00:21 8761                       /usr/lib/libbrotlicommon.so.1.2.0
7f832f18e000-7f832f1ad000 r--p 00002000 00:21 8761                       /usr/lib/libbrotlicommon.so.1.2.0
7f832f1ad000-7f832f1ae000 r--p 00021000 00:21 8761                       /usr/lib/libbrotlicommon.so.1.2.0
7f832f1ae000-7f832f1af000 rw-p 00022000 00:21 8761                       /usr/lib/libbrotlicommon.so.1.2.0
7f832f1af000-7f832f1ba000 r--p 00000000 00:21 9162                       /usr/lib/libzstd.so.1.5.7
7f832f1ba000-7f832f2f2000 r-xp 0000b000 00:21 9162                       /usr/lib/libzstd.so.1.5.7
7f832f2f2000-7f832f308000 r--p 00143000 00:21 9162                       /usr/lib/libzstd.so.1.5.7
7f832f308000-7f832f309000 r--p 00159000 00:21 9162                       /usr/lib/libzstd.so.1.5.7
7f832f309000-7f832f30a000 rw-p 0015a000 00:21 9162                       /usr/lib/libzstd.so.1.5.7
7f832f30a000-7f832f30b000 r--p 00000000 00:21 8767                       /usr/lib/libbrotlienc.so.1.2.0
7f832f30b000-7f832f3b3000 r-xp 00001000 00:21 8767                       /usr/lib/libbrotlienc.so.1.2.0
7f832f3b3000-7f832f405000 r--p 000a9000 00:21 8767                       /usr/lib/libbrotlienc.so.1.2.0
7f832f405000-7f832f406000 r--p 000fa000 00:21 8767                       /usr/lib/libbrotlienc.so.1.2.0
7f832f406000-7f832f407000 rw-p 000fb000 00:21 8767                       /usr/lib/libbrotlienc.so.1.2.0
7f832f407000-7f832fbf0000 rw-s 00000000 00:07 1147                       /dev/nvidiactl
7f832fbf0000-7f832fcf0000 rw-s 00000000 00:07 1147                       /dev/nvidiactl
7f832fcf0000-7f832fd70000 rw-s 00000000 00:07 1147                       /dev/nvidiactl
7f832fd75000-7f832fd79000 rw-s 00000000 00:07 1147                       /dev/nvidiactl
7f832fd79000-7f832fd8c000 rw-s 00000000 00:07 1147                       /dev/nvidiactl
7f832fd8c000-7f832fdcc000 rw-s 00000000 00:07 1147                       /dev/nvidiactl
7f832fdcc000-7f832fdec000 rw-s 00000000 00:07 1147                       /dev/nvidiactl
7f832fdec000-7f832fe2c000 rw-s 00000000 00:07 1147                       /dev/nvidiactl
7f832fe2c000-7f832fe4c000 rw-s 00000000 00:07 1147                       /dev/nvidiactl
7f832fe4c000-7f832fe7f000 r--p 00000000 103:07 456406                    /run/media/ashy/Shared/.minecraftx/versions/neoforge-21.1.248/neoforge-21.1.248-natives/liblwjgl_opengl.so
7f832fe7f000-7f832fe93000 r-xp 00033000 103:07 456406                    /run/media/ashy/Shared/.minecraftx/versions/neoforge-21.1.248/neoforge-21.1.248-natives/liblwjgl_opengl.so
7f832fe93000-7f832fea3000 r--p 00047000 103:07 456406                    /run/media/ashy/Shared/.minecraftx/versions/neoforge-21.1.248/neoforge-21.1.248-natives/liblwjgl_opengl.so
7f832fea3000-7f832fea4000 r--p 00056000 103:07 456406                    /run/media/ashy/Shared/.minecraftx/versions/neoforge-21.1.248/neoforge-21.1.248-natives/liblwjgl_opengl.so
7f832fea4000-7f832fea5000 rw-p 00057000 103:07 456406                    /run/media/ashy/Shared/.minecraftx/versions/neoforge-21.1.248/neoforge-21.1.248-natives/liblwjgl_opengl.so
7f832fea6000-7f832fea8000 r--p 00000000 00:21 167491                     /usr/lib/pipewire-0.3/libpipewire-module-client-device.so
7f832fea8000-7f832feb4000 r-xp 00002000 00:21 167491                     /usr/lib/pipewire-0.3/libpipewire-module-client-device.so
7f832feb4000-7f832feb5000 r--p 0000e000 00:21 167491                     /usr/lib/pipewire-0.3/libpipewire-module-client-device.so
7f832feb5000-7f832feb6000 r--p 0000f000 00:21 167491                     /usr/lib/pipewire-0.3/libpipewire-module-client-device.so
7f832feb6000-7f832feb7000 rw-p 00010000 00:21 167491                     /usr/lib/pipewire-0.3/libpipewire-module-client-device.so
7f832feb7000-7f832febe000 r-xp 00000000 103:07 449585                    /run/media/ashy/Shared/.minecraftx/jre/java-runtime-delta/lib/libawt_headless.so
7f832febe000-7f832febf000 r--p 00006000 103:07 449585                    /run/media/ashy/Shared/.minecraftx/jre/java-runtime-delta/lib/libawt_headless.so
7f832febf000-7f832fec0000 rw-p 00007000 103:07 449585                    /run/media/ashy/Shared/.minecraftx/jre/java-runtime-delta/lib/libawt_headless.so
7f832fec0000-7f832fec7000 r--p 00000000 103:07 456417                    /run/media/ashy/Shared/.minecraftx/versions/neoforge-21.1.248/neoforge-21.1.248-natives/liblwjgl_stb.so
7f832fec7000-7f832ff2a000 r-xp 00007000 103:07 456417                    /run/media/ashy/Shared/.minecraftx/versions/neoforge-21.1.248/neoforge-21.1.248-natives/liblwjgl_stb.so
7f832ff2a000-7f832ff36000 r--p 0006a000 103:07 456417                    /run/media/ashy/Shared/.minecraftx/versions/neoforge-21.1.248/neoforge-21.1.248-natives/liblwjgl_stb.so
7f832ff36000-7f832ff37000 r--p 00075000 103:07 456417                    /run/media/ashy/Shared/.minecraftx/versions/neoforge-21.1.248/neoforge-21.1.248-natives/liblwjgl_stb.so
7f832ff37000-7f832ff38000 rw-p 00076000 103:07 456417                    /run/media/ashy/Shared/.minecraftx/versions/neoforge-21.1.248/neoforge-21.1.248-natives/liblwjgl_stb.so
7f8330038000-7f8330078000 rw-s 00000000 00:07 1147                       /dev/nvidiactl
7f8330078000-7f83300b8000 rw-s 00000000 00:07 1147                       /dev/nvidiactl
7f83300b8000-7f83300cd000 r--p 00000000 00:21 16950                      /usr/lib/libsystemd.so.0.44.0
7f83300cd000-7f83301a6000 r-xp 00015000 00:21 16950                      /usr/lib/libsystemd.so.0.44.0
7f83301a6000-7f83301f5000 r--p 000ee000 00:21 16950                      /usr/lib/libsystemd.so.0.44.0
7f83301f5000-7f83301fe000 r--p 0013c000 00:21 16950                      /usr/lib/libsystemd.so.0.44.0
7f83301fe000-7f83301ff000 rw-p 00145000 00:21 16950                      /usr/lib/libsystemd.so.0.44.0
7f83301ff000-7f8330200000 rw-p 00000000 00:00 0 
7f8330200000-7f83304ab000 r--p 00000000 00:21 143551                     /usr/lib/libnvidia-gpucomp.so.580.173.02
7f83304ab000-7f8333599000 r-xp 002ab000 00:21 143551                     /usr/lib/libnvidia-gpucomp.so.580.173.02
7f8333599000-7f8334409000 r--p 03399000 00:21 143551                     /usr/lib/libnvidia-gpucomp.so.580.173.02
7f8334409000-7f833440a000 ---p 04209000 00:21 143551                     /usr/lib/libnvidia-gpucomp.so.580.173.02
7f833440a000-7f83345e1000 r--p 04209000 00:21 143551                     /usr/lib/libnvidia-gpucomp.so.580.173.02
7f83345e1000-7f83346ec000 rw-p 043e0000 00:21 143551                     /usr/lib/libnvidia-gpucomp.so.580.173.02
7f83346ec000-7f833478d000 rw-p 00000000 00:00 0 
7f833478d000-7f833478e000 rw-p 00000000 00:00 0 
7f833478e000-7f833478f000 rw-s 00000000 00:07 1149                       /dev/nvidia0
7f833478f000-7f8334791000 rw-s 00000000 00:07 1147                       /dev/nvidiactl
7f8334791000-7f8334792000 rw-s 00000000 00:07 1149                       /dev/nvidia0
7f8334792000-7f8334793000 rw-s 00000000 00:07 1149                       /dev/nvidia0
7f8334793000-7f8334794000 rw-s 00000000 00:07 1149                       /dev/nvidia0
7f8334794000-7f8334795000 rw-s 00000000 00:07 1147                       /dev/nvidiactl
7f8334798000-7f8334799000 r--p 00000000 00:21 8764                       /usr/lib/libbrotlidec.so.1.2.0
7f8334799000-7f83347a3000 r-xp 00001000 00:21 8764                       /usr/lib/libbrotlidec.so.1.2.0
7f83347a3000-7f83347a6000 r--p 0000b000 00:21 8764                       /usr/lib/libbrotlidec.so.1.2.0
7f83347a6000-7f83347a7000 r--p 0000d000 00:21 8764                       /usr/lib/libbrotlidec.so.1.2.0
7f83347a7000-7f83347a8000 rw-p 0000e000 00:21 8764                       /usr/lib/libbrotlidec.so.1.2.0
7f83347a8000-7f83347a9000 r--p 00000000 00:39 516                        /tmp/native-8864375492635720988.so
7f83347a9000-7f83347aa000 r-xp 00001000 00:39 516                        /tmp/native-8864375492635720988.so
7f83347aa000-7f83347ab000 r--p 00002000 00:39 516                        /tmp/native-8864375492635720988.so
7f83347ab000-7f83347ac000 r--p 00002000 00:39 516                        /tmp/native-8864375492635720988.so
7f83347ac000-7f83347ad000 rw-p 00003000 00:39 516                        /tmp/native-8864375492635720988.so
7f83347ad000-7f83347af000 r--p 00000000 00:39 514                        /tmp/native-11704520830266920422.so
7f83347af000-7f83347bb000 r-xp 00002000 00:39 514                        /tmp/native-11704520830266920422.so
7f83347bb000-7f83347bd000 r--p 0000e000 00:39 514                        /tmp/native-11704520830266920422.so
7f83347bd000-7f83347be000 ---p 00010000 00:39 514                        /tmp/native-11704520830266920422.so
7f83347be000-7f83347bf000 r--p 00010000 00:39 514                        /tmp/native-11704520830266920422.so
7f83347bf000-7f83347c0000 rw-p 00011000 00:39 514                        /tmp/native-11704520830266920422.so
7f83347c0000-7f8334800000 rw-s 00000000 00:07 1147                       /dev/nvidiactl
7f8334800000-7f8334a59000 r-xp 00000000 00:21 143545                     /usr/lib/libnvidia-glcore.so.580.173.02
7f8334a59000-7f8334a7a000 rwxp 00259000 00:21 143545                     /usr/lib/libnvidia-glcore.so.580.173.02
7f8334a7a000-7f8334c00000 r-xp 0027a000 00:21 143545                     /usr/lib/libnvidia-glcore.so.580.173.02
7f8334c00000-7f8335800000 r-xp 00400000 00:21 143545                     /usr/lib/libnvidia-glcore.so.580.173.02
7f8335800000-7f833697b000 r-xp 01000000 00:21 143545                     /usr/lib/libnvidia-glcore.so.580.173.02
7f833697b000-7f8336af6000 r--p 0217a000 00:21 143545                     /usr/lib/libnvidia-glcore.so.580.173.02
7f8336af6000-7f8336b59000 rw-p 022f5000 00:21 143545                     /usr/lib/libnvidia-glcore.so.580.173.02
7f8336b59000-7f8336b79000 rw-p 00000000 00:00 0 
7f8336b7a000-7f8336b7d000 rw-s 00000000 00:07 1147                       /dev/nvidiactl
7f8336b7d000-7f8336b7f000 rw-s 00000000 00:01 6429                       /memfd:/.glXXXXXX (deleted)
7f8336b7f000-7f8336b83000 rw-s 00000000 00:07 1147                       /dev/nvidiactl
7f8336b83000-7f8336b96000 rw-s 00000000 00:07 1147                       /dev/nvidiactl
7f8336b96000-7f8336bb6000 rw-s 00000000 00:07 1147                       /dev/nvidiactl
7f8336bb6000-7f8336bf6000 rw-s 00000000 00:07 1147                       /dev/nvidiactl
7f8336bf6000-7f8336c16000 rw-s 00000000 00:07 1147                       /dev/nvidiactl
7f8336c16000-7f8336c56000 rw-s 00000000 00:07 1147                       /dev/nvidiactl
7f8336c59000-7f8336c5a000 rw-s 00000000 00:07 1147                       /dev/nvidiactl
7f8336c5a000-7f8336c5e000 rw-s 00000000 00:07 1147                       /dev/nvidiactl
7f8336c5e000-7f8336c71000 rw-s 00000000 00:07 1147                       /dev/nvidiactl
7f8336c71000-7f8336c72000 rw-s 00000000 00:07 1149                       /dev/nvidia0
7f8336c72000-7f8336c74000 rw-s 00000000 00:07 1147                       /dev/nvidiactl
7f8336c74000-7f8336c75000 rw-s 00000000 00:07 1149                       /dev/nvidia0
7f8336c75000-7f8336c76000 rw-s 00000000 00:07 1149                       /dev/nvidia0
7f8336c76000-7f8336c84000 r--p 00000000 00:21 26897                      /usr/lib/libdbus-1.so.3.38.3
7f8336c84000-7f8336cbb000 r-xp 0000e000 00:21 26897                      /usr/lib/libdbus-1.so.3.38.3
7f8336cbb000-7f8336ccd000 r--p 00045000 00:21 26897                      /usr/lib/libdbus-1.so.3.38.3
7f8336ccd000-7f8336ccf000 r--p 00056000 00:21 26897                      /usr/lib/libdbus-1.so.3.38.3
7f8336ccf000-7f8336cd0000 rw-p 00058000 00:21 26897                      /usr/lib/libdbus-1.so.3.38.3
7f8336cd0000-7f8336ce0000 r--p 00000000 00:21 143547                     /usr/lib/libnvidia-glsi.so.580.173.02
7f8336ce0000-7f8336d40000 r-xp 00010000 00:21 143547                     /usr/lib/libnvidia-glsi.so.580.173.02
7f8336d40000-7f8336d5d000 r--p 00070000 00:21 143547                     /usr/lib/libnvidia-glsi.so.580.173.02
7f8336d5d000-7f8336d63000 r--p 0008c000 00:21 143547                     /usr/lib/libnvidia-glsi.so.580.173.02
7f8336d63000-7f8336d64000 rw-p 00092000 00:21 143547                     /usr/lib/libnvidia-glsi.so.580.173.02
7f8336d64000-7f8336d6c000 rw-p 00000000 00:00 0 
7f8336d6c000-7f8336dbd000 r--p 00000000 00:21 143518                     /usr/lib/libGLX_nvidia.so.580.173.02
7f8336dbd000-7f8336e1a000 r-xp 00051000 00:21 143518                     /usr/lib/libGLX_nvidia.so.580.173.02
7f8336e1a000-7f8336e4f000 rwxp 000ae000 00:21 143518                     /usr/lib/libGLX_nvidia.so.580.173.02
7f8336e4f000-7f8336e50000 r-xp 000e3000 00:21 143518                     /usr/lib/libGLX_nvidia.so.580.173.02
7f8336e50000-7f8336e70000 r--p 000e4000 00:21 143518                     /usr/lib/libGLX_nvidia.so.580.173.02
7f8336e70000-7f8336e90000 r--p 00103000 00:21 143518                     /usr/lib/libGLX_nvidia.so.580.173.02
7f8336e90000-7f8336e95000 rw-p 00123000 00:21 143518                     /usr/lib/libGLX_nvidia.so.580.173.02
7f8336e95000-7f8336e97000 rw-p 00000000 00:00 0 
7f8336e97000-7f8336eae000 r--p 00000000 00:21 61792                      /usr/lib/libX11.so.6.4.0
7f8336eae000-7f8336f64000 r-xp 00017000 00:21 61792                      /usr/lib/libX11.so.6.4.0
7f8336f64000-7f8336ff9000 r--p 000cd000 00:21 61792                      /usr/lib/libX11.so.6.4.0
7f8336ff9000-7f8336ffc000 r--p 00162000 00:21 61792                      /usr/lib/libX11.so.6.4.0
7f8336ffc000-7f8336fff000 rw-p 00165000 00:21 61792                      /usr/lib/libX11.so.6.4.0
7f8336fff000-7f8337000000 rw-p 00000000 00:00 0 
7f8337000000-7f8337800000 rw-p 00000000 00:00 0 
7f8337800000-7f8337801000 rw-s 00000000 00:07 1147                       /dev/nvidiactl
7f8337801000-7f8337802000 rw-s 00000000 00:07 1149                       /dev/nvidia0
7f8337802000-7f8337804000 rw-s 00000000 00:07 1147                       /dev/nvidiactl
7f8337804000-7f8337808000 rw-s 00000000 00:07 1147                       /dev/nvidiactl
7f8337808000-7f8337809000 rw-s 00000000 00:07 1149                       /dev/nvidia0
7f8337809000-7f833780d000 r--p 00000000 00:21 143530                     /usr/lib/libnvidia-allocator.so.580.173.02
7f833780d000-7f8337826000 r-xp 00004000 00:21 143530                     /usr/lib/libnvidia-allocator.so.580.173.02
7f8337826000-7f8337831000 r--p 0001d000 00:21 143530                     /usr/lib/libnvidia-allocator.so.580.173.02
7f8337831000-7f8337832000 r--p 00027000 00:21 143530                     /usr/lib/libnvidia-allocator.so.580.173.02
7f8337832000-7f8337833000 rw-p 00028000 00:21 143530                     /usr/lib/libnvidia-allocator.so.580.173.02
7f8337833000-7f8337835000 rw-p 00000000 00:00 0 
7f8337835000-7f833783a000 r--p 00000000 00:21 63249                      /usr/lib/libdrm.so.2.134.0
7f833783a000-7f8337848000 r-xp 00005000 00:21 63249                      /usr/lib/libdrm.so.2.134.0
7f8337848000-7f833784c000 r--p 00013000 00:21 63249                      /usr/lib/libdrm.so.2.134.0
7f833784c000-7f833784d000 r--p 00017000 00:21 63249                      /usr/lib/libdrm.so.2.134.0
7f833784d000-7f833784e000 rw-p 00018000 00:21 63249                      /usr/lib/libdrm.so.2.134.0
7f833784e000-7f8337851000 r--p 00000000 00:21 59406                      /usr/lib/libxcb-xfixes.so.0.0.0
7f8337851000-7f8337854000 r-xp 00003000 00:21 59406                      /usr/lib/libxcb-xfixes.so.0.0.0
7f8337854000-7f8337855000 r--p 00006000 00:21 59406                      /usr/lib/libxcb-xfixes.so.0.0.0
7f8337855000-7f8337856000 r--p 00007000 00:21 59406                      /usr/lib/libxcb-xfixes.so.0.0.0
7f8337856000-7f8337857000 rw-p 00008000 00:21 59406                      /usr/lib/libxcb-xfixes.so.0.0.0
7f8337857000-7f833785a000 r--p 00000000 00:21 59400                      /usr/lib/libxcb-sync.so.1.0.0
7f833785a000-7f833785d000 r-xp 00003000 00:21 59400                      /usr/lib/libxcb-sync.so.1.0.0
7f833785d000-7f833785e000 r--p 00006000 00:21 59400                      /usr/lib/libxcb-sync.so.1.0.0
7f833785e000-7f833785f000 r--p 00007000 00:21 59400                      /usr/lib/libxcb-sync.so.1.0.0
7f833785f000-7f8337860000 rw-p 00008000 00:21 59400                      /usr/lib/libxcb-sync.so.1.0.0
7f8337860000-7f833786c000 r--p 00000000 00:21 59373                      /usr/lib/libxcb-glx.so.0.0.0
7f833786c000-7f8337875000 r-xp 0000c000 00:21 59373                      /usr/lib/libxcb-glx.so.0.0.0
7f8337875000-7f833787a000 r--p 00015000 00:21 59373                      /usr/lib/libxcb-glx.so.0.0.0
7f833787a000-7f833787c000 r--p 0001a000 00:21 59373                      /usr/lib/libxcb-glx.so.0.0.0
7f833787c000-7f833787d000 rw-p 0001c000 00:21 59373                      /usr/lib/libxcb-glx.so.0.0.0
7f833787d000-7f833787f000 r--p 00000000 00:21 131477                     /usr/lib/libGLdispatch.so.0.0.0
7f833787f000-7f8337882000 r-xp 00002000 00:21 131477                     /usr/lib/libGLdispatch.so.0.0.0
7f8337882000-7f83378bd000 r-xp 00005000 00:21 131477                     /usr/lib/libGLdispatch.so.0.0.0
7f83378bd000-7f83378be000 r-xp 00040000 00:21 131477                     /usr/lib/libGLdispatch.so.0.0.0
7f83378be000-7f83378d1000 r--p 00041000 00:21 131477                     /usr/lib/libGLdispatch.so.0.0.0
7f83378d1000-7f83378ed000 r--p 00054000 00:21 131477                     /usr/lib/libGLdispatch.so.0.0.0
7f83378ed000-7f83378ee000 rw-p 00070000 00:21 131477                     /usr/lib/libGLdispatch.so.0.0.0
7f83378ee000-7f83378f6000 rw-p 00000000 00:00 0 
7f83378f6000-7f8337904000 r--p 00000000 103:07 456405                    /run/media/ashy/Shared/.minecraftx/versions/neoforge-21.1.248/neoforge-21.1.248-natives/libglfw.so
7f8337904000-7f8337923000 r-xp 0000e000 103:07 456405                    /run/media/ashy/Shared/.minecraftx/versions/neoforge-21.1.248/neoforge-21.1.248-natives/libglfw.so
7f8337923000-7f8337956000 r--p 0002d000 103:07 456405                    /run/media/ashy/Shared/.minecraftx/versions/neoforge-21.1.248/neoforge-21.1.248-natives/libglfw.so
7f8337956000-7f8337957000 ---p 00060000 103:07 456405                    /run/media/ashy/Shared/.minecraftx/versions/neoforge-21.1.248/neoforge-21.1.248-natives/libglfw.so
7f8337957000-7f833795a000 r--p 00060000 103:07 456405                    /run/media/ashy/Shared/.minecraftx/versions/neoforge-21.1.248/neoforge-21.1.248-natives/libglfw.so
7f833795a000-7f833795d000 rw-p 00063000 103:07 456405                    /run/media/ashy/Shared/.minecraftx/versions/neoforge-21.1.248/neoforge-21.1.248-natives/libglfw.so
7f833795d000-7f8337980000 rw-p 00000000 00:00 0 
7f8337980000-7f8337988000 r--p 00000000 103:07 456404                    /run/media/ashy/Shared/.minecraftx/versions/neoforge-21.1.248/neoforge-21.1.248-natives/libjemalloc.so
7f8337988000-7f83379dd000 r-xp 00008000 103:07 456404                    /run/media/ashy/Shared/.minecraftx/versions/neoforge-21.1.248/neoforge-21.1.248-natives/libjemalloc.so
7f83379dd000-7f83379ed000 r--p 0005d000 103:07 456404                    /run/media/ashy/Shared/.minecraftx/versions/neoforge-21.1.248/neoforge-21.1.248-natives/libjemalloc.so
7f83379ed000-7f83379ee000 ---p 0006d000 103:07 456404                    /run/media/ashy/Shared/.minecraftx/versions/neoforge-21.1.248/neoforge-21.1.248-natives/libjemalloc.so
7f83379ee000-7f83379f4000 r--p 0006d000 103:07 456404                    /run/media/ashy/Shared/.minecraftx/versions/neoforge-21.1.248/neoforge-21.1.248-natives/libjemalloc.so
7f83379f4000-7f83379f5000 rw-p 00073000 103:07 456404                    /run/media/ashy/Shared/.minecraftx/versions/neoforge-21.1.248/neoforge-21.1.248-natives/libjemalloc.so
7f83379f5000-7f8338500000 rw-p 00000000 00:00 0 
7f8338500000-7f8338520000 rw-p 00000000 00:00 0 
7f8338520000-7f8338540000 rw-p 00000000 00:00 0 
7f8338540000-7f8338580000 rw-p 00000000 00:00 0 
7f8338580000-7f8338700000 rw-p 00000000 00:00 0 
7f8338700000-7f8338720000 rw-p 00000000 00:00 0 
7f8338720000-7f8338740000 rw-p 00000000 00:00 0 
7f8338740000-7f8338780000 rw-p 00000000 00:00 0 
7f8338780000-7f8338a00000 rw-p 00000000 00:00 0 
7f8338a00000-7f8338b00000 rw-p 00000000 00:00 0 
7f8338b00000-7f8338d00000 rw-p 00000000 00:00 0 
7f8338d00000-7f8338f00000 rw-p 00000000 00:00 0 
7f8338f00000-7f8339000000 rw-p 00000000 00:00 0 
7f8339000000-7f8339100000 rw-p 00000000 00:00 0 
7f8339100000-7f8339200000 rw-p 00000000 00:00 0 
7f8339200000-7f8339280000 rw-p 00000000 00:00 0 
7f8339280000-7f8339300000 rw-p 00000000 00:00 0 
7f8339300000-7f8339440000 rw-p 00000000 00:00 0 
7f8339440000-7f8339480000 rw-p 00000000 00:00 0 
7f8339480000-7f8339500000 rw-p 00000000 00:00 0 
7f8339500000-7f8339700000 rw-p 00000000 00:00 0 
7f8339700000-7f8339800000 rw-p 00000000 00:00 0 
7f8339800000-7f8339900000 rw-p 00000000 00:00 0 
7f8339900000-7f8339a00000 rw-p 00000000 00:00 0 
7f8339a00000-7f8339e40000 rw-p 00000000 00:00 0 
7f8339e40000-7f8339e60000 rw-p 00000000 00:00 0 
7f8339e60000-7f8339f00000 rw-p 00000000 00:00 0 
7f8339f00000-7f8339f20000 rw-p 00000000 00:00 0 
7f8339f20000-7f833a200000 rw-p 00000000 00:00 0 
7f833a200000-7f833a220000 rw-p 00000000 00:00 0 
7f833a220000-7f833a500000 rw-p 00000000 00:00 0 
7f833a500000-7f833a700000 rw-p 00000000 00:00 0 
7f833a700000-7f833a800000 rw-p 00000000 00:00 0 
7f833a800000-7f833ab00000 rw-p 00000000 00:00 0 
7f833ab00000-7f833ac00000 rw-p 00000000 00:00 0 
7f833ac00000-7f833bd00000 rw-p 00000000 00:00 0 
7f833bd00000-7f833be00000 rw-p 00000000 00:00 0 
7f833be00000-7f833c000000 rw-p 00000000 00:00 0 
7f833c000000-7f833f2f7000 rw-p 00000000 00:00 0 
7f833f2f7000-7f8340000000 ---p 00000000 00:00 0 
7f8340000000-7f834189a000 rw-p 00000000 00:00 0 
7f834189a000-7f8344000000 ---p 00000000 00:00 0 
7f8344000000-7f8345427000 rw-p 00000000 00:00 0 
7f8345427000-7f8348000000 ---p 00000000 00:00 0 
7f8348000000-7f8348002000 r--p 00000000 00:21 59370                      /usr/lib/libxcb-dri3.so.0.1.0
7f8348002000-7f8348004000 r-xp 00002000 00:21 59370                      /usr/lib/libxcb-dri3.so.0.1.0
7f8348004000-7f8348005000 r--p 00004000 00:21 59370                      /usr/lib/libxcb-dri3.so.0.1.0
7f8348005000-7f8348006000 r--p 00004000 00:21 59370                      /usr/lib/libxcb-dri3.so.0.1.0
7f8348006000-7f8348007000 rw-p 00005000 00:21 59370                      /usr/lib/libxcb-dri3.so.0.1.0
7f8348007000-7f834800e000 r--p 00000000 00:21 59379                      /usr/lib/libxcb-randr.so.0.1.0
7f834800e000-7f8348014000 r-xp 00007000 00:21 59379                      /usr/lib/libxcb-randr.so.0.1.0
7f8348014000-7f8348017000 r--p 0000d000 00:21 59379                      /usr/lib/libxcb-randr.so.0.1.0
7f8348017000-7f8348018000 r--p 00010000 00:21 59379                      /usr/lib/libxcb-randr.so.0.1.0
7f8348018000-7f8348019000 rw-p 00011000 00:21 59379                      /usr/lib/libxcb-randr.so.0.1.0
7f8348019000-7f834801a000 r--p 00000000 00:21 143581                     /usr/lib/libnvidia-tls.so.580.173.02
7f834801a000-7f834801c000 r-xp 00001000 00:21 143581                     /usr/lib/libnvidia-tls.so.580.173.02
7f834801c000-7f834801d000 r--p 00003000 00:21 143581                     /usr/lib/libnvidia-tls.so.580.173.02
7f834801d000-7f834801e000 r--p 00003000 00:21 143581                     /usr/lib/libnvidia-tls.so.580.173.02
7f834801e000-7f834801f000 rw-p 00004000 00:21 143581                     /usr/lib/libnvidia-tls.so.580.173.02
7f834801f000-7f8348021000 r--p 00000000 00:21 131474                     /usr/lib/libGLX.so.0.0.0
7f8348021000-7f834803c000 r-xp 00002000 00:21 131474                     /usr/lib/libGLX.so.0.0.0
7f834803c000-7f834803f000 r--p 0001d000 00:21 131474                     /usr/lib/libGLX.so.0.0.0
7f834803f000-7f8348040000 r--p 00020000 00:21 131474                     /usr/lib/libGLX.so.0.0.0
7f8348040000-7f8348041000 rw-p 00021000 00:21 131474                     /usr/lib/libGLX.so.0.0.0
7f8348041000-7f8348051000 rw-p 00000000 00:00 0 
7f8348051000-7f8348054000 r--p 00000000 00:21 149779                     /usr/lib/libXcursor.so.1.0.2
7f8348054000-7f834805b000 r-xp 00003000 00:21 149779                     /usr/lib/libXcursor.so.1.0.2
7f834805b000-7f834805d000 r--p 0000a000 00:21 149779                     /usr/lib/libXcursor.so.1.0.2
7f834805d000-7f834805e000 r--p 0000c000 00:21 149779                     /usr/lib/libXcursor.so.1.0.2
7f834805e000-7f834805f000 rw-p 0000d000 00:21 149779                     /usr/lib/libXcursor.so.1.0.2
7f834805f000-7f8348061000 r--p 00000000 00:21 63113                      /usr/lib/libXrender.so.1.3.0
7f8348061000-7f8348069000 r-xp 00002000 00:21 63113                      /usr/lib/libXrender.so.1.3.0
7f8348069000-7f834806b000 r--p 0000a000 00:21 63113                      /usr/lib/libXrender.so.1.3.0
7f834806b000-7f834806c000 r--p 0000b000 00:21 63113                      /usr/lib/libXrender.so.1.3.0
7f834806c000-7f834806d000 rw-p 0000c000 00:21 63113                      /usr/lib/libXrender.so.1.3.0
7f834806d000-7f8348070000 r--p 00000000 00:21 148001                     /usr/lib/libXi.so.6.1.0
7f8348070000-7f834807f000 r-xp 00003000 00:21 148001                     /usr/lib/libXi.so.6.1.0
7f834807f000-7f8348082000 r--p 00012000 00:21 148001                     /usr/lib/libXi.so.6.1.0
7f8348082000-7f8348083000 r--p 00014000 00:21 148001                     /usr/lib/libXi.so.6.1.0
7f8348083000-7f8348084000 rw-p 00015000 00:21 148001                     /usr/lib/libXi.so.6.1.0
7f8348084000-7f83480ad000 r--p 00000000 103:07 456403                    /run/media/ashy/Shared/.minecraftx/versions/neoforge-21.1.248/neoforge-21.1.248-natives/liblwjgl.so
7f83480ad000-7f83480df000 r-xp 00029000 103:07 456403                    /run/media/ashy/Shared/.minecraftx/versions/neoforge-21.1.248/neoforge-21.1.248-natives/liblwjgl.so
7f83480df000-7f83480f8000 r--p 0005b000 103:07 456403                    /run/media/ashy/Shared/.minecraftx/versions/neoforge-21.1.248/neoforge-21.1.248-natives/liblwjgl.so
7f83480f8000-7f83480f9000 r--p 00073000 103:07 456403                    /run/media/ashy/Shared/.minecraftx/versions/neoforge-21.1.248/neoforge-21.1.248-natives/liblwjgl.so
7f83480f9000-7f83480fa000 rw-p 00074000 103:07 456403                    /run/media/ashy/Shared/.minecraftx/versions/neoforge-21.1.248/neoforge-21.1.248-natives/liblwjgl.so
7f83480fa000-7f83480fb000 rw-p 00000000 00:00 0 
7f83480fb000-7f83480ff000 ---p 00000000 00:00 0 
7f83480ff000-7f83481fc000 rw-p 00000000 00:00 0 
7f83481fc000-7f8348200000 ---p 00000000 00:00 0 
7f8348200000-7f8348600000 rw-p 00000000 00:00 0 
7f8348600000-7f8348604000 ---p 00000000 00:00 0 
7f8348604000-7f8348701000 rw-p 00000000 00:00 0 
7f8348701000-7f8348705000 ---p 00000000 00:00 0 
7f8348705000-7f8348802000 rw-p 00000000 00:00 0 
7f8348802000-7f8348806000 ---p 00000000 00:00 0 
7f8348806000-7f8348903000 rw-p 00000000 00:00 0 
7f8348903000-7f8348907000 ---p 00000000 00:00 0 
7f8348907000-7f8348a04000 rw-p 00000000 00:00 0 
7f8348a04000-7f8348a08000 ---p 00000000 00:00 0 
7f8348a08000-7f8348b05000 rw-p 00000000 00:00 0 
7f8348b05000-7f8348b09000 ---p 00000000 00:00 0 
7f8348b09000-7f8348c06000 rw-p 00000000 00:00 0 
7f8348c06000-7f8348c0a000 ---p 00000000 00:00 0 
7f8348c0a000-7f8348d06000 rw-p 00000000 00:00 0 
7f8348d06000-7f8348d07000 rw-s 00000000 00:07 1149                       /dev/nvidia0
7f8348d07000-7f8348d27000 rw-s 00000000 00:07 1147                       /dev/nvidiactl
7f8348d27000-7f8348d67000 rw-s 00000000 00:07 1147                       /dev/nvidiactl
7f8348d67000-7f8348d68000 r--p 00000000 00:00 0 
7f8348d68000-7f8348d69000 rw-p 00000000 00:00 0 
7f8348d69000-7f8348d6d000 ---p 00000000 00:00 0 
7f8348d6d000-7f834936f000 rw-p 00000000 00:00 0 
7f834936f000-7f8349373000 ---p 00000000 00:00 0 
7f8349373000-7f8349470000 rw-p 00000000 00:00 0 
7f8349470000-7f8349474000 ---p 00000000 00:00 0 
7f8349474000-7f8349570000 rw-p 00000000 00:00 0 
7f8349570000-7f8349573000 r--p 00000000 00:21 16946                      /usr/lib/libnss_resolve.so.2
7f8349573000-7f83495a6000 r-xp 00003000 00:21 16946                      /usr/lib/libnss_resolve.so.2
7f83495a6000-7f83495be000 r--p 00036000 00:21 16946                      /usr/lib/libnss_resolve.so.2
7f83495be000-7f83495c5000 r--p 0004e000 00:21 16946                      /usr/lib/libnss_resolve.so.2
7f83495c5000-7f83495c6000 rw-p 00055000 00:21 16946                      /usr/lib/libnss_resolve.so.2
7f83495c6000-7f83495ca000 r--p 00000000 00:21 4965                       /usr/lib/libgcc_s.so.1
7f83495ca000-7f83495f4000 r-xp 00004000 00:21 4965                       /usr/lib/libgcc_s.so.1
7f83495f4000-7f83495f8000 r--p 0002e000 00:21 4965                       /usr/lib/libgcc_s.so.1
7f83495f8000-7f83495f9000 r--p 00032000 00:21 4965                       /usr/lib/libgcc_s.so.1
7f83495f9000-7f83495fa000 rw-p 00033000 00:21 4965                       /usr/lib/libgcc_s.so.1
7f83495fa000-7f83495fb000 rw-p 00000000 00:00 0 
7f83495fb000-7f83495ff000 ---p 00000000 00:00 0 
7f83495ff000-7f83496fc000 rw-p 00000000 00:00 0 
7f83496fc000-7f8349700000 ---p 00000000 00:00 0 
7f8349700000-7f83497fd000 rw-p 00000000 00:00 0 
7f83497fd000-7f8349801000 ---p 00000000 00:00 0 
7f8349801000-7f83498fe000 rw-p 00000000 00:00 0 
7f83498fe000-7f8349902000 ---p 00000000 00:00 0 
7f8349902000-7f83499ff000 rw-p 00000000 00:00 0 
7f83499ff000-7f8349a03000 ---p 00000000 00:00 0 
7f8349a03000-7f8349b00000 rw-p 00000000 00:00 0 
7f8349b00000-7f8349b04000 ---p 00000000 00:00 0 
7f8349b04000-7f8349c00000 rw-p 00000000 00:00 0 
7f8349c00000-7f8349eed000 r--p 00000000 00:21 141812                     /usr/lib/locale/locale-archive
7f8349eed000-7f8349eee000 rw-s 00000000 00:07 1149                       /dev/nvidia0
7f8349eee000-7f8349eef000 rw-s 00000000 00:07 1149                       /dev/nvidia0
7f8349eef000-7f8349ef0000 rw-s 00000000 00:07 1147                       /dev/nvidiactl
7f8349ef0000-7f8349ef2000 r--p 00000000 00:21 149878                     /usr/lib/libXrandr.so.2.2.0
7f8349ef2000-7f8349efb000 r-xp 00002000 00:21 149878                     /usr/lib/libXrandr.so.2.2.0
7f8349efb000-7f8349efd000 r--p 0000b000 00:21 149878                     /usr/lib/libXrandr.so.2.2.0
7f8349efd000-7f8349efe000 r--p 0000c000 00:21 149878                     /usr/lib/libXrandr.so.2.2.0
7f8349efe000-7f8349eff000 rw-p 0000d000 00:21 149878                     /usr/lib/libXrandr.so.2.2.0
7f8349eff000-7f8349f00000 rw-p 00000000 00:00 0 
7f8349f00000-7f8349f04000 ---p 00000000 00:00 0 
7f8349f04000-7f834a000000 rw-p 00000000 00:00 0 
7f834a000000-7f834fdf0000 rw-p 00000000 00:00 0 
7f834fdf0000-7f8350000000 ---p 00000000 00:00 0 
7f8350000000-7f8351e67000 rw-p 00000000 00:00 0 
7f8351e67000-7f8354000000 ---p 00000000 00:00 0 
7f8354000000-7f8357272000 rw-p 00000000 00:00 0 
7f8357272000-7f8358000000 ---p 00000000 00:00 0 
7f8358000000-7f835800c000 r--p 00000000 00:21 59427                      /usr/lib/libxcb.so.1.1.0
7f835800c000-7f8358022000 r-xp 0000c000 00:21 59427                      /usr/lib/libxcb.so.1.1.0
7f8358022000-7f835802b000 r--p 00022000 00:21 59427                      /usr/lib/libxcb.so.1.1.0
7f835802b000-7f835802c000 r--p 0002a000 00:21 59427                      /usr/lib/libxcb.so.1.1.0
7f835802c000-7f835802d000 rw-p 0002b000 00:21 59427                      /usr/lib/libxcb.so.1.1.0
7f835802d000-7f83580fb000 r-xp 00000000 103:07 449599                    /run/media/ashy/Shared/.minecraftx/jre/java-runtime-delta/lib/libjsvml.so
7f83580fb000-7f83580fc000 r--p 000cd000 103:07 449599                    /run/media/ashy/Shared/.minecraftx/jre/java-runtime-delta/lib/libjsvml.so
7f83580fc000-7f83580fd000 rw-p 000ce000 103:07 449599                    /run/media/ashy/Shared/.minecraftx/jre/java-runtime-delta/lib/libjsvml.so
7f83580fd000-7f83580fe000 rw-p 00000000 00:00 0 
7f83580fe000-7f8358102000 ---p 00000000 00:00 0 
7f8358102000-7f83581ff000 rw-p 00000000 00:00 0 
7f83581ff000-7f8358203000 ---p 00000000 00:00 0 
7f8358203000-7f8358300000 rw-p 00000000 00:00 0 
7f8358300000-7f8358304000 ---p 00000000 00:00 0 
7f8358304000-7f8358400000 rw-p 00000000 00:00 0 
7f8358400000-7f835b3d0000 rw-p 00000000 00:00 0 
7f835b3d0000-7f8360310000 ---p 00000000 00:00 0 
7f8360310000-7f83609fa000 rw-p 00000000 00:00 0 
7f83609fa000-7f83613e2000 ---p 00000000 00:00 0 
7f83613e2000-7f8361400000 rw-p 00000000 00:00 0 
7f8361400000-7f8363690000 rwxp 00000000 00:00 0 
7f8363690000-7f8368937000 ---p 00000000 00:00 0 
7f8368937000-7f8368ec7000 rwxp 00000000 00:00 0 
7f8368ec7000-7f8368ec9000 ---p 00000000 00:00 0 
7f8368ec9000-7f836a1a9000 rwxp 00000000 00:00 0 
7f836a1a9000-7f8370400000 ---p 00000000 00:00 0 
7f8370400000-7f8370401000 r--p 00000000 00:21 59376                      /usr/lib/libxcb-present.so.0.0.0
7f8370401000-7f8370402000 r-xp 00001000 00:21 59376                      /usr/lib/libxcb-present.so.0.0.0
7f8370402000-7f8370403000 r--p 00002000 00:21 59376                      /usr/lib/libxcb-present.so.0.0.0
7f8370403000-7f8370404000 r--p 00002000 00:21 59376                      /usr/lib/libxcb-present.so.0.0.0
7f8370404000-7f8370405000 rw-p 00003000 00:21 59376                      /usr/lib/libxcb-present.so.0.0.0
7f8370405000-7f8370406000 r--p 00000000 00:21 61789                      /usr/lib/libX11-xcb.so.1.0.0
7f8370406000-7f8370407000 r-xp 00001000 00:21 61789                      /usr/lib/libX11-xcb.so.1.0.0
7f8370407000-7f8370408000 r--p 00002000 00:21 61789                      /usr/lib/libX11-xcb.so.1.0.0
7f8370408000-7f8370409000 r--p 00002000 00:21 61789                      /usr/lib/libX11-xcb.so.1.0.0
7f8370409000-7f837040a000 rw-p 00003000 00:21 61789                      /usr/lib/libX11-xcb.so.1.0.0
7f837040a000-7f837040e000 r--p 00000000 00:21 63035                      /usr/lib/libXext.so.6.4.0
7f837040e000-7f837041e000 r-xp 00004000 00:21 63035                      /usr/lib/libXext.so.6.4.0
7f837041e000-7f8370422000 r--p 00014000 00:21 63035                      /usr/lib/libXext.so.6.4.0
7f8370422000-7f8370423000 r--p 00017000 00:21 63035                      /usr/lib/libXext.so.6.4.0
7f8370423000-7f8370424000 rw-p 00018000 00:21 63035                      /usr/lib/libXext.so.6.4.0
7f8370424000-7f8370428000 r--p 00000000 00:21 16945                      /usr/lib/libnss_mymachines.so.2
7f8370428000-7f8370479000 r-xp 00004000 00:21 16945                      /usr/lib/libnss_mymachines.so.2
7f8370479000-7f8370493000 r--p 00055000 00:21 16945                      /usr/lib/libnss_mymachines.so.2
7f8370493000-7f8370496000 r--p 0006f000 00:21 16945                      /usr/lib/libnss_mymachines.so.2
7f8370496000-7f8370497000 rw-p 00072000 00:21 16945                      /usr/lib/libnss_mymachines.so.2
7f8370497000-7f8374000000 r--s 00000000 103:07 1993                      /run/media/ashy/Shared/.minecraftx/jre/java-runtime-delta/lib/modules
7f8374000000-7f8377fff000 rw-p 00000000 00:00 0 
7f8377fff000-7f8378000000 ---p 00000000 00:00 0 
7f8378000000-7f8378001000 r--p 00000000 00:21 149862                     /usr/lib/libXinerama.so.1.0.0
7f8378001000-7f8378002000 r-xp 00001000 00:21 149862                     /usr/lib/libXinerama.so.1.0.0
7f8378002000-7f8378003000 r--p 00002000 00:21 149862                     /usr/lib/libXinerama.so.1.0.0
7f8378003000-7f8378004000 r--p 00002000 00:21 149862                     /usr/lib/libXinerama.so.1.0.0
7f8378004000-7f8378005000 rw-p 00003000 00:21 149862                     /usr/lib/libXinerama.so.1.0.0
7f8378005000-7f8378007000 r--p 00000000 00:21 147988                     /usr/lib/libXfixes.so.3.1.0
7f8378007000-7f837800a000 r-xp 00002000 00:21 147988                     /usr/lib/libXfixes.so.3.1.0
7f837800a000-7f837800b000 r--p 00005000 00:21 147988                     /usr/lib/libXfixes.so.3.1.0
7f837800b000-7f837800c000 r--p 00006000 00:21 147988                     /usr/lib/libXfixes.so.3.1.0
7f837800c000-7f837800d000 rw-p 00007000 00:21 147988                     /usr/lib/libXfixes.so.3.1.0
7f837800d000-7f837800e000 r--p 00000000 00:21 131164                     /usr/lib/libXxf86vm.so.1.0.0
7f837800e000-7f8378012000 r-xp 00001000 00:21 131164                     /usr/lib/libXxf86vm.so.1.0.0
7f8378012000-7f8378013000 r--p 00005000 00:21 131164                     /usr/lib/libXxf86vm.so.1.0.0
7f8378013000-7f8378014000 r--p 00005000 00:21 131164                     /usr/lib/libXxf86vm.so.1.0.0
7f8378014000-7f8378015000 rw-p 00006000 00:21 131164                     /usr/lib/libXxf86vm.so.1.0.0
7f8378015000-7f8378217000 rw-p 00000000 00:00 0 
7f837821c000-7f837821f000 r--p 00000000 00:21 167498                     /usr/lib/pipewire-0.3/libpipewire-module-protocol-native.so
7f837821f000-7f837823d000 r-xp 00003000 00:21 167498                     /usr/lib/pipewire-0.3/libpipewire-module-protocol-native.so
7f837823d000-7f8378248000 r--p 00021000 00:21 167498                     /usr/lib/pipewire-0.3/libpipewire-module-protocol-native.so
7f8378248000-7f8378253000 r--p 0002c000 00:21 167498                     /usr/lib/pipewire-0.3/libpipewire-module-protocol-native.so
7f8378253000-7f8378254000 rw-p 00037000 00:21 167498                     /usr/lib/pipewire-0.3/libpipewire-module-protocol-native.so
7f8378254000-7f8378256000 r--p 00000000 00:21 167499                     /usr/lib/pipewire-0.3/libpipewire-module-rt.so
7f8378256000-7f837825a000 r-xp 00002000 00:21 167499                     /usr/lib/pipewire-0.3/libpipewire-module-rt.so
7f837825a000-7f837825c000 r--p 00006000 00:21 167499                     /usr/lib/pipewire-0.3/libpipewire-module-rt.so
7f837825c000-7f837825d000 r--p 00007000 00:21 167499                     /usr/lib/pipewire-0.3/libpipewire-module-rt.so
7f837825d000-7f837825e000 rw-p 00008000 00:21 167499                     /usr/lib/pipewire-0.3/libpipewire-module-rt.so
7f837825e000-7f837825f000 r--p 00000000 00:21 167509                     /usr/lib/spa-0.2/support/libspa-dbus.so
7f837825f000-7f8378262000 r-xp 00001000 00:21 167509                     /usr/lib/spa-0.2/support/libspa-dbus.so
7f8378262000-7f8378263000 r--p 00004000 00:21 167509                     /usr/lib/spa-0.2/support/libspa-dbus.so
7f8378263000-7f8378264000 r--p 00004000 00:21 167509                     /usr/lib/spa-0.2/support/libspa-dbus.so
7f8378264000-7f8378265000 rw-p 00005000 00:21 167509                     /usr/lib/spa-0.2/support/libspa-dbus.so
7f8378265000-7f8378266000 r--p 00000000 00:21 167510                     /usr/lib/spa-0.2/support/libspa-journal.so
7f8378266000-7f8378268000 r-xp 00001000 00:21 167510                     /usr/lib/spa-0.2/support/libspa-journal.so
7f8378268000-7f8378269000 r--p 00003000 00:21 167510                     /usr/lib/spa-0.2/support/libspa-journal.so
7f8378269000-7f837826a000 r--p 00003000 00:21 167510                     /usr/lib/spa-0.2/support/libspa-journal.so
7f837826a000-7f837826b000 rw-p 00004000 00:21 167510                     /usr/lib/spa-0.2/support/libspa-journal.so
7f837826b000-7f837826d000 r--p 00000000 00:21 167511                     /usr/lib/spa-0.2/support/libspa-support.so
7f837826d000-7f8378289000 r-xp 00002000 00:21 167511                     /usr/lib/spa-0.2/support/libspa-support.so
7f8378289000-7f837828f000 r--p 0001e000 00:21 167511                     /usr/lib/spa-0.2/support/libspa-support.so
7f837828f000-7f8378297000 r--p 00024000 00:21 167511                     /usr/lib/spa-0.2/support/libspa-support.so
7f8378297000-7f8378298000 rw-p 0002c000 00:21 167511                     /usr/lib/spa-0.2/support/libspa-support.so
7f8378298000-7f83782f3000 rw-p 00000000 00:00 0 
7f83782f3000-7f83784f5000 rw-p 00000000 00:00 0 
7f83784f5000-7f8378cfd000 rw-p 00000000 00:00 0 
7f8378cfd000-7f8379000000 rw-p 00000000 00:00 0 
7f8379000000-7f83795fa000 rw-p 00000000 00:00 0 
7f83795fa000-7f8379fe2000 ---p 00000000 00:00 0 
7f8379fe2000-7f837a000000 rw-p 00000000 00:00 0 
7f837a000000-7f837a002000 r--p 00000000 00:21 59289                      /usr/lib/libXdmcp.so.6.0.0
7f837a002000-7f837a004000 r-xp 00002000 00:21 59289                      /usr/lib/libXdmcp.so.6.0.0
7f837a004000-7f837a006000 r--p 00004000 00:21 59289                      /usr/lib/libXdmcp.so.6.0.0
7f837a006000-7f837a007000 r--p 00005000 00:21 59289                      /usr/lib/libXdmcp.so.6.0.0
7f837a007000-7f837a008000 rw-p 00006000 00:21 59289                      /usr/lib/libXdmcp.so.6.0.0
7f837a008000-7f837a009000 r--p 00000000 00:21 59302                      /usr/lib/libXau.so.6.0.0
7f837a009000-7f837a00a000 r-xp 00001000 00:21 59302                      /usr/lib/libXau.so.6.0.0
7f837a00a000-7f837a00b000 r--p 00002000 00:21 59302                      /usr/lib/libXau.so.6.0.0
7f837a00b000-7f837a00c000 r--p 00002000 00:21 59302                      /usr/lib/libXau.so.6.0.0
7f837a00c000-7f837a00d000 rw-p 00003000 00:21 59302                      /usr/lib/libXau.so.6.0.0
7f837a00d000-7f837a012000 r-xp 00000000 103:07 449604                    /run/media/ashy/Shared/.minecraftx/jre/java-runtime-delta/lib/libmanagement_ext.so
7f837a012000-7f837a013000 ---p 00005000 103:07 449604                    /run/media/ashy/Shared/.minecraftx/jre/java-runtime-delta/lib/libmanagement_ext.so
7f837a013000-7f837a014000 r--p 00005000 103:07 449604                    /run/media/ashy/Shared/.minecraftx/jre/java-runtime-delta/lib/libmanagement_ext.so
7f837a014000-7f837a015000 rw-p 00006000 103:07 449604                    /run/media/ashy/Shared/.minecraftx/jre/java-runtime-delta/lib/libmanagement_ext.so
7f837a015000-7f837a019000 r-xp 00000000 103:07 449602                    /run/media/ashy/Shared/.minecraftx/jre/java-runtime-delta/lib/libmanagement.so
7f837a019000-7f837a01a000 r--p 00003000 103:07 449602                    /run/media/ashy/Shared/.minecraftx/jre/java-runtime-delta/lib/libmanagement.so
7f837a01a000-7f837a01b000 rw-p 00004000 103:07 449602                    /run/media/ashy/Shared/.minecraftx/jre/java-runtime-delta/lib/libmanagement.so
7f837a01b000-7f837a028000 r-xp 00000000 103:07 449616                    /run/media/ashy/Shared/.minecraftx/jre/java-runtime-delta/lib/libverify.so
7f837a028000-7f837a02a000 r--p 0000c000 103:07 449616                    /run/media/ashy/Shared/.minecraftx/jre/java-runtime-delta/lib/libverify.so
7f837a02a000-7f837a02b000 rw-p 0000e000 103:07 449616                    /run/media/ashy/Shared/.minecraftx/jre/java-runtime-delta/lib/libverify.so
7f837a02b000-7f837a037000 r-xp 00000000 103:07 449613                    /run/media/ashy/Shared/.minecraftx/jre/java-runtime-delta/lib/libnet.so
7f837a037000-7f837a038000 r--p 0000b000 103:07 449613                    /run/media/ashy/Shared/.minecraftx/jre/java-runtime-delta/lib/libnet.so
7f837a038000-7f837a039000 rw-p 0000c000 103:07 449613                    /run/media/ashy/Shared/.minecraftx/jre/java-runtime-delta/lib/libnet.so
7f837a039000-7f837a04d000 r-xp 00000000 103:07 449606                    /run/media/ashy/Shared/.minecraftx/jre/java-runtime-delta/lib/libnio.so
7f837a04d000-7f837a04e000 r--p 00013000 103:07 449606                    /run/media/ashy/Shared/.minecraftx/jre/java-runtime-delta/lib/libnio.so
7f837a04e000-7f837a04f000 rw-p 00014000 103:07 449606                    /run/media/ashy/Shared/.minecraftx/jre/java-runtime-delta/lib/libnio.so
7f837a04f000-7f837a056000 r-xp 00000000 103:07 449614                    /run/media/ashy/Shared/.minecraftx/jre/java-runtime-delta/lib/libzip.so
7f837a056000-7f837a057000 ---p 00007000 103:07 449614                    /run/media/ashy/Shared/.minecraftx/jre/java-runtime-delta/lib/libzip.so
7f837a057000-7f837a058000 r--p 00007000 103:07 449614                    /run/media/ashy/Shared/.minecraftx/jre/java-runtime-delta/lib/libzip.so
7f837a058000-7f837a059000 rw-p 00008000 103:07 449614                    /run/media/ashy/Shared/.minecraftx/jre/java-runtime-delta/lib/libzip.so
7f837a059000-7f837a05a000 rw-s 00000000 00:07 1147                       /dev/nvidiactl
7f837a05a000-7f837a07a000 rw-s 00000000 00:07 1147                       /dev/nvidiactl
7f837a09a000-7f837a9cf000 rw-p 00000000 00:00 0 
7f837a9cf000-7f837aa94000 ---p 00000000 00:00 0 
7f837aa94000-7f837aada000 rw-p 00000000 00:00 0 
7f837aada000-7f837ab7f000 ---p 00000000 00:00 0 
7f837ab7f000-7f837ab83000 ---p 00000000 00:00 0 
7f837ab83000-7f837ac7f000 rw-p 00000000 00:00 0 
7f837ac7f000-7f837c095000 r-xp 00000000 103:07 449621                    /run/media/ashy/Shared/.minecraftx/jre/java-runtime-delta/lib/server/libjvm.so
7f837c095000-7f837c096000 ---p 01416000 103:07 449621                    /run/media/ashy/Shared/.minecraftx/jre/java-runtime-delta/lib/server/libjvm.so
7f837c096000-7f837c16a000 r--p 01416000 103:07 449621                    /run/media/ashy/Shared/.minecraftx/jre/java-runtime-delta/lib/server/libjvm.so
7f837c16a000-7f837c19a000 rw-p 014ea000 103:07 449621                    /run/media/ashy/Shared/.minecraftx/jre/java-runtime-delta/lib/server/libjvm.so
7f837c19a000-7f837c200000 rw-p 00000000 00:00 0 
7f837c200000-7f837c224000 r--p 00000000 00:21 4147                       /usr/lib/libc.so.6
7f837c224000-7f837c3c3000 r-xp 00024000 00:21 4147                       /usr/lib/libc.so.6
7f837c3c3000-7f837c43c000 r--p 001c3000 00:21 4147                       /usr/lib/libc.so.6
7f837c43c000-7f837c440000 r--p 0023c000 00:21 4147                       /usr/lib/libc.so.6
7f837c440000-7f837c442000 rw-p 00240000 00:21 4147                       /usr/lib/libc.so.6
7f837c442000-7f837c44a000 rw-p 00000000 00:00 0 
7f837c44a000-7f837c44b000 rw-s 00000000 00:07 1147                       /dev/nvidiactl
7f837c44b000-7f837c44c000 r--s 00000000 00:07 1147                       /dev/nvidiactl
7f837c44c000-7f837c44d000 rw-p 00000000 00:00 0 
7f837c44d000-7f837c44e000 r-xp 00059000 103:07 456403                    /run/media/ashy/Shared/.minecraftx/versions/neoforge-21.1.248/neoforge-21.1.248-natives/liblwjgl.so
7f837c44e000-7f837c44f000 rw-p 00000000 00:00 0 
7f837c44f000-7f837c451000 r-xp 00000000 103:07 449584                    /run/media/ashy/Shared/.minecraftx/jre/java-runtime-delta/lib/libextnet.so
7f837c451000-7f837c452000 r--p 00001000 103:07 449584                    /run/media/ashy/Shared/.minecraftx/jre/java-runtime-delta/lib/libextnet.so
7f837c452000-7f837c453000 rw-p 00002000 103:07 449584                    /run/media/ashy/Shared/.minecraftx/jre/java-runtime-delta/lib/libextnet.so
7f837c453000-7f837c45f000 rw-p 00000000 00:00 0 
7f837c45f000-7f837c467000 rw-s 00000000 00:39 486                        /tmp/hsperfdata_ashy/29910
7f837c467000-7f837c487000 r-xp 00000000 103:07 449590                    /run/media/ashy/Shared/.minecraftx/jre/java-runtime-delta/lib/libjava.so
7f837c487000-7f837c488000 ---p 00020000 103:07 449590                    /run/media/ashy/Shared/.minecraftx/jre/java-runtime-delta/lib/libjava.so
7f837c488000-7f837c489000 r--p 00020000 103:07 449590                    /run/media/ashy/Shared/.minecraftx/jre/java-runtime-delta/lib/libjava.so
7f837c489000-7f837c48a000 rw-p 00021000 103:07 449590                    /run/media/ashy/Shared/.minecraftx/jre/java-runtime-delta/lib/libjava.so
7f837c48a000-7f837c48b000 rw-p 00000000 00:00 0 
7f837c48b000-7f837c495000 r-xp 00000000 103:07 449586                    /run/media/ashy/Shared/.minecraftx/jre/java-runtime-delta/lib/libinstrument.so
7f837c495000-7f837c496000 ---p 0000a000 103:07 449586                    /run/media/ashy/Shared/.minecraftx/jre/java-runtime-delta/lib/libinstrument.so
7f837c496000-7f837c497000 r--p 0000a000 103:07 449586                    /run/media/ashy/Shared/.minecraftx/jre/java-runtime-delta/lib/libinstrument.so
7f837c497000-7f837c498000 rw-p 0000b000 103:07 449586                    /run/media/ashy/Shared/.minecraftx/jre/java-runtime-delta/lib/libinstrument.so
7f837c498000-7f837c499000 ---p 00000000 00:00 0 
7f837c499000-7f837c49a000 r--p 00000000 00:00 0 
7f837c49a000-7f837c49b000 ---p 00000000 00:00 0 
7f837c49b000-7f837c4b6000 r-xp 00000000 103:07 449595                    /run/media/ashy/Shared/.minecraftx/jre/java-runtime-delta/lib/libjimage.so
7f837c4b6000-7f837c4b7000 ---p 0001b000 103:07 449595                    /run/media/ashy/Shared/.minecraftx/jre/java-runtime-delta/lib/libjimage.so
7f837c4b7000-7f837c4b9000 r--p 0001b000 103:07 449595                    /run/media/ashy/Shared/.minecraftx/jre/java-runtime-delta/lib/libjimage.so
7f837c4b9000-7f837c4ba000 rw-p 0001d000 103:07 449595                    /run/media/ashy/Shared/.minecraftx/jre/java-runtime-delta/lib/libjimage.so
7f837c4ba000-7f837c4ca000 r--p 00000000 00:21 4157                       /usr/lib/libm.so.6
7f837c4ca000-7f837c560000 r-xp 00010000 00:21 4157                       /usr/lib/libm.so.6
7f837c560000-7f837c5bf000 r--p 000a6000 00:21 4157                       /usr/lib/libm.so.6
7f837c5bf000-7f837c5c0000 r--p 00105000 00:21 4157                       /usr/lib/libm.so.6
7f837c5c0000-7f837c5c1000 rw-p 00106000 00:21 4157                       /usr/lib/libm.so.6
7f837c5c1000-7f837c5c2000 r--p 00000000 00:21 4179                       /usr/lib/librt.so.1
7f837c5c2000-7f837c5c3000 r-xp 00001000 00:21 4179                       /usr/lib/librt.so.1
7f837c5c3000-7f837c5c4000 r--p 00002000 00:21 4179                       /usr/lib/librt.so.1
7f837c5c4000-7f837c5c5000 r--p 00002000 00:21 4179                       /usr/lib/librt.so.1
7f837c5c5000-7f837c5c6000 rw-p 00003000 00:21 4179                       /usr/lib/librt.so.1
7f837c5c6000-7f837c5ca000 rw-p 00000000 00:00 0 
7f837c5ca000-7f837c5cb000 r--p 00000000 00:21 4152                       /usr/lib/libdl.so.2
7f837c5cb000-7f837c5cc000 r-xp 00001000 00:21 4152                       /usr/lib/libdl.so.2
7f837c5cc000-7f837c5cd000 r--p 00002000 00:21 4152                       /usr/lib/libdl.so.2
7f837c5cd000-7f837c5ce000 r--p 00002000 00:21 4152                       /usr/lib/libdl.so.2
7f837c5ce000-7f837c5cf000 rw-p 00003000 00:21 4152                       /usr/lib/libdl.so.2
7f837c5cf000-7f837c5d0000 r--p 00000000 00:21 4174                       /usr/lib/libpthread.so.0
7f837c5d0000-7f837c5d1000 r-xp 00001000 00:21 4174                       /usr/lib/libpthread.so.0
7f837c5d1000-7f837c5d2000 r--p 00002000 00:21 4174                       /usr/lib/libpthread.so.0
7f837c5d2000-7f837c5d3000 r--p 00002000 00:21 4174                       /usr/lib/libpthread.so.0
7f837c5d3000-7f837c5d4000 rw-p 00003000 00:21 4174                       /usr/lib/libpthread.so.0
7f837c5d4000-7f837c5e2000 r-xp 00000000 103:07 449596                    /run/media/ashy/Shared/.minecraftx/jre/java-runtime-delta/lib/libjli.so
7f837c5e2000-7f837c5e3000 ---p 0000e000 103:07 449596                    /run/media/ashy/Shared/.minecraftx/jre/java-runtime-delta/lib/libjli.so
7f837c5e3000-7f837c5e4000 r--p 0000e000 103:07 449596                    /run/media/ashy/Shared/.minecraftx/jre/java-runtime-delta/lib/libjli.so
7f837c5e4000-7f837c5e5000 rw-p 0000f000 103:07 449596                    /run/media/ashy/Shared/.minecraftx/jre/java-runtime-delta/lib/libjli.so
7f837c5e5000-7f837c5e8000 r--p 00000000 00:21 161704                     /usr/lib/libz.so.1.3.1.zlib-ng
7f837c5e8000-7f837c614000 r-xp 00003000 00:21 161704                     /usr/lib/libz.so.1.3.1.zlib-ng
7f837c614000-7f837c61e000 r--p 0002f000 00:21 161704                     /usr/lib/libz.so.1.3.1.zlib-ng
7f837c61e000-7f837c61f000 r--p 00038000 00:21 161704                     /usr/lib/libz.so.1.3.1.zlib-ng
7f837c61f000-7f837c620000 rw-p 00039000 00:21 161704                     /usr/lib/libz.so.1.3.1.zlib-ng
7f837c620000-7f837c622000 rw-p 00000000 00:00 0 
7f837c622000-7f837c653000 r--p 00000000 00:21 829807                     /etc/ld.so.cache
7f837c653000-7f837c657000 r--p 00000000 00:00 0                          [vvar]
7f837c657000-7f837c659000 r--p 00000000 00:00 0                          [vvar_vclock]
7f837c659000-7f837c65b000 r-xp 00000000 00:00 0                          [vdso]
7f837c65b000-7f837c65c000 r--p 00000000 00:21 4138                       /usr/lib/ld-linux-x86-64.so.2
7f837c65c000-7f837c68e000 r-xp 00001000 00:21 4138                       /usr/lib/ld-linux-x86-64.so.2
7f837c68e000-7f837c69e000 r--p 00033000 00:21 4138                       /usr/lib/ld-linux-x86-64.so.2
7f837c69e000-7f837c6a0000 r--p 00043000 00:21 4138                       /usr/lib/ld-linux-x86-64.so.2
7f837c6a0000-7f837c6a1000 rw-p 00045000 00:21 4138                       /usr/lib/ld-linux-x86-64.so.2
7f837c6a1000-7f837c6a2000 rw-p 00000000 00:00 0 
7ffcab7fb000-7ffcab81f000 rw-p 00000000 00:00 0                          [stack]
ffffffffff600000-ffffffffff601000 --xp 00000000 00:00 0                  [vsyscall]
Total number of mappings: 842


VM Arguments:
jvm_args: -Xms256M -Xmx8192M -javaagent:/run/media/ashy/Shared/.minecraftx/libraries/org/to2mbn/authlibinjector/1.2.8/authlibinjector-1.2.8.jar=http://localhost:25555/yggdrasil -Dauthlibinjector.side=client -Djava.library.path=/run/media/ashy/Shared/.minecraftx/versions/neoforge-21.1.248/neoforge-21.1.248-natives -Djna.tmpdir=/run/media/ashy/Shared/.minecraftx/versions/neoforge-21.1.248/neoforge-21.1.248-natives -Dorg.lwjgl.system.SharedLibraryExtractPath=/run/media/ashy/Shared/.minecraftx/versions/neoforge-21.1.248/neoforge-21.1.248-natives -Dio.netty.native.workdir=/run/media/ashy/Shared/.minecraftx/versions/neoforge-21.1.248/neoforge-21.1.248-natives -Dminecraft.launcher.brand=X Minecraft Launcher (0.65.1) -Dminecraft.launcher.version=X Minecraft Launcher (0.65.1) -Djava.net.preferIPv6Addresses=system -DignoreList=client-extra,1.21.1.jar -DlibraryDirectory=/run/media/ashy/Shared/.minecraftx/libraries --module-path=/run/media/ashy/Shared/.minecraftx/libraries/cpw/mods/bootstraplauncher/2.0.2/bootstraplauncher-2.0.2.jar:/run/media/ashy/Shared/.minecraftx/libraries/cpw/mods/securejarhandler/3.0.8/securejarhandler-3.0.8.jar:/run/media/ashy/Shared/.minecraftx/libraries/org/ow2/asm/asm-commons/9.10.1/asm-commons-9.10.1.jar:/run/media/ashy/Shared/.minecraftx/libraries/org/ow2/asm/asm-util/9.10.1/asm-util-9.10.1.jar:/run/media/ashy/Shared/.minecraftx/libraries/org/ow2/asm/asm-analysis/9.10.1/asm-analysis-9.10.1.jar:/run/media/ashy/Shared/.minecraftx/libraries/org/ow2/asm/asm-tree/9.10.1/asm-tree-9.10.1.jar:/run/media/ashy/Shared/.minecraftx/libraries/org/ow2/asm/asm/9.10.1/asm-9.10.1.jar:/run/media/ashy/Shared/.minecraftx/libraries/net/neoforged/JarJarFileSystems/0.4.1/JarJarFileSystems-0.4.1.jar --add-modules=ALL-MODULE-PATH --add-opens=java.base/java.util.jar=cpw.mods.securejarhandler --add-opens=java.base/java.lang.invoke=cpw.mods.securejarhandler --add-exports=java.base/sun.security.util=cpw.mods.securejarhandler --add-exports=jdk.naming.dns/com.sun.jndi.dns=java.naming -Dauthlibinjector.debug 
java_command: cpw.mods.bootstraplauncher.BootstrapLauncher --username Ashy --version neoforge-21.1.248 --gameDir /run/media/ashy/Shared/.minecraftx/instances/Gearfall Dev --assetsDir /run/media/ashy/Shared/.minecraftx/assets --assetIndex 818f68d092986c6933366762f435889884c36a52 --uuid 68af5072-46a5-387f-ac5e-a6b3c47d6c3f --accessToken 10f3b11d145148eb86cf690c6e44675c --clientId ${clientid} --xuid ${auth_xuid} --userType msa --versionType release --fml.neoForgeVersion 21.1.248 --fml.fmlVersion 4.0.43 --fml.mcVersion 1.21.1 --fml.neoFormVersion 20240808.144430 --launchTarget forgeclient --fullscreen
java_class_path (initial): /run/media/ashy/Shared/.minecraftx/libraries/com/github/oshi/oshi-core/6.4.10/oshi-core-6.4.10.jar:/run/media/ashy/Shared/.minecraftx/libraries/com/google/code/gson/gson/2.10.1/gson-2.10.1.jar:/run/media/ashy/Shared/.minecraftx/libraries/com/google/guava/failureaccess/1.0.1/failureaccess-1.0.1.jar:/run/media/ashy/Shared/.minecraftx/libraries/com/google/guava/guava/32.1.2-jre/guava-32.1.2-jre.jar:/run/media/ashy/Shared/.minecraftx/libraries/com/ibm/icu/icu4j/73.2/icu4j-73.2.jar:/run/media/ashy/Shared/.minecraftx/libraries/com/mojang/authlib/6.0.54/authlib-6.0.54.jar:/run/media/ashy/Shared/.minecraftx/libraries/com/mojang/blocklist/1.0.10/blocklist-1.0.10.jar:/run/media/ashy/Shared/.minecraftx/libraries/com/mojang/brigadier/1.3.10/brigadier-1.3.10.jar:/run/media/ashy/Shared/.minecraftx/libraries/com/mojang/datafixerupper/8.0.16/datafixerupper-8.0.16.jar:/run/media/ashy/Shared/.minecraftx/libraries/com/mojang/logging/1.2.7/logging-1.2.7.jar:/run/media/ashy/Shared/.minecraftx/libraries/com/mojang/patchy/2.2.10/patchy-2.2.10.jar:/run/media/ashy/Shared/.minecraftx/libraries/com/mojang/text2speech/1.17.9/text2speech-1.17.9.jar:/run/media/ashy/Shared/.minecraftx/libraries/commons-codec/commons-codec/1.16.0/commons-codec-1.16.0.jar:/run/media/ashy/Shared/.minecraftx/libraries/commons-io/commons-io/2.15.1/commons-io-2.15.1.jar:/run/media/ashy/Shared/.minecraftx/libraries/commons-logging/commons-logging/1.2/commons-logging-1.2.jar:/run/media/ashy/Shared/.minecraftx/libraries/io/netty/netty-buffer/4.1.97.Final/netty-buffer-4.1.97.Final.jar:/run/media/ashy/Shared/.minecraftx/libraries/io/netty/netty-codec/4.1.97.Final/netty-codec-4.1.97.Final.jar:/run/media/ashy/Shared/.minecraftx/libraries/io/netty/netty-common/4.1.97.Final/netty-common-4.1.97.Final.jar:/run/media/ashy/Shared/.minecraftx/libraries/io/netty/netty-handler/4.1.97.Final/netty-handler-4.1.97.Final.jar:/run/media/ashy/Shared/.minecraftx/libraries/io/netty/netty-resolver/4.1.97.Final/netty-resolver-4.1.97.Final.jar:/run/media/ashy/Shared/.minecraftx/libraries/io/netty/netty-transport-classes-epoll/4.1.97.Final/netty-transport-classes-epoll-4.1.97.Final.jar:/run/media/ashy/Shared/.minecraftx/libraries/io/netty/netty-transport-native-epoll/4.1.97.Final/netty-transport-native-epoll-4.1.97.Final-linux-aarch_64.jar:/run/media/ashy/Shared/.minecraftx/libraries/io/netty/netty-transport-native-epoll/4.1.97.Final/netty-transport-native-epoll-4.1.97.Final-linux-x86_64.jar:/run/media/ashy/Shared/.minecraftx/libraries/io/netty/netty-transport-native-unix-common/4.1.97.Final/netty-transport-native-unix-common-4.1.97.Final.jar:/run/media/ashy/Shared/.minecraftx/libraries/io/netty/netty-transport/4.1.97.Final/netty-transport-4.1.97.Final.jar:/run/media/ashy/Shared/.minecraftx/libraries/it/unimi/dsi/fastutil/8.5.12/fastutil-8.5.12.jar:/run/media/ashy/Shared/.minecraftx/libraries/net/java/dev/jna/jna-platform/5.14.0/jna-platform-5.14.0.jar:/run/media/ashy/Shared/.minecraftx/libraries/net/java/dev/jna/jna/5.14.0/jna-5.14.0.jar:/run/media/ashy/Shared/.minecraftx/libraries/net/sf/jopt-simple/jopt-simple/5.0.4/jopt-simple-5.0.4.jar:/run/media/ashy/Shared/.minecraftx/libraries/org/apache/commons/commons-compress/1.26.0/commons-compress-1.26.0.jar:/run/media/ashy/Shared/.minecraftx/libraries/org/apache/commons/commons-lang3/3.14.0/commons-lang3-3.14.0.jar:/run/media/ashy/Shared/.minecraftx/libraries/org/apache/httpcomponents/httpclient/4.5.13/httpclient-4.5.13.jar:/run/media/ashy/Shared/.minecraftx/libraries/org/apache/httpcomponents/httpcore/4.4.16/httpcore-4.4.16.jar:/run/media/ashy/Shared/.minecraftx/libraries/org/apache/logging/log4j/log4j-api/2.22.1/log4j-api-2.22.1.jar:/run/media/ashy/Shared/.minecraftx/libraries/org/apache/logging/log4j/log4j-core/2.22.1/log4j-core-2.22.1.jar:/run/media/ashy/Shared/.minecraftx/libraries/org/apache/logging/log4j/log4j-slf4j2-impl/2.22.1/log4j-slf4j2-impl-2.22.1.jar:/run/media/ashy/Shared/.minecraftx/libraries/org/jcraft/jorbis/0.0.17/jorbis-0.0.17.jar:/run/media/ashy/Shared/.minecraftx/libraries/org/joml/joml/1.10.5/joml-1.10.5.jar:/run/media/ashy/Shared/.minecraftx/libraries/org/lwjgl/lwjgl-freetype/3.3.3/lwjgl-freetype-3.3.3.jar:/run/media/ashy/Shared/.minecraftx/libraries/org/lwjgl/lwjgl-freetype/3.3.3/lwjgl-freetype-3.3.3-natives-linux.jar:/run/media/ashy/Shared/.minecraftx/libraries/org/lwjgl/lwjgl-glfw/3.3.3/lwjgl-glfw-3.3.3.jar:/run/media/ashy/Shared/.minecraftx/libraries/org/lwjgl/lwjgl-glfw/3.3.3/lwjgl-glfw-3.3.3-natives-linux.jar:/run/media/ashy/Shared/.minecraftx/libraries/org/lwjgl/lwjgl-jemalloc/3.3.3/lwjgl-jemalloc-3.3.3.jar:/run/media/ashy/Shared/.minecraftx/libraries/org/lwjgl/lwjgl-jemalloc/3.3.3/lwjgl-jemalloc-3.3.3-natives-linux.jar:/run/media/ashy/Shared/.minecraftx/libraries/org/lwjgl/lwjgl-openal/3.3.3/lwjgl-openal-3.3.3.jar:/run/media/ashy/Shared/.minecraftx/libraries/org/lwjgl/lwjgl-openal/3.3.3/lwjgl-openal-3.3.3-natives-linux.jar:/run/media/ashy/Shared/.minecraftx/libraries/org/lwjgl/lwjgl-opengl/3.3.3/lwjgl-opengl-3.3.3.jar:/run/media/ashy/Shared/.minecraftx/libraries/org/lwjgl/lwjgl-opengl/3.3.3/lwjgl-opengl-3.3.3-natives-linux.jar:/run/media/ashy/Shared/.minecraftx/libraries/org/lwjgl/lwjgl-stb/3.3.3/lwjgl-stb-3.3.3.jar:/run/media/ashy/Shared/.minecraftx/libraries/org/lwjgl/lwjgl-stb/3.3.3/lwjgl-stb-3.3.3-natives-linux.jar:/run/media/ashy/Shared/.minecraftx/libraries/org/lwjgl/lwjgl-tinyfd/3.3.3/lwjgl-tinyfd-3.3.3.jar:/run/media/ashy/Shared/.minecraftx/libraries/org/lwjgl/lwjgl-tinyfd/3.3.3/lwjgl-tinyfd-3.3.3-natives-linux.jar:/run/media/ashy/Shared/.minecraftx/libraries/org/lwjgl/lwjgl/3.3.3/lwjgl-3.3.3.jar:/run/media/ashy/Shared/.minecraftx/libraries/org/lwjgl/lwjgl/3.3.3/lwjgl-3.3.3-natives-linux.jar:/run/media/ashy/Shared/.minecraftx/libraries/org/lz4/lz4-java/1.8.0/lz4-java-1.8.0.jar:/run/media/ashy/Shared/.minecraftx/libraries/org/slf4j/slf4j-api/2.0.9/slf4j-api-2.0.9.jar:/run/media/ashy/Shared/.minecraftx/libraries/net/neoforged/fancymodloader/earlydisplay/4.0.43/earlydisplay-4.0.43.jar:/run/media/ashy/Shared/.minecraftx/libraries/net/neoforged/fancymodloader/loader/4.0.43/loader-4.0.43.jar:/run/media/ashy/Shared/.minecraftx/libraries/net/neoforged/accesstransformers/at-modlauncher/10.0.1/at-modlauncher-10.0.1.jar:/run/media/ashy/Shared/.minecraftx/libraries/net/neoforged/accesstransformers/10.0.1/accesstransformers-10.0.1.jar:/run/media/ashy/Shared/.minecraftx/libraries/net/neoforged/bus/8.0.5/bus-8.0.5.jar:/run/media/ashy/Shared/.minecraftx/libraries/net/neoforged/coremods/7.0.3/coremods-7.0.3.jar:/run/media/ashy/Shared/.minecraftx/libraries/cpw/mods/modlauncher/11.0.5/modlauncher-11.0.5.jar:/run/media/ashy/Shared/.minecraftx/libraries/net/neoforged/mergetool/2.0.0/mergetool-2.0.0-api.jar:/run/media/ashy/Shared/.minecraftx/libraries/com/electronwill/night-config/toml/3.8.3/toml-3.8.3.jar:/run/media/ashy/Shared/.minecraftx/libraries/com/electronwill/night-config/core/3.8.3/core-3.8.3.jar:/run/media/ashy/Shared/.minecraftx/libraries/net/neoforged/JarJarSelector/0.4.1/JarJarSelector-0.4.1.jar:/run/media/ashy/Shared/.minecraftx/libraries/net/neoforged/JarJarMetadata/0.4.1/JarJarMetadata-0.4.1.jar:/run/media/ashy/Shared/.minecraftx/libraries/org/apache/maven/maven-artifact/3.8.5/maven-artifact-3.8.5.jar:/run/media/ashy/Shared/.minecraftx/libraries/net/jodah/typetools/0.6.3/typetools-0.6.3.jar:/run/media/ashy/Shared/.minecraftx/libraries/net/minecrell/terminalconsoleappender/1.3.0/terminalconsoleappender-1.3.0.jar:/run/media/ashy/Shared/.minecraftx/libraries/net/fabricmc/sponge-mixin/0.15.2+mixin.0.8.7/sponge-mixin-0.15.2+mixin.0.8.7.jar:/run/media/ashy/Shared/.minecraftx/libraries/org/openjdk/nashorn/nashorn-core/15.4/nashorn-core-15.4.jar:/run/media/ashy/Shared/.minecraftx/libraries/cpw/mods/bootstraplauncher/2.0.2/bootstraplauncher-2.0.2.jar:/run/media/ashy/Shared/.minecraftx/libraries/cpw/mods/securejarhandler/3.0.8/securejarhandler-3.0.8.jar:/run/media/ashy/Shared/.minecraftx/libraries/org/ow2/asm/asm-commons/9.10.1/asm-commons-9.10.1.jar:/run/media/ashy/Shared/.minecraftx/libraries/org/ow2/asm/asm-util/9.10.1/asm-util-9.10.1.jar:/run/media/ashy/Shared/.minecraftx/libraries/org/ow2/asm/asm-analysis/9.10.1/asm-analysis-9.10.1.jar:/run/media/ashy/Shared/.minecraftx/libraries/org/ow2/asm/asm-tree/9.10.1/asm-tree-9.10.1.jar:/run/media/ashy/Shared/.minecraftx/libraries/org/ow2/asm/asm/9.10.1/asm-9.10.1.jar:/run/media/ashy/Shared/.minecraftx/libraries/net/neoforged/JarJarFileSystems/0.4.1/JarJarFileSystems-0.4.1.jar:/run/media/ashy/Shared/.minecraftx/libraries/org/antlr/antlr4-runtime/4.13.1/antlr4-runtime-4.13.1.jar:/run/media/ashy/Shared/.minecraftx/libraries/org/jline/jline-reader/3.20.0/jline-reader-3.20.0.jar:/run/media/ashy/Shared/.minecraftx/libraries/org/jline/jline-terminal/3.20.0/jline-terminal-3.20.0.jar:/run/media/ashy/Shared/.minecraftx/libraries/net/minecraftforge/srgutils/0.4.15/srgutils-0.4.15.jar:/run/media/ashy/Shared/.minecraftx/libraries/com/google/guava/listenablefuture/9999.0-empty-to-avoid-conflict-with-guava/listenablefuture-9999.0-empty-to-avoid-conflict-with-guava.jar:/run/media/ashy/Shared/.minecraftx/libraries/com/google/code/findbugs/jsr305/3.0.2/jsr305-3.0.2.jar:/run/media/ashy/Shared/.minecraftx/libraries/org/checkerframework/checker-qual/3.33.0/checker-qual-3.33.0.jar:/run/media/ashy/Shared/.minecraftx/libraries/com/google/errorprone/error_prone_annotations/2.18.0/error_prone_annotations-2.18.0.jar:/run/media/ashy/Shared/.minecraftx/libraries/com/google/j2objc/j2objc-annotations/2.8/j2objc-annotations-2.8.jar:/run/media/ashy/Shared/.minecraftx/libraries/org/codehaus/plexus/plexus-utils/3.3.0/plexus-utils-3.3.0.jar:/run/media/ashy/Shared/.minecraftx/libraries/com/machinezoo/noexception/noexception/1.7.1/noexception-1.7.1.jar:/run/media/ashy/Shared/.minecraftx/versions/1.21.1/1.21.1.jar
Launcher Type: SUN_STANDARD

[Global flags]
     intx CICompilerCount                          = 4                                         {product} {ergonomic}
     uint ConcGCThreads                            = 2                                         {product} {ergonomic}
     uint G1ConcRefinementThreads                  = 8                                         {product} {ergonomic}
   size_t G1HeapRegionSize                         = 4194304                                   {product} {ergonomic}
    uintx GCDrainStackTargetSize                   = 64                                        {product} {ergonomic}
   size_t InitialHeapSize                          = 268435456                                 {product} {command line}
   size_t MarkStackSize                            = 4194304                                   {product} {ergonomic}
   size_t MaxHeapSize                              = 8589934592                                {product} {command line}
   size_t MaxNewSize                               = 5150605312                                {product} {ergonomic}
   size_t MinHeapDeltaBytes                        = 4194304                                   {product} {ergonomic}
   size_t MinHeapSize                              = 268435456                                 {product} {command line}
    uintx NonNMethodCodeHeapSize                   = 5839372                                {pd product} {ergonomic}
    uintx NonProfiledCodeHeapSize                  = 122909434                              {pd product} {ergonomic}
    uintx ProfiledCodeHeapSize                     = 122909434                              {pd product} {ergonomic}
    uintx ReservedCodeCacheSize                    = 251658240                              {pd product} {ergonomic}
     bool SegmentedCodeCache                       = true                                      {product} {ergonomic}
   size_t SoftMaxHeapSize                          = 8589934592                             {manageable} {ergonomic}
     bool UseCompressedOops                        = true                           {product lp64_product} {ergonomic}
     bool UseG1GC                                  = true                                      {product} {ergonomic}

Logging:
Log output configuration:
 #0: stdout all=warning uptime,level,tags foldmultilines=false
 #1: stderr all=off uptime,level,tags foldmultilines=false

Environment Variables:
PATH=/usr/bin:/usr/local/sbin:/usr/local/bin:/usr/bin:/opt/android-sdk/platform-tools:/opt/cuda/bin:/usr/bin/site_perl:/usr/bin/vendor_perl:/usr/bin/core_perl:/home/ashy/.local/share/JetBrains/Toolbox/scripts:/opt/android-sdk/platform-tools:/home/ashy/.local/share/JetBrains/Toolbox/scripts
XDG_CACHE_HOME=/home/ashy/.cache
XDG_CONFIG_HOME=/home/ashy/.config
SHELL=/bin/fish
DISPLAY=:0
LANG=en_US.UTF-8
LC_NUMERIC=en_US.UTF-8
LC_TIME=en_US.UTF-8

Active Locale:
LC_ALL=en_US.UTF-8
LC_COLLATE=en_US.UTF-8
LC_CTYPE=en_US.UTF-8
LC_MESSAGES=en_US.UTF-8
LC_MONETARY=en_US.UTF-8
LC_NUMERIC=en_US.UTF-8
LC_TIME=en_US.UTF-8

Signal Handlers:
   SIGSEGV: crash_handler in libjvm.so, mask=11100100010111111101111111111110, flags=SA_RESTART|SA_SIGINFO, unblocked
    SIGBUS: crash_handler in libjvm.so, mask=11100100010111111101111111111110, flags=SA_RESTART|SA_SIGINFO, unblocked
    SIGFPE: crash_handler in libjvm.so, mask=11100100010111111101111111111110, flags=SA_RESTART|SA_SIGINFO, unblocked
   SIGPIPE: javaSignalHandler in libjvm.so, mask=11100100010111111101111111111110, flags=SA_RESTART|SA_SIGINFO, blocked
   SIGXFSZ: javaSignalHandler in libjvm.so, mask=11100100010111111101111111111110, flags=SA_RESTART|SA_SIGINFO, blocked
    SIGILL: crash_handler in libjvm.so, mask=11100100010111111101111111111110, flags=SA_RESTART|SA_SIGINFO, unblocked
   SIGUSR2: SR_handler in libjvm.so, mask=00000000000000000000000000000000, flags=SA_RESTART|SA_SIGINFO, blocked
    SIGHUP: UserHandler in libjvm.so, mask=11100100010111111101111111111110, flags=SA_RESTART|SA_SIGINFO, blocked
    SIGINT: UserHandler in libjvm.so, mask=11100100010111111101111111111110, flags=SA_RESTART|SA_SIGINFO, blocked
   SIGTERM: UserHandler in libjvm.so, mask=11100100010111111101111111111110, flags=SA_RESTART|SA_SIGINFO, blocked
   SIGQUIT: UserHandler in libjvm.so, mask=11100100010111111101111111111110, flags=SA_RESTART|SA_SIGINFO, blocked
   SIGTRAP: crash_handler in libjvm.so, mask=11100100010111111101111111111110, flags=SA_RESTART|SA_SIGINFO, unblocked


Periodic native trim disabled

---------------  S Y S T E M  ---------------

OS:
DISTRIB_ID=cachyos
DISTRIB_RELEASE="rolling"
DISTRIB_DESCRIPTION="CachyOS"
uname: Linux 7.1.8-1-cachyos #1 SMP PREEMPT_DYNAMIC Tue, 11 Aug 2026 14:27:10 +0000 x86_64
OS uptime: 0 days 1:06 hours
libc: glibc 2.44 NPTL 2.44 
rlimit (soft/hard): STACK 8192k/infinity , CORE infinity/infinity , NPROC 45817/45817 , NOFILE 1048576/1048576 , AS infinity/infinity , CPU infinity/infinity , DATA infinity/infinity , FSIZE infinity/infinity , MEMLOCK 8192k/8192k
load average: 6.50 4.68 3.50

/proc/meminfo:
MemTotal:       12041764 kB
MemFree:         2045008 kB
MemAvailable:    2855824 kB
Buffers:           15644 kB
Cached:          2058720 kB
SwapCached:         2220 kB
Active:          1787824 kB
Inactive:        5921872 kB
Active(anon):    1593784 kB
Inactive(anon):  5149340 kB
Active(file):     194040 kB
Inactive(file):   772532 kB
Unevictable:      426720 kB
Mlocked:           14112 kB
SwapTotal:      28818424 kB
SwapFree:       24977736 kB
Zswap:                 0 kB
Zswapped:              0 kB
Dirty:              4044 kB
Writeback:             0 kB
AnonPages:       6002800 kB
Mapped:           579220 kB
Shmem:            719868 kB
KReclaimable:     169928 kB
Slab:             383816 kB
SReclaimable:     169928 kB
SUnreclaim:       213888 kB
KernelStack:       26540 kB
PageTables:        79988 kB
SecPageTables:      2056 kB
NFS_Unstable:          0 kB
Bounce:                0 kB
WritebackTmp:          0 kB
CommitLimit:    34839304 kB
Committed_AS:   26092128 kB
VmallocTotal:   34359738367 kB
VmallocUsed:      290268 kB
VmallocChunk:          0 kB
Percpu:             5824 kB
HardwareCorrupted:     0 kB
AnonHugePages:    550912 kB
ShmemHugePages:    92160 kB
ShmemPmdMapped:        0 kB
FileHugePages:     69632 kB
FilePmdMapped:     69632 kB
CmaTotal:              0 kB
CmaFree:               0 kB
Unaccepted:            0 kB
Balloon:               0 kB
GPUActive:             0 kB
GPUReclaim:            0 kB
HugePages_Total:       0
HugePages_Free:        0
HugePages_Rsvd:        0
HugePages_Surp:        0
Hugepagesize:       2048 kB
Hugetlb:               0 kB
DirectMap4k:     2182932 kB
DirectMap2M:    10201088 kB
DirectMap1G:     2097152 kB

/sys/kernel/mm/transparent_hugepage/enabled: [always] madvise never
/sys/kernel/mm/transparent_hugepage/hpage_pmd_size: 2097152
/sys/kernel/mm/transparent_hugepage/defrag (defrag/compaction efforts parameter): always defer [defer+madvise] madvise never

Process Memory:
Virtual Size: 11956400K (peak: 11972784K)
Resident Set Size: 4391192K (peak: 4391192K) (anon: 4272728K, file: 118356K, shmem: 108K)
Swapped out: 62752K
C-Heap outstanding allocations: 604846K, retained: 95597K
glibc malloc tunables: (default)

/proc/sys/kernel/threads-max (system-wide limit on the number of threads): 91634
/proc/sys/vm/max_map_count (maximum number of memory map areas a process may have): 1048576
/proc/sys/vm/swappiness (control to define how aggressively the kernel swaps out anonymous memory): 150
/proc/sys/kernel/pid_max (system-wide limit on number of process identifiers): 4194304

container information not found.
Steal ticks since vm start: 0
Steal ticks percentage since vm start:  0.000

CPU: total 8 (initial active 8) (4 cores per cpu, 2 threads per core) family 6 model 126 stepping 5 microcode 0xce, cx8, cmov, fxsr, ht, mmx, 3dnowpref, sse, sse2, sse3, ssse3, sse4.1, sse4.2, popcnt, lzcnt, tsc, tscinvbit, avx, avx2, aes, erms, clmul, bmi1, bmi2, adx, avx512f, avx512dq, avx512cd, avx512bw, avx512vl, sha, fma, vzeroupper, avx512_vpopcntdq, avx512_vpclmulqdq, avx512_vaes, avx512_vnni, clflush, clflushopt, avx512_vbmi2, avx512_vbmi, rdtscp, rdpid, fsrm, gfni, avx512_bitalg, f16c, pku, ospke, avx512_ifma
CPU Model and flags from /proc/cpuinfo:
model name	: Intel(R) Core(TM) i5-1035G1 CPU @ 1.00GHz
flags		: fpu vme de pse tsc msr pae mce cx8 apic sep mtrr pge mca cmov pat pse36 clflush dts acpi mmx fxsr sse sse2 ss ht tm pbe syscall nx pdpe1gb rdtscp lm constant_tsc art arch_perfmon pebs bts rep_good nopl xtopology nonstop_tsc cpuid aperfmperf tsc_known_freq pni pclmulqdq dtes64 monitor ds_cpl vmx est tm2 ssse3 sdbg fma cx16 xtpr pdcm pcid sse4_1 sse4_2 x2apic movbe popcnt tsc_deadline_timer aes xsave avx f16c rdrand lahf_lm abm 3dnowprefetch cpuid_fault epb ssbd ibrs ibpb stibp ibrs_enhanced tpr_shadow flexpriority ept vpid ept_ad fsgsbase tsc_adjust bmi1 avx2 smep bmi2 erms invpcid avx512f avx512dq rdseed adx smap avx512ifma clflushopt intel_pt avx512cd sha_ni avx512bw avx512vl xsaveopt xsavec xgetbv1 xsaves split_lock_detect dtherm ida arat pln pts hwp hwp_notify hwp_act_window hwp_epp hwp_pkg_req vnmi avx512vbmi umip pku ospke avx512_vbmi2 gfni vaes vpclmulqdq avx512_vnni avx512_bitalg avx512_vpopcntdq rdpid fsrm md_clear flush_l1d arch_capabilities

Online cpus: 0-7
Offline cpus: 
BIOS frequency limitation: <Not Available>
Frequency switch latency (ns): 0
Available cpu frequencies: <Not Available>
Current governor: powersave
Core performance/turbo boost: <Not Available>

Memory: 4k page, physical 12041764k(2855824k free), swap 28818424k(24977736k free)
Page Sizes: 4k

vm_info: OpenJDK 64-Bit Server VM (21.0.7+6-LTS) for linux-amd64 JRE (21.0.7+6-LTS), built on 2025-04-09T22:25:01Z by "MicrosoftCorporation" with gcc 11.3.0

END.
